[INFO][AppLauncher]: Using device: cuda:0
[INFO][AppLauncher]: Loading experience file: /home/sun/ssh/sun/IsaacLab/apps/isaaclab.python.headless.rendering.kit
Loading user config located at: '/home/sun/miniconda3/envs/isaaclab/lib/python3.11/site-packages/isaacsim/kit/data/Kit/Isaac-Sim/5.1/user.config.json'
[Info] [carb] Logging to file: /home/sun/miniconda3/envs/isaaclab/lib/python3.11/site-packages/isaacsim/kit/logs/Kit/Isaac-Sim/5.1/kit_20260814_061301.log
2026-08-14T10:13:01Z [64ms] [Warning] [carb.windowing-glfw.plugin] GLFW initialization failed.
2026-08-14T10:13:01Z [64ms] [Warning] [carb] Failed to startup plugin carb.windowing-glfw.plugin (interfaces: [carb::windowing::IGLContext v1.0],[carb::windowing::IWindowing v1.5]) (impl: carb.windowing-glfw.plugin)
2026-08-14T10:13:01Z [69ms] [Warning] [omni.platforminfo.plugin] failed to open the default display.  Can't verify X Server version.
2026-08-14T10:13:01Z [190ms] [Warning] [carb.windowing-glfw.plugin] GLFW initialization failed.
2026-08-14T10:13:01Z [190ms] [Warning] [carb] Failed to startup plugin carb.windowing-glfw.plugin (interfaces: [carb::windowing::IGLContext v1.0],[carb::windowing::IWindowing v1.5]) (impl: carb.windowing-glfw.plugin)
2026-08-14T10:13:01Z [304ms] [Warning] [gpu.foundation.plugin] Skipping unsupported non-NVIDIA GPU: AMD Ryzen 7 9700X 8-Core Processor (RADV RAPHAEL_MENDOCINO)
2026-08-14T10:13:01Z [304ms] [Warning] [gpu.foundation.plugin] Skipping unsupported non-NVIDIA GPU: AMD Ryzen 7 9700X 8-Core Processor (RADV RAPHAEL_MENDOCINO)

|---------------------------------------------------------------------------------------------|
| Driver Version: 580.126.09    | Graphics API: Vulkan
|=============================================================================================|
| GPU | Name                             | Active | LDA | GPU Memory | Vendor-ID | LUID       |
|     |                                  |        |     |            | Device-ID | UUID       |
|     |                                  |        |     |            | Bus-ID    |            |
|---------------------------------------------------------------------------------------------|
| 0   | NVIDIA GeForce RTX 5070 Ti       | Yes: 0 |     | 16303   MB | 10de      | 0          |
|     |                                  |        |     |            | 2c05      | 9a0eb7bb.. |
|     |                                  |        |     |            | 1         |            |
|---------------------------------------------------------------------------------------------|
| 1   | AMD Ryzen 7 9700X 8-Core Proce.. |        |     | 10720   MB | 1002      | 0          |
|     |                                  |        |     |            | 13c0      | 00000000.. |
|     |                                  |        |     |            | 11        |            |
|=============================================================================================|
| OS: 24.04.3 LTS (Noble Numbat) ubuntu, Version: 24.04.3, Kernel: 6.17.0-22-generic
| Processor: AMD Ryzen 7 9700X 8-Core Processor
| Cores: 8 | Logical Cores: 16
|---------------------------------------------------------------------------------------------|
| Total Memory (MB): 31137 | Free Memory: 27460
| Total Page/Swap (MB): 69497 | Free Page/Swap: 69497
|---------------------------------------------------------------------------------------------|
2026-08-14T10:13:01Z [510ms] [Warning] [gpu.foundation.plugin] IOMMU is enabled.
2026-08-14T10:13:01Z [510ms] [Warning] [gpu.foundation.plugin] Detected IOMMU is enabled. Running CUDA peer-to-peer bandwidth and latency validation.
Unidirectional P2P=Enabled Bandwidth (P2P Writes) Matrix (GB/s)
   D\D     0 
     0 675.53 
P2P=Enabled Latency (P2P Writes) Matrix (us)
   GPU     0 
     0   2.07 

   CPU     0 
     0   1.74 
2026-08-14T10:13:02Z [824ms] [Warning] [carb.windowing-glfw.plugin] GLFW initialization failed.
2026-08-14T10:13:02Z [824ms] [Warning] [carb] Failed to startup plugin carb.windowing-glfw.plugin (interfaces: [carb::windowing::IGLContext v1.0],[carb::windowing::IWindowing v1.5]) (impl: carb.windowing-glfw.plugin)
2026-08-14T10:13:02Z [834ms] [Warning] [carb.windowing-glfw.plugin] GLFW initialization failed.
2026-08-14T10:13:02Z [834ms] [Warning] [carb] Failed to startup plugin carb.windowing-glfw.plugin (interfaces: [carb::windowing::IGLContext v1.0],[carb::windowing::IWindowing v1.5]) (impl: carb.windowing-glfw.plugin)
2026-08-14T10:13:02Z [838ms] [Warning] [carb.windowing-glfw.plugin] GLFW initialization failed.
2026-08-14T10:13:02Z [838ms] [Warning] [carb] Failed to startup plugin carb.windowing-glfw.plugin (interfaces: [carb::windowing::IGLContext v1.0],[carb::windowing::IWindowing v1.5]) (impl: carb.windowing-glfw.plugin)
2026-08-14T10:13:02Z [841ms] [Warning] [carb.windowing-glfw.plugin] GLFW initialization failed.
2026-08-14T10:13:02Z [841ms] [Warning] [carb] Failed to startup plugin carb.windowing-glfw.plugin (interfaces: [carb::windowing::IGLContext v1.0],[carb::windowing::IWindowing v1.5]) (impl: carb.windowing-glfw.plugin)
2026-08-14T10:13:02Z [842ms] [Warning] [carb.windowing-glfw.plugin] GLFW initialization failed.
2026-08-14T10:13:02Z [842ms] [Warning] [carb] Failed to startup plugin carb.windowing-glfw.plugin (interfaces: [carb::windowing::IGLContext v1.0],[carb::windowing::IWindowing v1.5]) (impl: carb.windowing-glfw.plugin)
2026-08-14T10:13:02Z [842ms] [Warning] [carb.windowing-glfw.plugin] GLFW initialization failed.
2026-08-14T10:13:02Z [842ms] [Warning] [carb] Failed to startup plugin carb.windowing-glfw.plugin (interfaces: [carb::windowing::IGLContext v1.0],[carb::windowing::IWindowing v1.5]) (impl: carb.windowing-glfw.plugin)
2026-08-14T10:13:02Z [934ms] [Warning] [omni.log] Source: omni.hydra was already registered.
2026-08-14T10:13:02Z [1,079ms] [Warning] [carb] Acquiring non optional plugin interface which is not listed as dependency: [omni::physx::IPhysxBenchmarks v1.0] (plugin: <default plugin>), by client: omni.physics.physx.plugin. Add it to CARB_PLUGIN_IMPL_DEPS() macro of a client.
2026-08-14T10:13:02Z [1,084ms] [Warning] [omni.isaac.dynamic_control] omni.isaac.dynamic_control is deprecated as of Isaac Sim 4.5. No action is needed from end-users.
2026-08-14T10:13:03Z [1,925ms] [Warning] [pxr.Semantics] pxr.Semantics is deprecated - please use Semantics instead
2026-08-14T10:13:03Z [1,985ms] [Warning] [omni.graph.core.plugin] Found duplicate of category 'Replicator' - was 'Annotators', adding 'Fabric Reader'
2026-08-14T10:13:03Z [1,985ms] [Warning] [omni.graph.core.plugin] Category 'Replicator' not accepted on node type 'omni.replicator.core.FabricReader' in extension 'omni.replicator.core'
2026-08-14T10:13:03Z [1,985ms] [Warning] [omni.replicator.core.scripts.extension] No material configuration file, adding configuration to material settings directly.
2026-08-14T10:13:05Z [3,897ms] [Warning] [omni.fabric.plugin] Warning: attribute viewportHandle not found for bucket id 7

[forest-v4] run_enter
[forest-v4] layout_imports_start
[forest-v4] layout_imports_ready
[forest-v4] terrain_generation_start
[forest-v4] terrain_generation_ready
[forest-v4] bounded_visual_generation_start
[forest-v4] bounded_visual_generation_ready count=47 counts={'Pine': 4, 'Birch': 4, 'Rock': 3, 'Bush': 6, 'Grass': 30}
[forest-v4] visual_records_ready
[forest-v4] proxy_records_ready count=11
[forest-v4] terrain_identity_ready
[forest-v4] layout_ready visuals=47 proxies=11
[forest-v4] run_identity_start
[INFO]: Parsing configuration from: robot_lab.tasks.lite3.env_cfg:Lite3EnvCfg
[INFO]: Parsing configuration from: robot_lab.tasks.lite3.rsl_rl_cfg:Lite3MoECTSRunnerCfg

[36m======================================================================================[0m
[36m[1m[INFO][IsaacLab]: Logging to file: /tmp/isaaclab/logs/isaaclab_2026-08-14_06-13-10.log[0m
[36m======================================================================================[0m

[INFO]: Base environment:
	Environment device    : cuda:0
	Environment seed      : 42
	Physics step-size     : 0.005
	Rendering step-size   : 0.02
	Environment step-size : 0.02
2026-08-14T10:13:10Z [9,235ms] [Warning] [omni.usd] Warning: in _ReportErrors at line 3172 of /builds/omniverse/usd-ci/USD/pxr/usd/usd/stage.cpp -- In </Lite3ProSensorRigRealWithInterfaceV1/FL_FOOT/visuals>: Unresolved reference prim path @/tmp/IsaacLab/usd_20260814_061310_1824/configuration/lite3_pro_sensor_rig_real_with_interface_isaac_physics.usd@</visuals/FL_FOOT> introduced by @/tmp/IsaacLab/usd_20260814_061310_1824/configuration/lite3_pro_sensor_rig_real_with_interface_isaac_base.usd@</Lite3ProSensorRigRealWithInterfaceV1/FL_FOOT/visuals> (recomposing stage on stage @/tmp/IsaacLab/usd_20260814_061310_1824/configuration/lite3_pro_sensor_rig_real_with_interface_isaac_physics.usd@ <0x57f2363227e0>)

2026-08-14T10:13:10Z [9,235ms] [Warning] [omni.usd] Warning: in _ReportErrors at line 3172 of /builds/omniverse/usd-ci/USD/pxr/usd/usd/stage.cpp -- In </Lite3ProSensorRigRealWithInterfaceV1/FL_FOOT/visuals>: Unresolved reference prim path @/tmp/IsaacLab/usd_20260814_061310_1824/lite3_pro_sensor_rig_real_with_interface_isaac.usd@</visuals/FL_FOOT> introduced by @/tmp/IsaacLab/usd_20260814_061310_1824/configuration/lite3_pro_sensor_rig_real_with_interface_isaac_base.usd@</Lite3ProSensorRigRealWithInterfaceV1/FL_FOOT/visuals> (recomposing stage on stage @/tmp/IsaacLab/usd_20260814_061310_1824/lite3_pro_sensor_rig_real_with_interface_isaac.usd@ <0x57f236313030>)

2026-08-14T10:13:10Z [9,235ms] [Warning] [omni.usd] Warning: in _ReportErrors at line 3172 of /builds/omniverse/usd-ci/USD/pxr/usd/usd/stage.cpp -- In </Lite3ProSensorRigRealWithInterfaceV1/FL_FOOT/visuals>: Unresolved reference prim path @/tmp/IsaacLab/usd_20260814_061310_1824/lite3_pro_sensor_rig_real_with_interface_isaac.usd@</visuals/FL_FOOT> introduced by @/tmp/IsaacLab/usd_20260814_061310_1824/configuration/lite3_pro_sensor_rig_real_with_interface_isaac_base.usd@</Lite3ProSensorRigRealWithInterfaceV1/FL_FOOT/visuals> (recomposing stage on stage @/tmp/IsaacLab/usd_20260814_061310_1824/lite3_pro_sensor_rig_real_with_interface_isaac.usd@ <0x57f23630e2d0>)

2026-08-14T10:13:10Z [9,235ms] [Warning] [omni.usd] Warning: in _ReportErrors at line 3172 of /builds/omniverse/usd-ci/USD/pxr/usd/usd/stage.cpp -- In </Lite3ProSensorRigRealWithInterfaceV1/FL_FOOT/visuals>: Unresolved reference prim path @/tmp/IsaacLab/usd_20260814_061310_1824/configuration/lite3_pro_sensor_rig_real_with_interface_isaac_base.usd@</visuals/FL_FOOT> introduced by @/tmp/IsaacLab/usd_20260814_061310_1824/configuration/lite3_pro_sensor_rig_real_with_interface_isaac_base.usd@</Lite3ProSensorRigRealWithInterfaceV1/FL_FOOT/visuals> (recomposing stage on stage @/tmp/IsaacLab/usd_20260814_061310_1824/configuration/lite3_pro_sensor_rig_real_with_interface_isaac_base.usd@ <0x57f23632bb90>)

2026-08-14T10:13:10Z [9,235ms] [Warning] [omni.usd] Warning: in _ReportErrors at line 3172 of /builds/omniverse/usd-ci/USD/pxr/usd/usd/stage.cpp -- In </Lite3ProSensorRigRealWithInterfaceV1/FL_FOOT/visuals>: Unresolved reference prim path @/tmp/IsaacLab/usd_20260814_061310_1824/configuration/lite3_pro_sensor_rig_real_with_interface_isaac_physics.usd@</visuals/FL_FOOT> introduced by @/tmp/IsaacLab/usd_20260814_061310_1824/configuration/lite3_pro_sensor_rig_real_with_interface_isaac_base.usd@</Lite3ProSensorRigRealWithInterfaceV1/FL_FOOT/visuals> (recomposing stage on stage @/tmp/IsaacLab/usd_20260814_061310_1824/configuration/lite3_pro_sensor_rig_real_with_interface_isaac_physics.usd@ <0x57f2363227e0>)

2026-08-14T10:13:10Z [9,235ms] [Warning] [omni.usd] Warning: in _ReportErrors at line 3172 of /builds/omniverse/usd-ci/USD/pxr/usd/usd/stage.cpp -- In </Lite3ProSensorRigRealWithInterfaceV1/FL_FOOT/visuals>: Unresolved reference prim path @/tmp/IsaacLab/usd_20260814_061310_1824/lite3_pro_sensor_rig_real_with_interface_isaac.usd@</visuals/FL_FOOT> introduced by @/tmp/IsaacLab/usd_20260814_061310_1824/configuration/lite3_pro_sensor_rig_real_with_interface_isaac_base.usd@</Lite3ProSensorRigRealWithInterfaceV1/FL_FOOT/visuals> (recomposing stage on stage @/tmp/IsaacLab/usd_20260814_061310_1824/lite3_pro_sensor_rig_real_with_interface_isaac.usd@ <0x57f236313030>)

2026-08-14T10:13:10Z [9,235ms] [Warning] [omni.usd] Warning: in _ReportErrors at line 3172 of /builds/omniverse/usd-ci/USD/pxr/usd/usd/stage.cpp -- In </Lite3ProSensorRigRealWithInterfaceV1/FL_FOOT/visuals>: Unresolved reference prim path @/tmp/IsaacLab/usd_20260814_061310_1824/lite3_pro_sensor_rig_real_with_interface_isaac.usd@</visuals/FL_FOOT> introduced by @/tmp/IsaacLab/usd_20260814_061310_1824/configuration/lite3_pro_sensor_rig_real_with_interface_isaac_base.usd@</Lite3ProSensorRigRealWithInterfaceV1/FL_FOOT/visuals> (recomposing stage on stage @/tmp/IsaacLab/usd_20260814_061310_1824/lite3_pro_sensor_rig_real_with_interface_isaac.usd@ <0x57f23630e2d0>)

2026-08-14T10:13:10Z [9,235ms] [Warning] [omni.usd] Warning: in _ReportErrors at line 3172 of /builds/omniverse/usd-ci/USD/pxr/usd/usd/stage.cpp -- In </Lite3ProSensorRigRealWithInterfaceV1/FL_FOOT/visuals>: Unresolved reference prim path @/tmp/IsaacLab/usd_20260814_061310_1824/configuration/lite3_pro_sensor_rig_real_with_interface_isaac_base.usd@</visuals/FL_FOOT> introduced by @/tmp/IsaacLab/usd_20260814_061310_1824/configuration/lite3_pro_sensor_rig_real_with_interface_isaac_base.usd@</Lite3ProSensorRigRealWithInterfaceV1/FL_FOOT/visuals> (recomposing stage on stage @/tmp/IsaacLab/usd_20260814_061310_1824/configuration/lite3_pro_sensor_rig_real_with_interface_isaac_base.usd@ <0x57f23632bb90>)

2026-08-14T10:13:10Z [9,245ms] [Warning] [omni.usd] Warning: in _ReportErrors at line 3172 of /builds/omniverse/usd-ci/USD/pxr/usd/usd/stage.cpp -- In </Lite3ProSensorRigRealWithInterfaceV1/FR_FOOT/visuals>: Unresolved reference prim path @/tmp/IsaacLab/usd_20260814_061310_1824/configuration/lite3_pro_sensor_rig_real_with_interface_isaac_physics.usd@</visuals/FR_FOOT> introduced by @/tmp/IsaacLab/usd_20260814_061310_1824/configuration/lite3_pro_sensor_rig_real_with_interface_isaac_base.usd@</Lite3ProSensorRigRealWithInterfaceV1/FR_FOOT/visuals> (recomposing stage on stage @/tmp/IsaacLab/usd_20260814_061310_1824/configuration/lite3_pro_sensor_rig_real_with_interface_isaac_physics.usd@ <0x57f2363227e0>)

2026-08-14T10:13:10Z [9,245ms] [Warning] [omni.usd] Warning: in _ReportErrors at line 3172 of /builds/omniverse/usd-ci/USD/pxr/usd/usd/stage.cpp -- In </Lite3ProSensorRigRealWithInterfaceV1/FR_FOOT/visuals>: Unresolved reference prim path @/tmp/IsaacLab/usd_20260814_061310_1824/lite3_pro_sensor_rig_real_with_interface_isaac.usd@</visuals/FR_FOOT> introduced by @/tmp/IsaacLab/usd_20260814_061310_1824/configuration/lite3_pro_sensor_rig_real_with_interface_isaac_base.usd@</Lite3ProSensorRigRealWithInterfaceV1/FR_FOOT/visuals> (recomposing stage on stage @/tmp/IsaacLab/usd_20260814_061310_1824/lite3_pro_sensor_rig_real_with_interface_isaac.usd@ <0x57f236313030>)

2026-08-14T10:13:10Z [9,245ms] [Warning] [omni.usd] Warning: in _ReportErrors at line 3172 of /builds/omniverse/usd-ci/USD/pxr/usd/usd/stage.cpp -- In </Lite3ProSensorRigRealWithInterfaceV1/FR_FOOT/visuals>: Unresolved reference prim path @/tmp/IsaacLab/usd_20260814_061310_1824/lite3_pro_sensor_rig_real_with_interface_isaac.usd@</visuals/FR_FOOT> introduced by @/tmp/IsaacLab/usd_20260814_061310_1824/configuration/lite3_pro_sensor_rig_real_with_interface_isaac_base.usd@</Lite3ProSensorRigRealWithInterfaceV1/FR_FOOT/visuals> (recomposing stage on stage @/tmp/IsaacLab/usd_20260814_061310_1824/lite3_pro_sensor_rig_real_with_interface_isaac.usd@ <0x57f23630e2d0>)

2026-08-14T10:13:10Z [9,245ms] [Warning] [omni.usd] Warning: in _ReportErrors at line 3172 of /builds/omniverse/usd-ci/USD/pxr/usd/usd/stage.cpp -- In </Lite3ProSensorRigRealWithInterfaceV1/FR_FOOT/visuals>: Unresolved reference prim path @/tmp/IsaacLab/usd_20260814_061310_1824/configuration/lite3_pro_sensor_rig_real_with_interface_isaac_base.usd@</visuals/FR_FOOT> introduced by @/tmp/IsaacLab/usd_20260814_061310_1824/configuration/lite3_pro_sensor_rig_real_with_interface_isaac_base.usd@</Lite3ProSensorRigRealWithInterfaceV1/FR_FOOT/visuals> (recomposing stage on stage @/tmp/IsaacLab/usd_20260814_061310_1824/configuration/lite3_pro_sensor_rig_real_with_interface_isaac_base.usd@ <0x57f23632bb90>)

2026-08-14T10:13:10Z [9,245ms] [Warning] [omni.usd] Warning: in _ReportErrors at line 3172 of /builds/omniverse/usd-ci/USD/pxr/usd/usd/stage.cpp -- In </Lite3ProSensorRigRealWithInterfaceV1/FR_FOOT/visuals>: Unresolved reference prim path @/tmp/IsaacLab/usd_20260814_061310_1824/configuration/lite3_pro_sensor_rig_real_with_interface_isaac_physics.usd@</visuals/FR_FOOT> introduced by @/tmp/IsaacLab/usd_20260814_061310_1824/configuration/lite3_pro_sensor_rig_real_with_interface_isaac_base.usd@</Lite3ProSensorRigRealWithInterfaceV1/FR_FOOT/visuals> (recomposing stage on stage @/tmp/IsaacLab/usd_20260814_061310_1824/configuration/lite3_pro_sensor_rig_real_with_interface_isaac_physics.usd@ <0x57f2363227e0>)

2026-08-14T10:13:10Z [9,245ms] [Warning] [omni.usd] Warning: in _ReportErrors at line 3172 of /builds/omniverse/usd-ci/USD/pxr/usd/usd/stage.cpp -- In </Lite3ProSensorRigRealWithInterfaceV1/FR_FOOT/visuals>: Unresolved reference prim path @/tmp/IsaacLab/usd_20260814_061310_1824/lite3_pro_sensor_rig_real_with_interface_isaac.usd@</visuals/FR_FOOT> introduced by @/tmp/IsaacLab/usd_20260814_061310_1824/configuration/lite3_pro_sensor_rig_real_with_interface_isaac_base.usd@</Lite3ProSensorRigRealWithInterfaceV1/FR_FOOT/visuals> (recomposing stage on stage @/tmp/IsaacLab/usd_20260814_061310_1824/lite3_pro_sensor_rig_real_with_interface_isaac.usd@ <0x57f236313030>)

2026-08-14T10:13:10Z [9,245ms] [Warning] [omni.usd] Warning: in _ReportErrors at line 3172 of /builds/omniverse/usd-ci/USD/pxr/usd/usd/stage.cpp -- In </Lite3ProSensorRigRealWithInterfaceV1/FR_FOOT/visuals>: Unresolved reference prim path @/tmp/IsaacLab/usd_20260814_061310_1824/lite3_pro_sensor_rig_real_with_interface_isaac.usd@</visuals/FR_FOOT> introduced by @/tmp/IsaacLab/usd_20260814_061310_1824/configuration/lite3_pro_sensor_rig_real_with_interface_isaac_base.usd@</Lite3ProSensorRigRealWithInterfaceV1/FR_FOOT/visuals> (recomposing stage on stage @/tmp/IsaacLab/usd_20260814_061310_1824/lite3_pro_sensor_rig_real_with_interface_isaac.usd@ <0x57f23630e2d0>)

2026-08-14T10:13:10Z [9,245ms] [Warning] [omni.usd] Warning: in _ReportErrors at line 3172 of /builds/omniverse/usd-ci/USD/pxr/usd/usd/stage.cpp -- In </Lite3ProSensorRigRealWithInterfaceV1/FR_FOOT/visuals>: Unresolved reference prim path @/tmp/IsaacLab/usd_20260814_061310_1824/configuration/lite3_pro_sensor_rig_real_with_interface_isaac_base.usd@</visuals/FR_FOOT> introduced by @/tmp/IsaacLab/usd_20260814_061310_1824/configuration/lite3_pro_sensor_rig_real_with_interface_isaac_base.usd@</Lite3ProSensorRigRealWithInterfaceV1/FR_FOOT/visuals> (recomposing stage on stage @/tmp/IsaacLab/usd_20260814_061310_1824/configuration/lite3_pro_sensor_rig_real_with_interface_isaac_base.usd@ <0x57f23632bb90>)

2026-08-14T10:13:10Z [9,256ms] [Warning] [omni.usd] Warning: in _ReportErrors at line 3172 of /builds/omniverse/usd-ci/USD/pxr/usd/usd/stage.cpp -- In </Lite3ProSensorRigRealWithInterfaceV1/HL_FOOT/visuals>: Unresolved reference prim path @/tmp/IsaacLab/usd_20260814_061310_1824/configuration/lite3_pro_sensor_rig_real_with_interface_isaac_physics.usd@</visuals/HL_FOOT> introduced by @/tmp/IsaacLab/usd_20260814_061310_1824/configuration/lite3_pro_sensor_rig_real_with_interface_isaac_base.usd@</Lite3ProSensorRigRealWithInterfaceV1/HL_FOOT/visuals> (recomposing stage on stage @/tmp/IsaacLab/usd_20260814_061310_1824/configuration/lite3_pro_sensor_rig_real_with_interface_isaac_physics.usd@ <0x57f2363227e0>)

2026-08-14T10:13:10Z [9,256ms] [Warning] [omni.usd] Warning: in _ReportErrors at line 3172 of /builds/omniverse/usd-ci/USD/pxr/usd/usd/stage.cpp -- In </Lite3ProSensorRigRealWithInterfaceV1/HL_FOOT/visuals>: Unresolved reference prim path @/tmp/IsaacLab/usd_20260814_061310_1824/lite3_pro_sensor_rig_real_with_interface_isaac.usd@</visuals/HL_FOOT> introduced by @/tmp/IsaacLab/usd_20260814_061310_1824/configuration/lite3_pro_sensor_rig_real_with_interface_isaac_base.usd@</Lite3ProSensorRigRealWithInterfaceV1/HL_FOOT/visuals> (recomposing stage on stage @/tmp/IsaacLab/usd_20260814_061310_1824/lite3_pro_sensor_rig_real_with_interface_isaac.usd@ <0x57f236313030>)

2026-08-14T10:13:10Z [9,256ms] [Warning] [omni.usd] Warning: in _ReportErrors at line 3172 of /builds/omniverse/usd-ci/USD/pxr/usd/usd/stage.cpp -- In </Lite3ProSensorRigRealWithInterfaceV1/HL_FOOT/visuals>: Unresolved reference prim path @/tmp/IsaacLab/usd_20260814_061310_1824/lite3_pro_sensor_rig_real_with_interface_isaac.usd@</visuals/HL_FOOT> introduced by @/tmp/IsaacLab/usd_20260814_061310_1824/configuration/lite3_pro_sensor_rig_real_with_interface_isaac_base.usd@</Lite3ProSensorRigRealWithInterfaceV1/HL_FOOT/visuals> (recomposing stage on stage @/tmp/IsaacLab/usd_20260814_061310_1824/lite3_pro_sensor_rig_real_with_interface_isaac.usd@ <0x57f23630e2d0>)

2026-08-14T10:13:10Z [9,256ms] [Warning] [omni.usd] Warning: in _ReportErrors at line 3172 of /builds/omniverse/usd-ci/USD/pxr/usd/usd/stage.cpp -- In </Lite3ProSensorRigRealWithInterfaceV1/HL_FOOT/visuals>: Unresolved reference prim path @/tmp/IsaacLab/usd_20260814_061310_1824/configuration/lite3_pro_sensor_rig_real_with_interface_isaac_base.usd@</visuals/HL_FOOT> introduced by @/tmp/IsaacLab/usd_20260814_061310_1824/configuration/lite3_pro_sensor_rig_real_with_interface_isaac_base.usd@</Lite3ProSensorRigRealWithInterfaceV1/HL_FOOT/visuals> (recomposing stage on stage @/tmp/IsaacLab/usd_20260814_061310_1824/configuration/lite3_pro_sensor_rig_real_with_interface_isaac_base.usd@ <0x57f23632bb90>)

2026-08-14T10:13:10Z [9,256ms] [Warning] [omni.usd] Warning: in _ReportErrors at line 3172 of /builds/omniverse/usd-ci/USD/pxr/usd/usd/stage.cpp -- In </Lite3ProSensorRigRealWithInterfaceV1/HL_FOOT/visuals>: Unresolved reference prim path @/tmp/IsaacLab/usd_20260814_061310_1824/configuration/lite3_pro_sensor_rig_real_with_interface_isaac_physics.usd@</visuals/HL_FOOT> introduced by @/tmp/IsaacLab/usd_20260814_061310_1824/configuration/lite3_pro_sensor_rig_real_with_interface_isaac_base.usd@</Lite3ProSensorRigRealWithInterfaceV1/HL_FOOT/visuals> (recomposing stage on stage @/tmp/IsaacLab/usd_20260814_061310_1824/configuration/lite3_pro_sensor_rig_real_with_interface_isaac_physics.usd@ <0x57f2363227e0>)

2026-08-14T10:13:10Z [9,256ms] [Warning] [omni.usd] Warning: in _ReportErrors at line 3172 of /builds/omniverse/usd-ci/USD/pxr/usd/usd/stage.cpp -- In </Lite3ProSensorRigRealWithInterfaceV1/HL_FOOT/visuals>: Unresolved reference prim path @/tmp/IsaacLab/usd_20260814_061310_1824/lite3_pro_sensor_rig_real_with_interface_isaac.usd@</visuals/HL_FOOT> introduced by @/tmp/IsaacLab/usd_20260814_061310_1824/configuration/lite3_pro_sensor_rig_real_with_interface_isaac_base.usd@</Lite3ProSensorRigRealWithInterfaceV1/HL_FOOT/visuals> (recomposing stage on stage @/tmp/IsaacLab/usd_20260814_061310_1824/lite3_pro_sensor_rig_real_with_interface_isaac.usd@ <0x57f236313030>)

2026-08-14T10:13:10Z [9,256ms] [Warning] [omni.usd] Warning: in _ReportErrors at line 3172 of /builds/omniverse/usd-ci/USD/pxr/usd/usd/stage.cpp -- In </Lite3ProSensorRigRealWithInterfaceV1/HL_FOOT/visuals>: Unresolved reference prim path @/tmp/IsaacLab/usd_20260814_061310_1824/lite3_pro_sensor_rig_real_with_interface_isaac.usd@</visuals/HL_FOOT> introduced by @/tmp/IsaacLab/usd_20260814_061310_1824/configuration/lite3_pro_sensor_rig_real_with_interface_isaac_base.usd@</Lite3ProSensorRigRealWithInterfaceV1/HL_FOOT/visuals> (recomposing stage on stage @/tmp/IsaacLab/usd_20260814_061310_1824/lite3_pro_sensor_rig_real_with_interface_isaac.usd@ <0x57f23630e2d0>)

2026-08-14T10:13:10Z [9,256ms] [Warning] [omni.usd] Warning: in _ReportErrors at line 3172 of /builds/omniverse/usd-ci/USD/pxr/usd/usd/stage.cpp -- In </Lite3ProSensorRigRealWithInterfaceV1/HL_FOOT/visuals>: Unresolved reference prim path @/tmp/IsaacLab/usd_20260814_061310_1824/configuration/lite3_pro_sensor_rig_real_with_interface_isaac_base.usd@</visuals/HL_FOOT> introduced by @/tmp/IsaacLab/usd_20260814_061310_1824/configuration/lite3_pro_sensor_rig_real_with_interface_isaac_base.usd@</Lite3ProSensorRigRealWithInterfaceV1/HL_FOOT/visuals> (recomposing stage on stage @/tmp/IsaacLab/usd_20260814_061310_1824/configuration/lite3_pro_sensor_rig_real_with_interface_isaac_base.usd@ <0x57f23632bb90>)

2026-08-14T10:13:10Z [9,267ms] [Warning] [omni.usd] Warning: in _ReportErrors at line 3172 of /builds/omniverse/usd-ci/USD/pxr/usd/usd/stage.cpp -- In </Lite3ProSensorRigRealWithInterfaceV1/HR_FOOT/visuals>: Unresolved reference prim path @/tmp/IsaacLab/usd_20260814_061310_1824/configuration/lite3_pro_sensor_rig_real_with_interface_isaac_physics.usd@</visuals/HR_FOOT> introduced by @/tmp/IsaacLab/usd_20260814_061310_1824/configuration/lite3_pro_sensor_rig_real_with_interface_isaac_base.usd@</Lite3ProSensorRigRealWithInterfaceV1/HR_FOOT/visuals> (recomposing stage on stage @/tmp/IsaacLab/usd_20260814_061310_1824/configuration/lite3_pro_sensor_rig_real_with_interface_isaac_physics.usd@ <0x57f2363227e0>)

2026-08-14T10:13:10Z [9,267ms] [Warning] [omni.usd] Warning: in _ReportErrors at line 3172 of /builds/omniverse/usd-ci/USD/pxr/usd/usd/stage.cpp -- In </Lite3ProSensorRigRealWithInterfaceV1/HR_FOOT/visuals>: Unresolved reference prim path @/tmp/IsaacLab/usd_20260814_061310_1824/lite3_pro_sensor_rig_real_with_interface_isaac.usd@</visuals/HR_FOOT> introduced by @/tmp/IsaacLab/usd_20260814_061310_1824/configuration/lite3_pro_sensor_rig_real_with_interface_isaac_base.usd@</Lite3ProSensorRigRealWithInterfaceV1/HR_FOOT/visuals> (recomposing stage on stage @/tmp/IsaacLab/usd_20260814_061310_1824/lite3_pro_sensor_rig_real_with_interface_isaac.usd@ <0x57f236313030>)

2026-08-14T10:13:10Z [9,267ms] [Warning] [omni.usd] Warning: in _ReportErrors at line 3172 of /builds/omniverse/usd-ci/USD/pxr/usd/usd/stage.cpp -- In </Lite3ProSensorRigRealWithInterfaceV1/HR_FOOT/visuals>: Unresolved reference prim path @/tmp/IsaacLab/usd_20260814_061310_1824/lite3_pro_sensor_rig_real_with_interface_isaac.usd@</visuals/HR_FOOT> introduced by @/tmp/IsaacLab/usd_20260814_061310_1824/configuration/lite3_pro_sensor_rig_real_with_interface_isaac_base.usd@</Lite3ProSensorRigRealWithInterfaceV1/HR_FOOT/visuals> (recomposing stage on stage @/tmp/IsaacLab/usd_20260814_061310_1824/lite3_pro_sensor_rig_real_with_interface_isaac.usd@ <0x57f23630e2d0>)

2026-08-14T10:13:10Z [9,267ms] [Warning] [omni.usd] Warning: in _ReportErrors at line 3172 of /builds/omniverse/usd-ci/USD/pxr/usd/usd/stage.cpp -- In </Lite3ProSensorRigRealWithInterfaceV1/HR_FOOT/visuals>: Unresolved reference prim path @/tmp/IsaacLab/usd_20260814_061310_1824/configuration/lite3_pro_sensor_rig_real_with_interface_isaac_base.usd@</visuals/HR_FOOT> introduced by @/tmp/IsaacLab/usd_20260814_061310_1824/configuration/lite3_pro_sensor_rig_real_with_interface_isaac_base.usd@</Lite3ProSensorRigRealWithInterfaceV1/HR_FOOT/visuals> (recomposing stage on stage @/tmp/IsaacLab/usd_20260814_061310_1824/configuration/lite3_pro_sensor_rig_real_with_interface_isaac_base.usd@ <0x57f23632bb90>)

2026-08-14T10:13:10Z [9,267ms] [Warning] [omni.usd] Warning: in _ReportErrors at line 3172 of /builds/omniverse/usd-ci/USD/pxr/usd/usd/stage.cpp -- In </Lite3ProSensorRigRealWithInterfaceV1/HR_FOOT/visuals>: Unresolved reference prim path @/tmp/IsaacLab/usd_20260814_061310_1824/configuration/lite3_pro_sensor_rig_real_with_interface_isaac_physics.usd@</visuals/HR_FOOT> introduced by @/tmp/IsaacLab/usd_20260814_061310_1824/configuration/lite3_pro_sensor_rig_real_with_interface_isaac_base.usd@</Lite3ProSensorRigRealWithInterfaceV1/HR_FOOT/visuals> (recomposing stage on stage @/tmp/IsaacLab/usd_20260814_061310_1824/configuration/lite3_pro_sensor_rig_real_with_interface_isaac_physics.usd@ <0x57f2363227e0>)

2026-08-14T10:13:10Z [9,267ms] [Warning] [omni.usd] Warning: in _ReportErrors at line 3172 of /builds/omniverse/usd-ci/USD/pxr/usd/usd/stage.cpp -- In </Lite3ProSensorRigRealWithInterfaceV1/HR_FOOT/visuals>: Unresolved reference prim path @/tmp/IsaacLab/usd_20260814_061310_1824/lite3_pro_sensor_rig_real_with_interface_isaac.usd@</visuals/HR_FOOT> introduced by @/tmp/IsaacLab/usd_20260814_061310_1824/configuration/lite3_pro_sensor_rig_real_with_interface_isaac_base.usd@</Lite3ProSensorRigRealWithInterfaceV1/HR_FOOT/visuals> (recomposing stage on stage @/tmp/IsaacLab/usd_20260814_061310_1824/lite3_pro_sensor_rig_real_with_interface_isaac.usd@ <0x57f236313030>)

2026-08-14T10:13:10Z [9,267ms] [Warning] [omni.usd] Warning: in _ReportErrors at line 3172 of /builds/omniverse/usd-ci/USD/pxr/usd/usd/stage.cpp -- In </Lite3ProSensorRigRealWithInterfaceV1/HR_FOOT/visuals>: Unresolved reference prim path @/tmp/IsaacLab/usd_20260814_061310_1824/lite3_pro_sensor_rig_real_with_interface_isaac.usd@</visuals/HR_FOOT> introduced by @/tmp/IsaacLab/usd_20260814_061310_1824/configuration/lite3_pro_sensor_rig_real_with_interface_isaac_base.usd@</Lite3ProSensorRigRealWithInterfaceV1/HR_FOOT/visuals> (recomposing stage on stage @/tmp/IsaacLab/usd_20260814_061310_1824/lite3_pro_sensor_rig_real_with_interface_isaac.usd@ <0x57f23630e2d0>)

2026-08-14T10:13:10Z [9,267ms] [Warning] [omni.usd] Warning: in _ReportErrors at line 3172 of /builds/omniverse/usd-ci/USD/pxr/usd/usd/stage.cpp -- In </Lite3ProSensorRigRealWithInterfaceV1/HR_FOOT/visuals>: Unresolved reference prim path @/tmp/IsaacLab/usd_20260814_061310_1824/configuration/lite3_pro_sensor_rig_real_with_interface_isaac_base.usd@</visuals/HR_FOOT> introduced by @/tmp/IsaacLab/usd_20260814_061310_1824/configuration/lite3_pro_sensor_rig_real_with_interface_isaac_base.usd@</Lite3ProSensorRigRealWithInterfaceV1/HR_FOOT/visuals> (recomposing stage on stage @/tmp/IsaacLab/usd_20260814_061310_1824/configuration/lite3_pro_sensor_rig_real_with_interface_isaac_base.usd@ <0x57f23632bb90>)

2026-08-14T10:13:10Z [9,269ms] [Warning] [isaacsim.asset.importer.urdf] The path pro-interface-envelope is not a valid usd path, modifying to pro_interface_envelope
2026-08-14T10:13:10Z [9,275ms] [Warning] [isaacsim.asset.importer.urdf] The path carrier-rev-j-print-ready-side is not a valid usd path, modifying to carrier_rev_j_print_ready_side
2026-08-14T10:13:10Z [9,284ms] [Warning] [isaacsim.asset.importer.urdf] The path d435i-body-runtime is not a valid usd path, modifying to d435i_body_runtime
2026-08-14T10:13:10Z [9,298ms] [Warning] [isaacsim.asset.importer.urdf] The path d435i-optical-runtime is not a valid usd path, modifying to d435i_optical_runtime
2026-08-14T10:13:10Z [9,306ms] [Warning] [omni.usd] Warning: in _ReportErrors at line 3172 of /builds/omniverse/usd-ci/USD/pxr/usd/usd/stage.cpp -- In </Lite3ProSensorRigRealWithInterfaceV1/d435i_depth_optical_frame/visuals>: Unresolved reference prim path @/tmp/IsaacLab/usd_20260814_061310_1824/configuration/lite3_pro_sensor_rig_real_with_interface_isaac_physics.usd@</visuals/d435i_depth_optical_frame> introduced by @/tmp/IsaacLab/usd_20260814_061310_1824/configuration/lite3_pro_sensor_rig_real_with_interface_isaac_base.usd@</Lite3ProSensorRigRealWithInterfaceV1/d435i_depth_optical_frame/visuals> (recomposing stage on stage @/tmp/IsaacLab/usd_20260814_061310_1824/configuration/lite3_pro_sensor_rig_real_with_interface_isaac_physics.usd@ <0x57f2363227e0>)

2026-08-14T10:13:10Z [9,306ms] [Warning] [omni.usd] Warning: in _ReportErrors at line 3172 of /builds/omniverse/usd-ci/USD/pxr/usd/usd/stage.cpp -- In </Lite3ProSensorRigRealWithInterfaceV1/d435i_depth_optical_frame/visuals>: Unresolved reference prim path @/tmp/IsaacLab/usd_20260814_061310_1824/lite3_pro_sensor_rig_real_with_interface_isaac.usd@</visuals/d435i_depth_optical_frame> introduced by @/tmp/IsaacLab/usd_20260814_061310_1824/configuration/lite3_pro_sensor_rig_real_with_interface_isaac_base.usd@</Lite3ProSensorRigRealWithInterfaceV1/d435i_depth_optical_frame/visuals> (recomposing stage on stage @/tmp/IsaacLab/usd_20260814_061310_1824/lite3_pro_sensor_rig_real_with_interface_isaac.usd@ <0x57f236313030>)

2026-08-14T10:13:10Z [9,306ms] [Warning] [omni.usd] Warning: in _ReportErrors at line 3172 of /builds/omniverse/usd-ci/USD/pxr/usd/usd/stage.cpp -- In </Lite3ProSensorRigRealWithInterfaceV1/d435i_depth_optical_frame/visuals>: Unresolved reference prim path @/tmp/IsaacLab/usd_20260814_061310_1824/lite3_pro_sensor_rig_real_with_interface_isaac.usd@</visuals/d435i_depth_optical_frame> introduced by @/tmp/IsaacLab/usd_20260814_061310_1824/configuration/lite3_pro_sensor_rig_real_with_interface_isaac_base.usd@</Lite3ProSensorRigRealWithInterfaceV1/d435i_depth_optical_frame/visuals> (recomposing stage on stage @/tmp/IsaacLab/usd_20260814_061310_1824/lite3_pro_sensor_rig_real_with_interface_isaac.usd@ <0x57f23630e2d0>)

2026-08-14T10:13:10Z [9,306ms] [Warning] [omni.usd] Warning: in _ReportErrors at line 3172 of /builds/omniverse/usd-ci/USD/pxr/usd/usd/stage.cpp -- In </Lite3ProSensorRigRealWithInterfaceV1/d435i_depth_optical_frame/visuals>: Unresolved reference prim path @/tmp/IsaacLab/usd_20260814_061310_1824/configuration/lite3_pro_sensor_rig_real_with_interface_isaac_base.usd@</visuals/d435i_depth_optical_frame> introduced by @/tmp/IsaacLab/usd_20260814_061310_1824/configuration/lite3_pro_sensor_rig_real_with_interface_isaac_base.usd@</Lite3ProSensorRigRealWithInterfaceV1/d435i_depth_optical_frame/visuals> (recomposing stage on stage @/tmp/IsaacLab/usd_20260814_061310_1824/configuration/lite3_pro_sensor_rig_real_with_interface_isaac_base.usd@ <0x57f23632bb90>)

2026-08-14T10:13:10Z [9,306ms] [Warning] [omni.usd] Warning: in _ReportErrors at line 3172 of /builds/omniverse/usd-ci/USD/pxr/usd/usd/stage.cpp -- In </Lite3ProSensorRigRealWithInterfaceV1/d435i_depth_optical_frame/visuals>: Unresolved reference prim path @/tmp/IsaacLab/usd_20260814_061310_1824/configuration/lite3_pro_sensor_rig_real_with_interface_isaac_physics.usd@</visuals/d435i_depth_optical_frame> introduced by @/tmp/IsaacLab/usd_20260814_061310_1824/configuration/lite3_pro_sensor_rig_real_with_interface_isaac_base.usd@</Lite3ProSensorRigRealWithInterfaceV1/d435i_depth_optical_frame/visuals> (recomposing stage on stage @/tmp/IsaacLab/usd_20260814_061310_1824/configuration/lite3_pro_sensor_rig_real_with_interface_isaac_physics.usd@ <0x57f2363227e0>)

2026-08-14T10:13:10Z [9,306ms] [Warning] [omni.usd] Warning: in _ReportErrors at line 3172 of /builds/omniverse/usd-ci/USD/pxr/usd/usd/stage.cpp -- In </Lite3ProSensorRigRealWithInterfaceV1/d435i_depth_optical_frame/visuals>: Unresolved reference prim path @/tmp/IsaacLab/usd_20260814_061310_1824/lite3_pro_sensor_rig_real_with_interface_isaac.usd@</visuals/d435i_depth_optical_frame> introduced by @/tmp/IsaacLab/usd_20260814_061310_1824/configuration/lite3_pro_sensor_rig_real_with_interface_isaac_base.usd@</Lite3ProSensorRigRealWithInterfaceV1/d435i_depth_optical_frame/visuals> (recomposing stage on stage @/tmp/IsaacLab/usd_20260814_061310_1824/lite3_pro_sensor_rig_real_with_interface_isaac.usd@ <0x57f236313030>)

2026-08-14T10:13:10Z [9,306ms] [Warning] [omni.usd] Warning: in _ReportErrors at line 3172 of /builds/omniverse/usd-ci/USD/pxr/usd/usd/stage.cpp -- In </Lite3ProSensorRigRealWithInterfaceV1/d435i_depth_optical_frame/visuals>: Unresolved reference prim path @/tmp/IsaacLab/usd_20260814_061310_1824/lite3_pro_sensor_rig_real_with_interface_isaac.usd@</visuals/d435i_depth_optical_frame> introduced by @/tmp/IsaacLab/usd_20260814_061310_1824/configuration/lite3_pro_sensor_rig_real_with_interface_isaac_base.usd@</Lite3ProSensorRigRealWithInterfaceV1/d435i_depth_optical_frame/visuals> (recomposing stage on stage @/tmp/IsaacLab/usd_20260814_061310_1824/lite3_pro_sensor_rig_real_with_interface_isaac.usd@ <0x57f23630e2d0>)

2026-08-14T10:13:10Z [9,306ms] [Warning] [omni.usd] Warning: in _ReportErrors at line 3172 of /builds/omniverse/usd-ci/USD/pxr/usd/usd/stage.cpp -- In </Lite3ProSensorRigRealWithInterfaceV1/d435i_depth_optical_frame/visuals>: Unresolved reference prim path @/tmp/IsaacLab/usd_20260814_061310_1824/configuration/lite3_pro_sensor_rig_real_with_interface_isaac_base.usd@</visuals/d435i_depth_optical_frame> introduced by @/tmp/IsaacLab/usd_20260814_061310_1824/configuration/lite3_pro_sensor_rig_real_with_interface_isaac_base.usd@</Lite3ProSensorRigRealWithInterfaceV1/d435i_depth_optical_frame/visuals> (recomposing stage on stage @/tmp/IsaacLab/usd_20260814_061310_1824/configuration/lite3_pro_sensor_rig_real_with_interface_isaac_base.usd@ <0x57f23632bb90>)

2026-08-14T10:13:10Z [9,307ms] [Warning] [isaacsim.asset.importer.urdf] The path mid360-body-runtime is not a valid usd path, modifying to mid360_body_runtime
2026-08-14T10:13:10Z [9,323ms] [Warning] [isaacsim.asset.importer.urdf] The path mid360-optical-runtime is not a valid usd path, modifying to mid360_optical_runtime
2026-08-14T10:13:10Z [9,329ms] [Warning] [omni.usd] Warning: in _ReportErrors at line 3172 of /builds/omniverse/usd-ci/USD/pxr/usd/usd/stage.cpp -- In </Lite3ProSensorRigRealWithInterfaceV1/mid360_scan_frame/visuals>: Unresolved reference prim path @/tmp/IsaacLab/usd_20260814_061310_1824/configuration/lite3_pro_sensor_rig_real_with_interface_isaac_physics.usd@</visuals/mid360_scan_frame> introduced by @/tmp/IsaacLab/usd_20260814_061310_1824/configuration/lite3_pro_sensor_rig_real_with_interface_isaac_base.usd@</Lite3ProSensorRigRealWithInterfaceV1/mid360_scan_frame/visuals> (recomposing stage on stage @/tmp/IsaacLab/usd_20260814_061310_1824/configuration/lite3_pro_sensor_rig_real_with_interface_isaac_physics.usd@ <0x57f2363227e0>)

2026-08-14T10:13:10Z [9,329ms] [Warning] [omni.usd] Warning: in _ReportErrors at line 3172 of /builds/omniverse/usd-ci/USD/pxr/usd/usd/stage.cpp -- In </Lite3ProSensorRigRealWithInterfaceV1/mid360_scan_frame/visuals>: Unresolved reference prim path @/tmp/IsaacLab/usd_20260814_061310_1824/lite3_pro_sensor_rig_real_with_interface_isaac.usd@</visuals/mid360_scan_frame> introduced by @/tmp/IsaacLab/usd_20260814_061310_1824/configuration/lite3_pro_sensor_rig_real_with_interface_isaac_base.usd@</Lite3ProSensorRigRealWithInterfaceV1/mid360_scan_frame/visuals> (recomposing stage on stage @/tmp/IsaacLab/usd_20260814_061310_1824/lite3_pro_sensor_rig_real_with_interface_isaac.usd@ <0x57f236313030>)

2026-08-14T10:13:10Z [9,329ms] [Warning] [omni.usd] Warning: in _ReportErrors at line 3172 of /builds/omniverse/usd-ci/USD/pxr/usd/usd/stage.cpp -- In </Lite3ProSensorRigRealWithInterfaceV1/mid360_scan_frame/visuals>: Unresolved reference prim path @/tmp/IsaacLab/usd_20260814_061310_1824/lite3_pro_sensor_rig_real_with_interface_isaac.usd@</visuals/mid360_scan_frame> introduced by @/tmp/IsaacLab/usd_20260814_061310_1824/configuration/lite3_pro_sensor_rig_real_with_interface_isaac_base.usd@</Lite3ProSensorRigRealWithInterfaceV1/mid360_scan_frame/visuals> (recomposing stage on stage @/tmp/IsaacLab/usd_20260814_061310_1824/lite3_pro_sensor_rig_real_with_interface_isaac.usd@ <0x57f23630e2d0>)

2026-08-14T10:13:10Z [9,329ms] [Warning] [omni.usd] Warning: in _ReportErrors at line 3172 of /builds/omniverse/usd-ci/USD/pxr/usd/usd/stage.cpp -- In </Lite3ProSensorRigRealWithInterfaceV1/mid360_scan_frame/visuals>: Unresolved reference prim path @/tmp/IsaacLab/usd_20260814_061310_1824/configuration/lite3_pro_sensor_rig_real_with_interface_isaac_base.usd@</visuals/mid360_scan_frame> introduced by @/tmp/IsaacLab/usd_20260814_061310_1824/configuration/lite3_pro_sensor_rig_real_with_interface_isaac_base.usd@</Lite3ProSensorRigRealWithInterfaceV1/mid360_scan_frame/visuals> (recomposing stage on stage @/tmp/IsaacLab/usd_20260814_061310_1824/configuration/lite3_pro_sensor_rig_real_with_interface_isaac_base.usd@ <0x57f23632bb90>)

2026-08-14T10:13:10Z [9,329ms] [Warning] [omni.usd] Warning: in _ReportErrors at line 3172 of /builds/omniverse/usd-ci/USD/pxr/usd/usd/stage.cpp -- In </Lite3ProSensorRigRealWithInterfaceV1/mid360_scan_frame/visuals>: Unresolved reference prim path @/tmp/IsaacLab/usd_20260814_061310_1824/configuration/lite3_pro_sensor_rig_real_with_interface_isaac_physics.usd@</visuals/mid360_scan_frame> introduced by @/tmp/IsaacLab/usd_20260814_061310_1824/configuration/lite3_pro_sensor_rig_real_with_interface_isaac_base.usd@</Lite3ProSensorRigRealWithInterfaceV1/mid360_scan_frame/visuals> (recomposing stage on stage @/tmp/IsaacLab/usd_20260814_061310_1824/configuration/lite3_pro_sensor_rig_real_with_interface_isaac_physics.usd@ <0x57f2363227e0>)

2026-08-14T10:13:10Z [9,329ms] [Warning] [omni.usd] Warning: in _ReportErrors at line 3172 of /builds/omniverse/usd-ci/USD/pxr/usd/usd/stage.cpp -- In </Lite3ProSensorRigRealWithInterfaceV1/mid360_scan_frame/visuals>: Unresolved reference prim path @/tmp/IsaacLab/usd_20260814_061310_1824/lite3_pro_sensor_rig_real_with_interface_isaac.usd@</visuals/mid360_scan_frame> introduced by @/tmp/IsaacLab/usd_20260814_061310_1824/configuration/lite3_pro_sensor_rig_real_with_interface_isaac_base.usd@</Lite3ProSensorRigRealWithInterfaceV1/mid360_scan_frame/visuals> (recomposing stage on stage @/tmp/IsaacLab/usd_20260814_061310_1824/lite3_pro_sensor_rig_real_with_interface_isaac.usd@ <0x57f236313030>)

2026-08-14T10:13:10Z [9,329ms] [Warning] [omni.usd] Warning: in _ReportErrors at line 3172 of /builds/omniverse/usd-ci/USD/pxr/usd/usd/stage.cpp -- In </Lite3ProSensorRigRealWithInterfaceV1/mid360_scan_frame/visuals>: Unresolved reference prim path @/tmp/IsaacLab/usd_20260814_061310_1824/lite3_pro_sensor_rig_real_with_interface_isaac.usd@</visuals/mid360_scan_frame> introduced by @/tmp/IsaacLab/usd_20260814_061310_1824/configuration/lite3_pro_sensor_rig_real_with_interface_isaac_base.usd@</Lite3ProSensorRigRealWithInterfaceV1/mid360_scan_frame/visuals> (recomposing stage on stage @/tmp/IsaacLab/usd_20260814_061310_1824/lite3_pro_sensor_rig_real_with_interface_isaac.usd@ <0x57f23630e2d0>)

2026-08-14T10:13:10Z [9,329ms] [Warning] [omni.usd] Warning: in _ReportErrors at line 3172 of /builds/omniverse/usd-ci/USD/pxr/usd/usd/stage.cpp -- In </Lite3ProSensorRigRealWithInterfaceV1/mid360_scan_frame/visuals>: Unresolved reference prim path @/tmp/IsaacLab/usd_20260814_061310_1824/configuration/lite3_pro_sensor_rig_real_with_interface_isaac_base.usd@</visuals/mid360_scan_frame> introduced by @/tmp/IsaacLab/usd_20260814_061310_1824/configuration/lite3_pro_sensor_rig_real_with_interface_isaac_base.usd@</Lite3ProSensorRigRealWithInterfaceV1/mid360_scan_frame/visuals> (recomposing stage on stage @/tmp/IsaacLab/usd_20260814_061310_1824/configuration/lite3_pro_sensor_rig_real_with_interface_isaac_base.usd@ <0x57f23632bb90>)

2026-08-14T10:13:10Z [9,330ms] [Warning] [isaacsim.asset.importer.urdf] The path s410-guard-access-print-ready-flange-down is not a valid usd path, modifying to s410_guard_access_print_ready_flange_down
2026-08-14T10:13:10Z [9,356ms] [Warning] [omni.usd] Warning: in _ReportErrors at line 3172 of /builds/omniverse/usd-ci/USD/pxr/usd/usd/stage.cpp -- In </Lite3ProSensorRigRealWithInterfaceV1/FL_FOOT/visuals>: Unresolved reference prim path @/tmp/IsaacLab/usd_20260814_061310_1824/configuration/lite3_pro_sensor_rig_real_with_interface_isaac_base.usd@</visuals/FL_FOOT> introduced by @/tmp/IsaacLab/usd_20260814_061310_1824/configuration/lite3_pro_sensor_rig_real_with_interface_isaac_base.usd@</Lite3ProSensorRigRealWithInterfaceV1/FL_FOOT/visuals> (recomposing stage on stage @/tmp/IsaacLab/usd_20260814_061310_1824/lite3_pro_sensor_rig_real_with_interface_isaac.usd@ <0x57f236313030>)

2026-08-14T10:13:10Z [9,356ms] [Warning] [omni.usd] Warning: in _ReportErrors at line 3172 of /builds/omniverse/usd-ci/USD/pxr/usd/usd/stage.cpp -- In </Lite3ProSensorRigRealWithInterfaceV1/HL_FOOT/visuals>: Unresolved reference prim path @/tmp/IsaacLab/usd_20260814_061310_1824/configuration/lite3_pro_sensor_rig_real_with_interface_isaac_base.usd@</visuals/HL_FOOT> introduced by @/tmp/IsaacLab/usd_20260814_061310_1824/configuration/lite3_pro_sensor_rig_real_with_interface_isaac_base.usd@</Lite3ProSensorRigRealWithInterfaceV1/HL_FOOT/visuals> (recomposing stage on stage @/tmp/IsaacLab/usd_20260814_061310_1824/lite3_pro_sensor_rig_real_with_interface_isaac.usd@ <0x57f236313030>)

2026-08-14T10:13:10Z [9,356ms] [Warning] [omni.usd] Warning: in _ReportErrors at line 3172 of /builds/omniverse/usd-ci/USD/pxr/usd/usd/stage.cpp -- In </Lite3ProSensorRigRealWithInterfaceV1/FR_FOOT/visuals>: Unresolved reference prim path @/tmp/IsaacLab/usd_20260814_061310_1824/configuration/lite3_pro_sensor_rig_real_with_interface_isaac_base.usd@</visuals/FR_FOOT> introduced by @/tmp/IsaacLab/usd_20260814_061310_1824/configuration/lite3_pro_sensor_rig_real_with_interface_isaac_base.usd@</Lite3ProSensorRigRealWithInterfaceV1/FR_FOOT/visuals> (recomposing stage on stage @/tmp/IsaacLab/usd_20260814_061310_1824/lite3_pro_sensor_rig_real_with_interface_isaac.usd@ <0x57f236313030>)

2026-08-14T10:13:10Z [9,356ms] [Warning] [omni.usd] Warning: in _ReportErrors at line 3172 of /builds/omniverse/usd-ci/USD/pxr/usd/usd/stage.cpp -- In </Lite3ProSensorRigRealWithInterfaceV1/HR_FOOT/visuals>: Unresolved reference prim path @/tmp/IsaacLab/usd_20260814_061310_1824/configuration/lite3_pro_sensor_rig_real_with_interface_isaac_base.usd@</visuals/HR_FOOT> introduced by @/tmp/IsaacLab/usd_20260814_061310_1824/configuration/lite3_pro_sensor_rig_real_with_interface_isaac_base.usd@</Lite3ProSensorRigRealWithInterfaceV1/HR_FOOT/visuals> (recomposing stage on stage @/tmp/IsaacLab/usd_20260814_061310_1824/lite3_pro_sensor_rig_real_with_interface_isaac.usd@ <0x57f236313030>)

2026-08-14T10:13:10Z [9,356ms] [Warning] [omni.usd] Warning: in _ReportErrors at line 3172 of /builds/omniverse/usd-ci/USD/pxr/usd/usd/stage.cpp -- In </Lite3ProSensorRigRealWithInterfaceV1/mid360_scan_frame/visuals>: Unresolved reference prim path @/tmp/IsaacLab/usd_20260814_061310_1824/configuration/lite3_pro_sensor_rig_real_with_interface_isaac_base.usd@</visuals/mid360_scan_frame> introduced by @/tmp/IsaacLab/usd_20260814_061310_1824/configuration/lite3_pro_sensor_rig_real_with_interface_isaac_base.usd@</Lite3ProSensorRigRealWithInterfaceV1/mid360_scan_frame/visuals> (recomposing stage on stage @/tmp/IsaacLab/usd_20260814_061310_1824/lite3_pro_sensor_rig_real_with_interface_isaac.usd@ <0x57f236313030>)

2026-08-14T10:13:10Z [9,356ms] [Warning] [omni.usd] Warning: in _ReportErrors at line 3172 of /builds/omniverse/usd-ci/USD/pxr/usd/usd/stage.cpp -- In </Lite3ProSensorRigRealWithInterfaceV1/d435i_depth_optical_frame/visuals>: Unresolved reference prim path @/tmp/IsaacLab/usd_20260814_061310_1824/configuration/lite3_pro_sensor_rig_real_with_interface_isaac_base.usd@</visuals/d435i_depth_optical_frame> introduced by @/tmp/IsaacLab/usd_20260814_061310_1824/configuration/lite3_pro_sensor_rig_real_with_interface_isaac_base.usd@</Lite3ProSensorRigRealWithInterfaceV1/d435i_depth_optical_frame/visuals> (recomposing stage on stage @/tmp/IsaacLab/usd_20260814_061310_1824/lite3_pro_sensor_rig_real_with_interface_isaac.usd@ <0x57f236313030>)

2026-08-14T10:13:10Z [9,356ms] [Warning] [omni.usd] Warning: in _ReportErrors at line 3172 of /builds/omniverse/usd-ci/USD/pxr/usd/usd/stage.cpp -- In </Lite3ProSensorRigRealWithInterfaceV1/FR_FOOT/visuals>: Unresolved reference prim path @/tmp/IsaacLab/usd_20260814_061310_1824/configuration/lite3_pro_sensor_rig_real_with_interface_isaac_base.usd@</visuals/FR_FOOT> introduced by @/tmp/IsaacLab/usd_20260814_061310_1824/configuration/lite3_pro_sensor_rig_real_with_interface_isaac_base.usd@</Lite3ProSensorRigRealWithInterfaceV1/FR_FOOT/visuals> (recomposing stage on stage @/tmp/IsaacLab/usd_20260814_061310_1824/lite3_pro_sensor_rig_real_with_interface_isaac.usd@ <0x57f23630e2d0>)

2026-08-14T10:13:10Z [9,356ms] [Warning] [omni.usd] Warning: in _ReportErrors at line 3172 of /builds/omniverse/usd-ci/USD/pxr/usd/usd/stage.cpp -- In </Lite3ProSensorRigRealWithInterfaceV1/FL_FOOT/visuals>: Unresolved reference prim path @/tmp/IsaacLab/usd_20260814_061310_1824/configuration/lite3_pro_sensor_rig_real_with_interface_isaac_base.usd@</visuals/FL_FOOT> introduced by @/tmp/IsaacLab/usd_20260814_061310_1824/configuration/lite3_pro_sensor_rig_real_with_interface_isaac_base.usd@</Lite3ProSensorRigRealWithInterfaceV1/FL_FOOT/visuals> (recomposing stage on stage @/tmp/IsaacLab/usd_20260814_061310_1824/lite3_pro_sensor_rig_real_with_interface_isaac.usd@ <0x57f23630e2d0>)

2026-08-14T10:13:10Z [9,356ms] [Warning] [omni.usd] Warning: in _ReportErrors at line 3172 of /builds/omniverse/usd-ci/USD/pxr/usd/usd/stage.cpp -- In </Lite3ProSensorRigRealWithInterfaceV1/HL_FOOT/visuals>: Unresolved reference prim path @/tmp/IsaacLab/usd_20260814_061310_1824/configuration/lite3_pro_sensor_rig_real_with_interface_isaac_base.usd@</visuals/HL_FOOT> introduced by @/tmp/IsaacLab/usd_20260814_061310_1824/configuration/lite3_pro_sensor_rig_real_with_interface_isaac_base.usd@</Lite3ProSensorRigRealWithInterfaceV1/HL_FOOT/visuals> (recomposing stage on stage @/tmp/IsaacLab/usd_20260814_061310_1824/lite3_pro_sensor_rig_real_with_interface_isaac.usd@ <0x57f23630e2d0>)

2026-08-14T10:13:10Z [9,356ms] [Warning] [omni.usd] Warning: in _ReportErrors at line 3172 of /builds/omniverse/usd-ci/USD/pxr/usd/usd/stage.cpp -- In </Lite3ProSensorRigRealWithInterfaceV1/mid360_scan_frame/visuals>: Unresolved reference prim path @/tmp/IsaacLab/usd_20260814_061310_1824/configuration/lite3_pro_sensor_rig_real_with_interface_isaac_base.usd@</visuals/mid360_scan_frame> introduced by @/tmp/IsaacLab/usd_20260814_061310_1824/configuration/lite3_pro_sensor_rig_real_with_interface_isaac_base.usd@</Lite3ProSensorRigRealWithInterfaceV1/mid360_scan_frame/visuals> (recomposing stage on stage @/tmp/IsaacLab/usd_20260814_061310_1824/lite3_pro_sensor_rig_real_with_interface_isaac.usd@ <0x57f23630e2d0>)

2026-08-14T10:13:10Z [9,356ms] [Warning] [omni.usd] Warning: in _ReportErrors at line 3172 of /builds/omniverse/usd-ci/USD/pxr/usd/usd/stage.cpp -- In </Lite3ProSensorRigRealWithInterfaceV1/HR_FOOT/visuals>: Unresolved reference prim path @/tmp/IsaacLab/usd_20260814_061310_1824/configuration/lite3_pro_sensor_rig_real_with_interface_isaac_base.usd@</visuals/HR_FOOT> introduced by @/tmp/IsaacLab/usd_20260814_061310_1824/configuration/lite3_pro_sensor_rig_real_with_interface_isaac_base.usd@</Lite3ProSensorRigRealWithInterfaceV1/HR_FOOT/visuals> (recomposing stage on stage @/tmp/IsaacLab/usd_20260814_061310_1824/lite3_pro_sensor_rig_real_with_interface_isaac.usd@ <0x57f23630e2d0>)

2026-08-14T10:13:10Z [9,356ms] [Warning] [omni.usd] Warning: in _ReportErrors at line 3172 of /builds/omniverse/usd-ci/USD/pxr/usd/usd/stage.cpp -- In </Lite3ProSensorRigRealWithInterfaceV1/d435i_depth_optical_frame/visuals>: Unresolved reference prim path @/tmp/IsaacLab/usd_20260814_061310_1824/configuration/lite3_pro_sensor_rig_real_with_interface_isaac_base.usd@</visuals/d435i_depth_optical_frame> introduced by @/tmp/IsaacLab/usd_20260814_061310_1824/configuration/lite3_pro_sensor_rig_real_with_interface_isaac_base.usd@</Lite3ProSensorRigRealWithInterfaceV1/d435i_depth_optical_frame/visuals> (recomposing stage on stage @/tmp/IsaacLab/usd_20260814_061310_1824/lite3_pro_sensor_rig_real_with_interface_isaac.usd@ <0x57f23630e2d0>)

2026-08-14T10:13:10Z [9,357ms] [Warning] [omni.usd] Warning: in _ReportErrors at line 3172 of /builds/omniverse/usd-ci/USD/pxr/usd/usd/stage.cpp -- In </Lite3ProSensorRigRealWithInterfaceV1/FL_FOOT/visuals>: Unresolved reference prim path @/tmp/IsaacLab/usd_20260814_061310_1824/configuration/lite3_pro_sensor_rig_real_with_interface_isaac_physics.usd@</visuals/FL_FOOT> introduced by @/tmp/IsaacLab/usd_20260814_061310_1824/configuration/lite3_pro_sensor_rig_real_with_interface_isaac_base.usd@</Lite3ProSensorRigRealWithInterfaceV1/FL_FOOT/visuals> (recomposing stage on stage @/tmp/IsaacLab/usd_20260814_061310_1824/lite3_pro_sensor_rig_real_with_interface_isaac.usd@ <0x57f236313030>)

2026-08-14T10:13:10Z [9,357ms] [Warning] [omni.usd] Warning: in _ReportErrors at line 3172 of /builds/omniverse/usd-ci/USD/pxr/usd/usd/stage.cpp -- In </Lite3ProSensorRigRealWithInterfaceV1/FR_FOOT/visuals>: Unresolved reference prim path @/tmp/IsaacLab/usd_20260814_061310_1824/configuration/lite3_pro_sensor_rig_real_with_interface_isaac_physics.usd@</visuals/FR_FOOT> introduced by @/tmp/IsaacLab/usd_20260814_061310_1824/configuration/lite3_pro_sensor_rig_real_with_interface_isaac_base.usd@</Lite3ProSensorRigRealWithInterfaceV1/FR_FOOT/visuals> (recomposing stage on stage @/tmp/IsaacLab/usd_20260814_061310_1824/lite3_pro_sensor_rig_real_with_interface_isaac.usd@ <0x57f236313030>)

2026-08-14T10:13:10Z [9,357ms] [Warning] [omni.usd] Warning: in _ReportErrors at line 3172 of /builds/omniverse/usd-ci/USD/pxr/usd/usd/stage.cpp -- In </Lite3ProSensorRigRealWithInterfaceV1/HL_FOOT/visuals>: Unresolved reference prim path @/tmp/IsaacLab/usd_20260814_061310_1824/configuration/lite3_pro_sensor_rig_real_with_interface_isaac_physics.usd@</visuals/HL_FOOT> introduced by @/tmp/IsaacLab/usd_20260814_061310_1824/configuration/lite3_pro_sensor_rig_real_with_interface_isaac_base.usd@</Lite3ProSensorRigRealWithInterfaceV1/HL_FOOT/visuals> (recomposing stage on stage @/tmp/IsaacLab/usd_20260814_061310_1824/lite3_pro_sensor_rig_real_with_interface_isaac.usd@ <0x57f236313030>)

2026-08-14T10:13:10Z [9,357ms] [Warning] [omni.usd] Warning: in _ReportErrors at line 3172 of /builds/omniverse/usd-ci/USD/pxr/usd/usd/stage.cpp -- In </Lite3ProSensorRigRealWithInterfaceV1/HR_FOOT/visuals>: Unresolved reference prim path @/tmp/IsaacLab/usd_20260814_061310_1824/configuration/lite3_pro_sensor_rig_real_with_interface_isaac_physics.usd@</visuals/HR_FOOT> introduced by @/tmp/IsaacLab/usd_20260814_061310_1824/configuration/lite3_pro_sensor_rig_real_with_interface_isaac_base.usd@</Lite3ProSensorRigRealWithInterfaceV1/HR_FOOT/visuals> (recomposing stage on stage @/tmp/IsaacLab/usd_20260814_061310_1824/lite3_pro_sensor_rig_real_with_interface_isaac.usd@ <0x57f236313030>)

2026-08-14T10:13:10Z [9,357ms] [Warning] [omni.usd] Warning: in _ReportErrors at line 3172 of /builds/omniverse/usd-ci/USD/pxr/usd/usd/stage.cpp -- In </Lite3ProSensorRigRealWithInterfaceV1/mid360_scan_frame/visuals>: Unresolved reference prim path @/tmp/IsaacLab/usd_20260814_061310_1824/configuration/lite3_pro_sensor_rig_real_with_interface_isaac_physics.usd@</visuals/mid360_scan_frame> introduced by @/tmp/IsaacLab/usd_20260814_061310_1824/configuration/lite3_pro_sensor_rig_real_with_interface_isaac_base.usd@</Lite3ProSensorRigRealWithInterfaceV1/mid360_scan_frame/visuals> (recomposing stage on stage @/tmp/IsaacLab/usd_20260814_061310_1824/lite3_pro_sensor_rig_real_with_interface_isaac.usd@ <0x57f236313030>)

2026-08-14T10:13:10Z [9,357ms] [Warning] [omni.usd] Warning: in _ReportErrors at line 3172 of /builds/omniverse/usd-ci/USD/pxr/usd/usd/stage.cpp -- In </Lite3ProSensorRigRealWithInterfaceV1/d435i_depth_optical_frame/visuals>: Unresolved reference prim path @/tmp/IsaacLab/usd_20260814_061310_1824/configuration/lite3_pro_sensor_rig_real_with_interface_isaac_physics.usd@</visuals/d435i_depth_optical_frame> introduced by @/tmp/IsaacLab/usd_20260814_061310_1824/configuration/lite3_pro_sensor_rig_real_with_interface_isaac_base.usd@</Lite3ProSensorRigRealWithInterfaceV1/d435i_depth_optical_frame/visuals> (recomposing stage on stage @/tmp/IsaacLab/usd_20260814_061310_1824/lite3_pro_sensor_rig_real_with_interface_isaac.usd@ <0x57f236313030>)

2026-08-14T10:13:10Z [9,358ms] [Warning] [omni.usd] Warning: in _ReportErrors at line 3172 of /builds/omniverse/usd-ci/USD/pxr/usd/usd/stage.cpp -- In </Lite3ProSensorRigRealWithInterfaceV1/FR_FOOT/visuals>: Unresolved reference prim path @/tmp/IsaacLab/usd_20260814_061310_1824/configuration/lite3_pro_sensor_rig_real_with_interface_isaac_physics.usd@</visuals/FR_FOOT> introduced by @/tmp/IsaacLab/usd_20260814_061310_1824/configuration/lite3_pro_sensor_rig_real_with_interface_isaac_base.usd@</Lite3ProSensorRigRealWithInterfaceV1/FR_FOOT/visuals> (recomposing stage on stage @/tmp/IsaacLab/usd_20260814_061310_1824/lite3_pro_sensor_rig_real_with_interface_isaac.usd@ <0x57f23630e2d0>)

2026-08-14T10:13:10Z [9,358ms] [Warning] [omni.usd] Warning: in _ReportErrors at line 3172 of /builds/omniverse/usd-ci/USD/pxr/usd/usd/stage.cpp -- In </Lite3ProSensorRigRealWithInterfaceV1/FL_FOOT/visuals>: Unresolved reference prim path @/tmp/IsaacLab/usd_20260814_061310_1824/configuration/lite3_pro_sensor_rig_real_with_interface_isaac_physics.usd@</visuals/FL_FOOT> introduced by @/tmp/IsaacLab/usd_20260814_061310_1824/configuration/lite3_pro_sensor_rig_real_with_interface_isaac_base.usd@</Lite3ProSensorRigRealWithInterfaceV1/FL_FOOT/visuals> (recomposing stage on stage @/tmp/IsaacLab/usd_20260814_061310_1824/lite3_pro_sensor_rig_real_with_interface_isaac.usd@ <0x57f23630e2d0>)

2026-08-14T10:13:10Z [9,358ms] [Warning] [omni.usd] Warning: in _ReportErrors at line 3172 of /builds/omniverse/usd-ci/USD/pxr/usd/usd/stage.cpp -- In </Lite3ProSensorRigRealWithInterfaceV1/HL_FOOT/visuals>: Unresolved reference prim path @/tmp/IsaacLab/usd_20260814_061310_1824/configuration/lite3_pro_sensor_rig_real_with_interface_isaac_physics.usd@</visuals/HL_FOOT> introduced by @/tmp/IsaacLab/usd_20260814_061310_1824/configuration/lite3_pro_sensor_rig_real_with_interface_isaac_base.usd@</Lite3ProSensorRigRealWithInterfaceV1/HL_FOOT/visuals> (recomposing stage on stage @/tmp/IsaacLab/usd_20260814_061310_1824/lite3_pro_sensor_rig_real_with_interface_isaac.usd@ <0x57f23630e2d0>)

2026-08-14T10:13:10Z [9,358ms] [Warning] [omni.usd] Warning: in _ReportErrors at line 3172 of /builds/omniverse/usd-ci/USD/pxr/usd/usd/stage.cpp -- In </Lite3ProSensorRigRealWithInterfaceV1/HR_FOOT/visuals>: Unresolved reference prim path @/tmp/IsaacLab/usd_20260814_061310_1824/configuration/lite3_pro_sensor_rig_real_with_interface_isaac_physics.usd@</visuals/HR_FOOT> introduced by @/tmp/IsaacLab/usd_20260814_061310_1824/configuration/lite3_pro_sensor_rig_real_with_interface_isaac_base.usd@</Lite3ProSensorRigRealWithInterfaceV1/HR_FOOT/visuals> (recomposing stage on stage @/tmp/IsaacLab/usd_20260814_061310_1824/lite3_pro_sensor_rig_real_with_interface_isaac.usd@ <0x57f23630e2d0>)

2026-08-14T10:13:10Z [9,358ms] [Warning] [omni.usd] Warning: in _ReportErrors at line 3172 of /builds/omniverse/usd-ci/USD/pxr/usd/usd/stage.cpp -- In </Lite3ProSensorRigRealWithInterfaceV1/mid360_scan_frame/visuals>: Unresolved reference prim path @/tmp/IsaacLab/usd_20260814_061310_1824/configuration/lite3_pro_sensor_rig_real_with_interface_isaac_physics.usd@</visuals/mid360_scan_frame> introduced by @/tmp/IsaacLab/usd_20260814_061310_1824/configuration/lite3_pro_sensor_rig_real_with_interface_isaac_base.usd@</Lite3ProSensorRigRealWithInterfaceV1/mid360_scan_frame/visuals> (recomposing stage on stage @/tmp/IsaacLab/usd_20260814_061310_1824/lite3_pro_sensor_rig_real_with_interface_isaac.usd@ <0x57f23630e2d0>)

2026-08-14T10:13:10Z [9,358ms] [Warning] [omni.usd] Warning: in _ReportErrors at line 3172 of /builds/omniverse/usd-ci/USD/pxr/usd/usd/stage.cpp -- In </Lite3ProSensorRigRealWithInterfaceV1/d435i_depth_optical_frame/visuals>: Unresolved reference prim path @/tmp/IsaacLab/usd_20260814_061310_1824/configuration/lite3_pro_sensor_rig_real_with_interface_isaac_physics.usd@</visuals/d435i_depth_optical_frame> introduced by @/tmp/IsaacLab/usd_20260814_061310_1824/configuration/lite3_pro_sensor_rig_real_with_interface_isaac_base.usd@</Lite3ProSensorRigRealWithInterfaceV1/d435i_depth_optical_frame/visuals> (recomposing stage on stage @/tmp/IsaacLab/usd_20260814_061310_1824/lite3_pro_sensor_rig_real_with_interface_isaac.usd@ <0x57f23630e2d0>)

2026-08-14T10:13:10Z [9,358ms] [Warning] [omni.usd] Warning: in _ReportErrors at line 3172 of /builds/omniverse/usd-ci/USD/pxr/usd/usd/stage.cpp -- In </Lite3ProSensorRigRealWithInterfaceV1/FL_FOOT/visuals>: Unresolved reference prim path @/tmp/IsaacLab/usd_20260814_061310_1824/configuration/lite3_pro_sensor_rig_real_with_interface_isaac_physics.usd@</visuals/FL_FOOT> introduced by @/tmp/IsaacLab/usd_20260814_061310_1824/configuration/lite3_pro_sensor_rig_real_with_interface_isaac_base.usd@</Lite3ProSensorRigRealWithInterfaceV1/FL_FOOT/visuals> (recomposing stage on stage @/tmp/IsaacLab/usd_20260814_061310_1824/lite3_pro_sensor_rig_real_with_interface_isaac.usd@ <0x57f236313030>)

2026-08-14T10:13:10Z [9,358ms] [Warning] [omni.usd] Warning: in _ReportErrors at line 3172 of /builds/omniverse/usd-ci/USD/pxr/usd/usd/stage.cpp -- In </Lite3ProSensorRigRealWithInterfaceV1/FR_FOOT/visuals>: Unresolved reference prim path @/tmp/IsaacLab/usd_20260814_061310_1824/configuration/lite3_pro_sensor_rig_real_with_interface_isaac_physics.usd@</visuals/FR_FOOT> introduced by @/tmp/IsaacLab/usd_20260814_061310_1824/configuration/lite3_pro_sensor_rig_real_with_interface_isaac_base.usd@</Lite3ProSensorRigRealWithInterfaceV1/FR_FOOT/visuals> (recomposing stage on stage @/tmp/IsaacLab/usd_20260814_061310_1824/lite3_pro_sensor_rig_real_with_interface_isaac.usd@ <0x57f236313030>)

2026-08-14T10:13:10Z [9,358ms] [Warning] [omni.usd] Warning: in _ReportErrors at line 3172 of /builds/omniverse/usd-ci/USD/pxr/usd/usd/stage.cpp -- In </Lite3ProSensorRigRealWithInterfaceV1/HL_FOOT/visuals>: Unresolved reference prim path @/tmp/IsaacLab/usd_20260814_061310_1824/configuration/lite3_pro_sensor_rig_real_with_interface_isaac_physics.usd@</visuals/HL_FOOT> introduced by @/tmp/IsaacLab/usd_20260814_061310_1824/configuration/lite3_pro_sensor_rig_real_with_interface_isaac_base.usd@</Lite3ProSensorRigRealWithInterfaceV1/HL_FOOT/visuals> (recomposing stage on stage @/tmp/IsaacLab/usd_20260814_061310_1824/lite3_pro_sensor_rig_real_with_interface_isaac.usd@ <0x57f236313030>)

2026-08-14T10:13:10Z [9,358ms] [Warning] [omni.usd] Warning: in _ReportErrors at line 3172 of /builds/omniverse/usd-ci/USD/pxr/usd/usd/stage.cpp -- In </Lite3ProSensorRigRealWithInterfaceV1/HR_FOOT/visuals>: Unresolved reference prim path @/tmp/IsaacLab/usd_20260814_061310_1824/configuration/lite3_pro_sensor_rig_real_with_interface_isaac_physics.usd@</visuals/HR_FOOT> introduced by @/tmp/IsaacLab/usd_20260814_061310_1824/configuration/lite3_pro_sensor_rig_real_with_interface_isaac_base.usd@</Lite3ProSensorRigRealWithInterfaceV1/HR_FOOT/visuals> (recomposing stage on stage @/tmp/IsaacLab/usd_20260814_061310_1824/lite3_pro_sensor_rig_real_with_interface_isaac.usd@ <0x57f236313030>)

2026-08-14T10:13:10Z [9,358ms] [Warning] [omni.usd] Warning: in _ReportErrors at line 3172 of /builds/omniverse/usd-ci/USD/pxr/usd/usd/stage.cpp -- In </Lite3ProSensorRigRealWithInterfaceV1/mid360_scan_frame/visuals>: Unresolved reference prim path @/tmp/IsaacLab/usd_20260814_061310_1824/configuration/lite3_pro_sensor_rig_real_with_interface_isaac_physics.usd@</visuals/mid360_scan_frame> introduced by @/tmp/IsaacLab/usd_20260814_061310_1824/configuration/lite3_pro_sensor_rig_real_with_interface_isaac_base.usd@</Lite3ProSensorRigRealWithInterfaceV1/mid360_scan_frame/visuals> (recomposing stage on stage @/tmp/IsaacLab/usd_20260814_061310_1824/lite3_pro_sensor_rig_real_with_interface_isaac.usd@ <0x57f236313030>)

2026-08-14T10:13:10Z [9,358ms] [Warning] [omni.usd] Warning: in _ReportErrors at line 3172 of /builds/omniverse/usd-ci/USD/pxr/usd/usd/stage.cpp -- In </Lite3ProSensorRigRealWithInterfaceV1/d435i_depth_optical_frame/visuals>: Unresolved reference prim path @/tmp/IsaacLab/usd_20260814_061310_1824/configuration/lite3_pro_sensor_rig_real_with_interface_isaac_physics.usd@</visuals/d435i_depth_optical_frame> introduced by @/tmp/IsaacLab/usd_20260814_061310_1824/configuration/lite3_pro_sensor_rig_real_with_interface_isaac_base.usd@</Lite3ProSensorRigRealWithInterfaceV1/d435i_depth_optical_frame/visuals> (recomposing stage on stage @/tmp/IsaacLab/usd_20260814_061310_1824/lite3_pro_sensor_rig_real_with_interface_isaac.usd@ <0x57f236313030>)

2026-08-14T10:13:10Z [9,359ms] [Warning] [omni.usd] Warning: in _ReportErrors at line 3172 of /builds/omniverse/usd-ci/USD/pxr/usd/usd/stage.cpp -- In </Lite3ProSensorRigRealWithInterfaceV1/FL_FOOT/visuals>: Unresolved reference prim path @/tmp/IsaacLab/usd_20260814_061310_1824/configuration/lite3_pro_sensor_rig_real_with_interface_isaac_physics.usd@</visuals/FL_FOOT> introduced by @/tmp/IsaacLab/usd_20260814_061310_1824/configuration/lite3_pro_sensor_rig_real_with_interface_isaac_base.usd@</Lite3ProSensorRigRealWithInterfaceV1/FL_FOOT/visuals> (recomposing stage on stage @/tmp/IsaacLab/usd_20260814_061310_1824/lite3_pro_sensor_rig_real_with_interface_isaac.usd@ <0x57f23630e2d0>)

2026-08-14T10:13:10Z [9,359ms] [Warning] [omni.usd] Warning: in _ReportErrors at line 3172 of /builds/omniverse/usd-ci/USD/pxr/usd/usd/stage.cpp -- In </Lite3ProSensorRigRealWithInterfaceV1/FR_FOOT/visuals>: Unresolved reference prim path @/tmp/IsaacLab/usd_20260814_061310_1824/configuration/lite3_pro_sensor_rig_real_with_interface_isaac_physics.usd@</visuals/FR_FOOT> introduced by @/tmp/IsaacLab/usd_20260814_061310_1824/configuration/lite3_pro_sensor_rig_real_with_interface_isaac_base.usd@</Lite3ProSensorRigRealWithInterfaceV1/FR_FOOT/visuals> (recomposing stage on stage @/tmp/IsaacLab/usd_20260814_061310_1824/lite3_pro_sensor_rig_real_with_interface_isaac.usd@ <0x57f23630e2d0>)

2026-08-14T10:13:10Z [9,359ms] [Warning] [omni.usd] Warning: in _ReportErrors at line 3172 of /builds/omniverse/usd-ci/USD/pxr/usd/usd/stage.cpp -- In </Lite3ProSensorRigRealWithInterfaceV1/HL_FOOT/visuals>: Unresolved reference prim path @/tmp/IsaacLab/usd_20260814_061310_1824/configuration/lite3_pro_sensor_rig_real_with_interface_isaac_physics.usd@</visuals/HL_FOOT> introduced by @/tmp/IsaacLab/usd_20260814_061310_1824/configuration/lite3_pro_sensor_rig_real_with_interface_isaac_base.usd@</Lite3ProSensorRigRealWithInterfaceV1/HL_FOOT/visuals> (recomposing stage on stage @/tmp/IsaacLab/usd_20260814_061310_1824/lite3_pro_sensor_rig_real_with_interface_isaac.usd@ <0x57f23630e2d0>)

2026-08-14T10:13:10Z [9,359ms] [Warning] [omni.usd] Warning: in _ReportErrors at line 3172 of /builds/omniverse/usd-ci/USD/pxr/usd/usd/stage.cpp -- In </Lite3ProSensorRigRealWithInterfaceV1/mid360_scan_frame/visuals>: Unresolved reference prim path @/tmp/IsaacLab/usd_20260814_061310_1824/configuration/lite3_pro_sensor_rig_real_with_interface_isaac_physics.usd@</visuals/mid360_scan_frame> introduced by @/tmp/IsaacLab/usd_20260814_061310_1824/configuration/lite3_pro_sensor_rig_real_with_interface_isaac_base.usd@</Lite3ProSensorRigRealWithInterfaceV1/mid360_scan_frame/visuals> (recomposing stage on stage @/tmp/IsaacLab/usd_20260814_061310_1824/lite3_pro_sensor_rig_real_with_interface_isaac.usd@ <0x57f23630e2d0>)

2026-08-14T10:13:10Z [9,359ms] [Warning] [omni.usd] Warning: in _ReportErrors at line 3172 of /builds/omniverse/usd-ci/USD/pxr/usd/usd/stage.cpp -- In </Lite3ProSensorRigRealWithInterfaceV1/HR_FOOT/visuals>: Unresolved reference prim path @/tmp/IsaacLab/usd_20260814_061310_1824/configuration/lite3_pro_sensor_rig_real_with_interface_isaac_physics.usd@</visuals/HR_FOOT> introduced by @/tmp/IsaacLab/usd_20260814_061310_1824/configuration/lite3_pro_sensor_rig_real_with_interface_isaac_base.usd@</Lite3ProSensorRigRealWithInterfaceV1/HR_FOOT/visuals> (recomposing stage on stage @/tmp/IsaacLab/usd_20260814_061310_1824/lite3_pro_sensor_rig_real_with_interface_isaac.usd@ <0x57f23630e2d0>)

2026-08-14T10:13:10Z [9,359ms] [Warning] [omni.usd] Warning: in _ReportErrors at line 3172 of /builds/omniverse/usd-ci/USD/pxr/usd/usd/stage.cpp -- In </Lite3ProSensorRigRealWithInterfaceV1/d435i_depth_optical_frame/visuals>: Unresolved reference prim path @/tmp/IsaacLab/usd_20260814_061310_1824/configuration/lite3_pro_sensor_rig_real_with_interface_isaac_physics.usd@</visuals/d435i_depth_optical_frame> introduced by @/tmp/IsaacLab/usd_20260814_061310_1824/configuration/lite3_pro_sensor_rig_real_with_interface_isaac_base.usd@</Lite3ProSensorRigRealWithInterfaceV1/d435i_depth_optical_frame/visuals> (recomposing stage on stage @/tmp/IsaacLab/usd_20260814_061310_1824/lite3_pro_sensor_rig_real_with_interface_isaac.usd@ <0x57f23630e2d0>)

2026-08-14T10:13:10Z [9,359ms] [Warning] [omni.usd] Warning: in _ReportErrors at line 3172 of /builds/omniverse/usd-ci/USD/pxr/usd/usd/stage.cpp -- In </Lite3ProSensorRigRealWithInterfaceV1/FL_FOOT/visuals>: Unresolved reference prim path @/tmp/IsaacLab/usd_20260814_061310_1824/configuration/lite3_pro_sensor_rig_real_with_interface_isaac_physics.usd@</visuals/FL_FOOT> introduced by @/tmp/IsaacLab/usd_20260814_061310_1824/configuration/lite3_pro_sensor_rig_real_with_interface_isaac_base.usd@</Lite3ProSensorRigRealWithInterfaceV1/FL_FOOT/visuals> (recomposing stage on stage @/tmp/IsaacLab/usd_20260814_061310_1824/lite3_pro_sensor_rig_real_with_interface_isaac.usd@ <0x57f236313030>)

2026-08-14T10:13:10Z [9,359ms] [Warning] [omni.usd] Warning: in _ReportErrors at line 3172 of /builds/omniverse/usd-ci/USD/pxr/usd/usd/stage.cpp -- In </Lite3ProSensorRigRealWithInterfaceV1/FR_FOOT/visuals>: Unresolved reference prim path @/tmp/IsaacLab/usd_20260814_061310_1824/configuration/lite3_pro_sensor_rig_real_with_interface_isaac_physics.usd@</visuals/FR_FOOT> introduced by @/tmp/IsaacLab/usd_20260814_061310_1824/configuration/lite3_pro_sensor_rig_real_with_interface_isaac_base.usd@</Lite3ProSensorRigRealWithInterfaceV1/FR_FOOT/visuals> (recomposing stage on stage @/tmp/IsaacLab/usd_20260814_061310_1824/lite3_pro_sensor_rig_real_with_interface_isaac.usd@ <0x57f236313030>)

2026-08-14T10:13:10Z [9,359ms] [Warning] [omni.usd] Warning: in _ReportErrors at line 3172 of /builds/omniverse/usd-ci/USD/pxr/usd/usd/stage.cpp -- In </Lite3ProSensorRigRealWithInterfaceV1/mid360_scan_frame/visuals>: Unresolved reference prim path @/tmp/IsaacLab/usd_20260814_061310_1824/configuration/lite3_pro_sensor_rig_real_with_interface_isaac_physics.usd@</visuals/mid360_scan_frame> introduced by @/tmp/IsaacLab/usd_20260814_061310_1824/configuration/lite3_pro_sensor_rig_real_with_interface_isaac_base.usd@</Lite3ProSensorRigRealWithInterfaceV1/mid360_scan_frame/visuals> (recomposing stage on stage @/tmp/IsaacLab/usd_20260814_061310_1824/lite3_pro_sensor_rig_real_with_interface_isaac.usd@ <0x57f236313030>)

2026-08-14T10:13:10Z [9,359ms] [Warning] [omni.usd] Warning: in _ReportErrors at line 3172 of /builds/omniverse/usd-ci/USD/pxr/usd/usd/stage.cpp -- In </Lite3ProSensorRigRealWithInterfaceV1/HL_FOOT/visuals>: Unresolved reference prim path @/tmp/IsaacLab/usd_20260814_061310_1824/configuration/lite3_pro_sensor_rig_real_with_interface_isaac_physics.usd@</visuals/HL_FOOT> introduced by @/tmp/IsaacLab/usd_20260814_061310_1824/configuration/lite3_pro_sensor_rig_real_with_interface_isaac_base.usd@</Lite3ProSensorRigRealWithInterfaceV1/HL_FOOT/visuals> (recomposing stage on stage @/tmp/IsaacLab/usd_20260814_061310_1824/lite3_pro_sensor_rig_real_with_interface_isaac.usd@ <0x57f236313030>)

2026-08-14T10:13:10Z [9,359ms] [Warning] [omni.usd] Warning: in _ReportErrors at line 3172 of /builds/omniverse/usd-ci/USD/pxr/usd/usd/stage.cpp -- In </Lite3ProSensorRigRealWithInterfaceV1/HR_FOOT/visuals>: Unresolved reference prim path @/tmp/IsaacLab/usd_20260814_061310_1824/configuration/lite3_pro_sensor_rig_real_with_interface_isaac_physics.usd@</visuals/HR_FOOT> introduced by @/tmp/IsaacLab/usd_20260814_061310_1824/configuration/lite3_pro_sensor_rig_real_with_interface_isaac_base.usd@</Lite3ProSensorRigRealWithInterfaceV1/HR_FOOT/visuals> (recomposing stage on stage @/tmp/IsaacLab/usd_20260814_061310_1824/lite3_pro_sensor_rig_real_with_interface_isaac.usd@ <0x57f236313030>)

2026-08-14T10:13:10Z [9,359ms] [Warning] [omni.usd] Warning: in _ReportErrors at line 3172 of /builds/omniverse/usd-ci/USD/pxr/usd/usd/stage.cpp -- In </Lite3ProSensorRigRealWithInterfaceV1/d435i_depth_optical_frame/visuals>: Unresolved reference prim path @/tmp/IsaacLab/usd_20260814_061310_1824/configuration/lite3_pro_sensor_rig_real_with_interface_isaac_physics.usd@</visuals/d435i_depth_optical_frame> introduced by @/tmp/IsaacLab/usd_20260814_061310_1824/configuration/lite3_pro_sensor_rig_real_with_interface_isaac_base.usd@</Lite3ProSensorRigRealWithInterfaceV1/d435i_depth_optical_frame/visuals> (recomposing stage on stage @/tmp/IsaacLab/usd_20260814_061310_1824/lite3_pro_sensor_rig_real_with_interface_isaac.usd@ <0x57f236313030>)

2026-08-14T10:13:10Z [9,360ms] [Warning] [omni.usd] Warning: in _ReportErrors at line 3172 of /builds/omniverse/usd-ci/USD/pxr/usd/usd/stage.cpp -- In </Lite3ProSensorRigRealWithInterfaceV1/FL_FOOT/visuals>: Unresolved reference prim path @/tmp/IsaacLab/usd_20260814_061310_1824/configuration/lite3_pro_sensor_rig_real_with_interface_isaac_physics.usd@</visuals/FL_FOOT> introduced by @/tmp/IsaacLab/usd_20260814_061310_1824/configuration/lite3_pro_sensor_rig_real_with_interface_isaac_base.usd@</Lite3ProSensorRigRealWithInterfaceV1/FL_FOOT/visuals> (recomposing stage on stage @/tmp/IsaacLab/usd_20260814_061310_1824/lite3_pro_sensor_rig_real_with_interface_isaac.usd@ <0x57f23630e2d0>)

2026-08-14T10:13:10Z [9,360ms] [Warning] [omni.usd] Warning: in _ReportErrors at line 3172 of /builds/omniverse/usd-ci/USD/pxr/usd/usd/stage.cpp -- In </Lite3ProSensorRigRealWithInterfaceV1/FR_FOOT/visuals>: Unresolved reference prim path @/tmp/IsaacLab/usd_20260814_061310_1824/configuration/lite3_pro_sensor_rig_real_with_interface_isaac_physics.usd@</visuals/FR_FOOT> introduced by @/tmp/IsaacLab/usd_20260814_061310_1824/configuration/lite3_pro_sensor_rig_real_with_interface_isaac_base.usd@</Lite3ProSensorRigRealWithInterfaceV1/FR_FOOT/visuals> (recomposing stage on stage @/tmp/IsaacLab/usd_20260814_061310_1824/lite3_pro_sensor_rig_real_with_interface_isaac.usd@ <0x57f23630e2d0>)

2026-08-14T10:13:10Z [9,360ms] [Warning] [omni.usd] Warning: in _ReportErrors at line 3172 of /builds/omniverse/usd-ci/USD/pxr/usd/usd/stage.cpp -- In </Lite3ProSensorRigRealWithInterfaceV1/HL_FOOT/visuals>: Unresolved reference prim path @/tmp/IsaacLab/usd_20260814_061310_1824/configuration/lite3_pro_sensor_rig_real_with_interface_isaac_physics.usd@</visuals/HL_FOOT> introduced by @/tmp/IsaacLab/usd_20260814_061310_1824/configuration/lite3_pro_sensor_rig_real_with_interface_isaac_base.usd@</Lite3ProSensorRigRealWithInterfaceV1/HL_FOOT/visuals> (recomposing stage on stage @/tmp/IsaacLab/usd_20260814_061310_1824/lite3_pro_sensor_rig_real_with_interface_isaac.usd@ <0x57f23630e2d0>)

2026-08-14T10:13:10Z [9,360ms] [Warning] [omni.usd] Warning: in _ReportErrors at line 3172 of /builds/omniverse/usd-ci/USD/pxr/usd/usd/stage.cpp -- In </Lite3ProSensorRigRealWithInterfaceV1/HR_FOOT/visuals>: Unresolved reference prim path @/tmp/IsaacLab/usd_20260814_061310_1824/configuration/lite3_pro_sensor_rig_real_with_interface_isaac_physics.usd@</visuals/HR_FOOT> introduced by @/tmp/IsaacLab/usd_20260814_061310_1824/configuration/lite3_pro_sensor_rig_real_with_interface_isaac_base.usd@</Lite3ProSensorRigRealWithInterfaceV1/HR_FOOT/visuals> (recomposing stage on stage @/tmp/IsaacLab/usd_20260814_061310_1824/lite3_pro_sensor_rig_real_with_interface_isaac.usd@ <0x57f23630e2d0>)

2026-08-14T10:13:10Z [9,360ms] [Warning] [omni.usd] Warning: in _ReportErrors at line 3172 of /builds/omniverse/usd-ci/USD/pxr/usd/usd/stage.cpp -- In </Lite3ProSensorRigRealWithInterfaceV1/d435i_depth_optical_frame/visuals>: Unresolved reference prim path @/tmp/IsaacLab/usd_20260814_061310_1824/configuration/lite3_pro_sensor_rig_real_with_interface_isaac_physics.usd@</visuals/d435i_depth_optical_frame> introduced by @/tmp/IsaacLab/usd_20260814_061310_1824/configuration/lite3_pro_sensor_rig_real_with_interface_isaac_base.usd@</Lite3ProSensorRigRealWithInterfaceV1/d435i_depth_optical_frame/visuals> (recomposing stage on stage @/tmp/IsaacLab/usd_20260814_061310_1824/lite3_pro_sensor_rig_real_with_interface_isaac.usd@ <0x57f23630e2d0>)

2026-08-14T10:13:10Z [9,360ms] [Warning] [omni.usd] Warning: in _ReportErrors at line 3172 of /builds/omniverse/usd-ci/USD/pxr/usd/usd/stage.cpp -- In </Lite3ProSensorRigRealWithInterfaceV1/mid360_scan_frame/visuals>: Unresolved reference prim path @/tmp/IsaacLab/usd_20260814_061310_1824/configuration/lite3_pro_sensor_rig_real_with_interface_isaac_physics.usd@</visuals/mid360_scan_frame> introduced by @/tmp/IsaacLab/usd_20260814_061310_1824/configuration/lite3_pro_sensor_rig_real_with_interface_isaac_base.usd@</Lite3ProSensorRigRealWithInterfaceV1/mid360_scan_frame/visuals> (recomposing stage on stage @/tmp/IsaacLab/usd_20260814_061310_1824/lite3_pro_sensor_rig_real_with_interface_isaac.usd@ <0x57f23630e2d0>)

2026-08-14T10:13:10Z [9,360ms] [Warning] [omni.usd] Warning: in _ReportErrors at line 3172 of /builds/omniverse/usd-ci/USD/pxr/usd/usd/stage.cpp -- In </Lite3ProSensorRigRealWithInterfaceV1/FL_FOOT/visuals>: Unresolved reference prim path @/tmp/IsaacLab/usd_20260814_061310_1824/configuration/lite3_pro_sensor_rig_real_with_interface_isaac_physics.usd@</visuals/FL_FOOT> introduced by @/tmp/IsaacLab/usd_20260814_061310_1824/configuration/lite3_pro_sensor_rig_real_with_interface_isaac_base.usd@</Lite3ProSensorRigRealWithInterfaceV1/FL_FOOT/visuals> (recomposing stage on stage @/tmp/IsaacLab/usd_20260814_061310_1824/lite3_pro_sensor_rig_real_with_interface_isaac.usd@ <0x57f236313030>)

2026-08-14T10:13:10Z [9,360ms] [Warning] [omni.usd] Warning: in _ReportErrors at line 3172 of /builds/omniverse/usd-ci/USD/pxr/usd/usd/stage.cpp -- In </Lite3ProSensorRigRealWithInterfaceV1/FR_FOOT/visuals>: Unresolved reference prim path @/tmp/IsaacLab/usd_20260814_061310_1824/configuration/lite3_pro_sensor_rig_real_with_interface_isaac_physics.usd@</visuals/FR_FOOT> introduced by @/tmp/IsaacLab/usd_20260814_061310_1824/configuration/lite3_pro_sensor_rig_real_with_interface_isaac_base.usd@</Lite3ProSensorRigRealWithInterfaceV1/FR_FOOT/visuals> (recomposing stage on stage @/tmp/IsaacLab/usd_20260814_061310_1824/lite3_pro_sensor_rig_real_with_interface_isaac.usd@ <0x57f236313030>)

2026-08-14T10:13:10Z [9,360ms] [Warning] [omni.usd] Warning: in _ReportErrors at line 3172 of /builds/omniverse/usd-ci/USD/pxr/usd/usd/stage.cpp -- In </Lite3ProSensorRigRealWithInterfaceV1/HL_FOOT/visuals>: Unresolved reference prim path @/tmp/IsaacLab/usd_20260814_061310_1824/configuration/lite3_pro_sensor_rig_real_with_interface_isaac_physics.usd@</visuals/HL_FOOT> introduced by @/tmp/IsaacLab/usd_20260814_061310_1824/configuration/lite3_pro_sensor_rig_real_with_interface_isaac_base.usd@</Lite3ProSensorRigRealWithInterfaceV1/HL_FOOT/visuals> (recomposing stage on stage @/tmp/IsaacLab/usd_20260814_061310_1824/lite3_pro_sensor_rig_real_with_interface_isaac.usd@ <0x57f236313030>)

2026-08-14T10:13:10Z [9,360ms] [Warning] [omni.usd] Warning: in _ReportErrors at line 3172 of /builds/omniverse/usd-ci/USD/pxr/usd/usd/stage.cpp -- In </Lite3ProSensorRigRealWithInterfaceV1/HR_FOOT/visuals>: Unresolved reference prim path @/tmp/IsaacLab/usd_20260814_061310_1824/configuration/lite3_pro_sensor_rig_real_with_interface_isaac_physics.usd@</visuals/HR_FOOT> introduced by @/tmp/IsaacLab/usd_20260814_061310_1824/configuration/lite3_pro_sensor_rig_real_with_interface_isaac_base.usd@</Lite3ProSensorRigRealWithInterfaceV1/HR_FOOT/visuals> (recomposing stage on stage @/tmp/IsaacLab/usd_20260814_061310_1824/lite3_pro_sensor_rig_real_with_interface_isaac.usd@ <0x57f236313030>)

2026-08-14T10:13:10Z [9,360ms] [Warning] [omni.usd] Warning: in _ReportErrors at line 3172 of /builds/omniverse/usd-ci/USD/pxr/usd/usd/stage.cpp -- In </Lite3ProSensorRigRealWithInterfaceV1/mid360_scan_frame/visuals>: Unresolved reference prim path @/tmp/IsaacLab/usd_20260814_061310_1824/configuration/lite3_pro_sensor_rig_real_with_interface_isaac_physics.usd@</visuals/mid360_scan_frame> introduced by @/tmp/IsaacLab/usd_20260814_061310_1824/configuration/lite3_pro_sensor_rig_real_with_interface_isaac_base.usd@</Lite3ProSensorRigRealWithInterfaceV1/mid360_scan_frame/visuals> (recomposing stage on stage @/tmp/IsaacLab/usd_20260814_061310_1824/lite3_pro_sensor_rig_real_with_interface_isaac.usd@ <0x57f236313030>)

2026-08-14T10:13:10Z [9,360ms] [Warning] [omni.usd] Warning: in _ReportErrors at line 3172 of /builds/omniverse/usd-ci/USD/pxr/usd/usd/stage.cpp -- In </Lite3ProSensorRigRealWithInterfaceV1/d435i_depth_optical_frame/visuals>: Unresolved reference prim path @/tmp/IsaacLab/usd_20260814_061310_1824/configuration/lite3_pro_sensor_rig_real_with_interface_isaac_physics.usd@</visuals/d435i_depth_optical_frame> introduced by @/tmp/IsaacLab/usd_20260814_061310_1824/configuration/lite3_pro_sensor_rig_real_with_interface_isaac_base.usd@</Lite3ProSensorRigRealWithInterfaceV1/d435i_depth_optical_frame/visuals> (recomposing stage on stage @/tmp/IsaacLab/usd_20260814_061310_1824/lite3_pro_sensor_rig_real_with_interface_isaac.usd@ <0x57f236313030>)

2026-08-14T10:13:10Z [9,361ms] [Warning] [omni.usd] Warning: in _ReportErrors at line 3172 of /builds/omniverse/usd-ci/USD/pxr/usd/usd/stage.cpp -- In </Lite3ProSensorRigRealWithInterfaceV1/FL_FOOT/visuals>: Unresolved reference prim path @/tmp/IsaacLab/usd_20260814_061310_1824/configuration/lite3_pro_sensor_rig_real_with_interface_isaac_physics.usd@</visuals/FL_FOOT> introduced by @/tmp/IsaacLab/usd_20260814_061310_1824/configuration/lite3_pro_sensor_rig_real_with_interface_isaac_base.usd@</Lite3ProSensorRigRealWithInterfaceV1/FL_FOOT/visuals> (recomposing stage on stage @/tmp/IsaacLab/usd_20260814_061310_1824/lite3_pro_sensor_rig_real_with_interface_isaac.usd@ <0x57f23630e2d0>)

2026-08-14T10:13:10Z [9,361ms] [Warning] [omni.usd] Warning: in _ReportErrors at line 3172 of /builds/omniverse/usd-ci/USD/pxr/usd/usd/stage.cpp -- In </Lite3ProSensorRigRealWithInterfaceV1/FR_FOOT/visuals>: Unresolved reference prim path @/tmp/IsaacLab/usd_20260814_061310_1824/configuration/lite3_pro_sensor_rig_real_with_interface_isaac_physics.usd@</visuals/FR_FOOT> introduced by @/tmp/IsaacLab/usd_20260814_061310_1824/configuration/lite3_pro_sensor_rig_real_with_interface_isaac_base.usd@</Lite3ProSensorRigRealWithInterfaceV1/FR_FOOT/visuals> (recomposing stage on stage @/tmp/IsaacLab/usd_20260814_061310_1824/lite3_pro_sensor_rig_real_with_interface_isaac.usd@ <0x57f23630e2d0>)

2026-08-14T10:13:10Z [9,361ms] [Warning] [omni.usd] Warning: in _ReportErrors at line 3172 of /builds/omniverse/usd-ci/USD/pxr/usd/usd/stage.cpp -- In </Lite3ProSensorRigRealWithInterfaceV1/HL_FOOT/visuals>: Unresolved reference prim path @/tmp/IsaacLab/usd_20260814_061310_1824/configuration/lite3_pro_sensor_rig_real_with_interface_isaac_physics.usd@</visuals/HL_FOOT> introduced by @/tmp/IsaacLab/usd_20260814_061310_1824/configuration/lite3_pro_sensor_rig_real_with_interface_isaac_base.usd@</Lite3ProSensorRigRealWithInterfaceV1/HL_FOOT/visuals> (recomposing stage on stage @/tmp/IsaacLab/usd_20260814_061310_1824/lite3_pro_sensor_rig_real_with_interface_isaac.usd@ <0x57f23630e2d0>)

2026-08-14T10:13:10Z [9,361ms] [Warning] [omni.usd] Warning: in _ReportErrors at line 3172 of /builds/omniverse/usd-ci/USD/pxr/usd/usd/stage.cpp -- In </Lite3ProSensorRigRealWithInterfaceV1/HR_FOOT/visuals>: Unresolved reference prim path @/tmp/IsaacLab/usd_20260814_061310_1824/configuration/lite3_pro_sensor_rig_real_with_interface_isaac_physics.usd@</visuals/HR_FOOT> introduced by @/tmp/IsaacLab/usd_20260814_061310_1824/configuration/lite3_pro_sensor_rig_real_with_interface_isaac_base.usd@</Lite3ProSensorRigRealWithInterfaceV1/HR_FOOT/visuals> (recomposing stage on stage @/tmp/IsaacLab/usd_20260814_061310_1824/lite3_pro_sensor_rig_real_with_interface_isaac.usd@ <0x57f23630e2d0>)

2026-08-14T10:13:10Z [9,361ms] [Warning] [omni.usd] Warning: in _ReportErrors at line 3172 of /builds/omniverse/usd-ci/USD/pxr/usd/usd/stage.cpp -- In </Lite3ProSensorRigRealWithInterfaceV1/d435i_depth_optical_frame/visuals>: Unresolved reference prim path @/tmp/IsaacLab/usd_20260814_061310_1824/configuration/lite3_pro_sensor_rig_real_with_interface_isaac_physics.usd@</visuals/d435i_depth_optical_frame> introduced by @/tmp/IsaacLab/usd_20260814_061310_1824/configuration/lite3_pro_sensor_rig_real_with_interface_isaac_base.usd@</Lite3ProSensorRigRealWithInterfaceV1/d435i_depth_optical_frame/visuals> (recomposing stage on stage @/tmp/IsaacLab/usd_20260814_061310_1824/lite3_pro_sensor_rig_real_with_interface_isaac.usd@ <0x57f23630e2d0>)

2026-08-14T10:13:10Z [9,361ms] [Warning] [omni.usd] Warning: in _ReportErrors at line 3172 of /builds/omniverse/usd-ci/USD/pxr/usd/usd/stage.cpp -- In </Lite3ProSensorRigRealWithInterfaceV1/mid360_scan_frame/visuals>: Unresolved reference prim path @/tmp/IsaacLab/usd_20260814_061310_1824/configuration/lite3_pro_sensor_rig_real_with_interface_isaac_physics.usd@</visuals/mid360_scan_frame> introduced by @/tmp/IsaacLab/usd_20260814_061310_1824/configuration/lite3_pro_sensor_rig_real_with_interface_isaac_base.usd@</Lite3ProSensorRigRealWithInterfaceV1/mid360_scan_frame/visuals> (recomposing stage on stage @/tmp/IsaacLab/usd_20260814_061310_1824/lite3_pro_sensor_rig_real_with_interface_isaac.usd@ <0x57f23630e2d0>)

2026-08-14T10:13:10Z [9,362ms] [Warning] [omni.usd] Warning: in _ReportErrors at line 3172 of /builds/omniverse/usd-ci/USD/pxr/usd/usd/stage.cpp -- In </Lite3ProSensorRigRealWithInterfaceV1/FL_FOOT/visuals>: Unresolved reference prim path @/tmp/IsaacLab/usd_20260814_061310_1824/configuration/lite3_pro_sensor_rig_real_with_interface_isaac_physics.usd@</visuals/FL_FOOT> introduced by @/tmp/IsaacLab/usd_20260814_061310_1824/configuration/lite3_pro_sensor_rig_real_with_interface_isaac_base.usd@</Lite3ProSensorRigRealWithInterfaceV1/FL_FOOT/visuals> (recomposing stage on stage @/tmp/IsaacLab/usd_20260814_061310_1824/lite3_pro_sensor_rig_real_with_interface_isaac.usd@ <0x57f236313030>)

2026-08-14T10:13:10Z [9,362ms] [Warning] [omni.usd] Warning: in _ReportErrors at line 3172 of /builds/omniverse/usd-ci/USD/pxr/usd/usd/stage.cpp -- In </Lite3ProSensorRigRealWithInterfaceV1/FR_FOOT/visuals>: Unresolved reference prim path @/tmp/IsaacLab/usd_20260814_061310_1824/configuration/lite3_pro_sensor_rig_real_with_interface_isaac_physics.usd@</visuals/FR_FOOT> introduced by @/tmp/IsaacLab/usd_20260814_061310_1824/configuration/lite3_pro_sensor_rig_real_with_interface_isaac_base.usd@</Lite3ProSensorRigRealWithInterfaceV1/FR_FOOT/visuals> (recomposing stage on stage @/tmp/IsaacLab/usd_20260814_061310_1824/lite3_pro_sensor_rig_real_with_interface_isaac.usd@ <0x57f236313030>)

2026-08-14T10:13:10Z [9,362ms] [Warning] [omni.usd] Warning: in _ReportErrors at line 3172 of /builds/omniverse/usd-ci/USD/pxr/usd/usd/stage.cpp -- In </Lite3ProSensorRigRealWithInterfaceV1/HL_FOOT/visuals>: Unresolved reference prim path @/tmp/IsaacLab/usd_20260814_061310_1824/configuration/lite3_pro_sensor_rig_real_with_interface_isaac_physics.usd@</visuals/HL_FOOT> introduced by @/tmp/IsaacLab/usd_20260814_061310_1824/configuration/lite3_pro_sensor_rig_real_with_interface_isaac_base.usd@</Lite3ProSensorRigRealWithInterfaceV1/HL_FOOT/visuals> (recomposing stage on stage @/tmp/IsaacLab/usd_20260814_061310_1824/lite3_pro_sensor_rig_real_with_interface_isaac.usd@ <0x57f236313030>)

2026-08-14T10:13:10Z [9,362ms] [Warning] [omni.usd] Warning: in _ReportErrors at line 3172 of /builds/omniverse/usd-ci/USD/pxr/usd/usd/stage.cpp -- In </Lite3ProSensorRigRealWithInterfaceV1/HR_FOOT/visuals>: Unresolved reference prim path @/tmp/IsaacLab/usd_20260814_061310_1824/configuration/lite3_pro_sensor_rig_real_with_interface_isaac_physics.usd@</visuals/HR_FOOT> introduced by @/tmp/IsaacLab/usd_20260814_061310_1824/configuration/lite3_pro_sensor_rig_real_with_interface_isaac_base.usd@</Lite3ProSensorRigRealWithInterfaceV1/HR_FOOT/visuals> (recomposing stage on stage @/tmp/IsaacLab/usd_20260814_061310_1824/lite3_pro_sensor_rig_real_with_interface_isaac.usd@ <0x57f236313030>)

2026-08-14T10:13:10Z [9,362ms] [Warning] [omni.usd] Warning: in _ReportErrors at line 3172 of /builds/omniverse/usd-ci/USD/pxr/usd/usd/stage.cpp -- In </Lite3ProSensorRigRealWithInterfaceV1/mid360_scan_frame/visuals>: Unresolved reference prim path @/tmp/IsaacLab/usd_20260814_061310_1824/configuration/lite3_pro_sensor_rig_real_with_interface_isaac_physics.usd@</visuals/mid360_scan_frame> introduced by @/tmp/IsaacLab/usd_20260814_061310_1824/configuration/lite3_pro_sensor_rig_real_with_interface_isaac_base.usd@</Lite3ProSensorRigRealWithInterfaceV1/mid360_scan_frame/visuals> (recomposing stage on stage @/tmp/IsaacLab/usd_20260814_061310_1824/lite3_pro_sensor_rig_real_with_interface_isaac.usd@ <0x57f236313030>)

2026-08-14T10:13:10Z [9,362ms] [Warning] [omni.usd] Warning: in _ReportErrors at line 3172 of /builds/omniverse/usd-ci/USD/pxr/usd/usd/stage.cpp -- In </Lite3ProSensorRigRealWithInterfaceV1/d435i_depth_optical_frame/visuals>: Unresolved reference prim path @/tmp/IsaacLab/usd_20260814_061310_1824/configuration/lite3_pro_sensor_rig_real_with_interface_isaac_physics.usd@</visuals/d435i_depth_optical_frame> introduced by @/tmp/IsaacLab/usd_20260814_061310_1824/configuration/lite3_pro_sensor_rig_real_with_interface_isaac_base.usd@</Lite3ProSensorRigRealWithInterfaceV1/d435i_depth_optical_frame/visuals> (recomposing stage on stage @/tmp/IsaacLab/usd_20260814_061310_1824/lite3_pro_sensor_rig_real_with_interface_isaac.usd@ <0x57f236313030>)

2026-08-14T10:13:10Z [9,362ms] [Warning] [omni.usd] Warning: in _ReportErrors at line 3172 of /builds/omniverse/usd-ci/USD/pxr/usd/usd/stage.cpp -- In </Lite3ProSensorRigRealWithInterfaceV1/FL_FOOT/visuals>: Unresolved reference prim path @/tmp/IsaacLab/usd_20260814_061310_1824/configuration/lite3_pro_sensor_rig_real_with_interface_isaac_physics.usd@</visuals/FL_FOOT> introduced by @/tmp/IsaacLab/usd_20260814_061310_1824/configuration/lite3_pro_sensor_rig_real_with_interface_isaac_base.usd@</Lite3ProSensorRigRealWithInterfaceV1/FL_FOOT/visuals> (recomposing stage on stage @/tmp/IsaacLab/usd_20260814_061310_1824/lite3_pro_sensor_rig_real_with_interface_isaac.usd@ <0x57f23630e2d0>)

2026-08-14T10:13:10Z [9,362ms] [Warning] [omni.usd] Warning: in _ReportErrors at line 3172 of /builds/omniverse/usd-ci/USD/pxr/usd/usd/stage.cpp -- In </Lite3ProSensorRigRealWithInterfaceV1/FR_FOOT/visuals>: Unresolved reference prim path @/tmp/IsaacLab/usd_20260814_061310_1824/configuration/lite3_pro_sensor_rig_real_with_interface_isaac_physics.usd@</visuals/FR_FOOT> introduced by @/tmp/IsaacLab/usd_20260814_061310_1824/configuration/lite3_pro_sensor_rig_real_with_interface_isaac_base.usd@</Lite3ProSensorRigRealWithInterfaceV1/FR_FOOT/visuals> (recomposing stage on stage @/tmp/IsaacLab/usd_20260814_061310_1824/lite3_pro_sensor_rig_real_with_interface_isaac.usd@ <0x57f23630e2d0>)

2026-08-14T10:13:10Z [9,362ms] [Warning] [omni.usd] Warning: in _ReportErrors at line 3172 of /builds/omniverse/usd-ci/USD/pxr/usd/usd/stage.cpp -- In </Lite3ProSensorRigRealWithInterfaceV1/HL_FOOT/visuals>: Unresolved reference prim path @/tmp/IsaacLab/usd_20260814_061310_1824/configuration/lite3_pro_sensor_rig_real_with_interface_isaac_physics.usd@</visuals/HL_FOOT> introduced by @/tmp/IsaacLab/usd_20260814_061310_1824/configuration/lite3_pro_sensor_rig_real_with_interface_isaac_base.usd@</Lite3ProSensorRigRealWithInterfaceV1/HL_FOOT/visuals> (recomposing stage on stage @/tmp/IsaacLab/usd_20260814_061310_1824/lite3_pro_sensor_rig_real_with_interface_isaac.usd@ <0x57f23630e2d0>)

2026-08-14T10:13:10Z [9,362ms] [Warning] [omni.usd] Warning: in _ReportErrors at line 3172 of /builds/omniverse/usd-ci/USD/pxr/usd/usd/stage.cpp -- In </Lite3ProSensorRigRealWithInterfaceV1/HR_FOOT/visuals>: Unresolved reference prim path @/tmp/IsaacLab/usd_20260814_061310_1824/configuration/lite3_pro_sensor_rig_real_with_interface_isaac_physics.usd@</visuals/HR_FOOT> introduced by @/tmp/IsaacLab/usd_20260814_061310_1824/configuration/lite3_pro_sensor_rig_real_with_interface_isaac_base.usd@</Lite3ProSensorRigRealWithInterfaceV1/HR_FOOT/visuals> (recomposing stage on stage @/tmp/IsaacLab/usd_20260814_061310_1824/lite3_pro_sensor_rig_real_with_interface_isaac.usd@ <0x57f23630e2d0>)

2026-08-14T10:13:10Z [9,362ms] [Warning] [omni.usd] Warning: in _ReportErrors at line 3172 of /builds/omniverse/usd-ci/USD/pxr/usd/usd/stage.cpp -- In </Lite3ProSensorRigRealWithInterfaceV1/d435i_depth_optical_frame/visuals>: Unresolved reference prim path @/tmp/IsaacLab/usd_20260814_061310_1824/configuration/lite3_pro_sensor_rig_real_with_interface_isaac_physics.usd@</visuals/d435i_depth_optical_frame> introduced by @/tmp/IsaacLab/usd_20260814_061310_1824/configuration/lite3_pro_sensor_rig_real_with_interface_isaac_base.usd@</Lite3ProSensorRigRealWithInterfaceV1/d435i_depth_optical_frame/visuals> (recomposing stage on stage @/tmp/IsaacLab/usd_20260814_061310_1824/lite3_pro_sensor_rig_real_with_interface_isaac.usd@ <0x57f23630e2d0>)

2026-08-14T10:13:10Z [9,362ms] [Warning] [omni.usd] Warning: in _ReportErrors at line 3172 of /builds/omniverse/usd-ci/USD/pxr/usd/usd/stage.cpp -- In </Lite3ProSensorRigRealWithInterfaceV1/mid360_scan_frame/visuals>: Unresolved reference prim path @/tmp/IsaacLab/usd_20260814_061310_1824/configuration/lite3_pro_sensor_rig_real_with_interface_isaac_physics.usd@</visuals/mid360_scan_frame> introduced by @/tmp/IsaacLab/usd_20260814_061310_1824/configuration/lite3_pro_sensor_rig_real_with_interface_isaac_base.usd@</Lite3ProSensorRigRealWithInterfaceV1/mid360_scan_frame/visuals> (recomposing stage on stage @/tmp/IsaacLab/usd_20260814_061310_1824/lite3_pro_sensor_rig_real_with_interface_isaac.usd@ <0x57f23630e2d0>)

2026-08-14T10:13:10Z [9,363ms] [Warning] [omni.usd] Warning: in _ReportErrors at line 3172 of /builds/omniverse/usd-ci/USD/pxr/usd/usd/stage.cpp -- In </Lite3ProSensorRigRealWithInterfaceV1/FL_FOOT/visuals>: Unresolved reference prim path @/tmp/IsaacLab/usd_20260814_061310_1824/configuration/lite3_pro_sensor_rig_real_with_interface_isaac_physics.usd@</visuals/FL_FOOT> introduced by @/tmp/IsaacLab/usd_20260814_061310_1824/configuration/lite3_pro_sensor_rig_real_with_interface_isaac_base.usd@</Lite3ProSensorRigRealWithInterfaceV1/FL_FOOT/visuals> (recomposing stage on stage @/tmp/IsaacLab/usd_20260814_061310_1824/lite3_pro_sensor_rig_real_with_interface_isaac.usd@ <0x57f236313030>)

2026-08-14T10:13:10Z [9,363ms] [Warning] [omni.usd] Warning: in _ReportErrors at line 3172 of /builds/omniverse/usd-ci/USD/pxr/usd/usd/stage.cpp -- In </Lite3ProSensorRigRealWithInterfaceV1/FR_FOOT/visuals>: Unresolved reference prim path @/tmp/IsaacLab/usd_20260814_061310_1824/configuration/lite3_pro_sensor_rig_real_with_interface_isaac_physics.usd@</visuals/FR_FOOT> introduced by @/tmp/IsaacLab/usd_20260814_061310_1824/configuration/lite3_pro_sensor_rig_real_with_interface_isaac_base.usd@</Lite3ProSensorRigRealWithInterfaceV1/FR_FOOT/visuals> (recomposing stage on stage @/tmp/IsaacLab/usd_20260814_061310_1824/lite3_pro_sensor_rig_real_with_interface_isaac.usd@ <0x57f236313030>)

2026-08-14T10:13:10Z [9,363ms] [Warning] [omni.usd] Warning: in _ReportErrors at line 3172 of /builds/omniverse/usd-ci/USD/pxr/usd/usd/stage.cpp -- In </Lite3ProSensorRigRealWithInterfaceV1/HL_FOOT/visuals>: Unresolved reference prim path @/tmp/IsaacLab/usd_20260814_061310_1824/configuration/lite3_pro_sensor_rig_real_with_interface_isaac_physics.usd@</visuals/HL_FOOT> introduced by @/tmp/IsaacLab/usd_20260814_061310_1824/configuration/lite3_pro_sensor_rig_real_with_interface_isaac_base.usd@</Lite3ProSensorRigRealWithInterfaceV1/HL_FOOT/visuals> (recomposing stage on stage @/tmp/IsaacLab/usd_20260814_061310_1824/lite3_pro_sensor_rig_real_with_interface_isaac.usd@ <0x57f236313030>)

2026-08-14T10:13:10Z [9,363ms] [Warning] [omni.usd] Warning: in _ReportErrors at line 3172 of /builds/omniverse/usd-ci/USD/pxr/usd/usd/stage.cpp -- In </Lite3ProSensorRigRealWithInterfaceV1/HR_FOOT/visuals>: Unresolved reference prim path @/tmp/IsaacLab/usd_20260814_061310_1824/configuration/lite3_pro_sensor_rig_real_with_interface_isaac_physics.usd@</visuals/HR_FOOT> introduced by @/tmp/IsaacLab/usd_20260814_061310_1824/configuration/lite3_pro_sensor_rig_real_with_interface_isaac_base.usd@</Lite3ProSensorRigRealWithInterfaceV1/HR_FOOT/visuals> (recomposing stage on stage @/tmp/IsaacLab/usd_20260814_061310_1824/lite3_pro_sensor_rig_real_with_interface_isaac.usd@ <0x57f236313030>)

2026-08-14T10:13:10Z [9,363ms] [Warning] [omni.usd] Warning: in _ReportErrors at line 3172 of /builds/omniverse/usd-ci/USD/pxr/usd/usd/stage.cpp -- In </Lite3ProSensorRigRealWithInterfaceV1/mid360_scan_frame/visuals>: Unresolved reference prim path @/tmp/IsaacLab/usd_20260814_061310_1824/configuration/lite3_pro_sensor_rig_real_with_interface_isaac_physics.usd@</visuals/mid360_scan_frame> introduced by @/tmp/IsaacLab/usd_20260814_061310_1824/configuration/lite3_pro_sensor_rig_real_with_interface_isaac_base.usd@</Lite3ProSensorRigRealWithInterfaceV1/mid360_scan_frame/visuals> (recomposing stage on stage @/tmp/IsaacLab/usd_20260814_061310_1824/lite3_pro_sensor_rig_real_with_interface_isaac.usd@ <0x57f236313030>)

2026-08-14T10:13:10Z [9,363ms] [Warning] [omni.usd] Warning: in _ReportErrors at line 3172 of /builds/omniverse/usd-ci/USD/pxr/usd/usd/stage.cpp -- In </Lite3ProSensorRigRealWithInterfaceV1/d435i_depth_optical_frame/visuals>: Unresolved reference prim path @/tmp/IsaacLab/usd_20260814_061310_1824/configuration/lite3_pro_sensor_rig_real_with_interface_isaac_physics.usd@</visuals/d435i_depth_optical_frame> introduced by @/tmp/IsaacLab/usd_20260814_061310_1824/configuration/lite3_pro_sensor_rig_real_with_interface_isaac_base.usd@</Lite3ProSensorRigRealWithInterfaceV1/d435i_depth_optical_frame/visuals> (recomposing stage on stage @/tmp/IsaacLab/usd_20260814_061310_1824/lite3_pro_sensor_rig_real_with_interface_isaac.usd@ <0x57f236313030>)

2026-08-14T10:13:10Z [9,363ms] [Warning] [omni.usd] Warning: in _ReportErrors at line 3172 of /builds/omniverse/usd-ci/USD/pxr/usd/usd/stage.cpp -- In </Lite3ProSensorRigRealWithInterfaceV1/FL_FOOT/visuals>: Unresolved reference prim path @/tmp/IsaacLab/usd_20260814_061310_1824/configuration/lite3_pro_sensor_rig_real_with_interface_isaac_physics.usd@</visuals/FL_FOOT> introduced by @/tmp/IsaacLab/usd_20260814_061310_1824/configuration/lite3_pro_sensor_rig_real_with_interface_isaac_base.usd@</Lite3ProSensorRigRealWithInterfaceV1/FL_FOOT/visuals> (recomposing stage on stage @/tmp/IsaacLab/usd_20260814_061310_1824/lite3_pro_sensor_rig_real_with_interface_isaac.usd@ <0x57f23630e2d0>)

2026-08-14T10:13:10Z [9,363ms] [Warning] [omni.usd] Warning: in _ReportErrors at line 3172 of /builds/omniverse/usd-ci/USD/pxr/usd/usd/stage.cpp -- In </Lite3ProSensorRigRealWithInterfaceV1/FR_FOOT/visuals>: Unresolved reference prim path @/tmp/IsaacLab/usd_20260814_061310_1824/configuration/lite3_pro_sensor_rig_real_with_interface_isaac_physics.usd@</visuals/FR_FOOT> introduced by @/tmp/IsaacLab/usd_20260814_061310_1824/configuration/lite3_pro_sensor_rig_real_with_interface_isaac_base.usd@</Lite3ProSensorRigRealWithInterfaceV1/FR_FOOT/visuals> (recomposing stage on stage @/tmp/IsaacLab/usd_20260814_061310_1824/lite3_pro_sensor_rig_real_with_interface_isaac.usd@ <0x57f23630e2d0>)

2026-08-14T10:13:10Z [9,363ms] [Warning] [omni.usd] Warning: in _ReportErrors at line 3172 of /builds/omniverse/usd-ci/USD/pxr/usd/usd/stage.cpp -- In </Lite3ProSensorRigRealWithInterfaceV1/HL_FOOT/visuals>: Unresolved reference prim path @/tmp/IsaacLab/usd_20260814_061310_1824/configuration/lite3_pro_sensor_rig_real_with_interface_isaac_physics.usd@</visuals/HL_FOOT> introduced by @/tmp/IsaacLab/usd_20260814_061310_1824/configuration/lite3_pro_sensor_rig_real_with_interface_isaac_base.usd@</Lite3ProSensorRigRealWithInterfaceV1/HL_FOOT/visuals> (recomposing stage on stage @/tmp/IsaacLab/usd_20260814_061310_1824/lite3_pro_sensor_rig_real_with_interface_isaac.usd@ <0x57f23630e2d0>)

2026-08-14T10:13:10Z [9,363ms] [Warning] [omni.usd] Warning: in _ReportErrors at line 3172 of /builds/omniverse/usd-ci/USD/pxr/usd/usd/stage.cpp -- In </Lite3ProSensorRigRealWithInterfaceV1/mid360_scan_frame/visuals>: Unresolved reference prim path @/tmp/IsaacLab/usd_20260814_061310_1824/configuration/lite3_pro_sensor_rig_real_with_interface_isaac_physics.usd@</visuals/mid360_scan_frame> introduced by @/tmp/IsaacLab/usd_20260814_061310_1824/configuration/lite3_pro_sensor_rig_real_with_interface_isaac_base.usd@</Lite3ProSensorRigRealWithInterfaceV1/mid360_scan_frame/visuals> (recomposing stage on stage @/tmp/IsaacLab/usd_20260814_061310_1824/lite3_pro_sensor_rig_real_with_interface_isaac.usd@ <0x57f23630e2d0>)

2026-08-14T10:13:10Z [9,363ms] [Warning] [omni.usd] Warning: in _ReportErrors at line 3172 of /builds/omniverse/usd-ci/USD/pxr/usd/usd/stage.cpp -- In </Lite3ProSensorRigRealWithInterfaceV1/HR_FOOT/visuals>: Unresolved reference prim path @/tmp/IsaacLab/usd_20260814_061310_1824/configuration/lite3_pro_sensor_rig_real_with_interface_isaac_physics.usd@</visuals/HR_FOOT> introduced by @/tmp/IsaacLab/usd_20260814_061310_1824/configuration/lite3_pro_sensor_rig_real_with_interface_isaac_base.usd@</Lite3ProSensorRigRealWithInterfaceV1/HR_FOOT/visuals> (recomposing stage on stage @/tmp/IsaacLab/usd_20260814_061310_1824/lite3_pro_sensor_rig_real_with_interface_isaac.usd@ <0x57f23630e2d0>)

2026-08-14T10:13:10Z [9,363ms] [Warning] [omni.usd] Warning: in _ReportErrors at line 3172 of /builds/omniverse/usd-ci/USD/pxr/usd/usd/stage.cpp -- In </Lite3ProSensorRigRealWithInterfaceV1/d435i_depth_optical_frame/visuals>: Unresolved reference prim path @/tmp/IsaacLab/usd_20260814_061310_1824/configuration/lite3_pro_sensor_rig_real_with_interface_isaac_physics.usd@</visuals/d435i_depth_optical_frame> introduced by @/tmp/IsaacLab/usd_20260814_061310_1824/configuration/lite3_pro_sensor_rig_real_with_interface_isaac_base.usd@</Lite3ProSensorRigRealWithInterfaceV1/d435i_depth_optical_frame/visuals> (recomposing stage on stage @/tmp/IsaacLab/usd_20260814_061310_1824/lite3_pro_sensor_rig_real_with_interface_isaac.usd@ <0x57f23630e2d0>)

2026-08-14T10:13:10Z [9,364ms] [Warning] [omni.usd] Warning: in _ReportErrors at line 3172 of /builds/omniverse/usd-ci/USD/pxr/usd/usd/stage.cpp -- In </Lite3ProSensorRigRealWithInterfaceV1/FR_FOOT/visuals>: Unresolved reference prim path @/tmp/IsaacLab/usd_20260814_061310_1824/configuration/lite3_pro_sensor_rig_real_with_interface_isaac_physics.usd@</visuals/FR_FOOT> introduced by @/tmp/IsaacLab/usd_20260814_061310_1824/configuration/lite3_pro_sensor_rig_real_with_interface_isaac_base.usd@</Lite3ProSensorRigRealWithInterfaceV1/FR_FOOT/visuals> (recomposing stage on stage @/tmp/IsaacLab/usd_20260814_061310_1824/lite3_pro_sensor_rig_real_with_interface_isaac.usd@ <0x57f236313030>)

2026-08-14T10:13:10Z [9,364ms] [Warning] [omni.usd] Warning: in _ReportErrors at line 3172 of /builds/omniverse/usd-ci/USD/pxr/usd/usd/stage.cpp -- In </Lite3ProSensorRigRealWithInterfaceV1/FL_FOOT/visuals>: Unresolved reference prim path @/tmp/IsaacLab/usd_20260814_061310_1824/configuration/lite3_pro_sensor_rig_real_with_interface_isaac_physics.usd@</visuals/FL_FOOT> introduced by @/tmp/IsaacLab/usd_20260814_061310_1824/configuration/lite3_pro_sensor_rig_real_with_interface_isaac_base.usd@</Lite3ProSensorRigRealWithInterfaceV1/FL_FOOT/visuals> (recomposing stage on stage @/tmp/IsaacLab/usd_20260814_061310_1824/lite3_pro_sensor_rig_real_with_interface_isaac.usd@ <0x57f236313030>)

2026-08-14T10:13:10Z [9,364ms] [Warning] [omni.usd] Warning: in _ReportErrors at line 3172 of /builds/omniverse/usd-ci/USD/pxr/usd/usd/stage.cpp -- In </Lite3ProSensorRigRealWithInterfaceV1/HL_FOOT/visuals>: Unresolved reference prim path @/tmp/IsaacLab/usd_20260814_061310_1824/configuration/lite3_pro_sensor_rig_real_with_interface_isaac_physics.usd@</visuals/HL_FOOT> introduced by @/tmp/IsaacLab/usd_20260814_061310_1824/configuration/lite3_pro_sensor_rig_real_with_interface_isaac_base.usd@</Lite3ProSensorRigRealWithInterfaceV1/HL_FOOT/visuals> (recomposing stage on stage @/tmp/IsaacLab/usd_20260814_061310_1824/lite3_pro_sensor_rig_real_with_interface_isaac.usd@ <0x57f236313030>)

2026-08-14T10:13:10Z [9,364ms] [Warning] [omni.usd] Warning: in _ReportErrors at line 3172 of /builds/omniverse/usd-ci/USD/pxr/usd/usd/stage.cpp -- In </Lite3ProSensorRigRealWithInterfaceV1/HR_FOOT/visuals>: Unresolved reference prim path @/tmp/IsaacLab/usd_20260814_061310_1824/configuration/lite3_pro_sensor_rig_real_with_interface_isaac_physics.usd@</visuals/HR_FOOT> introduced by @/tmp/IsaacLab/usd_20260814_061310_1824/configuration/lite3_pro_sensor_rig_real_with_interface_isaac_base.usd@</Lite3ProSensorRigRealWithInterfaceV1/HR_FOOT/visuals> (recomposing stage on stage @/tmp/IsaacLab/usd_20260814_061310_1824/lite3_pro_sensor_rig_real_with_interface_isaac.usd@ <0x57f236313030>)

2026-08-14T10:13:10Z [9,364ms] [Warning] [omni.usd] Warning: in _ReportErrors at line 3172 of /builds/omniverse/usd-ci/USD/pxr/usd/usd/stage.cpp -- In </Lite3ProSensorRigRealWithInterfaceV1/mid360_scan_frame/visuals>: Unresolved reference prim path @/tmp/IsaacLab/usd_20260814_061310_1824/configuration/lite3_pro_sensor_rig_real_with_interface_isaac_physics.usd@</visuals/mid360_scan_frame> introduced by @/tmp/IsaacLab/usd_20260814_061310_1824/configuration/lite3_pro_sensor_rig_real_with_interface_isaac_base.usd@</Lite3ProSensorRigRealWithInterfaceV1/mid360_scan_frame/visuals> (recomposing stage on stage @/tmp/IsaacLab/usd_20260814_061310_1824/lite3_pro_sensor_rig_real_with_interface_isaac.usd@ <0x57f236313030>)

2026-08-14T10:13:10Z [9,364ms] [Warning] [omni.usd] Warning: in _ReportErrors at line 3172 of /builds/omniverse/usd-ci/USD/pxr/usd/usd/stage.cpp -- In </Lite3ProSensorRigRealWithInterfaceV1/d435i_depth_optical_frame/visuals>: Unresolved reference prim path @/tmp/IsaacLab/usd_20260814_061310_1824/configuration/lite3_pro_sensor_rig_real_with_interface_isaac_physics.usd@</visuals/d435i_depth_optical_frame> introduced by @/tmp/IsaacLab/usd_20260814_061310_1824/configuration/lite3_pro_sensor_rig_real_with_interface_isaac_base.usd@</Lite3ProSensorRigRealWithInterfaceV1/d435i_depth_optical_frame/visuals> (recomposing stage on stage @/tmp/IsaacLab/usd_20260814_061310_1824/lite3_pro_sensor_rig_real_with_interface_isaac.usd@ <0x57f236313030>)

2026-08-14T10:13:10Z [9,365ms] [Warning] [omni.usd] Warning: in _ReportErrors at line 3172 of /builds/omniverse/usd-ci/USD/pxr/usd/usd/stage.cpp -- In </Lite3ProSensorRigRealWithInterfaceV1/FL_FOOT/visuals>: Unresolved reference prim path @/tmp/IsaacLab/usd_20260814_061310_1824/configuration/lite3_pro_sensor_rig_real_with_interface_isaac_physics.usd@</visuals/FL_FOOT> introduced by @/tmp/IsaacLab/usd_20260814_061310_1824/configuration/lite3_pro_sensor_rig_real_with_interface_isaac_base.usd@</Lite3ProSensorRigRealWithInterfaceV1/FL_FOOT/visuals> (recomposing stage on stage @/tmp/IsaacLab/usd_20260814_061310_1824/lite3_pro_sensor_rig_real_with_interface_isaac.usd@ <0x57f23630e2d0>)

2026-08-14T10:13:10Z [9,365ms] [Warning] [omni.usd] Warning: in _ReportErrors at line 3172 of /builds/omniverse/usd-ci/USD/pxr/usd/usd/stage.cpp -- In </Lite3ProSensorRigRealWithInterfaceV1/FR_FOOT/visuals>: Unresolved reference prim path @/tmp/IsaacLab/usd_20260814_061310_1824/configuration/lite3_pro_sensor_rig_real_with_interface_isaac_physics.usd@</visuals/FR_FOOT> introduced by @/tmp/IsaacLab/usd_20260814_061310_1824/configuration/lite3_pro_sensor_rig_real_with_interface_isaac_base.usd@</Lite3ProSensorRigRealWithInterfaceV1/FR_FOOT/visuals> (recomposing stage on stage @/tmp/IsaacLab/usd_20260814_061310_1824/lite3_pro_sensor_rig_real_with_interface_isaac.usd@ <0x57f23630e2d0>)

2026-08-14T10:13:10Z [9,365ms] [Warning] [omni.usd] Warning: in _ReportErrors at line 3172 of /builds/omniverse/usd-ci/USD/pxr/usd/usd/stage.cpp -- In </Lite3ProSensorRigRealWithInterfaceV1/HL_FOOT/visuals>: Unresolved reference prim path @/tmp/IsaacLab/usd_20260814_061310_1824/configuration/lite3_pro_sensor_rig_real_with_interface_isaac_physics.usd@</visuals/HL_FOOT> introduced by @/tmp/IsaacLab/usd_20260814_061310_1824/configuration/lite3_pro_sensor_rig_real_with_interface_isaac_base.usd@</Lite3ProSensorRigRealWithInterfaceV1/HL_FOOT/visuals> (recomposing stage on stage @/tmp/IsaacLab/usd_20260814_061310_1824/lite3_pro_sensor_rig_real_with_interface_isaac.usd@ <0x57f23630e2d0>)

2026-08-14T10:13:10Z [9,365ms] [Warning] [omni.usd] Warning: in _ReportErrors at line 3172 of /builds/omniverse/usd-ci/USD/pxr/usd/usd/stage.cpp -- In </Lite3ProSensorRigRealWithInterfaceV1/HR_FOOT/visuals>: Unresolved reference prim path @/tmp/IsaacLab/usd_20260814_061310_1824/configuration/lite3_pro_sensor_rig_real_with_interface_isaac_physics.usd@</visuals/HR_FOOT> introduced by @/tmp/IsaacLab/usd_20260814_061310_1824/configuration/lite3_pro_sensor_rig_real_with_interface_isaac_base.usd@</Lite3ProSensorRigRealWithInterfaceV1/HR_FOOT/visuals> (recomposing stage on stage @/tmp/IsaacLab/usd_20260814_061310_1824/lite3_pro_sensor_rig_real_with_interface_isaac.usd@ <0x57f23630e2d0>)

2026-08-14T10:13:10Z [9,365ms] [Warning] [omni.usd] Warning: in _ReportErrors at line 3172 of /builds/omniverse/usd-ci/USD/pxr/usd/usd/stage.cpp -- In </Lite3ProSensorRigRealWithInterfaceV1/mid360_scan_frame/visuals>: Unresolved reference prim path @/tmp/IsaacLab/usd_20260814_061310_1824/configuration/lite3_pro_sensor_rig_real_with_interface_isaac_physics.usd@</visuals/mid360_scan_frame> introduced by @/tmp/IsaacLab/usd_20260814_061310_1824/configuration/lite3_pro_sensor_rig_real_with_interface_isaac_base.usd@</Lite3ProSensorRigRealWithInterfaceV1/mid360_scan_frame/visuals> (recomposing stage on stage @/tmp/IsaacLab/usd_20260814_061310_1824/lite3_pro_sensor_rig_real_with_interface_isaac.usd@ <0x57f23630e2d0>)

2026-08-14T10:13:10Z [9,365ms] [Warning] [omni.usd] Warning: in _ReportErrors at line 3172 of /builds/omniverse/usd-ci/USD/pxr/usd/usd/stage.cpp -- In </Lite3ProSensorRigRealWithInterfaceV1/d435i_depth_optical_frame/visuals>: Unresolved reference prim path @/tmp/IsaacLab/usd_20260814_061310_1824/configuration/lite3_pro_sensor_rig_real_with_interface_isaac_physics.usd@</visuals/d435i_depth_optical_frame> introduced by @/tmp/IsaacLab/usd_20260814_061310_1824/configuration/lite3_pro_sensor_rig_real_with_interface_isaac_base.usd@</Lite3ProSensorRigRealWithInterfaceV1/d435i_depth_optical_frame/visuals> (recomposing stage on stage @/tmp/IsaacLab/usd_20260814_061310_1824/lite3_pro_sensor_rig_real_with_interface_isaac.usd@ <0x57f23630e2d0>)

2026-08-14T10:13:10Z [9,472ms] [Warning] [omni.usd] Warning: in _ReportErrors at line 3172 of /builds/omniverse/usd-ci/USD/pxr/usd/usd/stage.cpp -- In </World/envs/env_0/Robot/FL_FOOT/visuals>: Unresolved reference prim path @/tmp/IsaacLab/usd_20260814_061310_1824/configuration/lite3_pro_sensor_rig_real_with_interface_isaac_physics.usd@</visuals/FL_FOOT> introduced by @/tmp/IsaacLab/usd_20260814_061310_1824/configuration/lite3_pro_sensor_rig_real_with_interface_isaac_base.usd@</Lite3ProSensorRigRealWithInterfaceV1/FL_FOOT/visuals> (recomposing stage on stage @anon:0x57f222ebf180:World0.usd@ <0x57f217b57610>)

2026-08-14T10:13:10Z [9,472ms] [Warning] [omni.usd] Warning: in _ReportErrors at line 3172 of /builds/omniverse/usd-ci/USD/pxr/usd/usd/stage.cpp -- In </World/envs/env_0/Robot/FR_FOOT/visuals>: Unresolved reference prim path @/tmp/IsaacLab/usd_20260814_061310_1824/configuration/lite3_pro_sensor_rig_real_with_interface_isaac_physics.usd@</visuals/FR_FOOT> introduced by @/tmp/IsaacLab/usd_20260814_061310_1824/configuration/lite3_pro_sensor_rig_real_with_interface_isaac_base.usd@</Lite3ProSensorRigRealWithInterfaceV1/FR_FOOT/visuals> (recomposing stage on stage @anon:0x57f222ebf180:World0.usd@ <0x57f217b57610>)

2026-08-14T10:13:10Z [9,472ms] [Warning] [omni.usd] Warning: in _ReportErrors at line 3172 of /builds/omniverse/usd-ci/USD/pxr/usd/usd/stage.cpp -- In </World/envs/env_0/Robot/HL_FOOT/visuals>: Unresolved reference prim path @/tmp/IsaacLab/usd_20260814_061310_1824/configuration/lite3_pro_sensor_rig_real_with_interface_isaac_physics.usd@</visuals/HL_FOOT> introduced by @/tmp/IsaacLab/usd_20260814_061310_1824/configuration/lite3_pro_sensor_rig_real_with_interface_isaac_base.usd@</Lite3ProSensorRigRealWithInterfaceV1/HL_FOOT/visuals> (recomposing stage on stage @anon:0x57f222ebf180:World0.usd@ <0x57f217b57610>)

2026-08-14T10:13:10Z [9,472ms] [Warning] [omni.usd] Warning: in _ReportErrors at line 3172 of /builds/omniverse/usd-ci/USD/pxr/usd/usd/stage.cpp -- In </World/envs/env_0/Robot/HR_FOOT/visuals>: Unresolved reference prim path @/tmp/IsaacLab/usd_20260814_061310_1824/configuration/lite3_pro_sensor_rig_real_with_interface_isaac_physics.usd@</visuals/HR_FOOT> introduced by @/tmp/IsaacLab/usd_20260814_061310_1824/configuration/lite3_pro_sensor_rig_real_with_interface_isaac_base.usd@</Lite3ProSensorRigRealWithInterfaceV1/HR_FOOT/visuals> (recomposing stage on stage @anon:0x57f222ebf180:World0.usd@ <0x57f217b57610>)

2026-08-14T10:13:10Z [9,472ms] [Warning] [omni.usd] Warning: in _ReportErrors at line 3172 of /builds/omniverse/usd-ci/USD/pxr/usd/usd/stage.cpp -- In </World/envs/env_0/Robot/mid360_scan_frame/visuals>: Unresolved reference prim path @/tmp/IsaacLab/usd_20260814_061310_1824/configuration/lite3_pro_sensor_rig_real_with_interface_isaac_physics.usd@</visuals/mid360_scan_frame> introduced by @/tmp/IsaacLab/usd_20260814_061310_1824/configuration/lite3_pro_sensor_rig_real_with_interface_isaac_base.usd@</Lite3ProSensorRigRealWithInterfaceV1/mid360_scan_frame/visuals> (recomposing stage on stage @anon:0x57f222ebf180:World0.usd@ <0x57f217b57610>)

2026-08-14T10:13:10Z [9,472ms] [Warning] [omni.usd] Warning: in _ReportErrors at line 3172 of /builds/omniverse/usd-ci/USD/pxr/usd/usd/stage.cpp -- In </World/envs/env_0/Robot/d435i_depth_optical_frame/visuals>: Unresolved reference prim path @/tmp/IsaacLab/usd_20260814_061310_1824/configuration/lite3_pro_sensor_rig_real_with_interface_isaac_physics.usd@</visuals/d435i_depth_optical_frame> introduced by @/tmp/IsaacLab/usd_20260814_061310_1824/configuration/lite3_pro_sensor_rig_real_with_interface_isaac_base.usd@</Lite3ProSensorRigRealWithInterfaceV1/d435i_depth_optical_frame/visuals> (recomposing stage on stage @anon:0x57f222ebf180:World0.usd@ <0x57f217b57610>)

[INFO] Generating terrains randomly took : 0.004983 seconds
[INFO]: Time taken for scene creation : 0.453522 seconds
{"status": "INSTRUMENTATION_ERROR", "output_dir": "/home/sun/machine-dog-nav-runs/2026-08-14_forest_lite3_v12_preview/results/preflight04/isaac"}
