[INFO][AppLauncher]: Using device: cuda:0
[INFO][AppLauncher]: Loading experience file: /home/sun/ssh/sun/IsaacLab/apps/isaaclab.python.headless.rendering.kit
Loading user config located at: '/home/sun/miniconda3/envs/isaaclab/lib/python3.11/site-packages/isaacsim/kit/data/Kit/Isaac-Sim/5.1/user.config.json'
[Info] [carb] Logging to file: /home/sun/miniconda3/envs/isaaclab/lib/python3.11/site-packages/isaacsim/kit/logs/Kit/Isaac-Sim/5.1/kit_20260814_061444.log
2026-08-14T10:14:44Z [64ms] [Warning] [carb.windowing-glfw.plugin] GLFW initialization failed.
2026-08-14T10:14:44Z [64ms] [Warning] [carb] Failed to startup plugin carb.windowing-glfw.plugin (interfaces: [carb::windowing::IGLContext v1.0],[carb::windowing::IWindowing v1.5]) (impl: carb.windowing-glfw.plugin)
2026-08-14T10:14:44Z [69ms] [Warning] [omni.platforminfo.plugin] failed to open the default display.  Can't verify X Server version.
2026-08-14T10:14:44Z [190ms] [Warning] [carb.windowing-glfw.plugin] GLFW initialization failed.
2026-08-14T10:14:44Z [190ms] [Warning] [carb] Failed to startup plugin carb.windowing-glfw.plugin (interfaces: [carb::windowing::IGLContext v1.0],[carb::windowing::IWindowing v1.5]) (impl: carb.windowing-glfw.plugin)
2026-08-14T10:14:44Z [299ms] [Warning] [gpu.foundation.plugin] Skipping unsupported non-NVIDIA GPU: AMD Ryzen 7 9700X 8-Core Processor (RADV RAPHAEL_MENDOCINO)
2026-08-14T10:14:44Z [299ms] [Warning] [gpu.foundation.plugin] Skipping unsupported non-NVIDIA GPU: AMD Ryzen 7 9700X 8-Core Processor (RADV RAPHAEL_MENDOCINO)

|---------------------------------------------------------------------------------------------|
| Driver Version: 580.126.09    | Graphics API: Vulkan
|=============================================================================================|
| GPU | Name                             | Active | LDA | GPU Memory | Vendor-ID | LUID       |
|     |                                  |        |     |            | Device-ID | UUID       |
|     |                                  |        |     |            | Bus-ID    |            |
|---------------------------------------------------------------------------------------------|
| 0   | NVIDIA GeForce RTX 5070 Ti       | Yes: 0 |     | 16303   MB | 10de      | 0          |
|     |                                  |        |     |            | 2c05      | 9a0eb7bb.. |
|     |                                  |        |     |            | 1         |            |
|---------------------------------------------------------------------------------------------|
| 1   | AMD Ryzen 7 9700X 8-Core Proce.. |        |     | 10720   MB | 1002      | 0          |
|     |                                  |        |     |            | 13c0      | 00000000.. |
|     |                                  |        |     |            | 11        |            |
|=============================================================================================|
| OS: 24.04.3 LTS (Noble Numbat) ubuntu, Version: 24.04.3, Kernel: 6.17.0-22-generic
| Processor: AMD Ryzen 7 9700X 8-Core Processor
| Cores: 8 | Logical Cores: 16
|---------------------------------------------------------------------------------------------|
| Total Memory (MB): 31137 | Free Memory: 27465
| Total Page/Swap (MB): 69497 | Free Page/Swap: 69497
|---------------------------------------------------------------------------------------------|
2026-08-14T10:14:44Z [511ms] [Warning] [gpu.foundation.plugin] IOMMU is enabled.
2026-08-14T10:14:44Z [511ms] [Warning] [gpu.foundation.plugin] Detected IOMMU is enabled. Running CUDA peer-to-peer bandwidth and latency validation.
Unidirectional P2P=Enabled Bandwidth (P2P Writes) Matrix (GB/s)
   D\D     0 
     0 758.50 
P2P=Enabled Latency (P2P Writes) Matrix (us)
   GPU     0 
     0   2.07 

   CPU     0 
     0   1.68 
2026-08-14T10:14:45Z [827ms] [Warning] [carb.windowing-glfw.plugin] GLFW initialization failed.
2026-08-14T10:14:45Z [827ms] [Warning] [carb] Failed to startup plugin carb.windowing-glfw.plugin (interfaces: [carb::windowing::IGLContext v1.0],[carb::windowing::IWindowing v1.5]) (impl: carb.windowing-glfw.plugin)
2026-08-14T10:14:45Z [838ms] [Warning] [carb.windowing-glfw.plugin] GLFW initialization failed.
2026-08-14T10:14:45Z [838ms] [Warning] [carb] Failed to startup plugin carb.windowing-glfw.plugin (interfaces: [carb::windowing::IGLContext v1.0],[carb::windowing::IWindowing v1.5]) (impl: carb.windowing-glfw.plugin)
2026-08-14T10:14:45Z [841ms] [Warning] [carb.windowing-glfw.plugin] GLFW initialization failed.
2026-08-14T10:14:45Z [841ms] [Warning] [carb] Failed to startup plugin carb.windowing-glfw.plugin (interfaces: [carb::windowing::IGLContext v1.0],[carb::windowing::IWindowing v1.5]) (impl: carb.windowing-glfw.plugin)
2026-08-14T10:14:45Z [845ms] [Warning] [carb.windowing-glfw.plugin] GLFW initialization failed.
2026-08-14T10:14:45Z [845ms] [Warning] [carb] Failed to startup plugin carb.windowing-glfw.plugin (interfaces: [carb::windowing::IGLContext v1.0],[carb::windowing::IWindowing v1.5]) (impl: carb.windowing-glfw.plugin)
2026-08-14T10:14:45Z [845ms] [Warning] [carb.windowing-glfw.plugin] GLFW initialization failed.
2026-08-14T10:14:45Z [845ms] [Warning] [carb] Failed to startup plugin carb.windowing-glfw.plugin (interfaces: [carb::windowing::IGLContext v1.0],[carb::windowing::IWindowing v1.5]) (impl: carb.windowing-glfw.plugin)
2026-08-14T10:14:45Z [846ms] [Warning] [carb.windowing-glfw.plugin] GLFW initialization failed.
2026-08-14T10:14:45Z [846ms] [Warning] [carb] Failed to startup plugin carb.windowing-glfw.plugin (interfaces: [carb::windowing::IGLContext v1.0],[carb::windowing::IWindowing v1.5]) (impl: carb.windowing-glfw.plugin)
2026-08-14T10:14:45Z [939ms] [Warning] [omni.log] Source: omni.hydra was already registered.
2026-08-14T10:14:45Z [1,084ms] [Warning] [carb] Acquiring non optional plugin interface which is not listed as dependency: [omni::physx::IPhysxBenchmarks v1.0] (plugin: <default plugin>), by client: omni.physics.physx.plugin. Add it to CARB_PLUGIN_IMPL_DEPS() macro of a client.
2026-08-14T10:14:45Z [1,089ms] [Warning] [omni.isaac.dynamic_control] omni.isaac.dynamic_control is deprecated as of Isaac Sim 4.5. No action is needed from end-users.
2026-08-14T10:14:46Z [1,957ms] [Warning] [pxr.Semantics] pxr.Semantics is deprecated - please use Semantics instead
2026-08-14T10:14:46Z [2,012ms] [Warning] [omni.graph.core.plugin] Found duplicate of category 'Replicator' - was 'Annotators', adding 'Fabric Reader'
2026-08-14T10:14:46Z [2,012ms] [Warning] [omni.graph.core.plugin] Category 'Replicator' not accepted on node type 'omni.replicator.core.FabricReader' in extension 'omni.replicator.core'
2026-08-14T10:14:46Z [2,013ms] [Warning] [omni.replicator.core.scripts.extension] No material configuration file, adding configuration to material settings directly.
2026-08-14T10:14:48Z [3,933ms] [Warning] [omni.fabric.plugin] Warning: attribute viewPickingId not found for bucket id 7

[forest-v4] run_enter
[forest-v4] layout_imports_start
[forest-v4] layout_imports_ready
[forest-v4] terrain_generation_start
[forest-v4] terrain_generation_ready
[forest-v4] bounded_visual_generation_start
[forest-v4] bounded_visual_generation_ready count=47 counts={'Pine': 4, 'Birch': 4, 'Rock': 3, 'Bush': 6, 'Grass': 30}
[forest-v4] visual_records_ready
[forest-v4] proxy_records_ready count=11
[forest-v4] terrain_identity_ready
[forest-v4] layout_ready visuals=47 proxies=11
[forest-v4] run_identity_start
[INFO]: Parsing configuration from: robot_lab.tasks.lite3.env_cfg:Lite3EnvCfg
[INFO]: Parsing configuration from: robot_lab.tasks.lite3.rsl_rl_cfg:Lite3MoECTSRunnerCfg

[36m======================================================================================[0m
[36m[1m[INFO][IsaacLab]: Logging to file: /tmp/isaaclab/logs/isaaclab_2026-08-14_06-14-53.log[0m
[36m======================================================================================[0m

[INFO]: Base environment:
	Environment device    : cuda:0
	Environment seed      : 42
	Physics step-size     : 0.005
	Rendering step-size   : 0.02
	Environment step-size : 0.02
2026-08-14T10:14:54Z [9,537ms] [Warning] [omni.usd] Warning: in _ReportErrors at line 3172 of /builds/omniverse/usd-ci/USD/pxr/usd/usd/stage.cpp -- In </Lite3ProSensorRigRealWithInterfaceV1/FL_FOOT/visuals>: Unresolved reference prim path @/tmp/IsaacLab/usd_20260814_061453_1824/configuration/lite3_pro_sensor_rig_real_with_interface_isaac_physics.usd@</visuals/FL_FOOT> introduced by @/tmp/IsaacLab/usd_20260814_061453_1824/configuration/lite3_pro_sensor_rig_real_with_interface_isaac_base.usd@</Lite3ProSensorRigRealWithInterfaceV1/FL_FOOT/visuals> (recomposing stage on stage @/tmp/IsaacLab/usd_20260814_061453_1824/configuration/lite3_pro_sensor_rig_real_with_interface_isaac_physics.usd@ <0x5e8f8fd55510>)

2026-08-14T10:14:54Z [9,537ms] [Warning] [omni.usd] Warning: in _ReportErrors at line 3172 of /builds/omniverse/usd-ci/USD/pxr/usd/usd/stage.cpp -- In </Lite3ProSensorRigRealWithInterfaceV1/FL_FOOT/visuals>: Unresolved reference prim path @/tmp/IsaacLab/usd_20260814_061453_1824/lite3_pro_sensor_rig_real_with_interface_isaac.usd@</visuals/FL_FOOT> introduced by @/tmp/IsaacLab/usd_20260814_061453_1824/configuration/lite3_pro_sensor_rig_real_with_interface_isaac_base.usd@</Lite3ProSensorRigRealWithInterfaceV1/FL_FOOT/visuals> (recomposing stage on stage @/tmp/IsaacLab/usd_20260814_061453_1824/lite3_pro_sensor_rig_real_with_interface_isaac.usd@ <0x5e8f8fd45730>)

2026-08-14T10:14:54Z [9,537ms] [Warning] [omni.usd] Warning: in _ReportErrors at line 3172 of /builds/omniverse/usd-ci/USD/pxr/usd/usd/stage.cpp -- In </Lite3ProSensorRigRealWithInterfaceV1/FL_FOOT/visuals>: Unresolved reference prim path @/tmp/IsaacLab/usd_20260814_061453_1824/lite3_pro_sensor_rig_real_with_interface_isaac.usd@</visuals/FL_FOOT> introduced by @/tmp/IsaacLab/usd_20260814_061453_1824/configuration/lite3_pro_sensor_rig_real_with_interface_isaac_base.usd@</Lite3ProSensorRigRealWithInterfaceV1/FL_FOOT/visuals> (recomposing stage on stage @/tmp/IsaacLab/usd_20260814_061453_1824/lite3_pro_sensor_rig_real_with_interface_isaac.usd@ <0x5e8f8fd42690>)

2026-08-14T10:14:54Z [9,537ms] [Warning] [omni.usd] Warning: in _ReportErrors at line 3172 of /builds/omniverse/usd-ci/USD/pxr/usd/usd/stage.cpp -- In </Lite3ProSensorRigRealWithInterfaceV1/FL_FOOT/visuals>: Unresolved reference prim path @/tmp/IsaacLab/usd_20260814_061453_1824/configuration/lite3_pro_sensor_rig_real_with_interface_isaac_base.usd@</visuals/FL_FOOT> introduced by @/tmp/IsaacLab/usd_20260814_061453_1824/configuration/lite3_pro_sensor_rig_real_with_interface_isaac_base.usd@</Lite3ProSensorRigRealWithInterfaceV1/FL_FOOT/visuals> (recomposing stage on stage @/tmp/IsaacLab/usd_20260814_061453_1824/configuration/lite3_pro_sensor_rig_real_with_interface_isaac_base.usd@ <0x5e8f8fd5de30>)

2026-08-14T10:14:54Z [9,537ms] [Warning] [omni.usd] Warning: in _ReportErrors at line 3172 of /builds/omniverse/usd-ci/USD/pxr/usd/usd/stage.cpp -- In </Lite3ProSensorRigRealWithInterfaceV1/FL_FOOT/visuals>: Unresolved reference prim path @/tmp/IsaacLab/usd_20260814_061453_1824/configuration/lite3_pro_sensor_rig_real_with_interface_isaac_physics.usd@</visuals/FL_FOOT> introduced by @/tmp/IsaacLab/usd_20260814_061453_1824/configuration/lite3_pro_sensor_rig_real_with_interface_isaac_base.usd@</Lite3ProSensorRigRealWithInterfaceV1/FL_FOOT/visuals> (recomposing stage on stage @/tmp/IsaacLab/usd_20260814_061453_1824/configuration/lite3_pro_sensor_rig_real_with_interface_isaac_physics.usd@ <0x5e8f8fd55510>)

2026-08-14T10:14:54Z [9,537ms] [Warning] [omni.usd] Warning: in _ReportErrors at line 3172 of /builds/omniverse/usd-ci/USD/pxr/usd/usd/stage.cpp -- In </Lite3ProSensorRigRealWithInterfaceV1/FL_FOOT/visuals>: Unresolved reference prim path @/tmp/IsaacLab/usd_20260814_061453_1824/lite3_pro_sensor_rig_real_with_interface_isaac.usd@</visuals/FL_FOOT> introduced by @/tmp/IsaacLab/usd_20260814_061453_1824/configuration/lite3_pro_sensor_rig_real_with_interface_isaac_base.usd@</Lite3ProSensorRigRealWithInterfaceV1/FL_FOOT/visuals> (recomposing stage on stage @/tmp/IsaacLab/usd_20260814_061453_1824/lite3_pro_sensor_rig_real_with_interface_isaac.usd@ <0x5e8f8fd45730>)

2026-08-14T10:14:54Z [9,537ms] [Warning] [omni.usd] Warning: in _ReportErrors at line 3172 of /builds/omniverse/usd-ci/USD/pxr/usd/usd/stage.cpp -- In </Lite3ProSensorRigRealWithInterfaceV1/FL_FOOT/visuals>: Unresolved reference prim path @/tmp/IsaacLab/usd_20260814_061453_1824/lite3_pro_sensor_rig_real_with_interface_isaac.usd@</visuals/FL_FOOT> introduced by @/tmp/IsaacLab/usd_20260814_061453_1824/configuration/lite3_pro_sensor_rig_real_with_interface_isaac_base.usd@</Lite3ProSensorRigRealWithInterfaceV1/FL_FOOT/visuals> (recomposing stage on stage @/tmp/IsaacLab/usd_20260814_061453_1824/lite3_pro_sensor_rig_real_with_interface_isaac.usd@ <0x5e8f8fd42690>)

2026-08-14T10:14:54Z [9,537ms] [Warning] [omni.usd] Warning: in _ReportErrors at line 3172 of /builds/omniverse/usd-ci/USD/pxr/usd/usd/stage.cpp -- In </Lite3ProSensorRigRealWithInterfaceV1/FL_FOOT/visuals>: Unresolved reference prim path @/tmp/IsaacLab/usd_20260814_061453_1824/configuration/lite3_pro_sensor_rig_real_with_interface_isaac_base.usd@</visuals/FL_FOOT> introduced by @/tmp/IsaacLab/usd_20260814_061453_1824/configuration/lite3_pro_sensor_rig_real_with_interface_isaac_base.usd@</Lite3ProSensorRigRealWithInterfaceV1/FL_FOOT/visuals> (recomposing stage on stage @/tmp/IsaacLab/usd_20260814_061453_1824/configuration/lite3_pro_sensor_rig_real_with_interface_isaac_base.usd@ <0x5e8f8fd5de30>)

2026-08-14T10:14:54Z [9,549ms] [Warning] [omni.usd] Warning: in _ReportErrors at line 3172 of /builds/omniverse/usd-ci/USD/pxr/usd/usd/stage.cpp -- In </Lite3ProSensorRigRealWithInterfaceV1/FR_FOOT/visuals>: Unresolved reference prim path @/tmp/IsaacLab/usd_20260814_061453_1824/configuration/lite3_pro_sensor_rig_real_with_interface_isaac_physics.usd@</visuals/FR_FOOT> introduced by @/tmp/IsaacLab/usd_20260814_061453_1824/configuration/lite3_pro_sensor_rig_real_with_interface_isaac_base.usd@</Lite3ProSensorRigRealWithInterfaceV1/FR_FOOT/visuals> (recomposing stage on stage @/tmp/IsaacLab/usd_20260814_061453_1824/configuration/lite3_pro_sensor_rig_real_with_interface_isaac_physics.usd@ <0x5e8f8fd55510>)

2026-08-14T10:14:54Z [9,549ms] [Warning] [omni.usd] Warning: in _ReportErrors at line 3172 of /builds/omniverse/usd-ci/USD/pxr/usd/usd/stage.cpp -- In </Lite3ProSensorRigRealWithInterfaceV1/FR_FOOT/visuals>: Unresolved reference prim path @/tmp/IsaacLab/usd_20260814_061453_1824/lite3_pro_sensor_rig_real_with_interface_isaac.usd@</visuals/FR_FOOT> introduced by @/tmp/IsaacLab/usd_20260814_061453_1824/configuration/lite3_pro_sensor_rig_real_with_interface_isaac_base.usd@</Lite3ProSensorRigRealWithInterfaceV1/FR_FOOT/visuals> (recomposing stage on stage @/tmp/IsaacLab/usd_20260814_061453_1824/lite3_pro_sensor_rig_real_with_interface_isaac.usd@ <0x5e8f8fd45730>)

2026-08-14T10:14:54Z [9,549ms] [Warning] [omni.usd] Warning: in _ReportErrors at line 3172 of /builds/omniverse/usd-ci/USD/pxr/usd/usd/stage.cpp -- In </Lite3ProSensorRigRealWithInterfaceV1/FR_FOOT/visuals>: Unresolved reference prim path @/tmp/IsaacLab/usd_20260814_061453_1824/lite3_pro_sensor_rig_real_with_interface_isaac.usd@</visuals/FR_FOOT> introduced by @/tmp/IsaacLab/usd_20260814_061453_1824/configuration/lite3_pro_sensor_rig_real_with_interface_isaac_base.usd@</Lite3ProSensorRigRealWithInterfaceV1/FR_FOOT/visuals> (recomposing stage on stage @/tmp/IsaacLab/usd_20260814_061453_1824/lite3_pro_sensor_rig_real_with_interface_isaac.usd@ <0x5e8f8fd42690>)

2026-08-14T10:14:54Z [9,549ms] [Warning] [omni.usd] Warning: in _ReportErrors at line 3172 of /builds/omniverse/usd-ci/USD/pxr/usd/usd/stage.cpp -- In </Lite3ProSensorRigRealWithInterfaceV1/FR_FOOT/visuals>: Unresolved reference prim path @/tmp/IsaacLab/usd_20260814_061453_1824/configuration/lite3_pro_sensor_rig_real_with_interface_isaac_base.usd@</visuals/FR_FOOT> introduced by @/tmp/IsaacLab/usd_20260814_061453_1824/configuration/lite3_pro_sensor_rig_real_with_interface_isaac_base.usd@</Lite3ProSensorRigRealWithInterfaceV1/FR_FOOT/visuals> (recomposing stage on stage @/tmp/IsaacLab/usd_20260814_061453_1824/configuration/lite3_pro_sensor_rig_real_with_interface_isaac_base.usd@ <0x5e8f8fd5de30>)

2026-08-14T10:14:54Z [9,549ms] [Warning] [omni.usd] Warning: in _ReportErrors at line 3172 of /builds/omniverse/usd-ci/USD/pxr/usd/usd/stage.cpp -- In </Lite3ProSensorRigRealWithInterfaceV1/FR_FOOT/visuals>: Unresolved reference prim path @/tmp/IsaacLab/usd_20260814_061453_1824/configuration/lite3_pro_sensor_rig_real_with_interface_isaac_physics.usd@</visuals/FR_FOOT> introduced by @/tmp/IsaacLab/usd_20260814_061453_1824/configuration/lite3_pro_sensor_rig_real_with_interface_isaac_base.usd@</Lite3ProSensorRigRealWithInterfaceV1/FR_FOOT/visuals> (recomposing stage on stage @/tmp/IsaacLab/usd_20260814_061453_1824/configuration/lite3_pro_sensor_rig_real_with_interface_isaac_physics.usd@ <0x5e8f8fd55510>)

2026-08-14T10:14:54Z [9,549ms] [Warning] [omni.usd] Warning: in _ReportErrors at line 3172 of /builds/omniverse/usd-ci/USD/pxr/usd/usd/stage.cpp -- In </Lite3ProSensorRigRealWithInterfaceV1/FR_FOOT/visuals>: Unresolved reference prim path @/tmp/IsaacLab/usd_20260814_061453_1824/lite3_pro_sensor_rig_real_with_interface_isaac.usd@</visuals/FR_FOOT> introduced by @/tmp/IsaacLab/usd_20260814_061453_1824/configuration/lite3_pro_sensor_rig_real_with_interface_isaac_base.usd@</Lite3ProSensorRigRealWithInterfaceV1/FR_FOOT/visuals> (recomposing stage on stage @/tmp/IsaacLab/usd_20260814_061453_1824/lite3_pro_sensor_rig_real_with_interface_isaac.usd@ <0x5e8f8fd45730>)

2026-08-14T10:14:54Z [9,549ms] [Warning] [omni.usd] Warning: in _ReportErrors at line 3172 of /builds/omniverse/usd-ci/USD/pxr/usd/usd/stage.cpp -- In </Lite3ProSensorRigRealWithInterfaceV1/FR_FOOT/visuals>: Unresolved reference prim path @/tmp/IsaacLab/usd_20260814_061453_1824/lite3_pro_sensor_rig_real_with_interface_isaac.usd@</visuals/FR_FOOT> introduced by @/tmp/IsaacLab/usd_20260814_061453_1824/configuration/lite3_pro_sensor_rig_real_with_interface_isaac_base.usd@</Lite3ProSensorRigRealWithInterfaceV1/FR_FOOT/visuals> (recomposing stage on stage @/tmp/IsaacLab/usd_20260814_061453_1824/lite3_pro_sensor_rig_real_with_interface_isaac.usd@ <0x5e8f8fd42690>)

2026-08-14T10:14:54Z [9,549ms] [Warning] [omni.usd] Warning: in _ReportErrors at line 3172 of /builds/omniverse/usd-ci/USD/pxr/usd/usd/stage.cpp -- In </Lite3ProSensorRigRealWithInterfaceV1/FR_FOOT/visuals>: Unresolved reference prim path @/tmp/IsaacLab/usd_20260814_061453_1824/configuration/lite3_pro_sensor_rig_real_with_interface_isaac_base.usd@</visuals/FR_FOOT> introduced by @/tmp/IsaacLab/usd_20260814_061453_1824/configuration/lite3_pro_sensor_rig_real_with_interface_isaac_base.usd@</Lite3ProSensorRigRealWithInterfaceV1/FR_FOOT/visuals> (recomposing stage on stage @/tmp/IsaacLab/usd_20260814_061453_1824/configuration/lite3_pro_sensor_rig_real_with_interface_isaac_base.usd@ <0x5e8f8fd5de30>)

2026-08-14T10:14:54Z [9,559ms] [Warning] [omni.usd] Warning: in _ReportErrors at line 3172 of /builds/omniverse/usd-ci/USD/pxr/usd/usd/stage.cpp -- In </Lite3ProSensorRigRealWithInterfaceV1/HL_FOOT/visuals>: Unresolved reference prim path @/tmp/IsaacLab/usd_20260814_061453_1824/configuration/lite3_pro_sensor_rig_real_with_interface_isaac_physics.usd@</visuals/HL_FOOT> introduced by @/tmp/IsaacLab/usd_20260814_061453_1824/configuration/lite3_pro_sensor_rig_real_with_interface_isaac_base.usd@</Lite3ProSensorRigRealWithInterfaceV1/HL_FOOT/visuals> (recomposing stage on stage @/tmp/IsaacLab/usd_20260814_061453_1824/configuration/lite3_pro_sensor_rig_real_with_interface_isaac_physics.usd@ <0x5e8f8fd55510>)

2026-08-14T10:14:54Z [9,559ms] [Warning] [omni.usd] Warning: in _ReportErrors at line 3172 of /builds/omniverse/usd-ci/USD/pxr/usd/usd/stage.cpp -- In </Lite3ProSensorRigRealWithInterfaceV1/HL_FOOT/visuals>: Unresolved reference prim path @/tmp/IsaacLab/usd_20260814_061453_1824/lite3_pro_sensor_rig_real_with_interface_isaac.usd@</visuals/HL_FOOT> introduced by @/tmp/IsaacLab/usd_20260814_061453_1824/configuration/lite3_pro_sensor_rig_real_with_interface_isaac_base.usd@</Lite3ProSensorRigRealWithInterfaceV1/HL_FOOT/visuals> (recomposing stage on stage @/tmp/IsaacLab/usd_20260814_061453_1824/lite3_pro_sensor_rig_real_with_interface_isaac.usd@ <0x5e8f8fd45730>)

2026-08-14T10:14:54Z [9,559ms] [Warning] [omni.usd] Warning: in _ReportErrors at line 3172 of /builds/omniverse/usd-ci/USD/pxr/usd/usd/stage.cpp -- In </Lite3ProSensorRigRealWithInterfaceV1/HL_FOOT/visuals>: Unresolved reference prim path @/tmp/IsaacLab/usd_20260814_061453_1824/lite3_pro_sensor_rig_real_with_interface_isaac.usd@</visuals/HL_FOOT> introduced by @/tmp/IsaacLab/usd_20260814_061453_1824/configuration/lite3_pro_sensor_rig_real_with_interface_isaac_base.usd@</Lite3ProSensorRigRealWithInterfaceV1/HL_FOOT/visuals> (recomposing stage on stage @/tmp/IsaacLab/usd_20260814_061453_1824/lite3_pro_sensor_rig_real_with_interface_isaac.usd@ <0x5e8f8fd42690>)

2026-08-14T10:14:54Z [9,559ms] [Warning] [omni.usd] Warning: in _ReportErrors at line 3172 of /builds/omniverse/usd-ci/USD/pxr/usd/usd/stage.cpp -- In </Lite3ProSensorRigRealWithInterfaceV1/HL_FOOT/visuals>: Unresolved reference prim path @/tmp/IsaacLab/usd_20260814_061453_1824/configuration/lite3_pro_sensor_rig_real_with_interface_isaac_base.usd@</visuals/HL_FOOT> introduced by @/tmp/IsaacLab/usd_20260814_061453_1824/configuration/lite3_pro_sensor_rig_real_with_interface_isaac_base.usd@</Lite3ProSensorRigRealWithInterfaceV1/HL_FOOT/visuals> (recomposing stage on stage @/tmp/IsaacLab/usd_20260814_061453_1824/configuration/lite3_pro_sensor_rig_real_with_interface_isaac_base.usd@ <0x5e8f8fd5de30>)

2026-08-14T10:14:54Z [9,559ms] [Warning] [omni.usd] Warning: in _ReportErrors at line 3172 of /builds/omniverse/usd-ci/USD/pxr/usd/usd/stage.cpp -- In </Lite3ProSensorRigRealWithInterfaceV1/HL_FOOT/visuals>: Unresolved reference prim path @/tmp/IsaacLab/usd_20260814_061453_1824/configuration/lite3_pro_sensor_rig_real_with_interface_isaac_physics.usd@</visuals/HL_FOOT> introduced by @/tmp/IsaacLab/usd_20260814_061453_1824/configuration/lite3_pro_sensor_rig_real_with_interface_isaac_base.usd@</Lite3ProSensorRigRealWithInterfaceV1/HL_FOOT/visuals> (recomposing stage on stage @/tmp/IsaacLab/usd_20260814_061453_1824/configuration/lite3_pro_sensor_rig_real_with_interface_isaac_physics.usd@ <0x5e8f8fd55510>)

2026-08-14T10:14:54Z [9,559ms] [Warning] [omni.usd] Warning: in _ReportErrors at line 3172 of /builds/omniverse/usd-ci/USD/pxr/usd/usd/stage.cpp -- In </Lite3ProSensorRigRealWithInterfaceV1/HL_FOOT/visuals>: Unresolved reference prim path @/tmp/IsaacLab/usd_20260814_061453_1824/lite3_pro_sensor_rig_real_with_interface_isaac.usd@</visuals/HL_FOOT> introduced by @/tmp/IsaacLab/usd_20260814_061453_1824/configuration/lite3_pro_sensor_rig_real_with_interface_isaac_base.usd@</Lite3ProSensorRigRealWithInterfaceV1/HL_FOOT/visuals> (recomposing stage on stage @/tmp/IsaacLab/usd_20260814_061453_1824/lite3_pro_sensor_rig_real_with_interface_isaac.usd@ <0x5e8f8fd45730>)

2026-08-14T10:14:54Z [9,559ms] [Warning] [omni.usd] Warning: in _ReportErrors at line 3172 of /builds/omniverse/usd-ci/USD/pxr/usd/usd/stage.cpp -- In </Lite3ProSensorRigRealWithInterfaceV1/HL_FOOT/visuals>: Unresolved reference prim path @/tmp/IsaacLab/usd_20260814_061453_1824/lite3_pro_sensor_rig_real_with_interface_isaac.usd@</visuals/HL_FOOT> introduced by @/tmp/IsaacLab/usd_20260814_061453_1824/configuration/lite3_pro_sensor_rig_real_with_interface_isaac_base.usd@</Lite3ProSensorRigRealWithInterfaceV1/HL_FOOT/visuals> (recomposing stage on stage @/tmp/IsaacLab/usd_20260814_061453_1824/lite3_pro_sensor_rig_real_with_interface_isaac.usd@ <0x5e8f8fd42690>)

2026-08-14T10:14:54Z [9,559ms] [Warning] [omni.usd] Warning: in _ReportErrors at line 3172 of /builds/omniverse/usd-ci/USD/pxr/usd/usd/stage.cpp -- In </Lite3ProSensorRigRealWithInterfaceV1/HL_FOOT/visuals>: Unresolved reference prim path @/tmp/IsaacLab/usd_20260814_061453_1824/configuration/lite3_pro_sensor_rig_real_with_interface_isaac_base.usd@</visuals/HL_FOOT> introduced by @/tmp/IsaacLab/usd_20260814_061453_1824/configuration/lite3_pro_sensor_rig_real_with_interface_isaac_base.usd@</Lite3ProSensorRigRealWithInterfaceV1/HL_FOOT/visuals> (recomposing stage on stage @/tmp/IsaacLab/usd_20260814_061453_1824/configuration/lite3_pro_sensor_rig_real_with_interface_isaac_base.usd@ <0x5e8f8fd5de30>)

2026-08-14T10:14:54Z [9,570ms] [Warning] [omni.usd] Warning: in _ReportErrors at line 3172 of /builds/omniverse/usd-ci/USD/pxr/usd/usd/stage.cpp -- In </Lite3ProSensorRigRealWithInterfaceV1/HR_FOOT/visuals>: Unresolved reference prim path @/tmp/IsaacLab/usd_20260814_061453_1824/configuration/lite3_pro_sensor_rig_real_with_interface_isaac_physics.usd@</visuals/HR_FOOT> introduced by @/tmp/IsaacLab/usd_20260814_061453_1824/configuration/lite3_pro_sensor_rig_real_with_interface_isaac_base.usd@</Lite3ProSensorRigRealWithInterfaceV1/HR_FOOT/visuals> (recomposing stage on stage @/tmp/IsaacLab/usd_20260814_061453_1824/configuration/lite3_pro_sensor_rig_real_with_interface_isaac_physics.usd@ <0x5e8f8fd55510>)

2026-08-14T10:14:54Z [9,570ms] [Warning] [omni.usd] Warning: in _ReportErrors at line 3172 of /builds/omniverse/usd-ci/USD/pxr/usd/usd/stage.cpp -- In </Lite3ProSensorRigRealWithInterfaceV1/HR_FOOT/visuals>: Unresolved reference prim path @/tmp/IsaacLab/usd_20260814_061453_1824/lite3_pro_sensor_rig_real_with_interface_isaac.usd@</visuals/HR_FOOT> introduced by @/tmp/IsaacLab/usd_20260814_061453_1824/configuration/lite3_pro_sensor_rig_real_with_interface_isaac_base.usd@</Lite3ProSensorRigRealWithInterfaceV1/HR_FOOT/visuals> (recomposing stage on stage @/tmp/IsaacLab/usd_20260814_061453_1824/lite3_pro_sensor_rig_real_with_interface_isaac.usd@ <0x5e8f8fd45730>)

2026-08-14T10:14:54Z [9,570ms] [Warning] [omni.usd] Warning: in _ReportErrors at line 3172 of /builds/omniverse/usd-ci/USD/pxr/usd/usd/stage.cpp -- In </Lite3ProSensorRigRealWithInterfaceV1/HR_FOOT/visuals>: Unresolved reference prim path @/tmp/IsaacLab/usd_20260814_061453_1824/lite3_pro_sensor_rig_real_with_interface_isaac.usd@</visuals/HR_FOOT> introduced by @/tmp/IsaacLab/usd_20260814_061453_1824/configuration/lite3_pro_sensor_rig_real_with_interface_isaac_base.usd@</Lite3ProSensorRigRealWithInterfaceV1/HR_FOOT/visuals> (recomposing stage on stage @/tmp/IsaacLab/usd_20260814_061453_1824/lite3_pro_sensor_rig_real_with_interface_isaac.usd@ <0x5e8f8fd42690>)

2026-08-14T10:14:54Z [9,570ms] [Warning] [omni.usd] Warning: in _ReportErrors at line 3172 of /builds/omniverse/usd-ci/USD/pxr/usd/usd/stage.cpp -- In </Lite3ProSensorRigRealWithInterfaceV1/HR_FOOT/visuals>: Unresolved reference prim path @/tmp/IsaacLab/usd_20260814_061453_1824/configuration/lite3_pro_sensor_rig_real_with_interface_isaac_base.usd@</visuals/HR_FOOT> introduced by @/tmp/IsaacLab/usd_20260814_061453_1824/configuration/lite3_pro_sensor_rig_real_with_interface_isaac_base.usd@</Lite3ProSensorRigRealWithInterfaceV1/HR_FOOT/visuals> (recomposing stage on stage @/tmp/IsaacLab/usd_20260814_061453_1824/configuration/lite3_pro_sensor_rig_real_with_interface_isaac_base.usd@ <0x5e8f8fd5de30>)

2026-08-14T10:14:54Z [9,570ms] [Warning] [omni.usd] Warning: in _ReportErrors at line 3172 of /builds/omniverse/usd-ci/USD/pxr/usd/usd/stage.cpp -- In </Lite3ProSensorRigRealWithInterfaceV1/HR_FOOT/visuals>: Unresolved reference prim path @/tmp/IsaacLab/usd_20260814_061453_1824/configuration/lite3_pro_sensor_rig_real_with_interface_isaac_physics.usd@</visuals/HR_FOOT> introduced by @/tmp/IsaacLab/usd_20260814_061453_1824/configuration/lite3_pro_sensor_rig_real_with_interface_isaac_base.usd@</Lite3ProSensorRigRealWithInterfaceV1/HR_FOOT/visuals> (recomposing stage on stage @/tmp/IsaacLab/usd_20260814_061453_1824/configuration/lite3_pro_sensor_rig_real_with_interface_isaac_physics.usd@ <0x5e8f8fd55510>)

2026-08-14T10:14:54Z [9,570ms] [Warning] [omni.usd] Warning: in _ReportErrors at line 3172 of /builds/omniverse/usd-ci/USD/pxr/usd/usd/stage.cpp -- In </Lite3ProSensorRigRealWithInterfaceV1/HR_FOOT/visuals>: Unresolved reference prim path @/tmp/IsaacLab/usd_20260814_061453_1824/lite3_pro_sensor_rig_real_with_interface_isaac.usd@</visuals/HR_FOOT> introduced by @/tmp/IsaacLab/usd_20260814_061453_1824/configuration/lite3_pro_sensor_rig_real_with_interface_isaac_base.usd@</Lite3ProSensorRigRealWithInterfaceV1/HR_FOOT/visuals> (recomposing stage on stage @/tmp/IsaacLab/usd_20260814_061453_1824/lite3_pro_sensor_rig_real_with_interface_isaac.usd@ <0x5e8f8fd45730>)

2026-08-14T10:14:54Z [9,570ms] [Warning] [omni.usd] Warning: in _ReportErrors at line 3172 of /builds/omniverse/usd-ci/USD/pxr/usd/usd/stage.cpp -- In </Lite3ProSensorRigRealWithInterfaceV1/HR_FOOT/visuals>: Unresolved reference prim path @/tmp/IsaacLab/usd_20260814_061453_1824/lite3_pro_sensor_rig_real_with_interface_isaac.usd@</visuals/HR_FOOT> introduced by @/tmp/IsaacLab/usd_20260814_061453_1824/configuration/lite3_pro_sensor_rig_real_with_interface_isaac_base.usd@</Lite3ProSensorRigRealWithInterfaceV1/HR_FOOT/visuals> (recomposing stage on stage @/tmp/IsaacLab/usd_20260814_061453_1824/lite3_pro_sensor_rig_real_with_interface_isaac.usd@ <0x5e8f8fd42690>)

2026-08-14T10:14:54Z [9,570ms] [Warning] [omni.usd] Warning: in _ReportErrors at line 3172 of /builds/omniverse/usd-ci/USD/pxr/usd/usd/stage.cpp -- In </Lite3ProSensorRigRealWithInterfaceV1/HR_FOOT/visuals>: Unresolved reference prim path @/tmp/IsaacLab/usd_20260814_061453_1824/configuration/lite3_pro_sensor_rig_real_with_interface_isaac_base.usd@</visuals/HR_FOOT> introduced by @/tmp/IsaacLab/usd_20260814_061453_1824/configuration/lite3_pro_sensor_rig_real_with_interface_isaac_base.usd@</Lite3ProSensorRigRealWithInterfaceV1/HR_FOOT/visuals> (recomposing stage on stage @/tmp/IsaacLab/usd_20260814_061453_1824/configuration/lite3_pro_sensor_rig_real_with_interface_isaac_base.usd@ <0x5e8f8fd5de30>)

2026-08-14T10:14:54Z [9,572ms] [Warning] [isaacsim.asset.importer.urdf] The path pro-interface-envelope is not a valid usd path, modifying to pro_interface_envelope
2026-08-14T10:14:54Z [9,578ms] [Warning] [isaacsim.asset.importer.urdf] The path carrier-rev-j-print-ready-side is not a valid usd path, modifying to carrier_rev_j_print_ready_side
2026-08-14T10:14:54Z [9,587ms] [Warning] [isaacsim.asset.importer.urdf] The path d435i-body-runtime is not a valid usd path, modifying to d435i_body_runtime
2026-08-14T10:14:54Z [9,602ms] [Warning] [isaacsim.asset.importer.urdf] The path d435i-optical-runtime is not a valid usd path, modifying to d435i_optical_runtime
2026-08-14T10:14:54Z [9,611ms] [Warning] [omni.usd] Warning: in _ReportErrors at line 3172 of /builds/omniverse/usd-ci/USD/pxr/usd/usd/stage.cpp -- In </Lite3ProSensorRigRealWithInterfaceV1/d435i_depth_optical_frame/visuals>: Unresolved reference prim path @/tmp/IsaacLab/usd_20260814_061453_1824/configuration/lite3_pro_sensor_rig_real_with_interface_isaac_physics.usd@</visuals/d435i_depth_optical_frame> introduced by @/tmp/IsaacLab/usd_20260814_061453_1824/configuration/lite3_pro_sensor_rig_real_with_interface_isaac_base.usd@</Lite3ProSensorRigRealWithInterfaceV1/d435i_depth_optical_frame/visuals> (recomposing stage on stage @/tmp/IsaacLab/usd_20260814_061453_1824/configuration/lite3_pro_sensor_rig_real_with_interface_isaac_physics.usd@ <0x5e8f8fd55510>)

2026-08-14T10:14:54Z [9,611ms] [Warning] [omni.usd] Warning: in _ReportErrors at line 3172 of /builds/omniverse/usd-ci/USD/pxr/usd/usd/stage.cpp -- In </Lite3ProSensorRigRealWithInterfaceV1/d435i_depth_optical_frame/visuals>: Unresolved reference prim path @/tmp/IsaacLab/usd_20260814_061453_1824/lite3_pro_sensor_rig_real_with_interface_isaac.usd@</visuals/d435i_depth_optical_frame> introduced by @/tmp/IsaacLab/usd_20260814_061453_1824/configuration/lite3_pro_sensor_rig_real_with_interface_isaac_base.usd@</Lite3ProSensorRigRealWithInterfaceV1/d435i_depth_optical_frame/visuals> (recomposing stage on stage @/tmp/IsaacLab/usd_20260814_061453_1824/lite3_pro_sensor_rig_real_with_interface_isaac.usd@ <0x5e8f8fd45730>)

2026-08-14T10:14:54Z [9,611ms] [Warning] [omni.usd] Warning: in _ReportErrors at line 3172 of /builds/omniverse/usd-ci/USD/pxr/usd/usd/stage.cpp -- In </Lite3ProSensorRigRealWithInterfaceV1/d435i_depth_optical_frame/visuals>: Unresolved reference prim path @/tmp/IsaacLab/usd_20260814_061453_1824/lite3_pro_sensor_rig_real_with_interface_isaac.usd@</visuals/d435i_depth_optical_frame> introduced by @/tmp/IsaacLab/usd_20260814_061453_1824/configuration/lite3_pro_sensor_rig_real_with_interface_isaac_base.usd@</Lite3ProSensorRigRealWithInterfaceV1/d435i_depth_optical_frame/visuals> (recomposing stage on stage @/tmp/IsaacLab/usd_20260814_061453_1824/lite3_pro_sensor_rig_real_with_interface_isaac.usd@ <0x5e8f8fd42690>)

2026-08-14T10:14:54Z [9,611ms] [Warning] [omni.usd] Warning: in _ReportErrors at line 3172 of /builds/omniverse/usd-ci/USD/pxr/usd/usd/stage.cpp -- In </Lite3ProSensorRigRealWithInterfaceV1/d435i_depth_optical_frame/visuals>: Unresolved reference prim path @/tmp/IsaacLab/usd_20260814_061453_1824/configuration/lite3_pro_sensor_rig_real_with_interface_isaac_base.usd@</visuals/d435i_depth_optical_frame> introduced by @/tmp/IsaacLab/usd_20260814_061453_1824/configuration/lite3_pro_sensor_rig_real_with_interface_isaac_base.usd@</Lite3ProSensorRigRealWithInterfaceV1/d435i_depth_optical_frame/visuals> (recomposing stage on stage @/tmp/IsaacLab/usd_20260814_061453_1824/configuration/lite3_pro_sensor_rig_real_with_interface_isaac_base.usd@ <0x5e8f8fd5de30>)

2026-08-14T10:14:54Z [9,611ms] [Warning] [omni.usd] Warning: in _ReportErrors at line 3172 of /builds/omniverse/usd-ci/USD/pxr/usd/usd/stage.cpp -- In </Lite3ProSensorRigRealWithInterfaceV1/d435i_depth_optical_frame/visuals>: Unresolved reference prim path @/tmp/IsaacLab/usd_20260814_061453_1824/configuration/lite3_pro_sensor_rig_real_with_interface_isaac_physics.usd@</visuals/d435i_depth_optical_frame> introduced by @/tmp/IsaacLab/usd_20260814_061453_1824/configuration/lite3_pro_sensor_rig_real_with_interface_isaac_base.usd@</Lite3ProSensorRigRealWithInterfaceV1/d435i_depth_optical_frame/visuals> (recomposing stage on stage @/tmp/IsaacLab/usd_20260814_061453_1824/configuration/lite3_pro_sensor_rig_real_with_interface_isaac_physics.usd@ <0x5e8f8fd55510>)

2026-08-14T10:14:54Z [9,611ms] [Warning] [omni.usd] Warning: in _ReportErrors at line 3172 of /builds/omniverse/usd-ci/USD/pxr/usd/usd/stage.cpp -- In </Lite3ProSensorRigRealWithInterfaceV1/d435i_depth_optical_frame/visuals>: Unresolved reference prim path @/tmp/IsaacLab/usd_20260814_061453_1824/lite3_pro_sensor_rig_real_with_interface_isaac.usd@</visuals/d435i_depth_optical_frame> introduced by @/tmp/IsaacLab/usd_20260814_061453_1824/configuration/lite3_pro_sensor_rig_real_with_interface_isaac_base.usd@</Lite3ProSensorRigRealWithInterfaceV1/d435i_depth_optical_frame/visuals> (recomposing stage on stage @/tmp/IsaacLab/usd_20260814_061453_1824/lite3_pro_sensor_rig_real_with_interface_isaac.usd@ <0x5e8f8fd45730>)

2026-08-14T10:14:54Z [9,611ms] [Warning] [omni.usd] Warning: in _ReportErrors at line 3172 of /builds/omniverse/usd-ci/USD/pxr/usd/usd/stage.cpp -- In </Lite3ProSensorRigRealWithInterfaceV1/d435i_depth_optical_frame/visuals>: Unresolved reference prim path @/tmp/IsaacLab/usd_20260814_061453_1824/lite3_pro_sensor_rig_real_with_interface_isaac.usd@</visuals/d435i_depth_optical_frame> introduced by @/tmp/IsaacLab/usd_20260814_061453_1824/configuration/lite3_pro_sensor_rig_real_with_interface_isaac_base.usd@</Lite3ProSensorRigRealWithInterfaceV1/d435i_depth_optical_frame/visuals> (recomposing stage on stage @/tmp/IsaacLab/usd_20260814_061453_1824/lite3_pro_sensor_rig_real_with_interface_isaac.usd@ <0x5e8f8fd42690>)

2026-08-14T10:14:54Z [9,611ms] [Warning] [omni.usd] Warning: in _ReportErrors at line 3172 of /builds/omniverse/usd-ci/USD/pxr/usd/usd/stage.cpp -- In </Lite3ProSensorRigRealWithInterfaceV1/d435i_depth_optical_frame/visuals>: Unresolved reference prim path @/tmp/IsaacLab/usd_20260814_061453_1824/configuration/lite3_pro_sensor_rig_real_with_interface_isaac_base.usd@</visuals/d435i_depth_optical_frame> introduced by @/tmp/IsaacLab/usd_20260814_061453_1824/configuration/lite3_pro_sensor_rig_real_with_interface_isaac_base.usd@</Lite3ProSensorRigRealWithInterfaceV1/d435i_depth_optical_frame/visuals> (recomposing stage on stage @/tmp/IsaacLab/usd_20260814_061453_1824/configuration/lite3_pro_sensor_rig_real_with_interface_isaac_base.usd@ <0x5e8f8fd5de30>)

2026-08-14T10:14:54Z [9,612ms] [Warning] [isaacsim.asset.importer.urdf] The path mid360-body-runtime is not a valid usd path, modifying to mid360_body_runtime
2026-08-14T10:14:54Z [9,629ms] [Warning] [isaacsim.asset.importer.urdf] The path mid360-optical-runtime is not a valid usd path, modifying to mid360_optical_runtime
2026-08-14T10:14:54Z [9,635ms] [Warning] [omni.usd] Warning: in _ReportErrors at line 3172 of /builds/omniverse/usd-ci/USD/pxr/usd/usd/stage.cpp -- In </Lite3ProSensorRigRealWithInterfaceV1/mid360_scan_frame/visuals>: Unresolved reference prim path @/tmp/IsaacLab/usd_20260814_061453_1824/configuration/lite3_pro_sensor_rig_real_with_interface_isaac_physics.usd@</visuals/mid360_scan_frame> introduced by @/tmp/IsaacLab/usd_20260814_061453_1824/configuration/lite3_pro_sensor_rig_real_with_interface_isaac_base.usd@</Lite3ProSensorRigRealWithInterfaceV1/mid360_scan_frame/visuals> (recomposing stage on stage @/tmp/IsaacLab/usd_20260814_061453_1824/configuration/lite3_pro_sensor_rig_real_with_interface_isaac_physics.usd@ <0x5e8f8fd55510>)

2026-08-14T10:14:54Z [9,635ms] [Warning] [omni.usd] Warning: in _ReportErrors at line 3172 of /builds/omniverse/usd-ci/USD/pxr/usd/usd/stage.cpp -- In </Lite3ProSensorRigRealWithInterfaceV1/mid360_scan_frame/visuals>: Unresolved reference prim path @/tmp/IsaacLab/usd_20260814_061453_1824/lite3_pro_sensor_rig_real_with_interface_isaac.usd@</visuals/mid360_scan_frame> introduced by @/tmp/IsaacLab/usd_20260814_061453_1824/configuration/lite3_pro_sensor_rig_real_with_interface_isaac_base.usd@</Lite3ProSensorRigRealWithInterfaceV1/mid360_scan_frame/visuals> (recomposing stage on stage @/tmp/IsaacLab/usd_20260814_061453_1824/lite3_pro_sensor_rig_real_with_interface_isaac.usd@ <0x5e8f8fd45730>)

2026-08-14T10:14:54Z [9,635ms] [Warning] [omni.usd] Warning: in _ReportErrors at line 3172 of /builds/omniverse/usd-ci/USD/pxr/usd/usd/stage.cpp -- In </Lite3ProSensorRigRealWithInterfaceV1/mid360_scan_frame/visuals>: Unresolved reference prim path @/tmp/IsaacLab/usd_20260814_061453_1824/lite3_pro_sensor_rig_real_with_interface_isaac.usd@</visuals/mid360_scan_frame> introduced by @/tmp/IsaacLab/usd_20260814_061453_1824/configuration/lite3_pro_sensor_rig_real_with_interface_isaac_base.usd@</Lite3ProSensorRigRealWithInterfaceV1/mid360_scan_frame/visuals> (recomposing stage on stage @/tmp/IsaacLab/usd_20260814_061453_1824/lite3_pro_sensor_rig_real_with_interface_isaac.usd@ <0x5e8f8fd42690>)

2026-08-14T10:14:54Z [9,635ms] [Warning] [omni.usd] Warning: in _ReportErrors at line 3172 of /builds/omniverse/usd-ci/USD/pxr/usd/usd/stage.cpp -- In </Lite3ProSensorRigRealWithInterfaceV1/mid360_scan_frame/visuals>: Unresolved reference prim path @/tmp/IsaacLab/usd_20260814_061453_1824/configuration/lite3_pro_sensor_rig_real_with_interface_isaac_base.usd@</visuals/mid360_scan_frame> introduced by @/tmp/IsaacLab/usd_20260814_061453_1824/configuration/lite3_pro_sensor_rig_real_with_interface_isaac_base.usd@</Lite3ProSensorRigRealWithInterfaceV1/mid360_scan_frame/visuals> (recomposing stage on stage @/tmp/IsaacLab/usd_20260814_061453_1824/configuration/lite3_pro_sensor_rig_real_with_interface_isaac_base.usd@ <0x5e8f8fd5de30>)

2026-08-14T10:14:54Z [9,635ms] [Warning] [omni.usd] Warning: in _ReportErrors at line 3172 of /builds/omniverse/usd-ci/USD/pxr/usd/usd/stage.cpp -- In </Lite3ProSensorRigRealWithInterfaceV1/mid360_scan_frame/visuals>: Unresolved reference prim path @/tmp/IsaacLab/usd_20260814_061453_1824/configuration/lite3_pro_sensor_rig_real_with_interface_isaac_physics.usd@</visuals/mid360_scan_frame> introduced by @/tmp/IsaacLab/usd_20260814_061453_1824/configuration/lite3_pro_sensor_rig_real_with_interface_isaac_base.usd@</Lite3ProSensorRigRealWithInterfaceV1/mid360_scan_frame/visuals> (recomposing stage on stage @/tmp/IsaacLab/usd_20260814_061453_1824/configuration/lite3_pro_sensor_rig_real_with_interface_isaac_physics.usd@ <0x5e8f8fd55510>)

2026-08-14T10:14:54Z [9,635ms] [Warning] [omni.usd] Warning: in _ReportErrors at line 3172 of /builds/omniverse/usd-ci/USD/pxr/usd/usd/stage.cpp -- In </Lite3ProSensorRigRealWithInterfaceV1/mid360_scan_frame/visuals>: Unresolved reference prim path @/tmp/IsaacLab/usd_20260814_061453_1824/lite3_pro_sensor_rig_real_with_interface_isaac.usd@</visuals/mid360_scan_frame> introduced by @/tmp/IsaacLab/usd_20260814_061453_1824/configuration/lite3_pro_sensor_rig_real_with_interface_isaac_base.usd@</Lite3ProSensorRigRealWithInterfaceV1/mid360_scan_frame/visuals> (recomposing stage on stage @/tmp/IsaacLab/usd_20260814_061453_1824/lite3_pro_sensor_rig_real_with_interface_isaac.usd@ <0x5e8f8fd45730>)

2026-08-14T10:14:54Z [9,635ms] [Warning] [omni.usd] Warning: in _ReportErrors at line 3172 of /builds/omniverse/usd-ci/USD/pxr/usd/usd/stage.cpp -- In </Lite3ProSensorRigRealWithInterfaceV1/mid360_scan_frame/visuals>: Unresolved reference prim path @/tmp/IsaacLab/usd_20260814_061453_1824/lite3_pro_sensor_rig_real_with_interface_isaac.usd@</visuals/mid360_scan_frame> introduced by @/tmp/IsaacLab/usd_20260814_061453_1824/configuration/lite3_pro_sensor_rig_real_with_interface_isaac_base.usd@</Lite3ProSensorRigRealWithInterfaceV1/mid360_scan_frame/visuals> (recomposing stage on stage @/tmp/IsaacLab/usd_20260814_061453_1824/lite3_pro_sensor_rig_real_with_interface_isaac.usd@ <0x5e8f8fd42690>)

2026-08-14T10:14:54Z [9,635ms] [Warning] [omni.usd] Warning: in _ReportErrors at line 3172 of /builds/omniverse/usd-ci/USD/pxr/usd/usd/stage.cpp -- In </Lite3ProSensorRigRealWithInterfaceV1/mid360_scan_frame/visuals>: Unresolved reference prim path @/tmp/IsaacLab/usd_20260814_061453_1824/configuration/lite3_pro_sensor_rig_real_with_interface_isaac_base.usd@</visuals/mid360_scan_frame> introduced by @/tmp/IsaacLab/usd_20260814_061453_1824/configuration/lite3_pro_sensor_rig_real_with_interface_isaac_base.usd@</Lite3ProSensorRigRealWithInterfaceV1/mid360_scan_frame/visuals> (recomposing stage on stage @/tmp/IsaacLab/usd_20260814_061453_1824/configuration/lite3_pro_sensor_rig_real_with_interface_isaac_base.usd@ <0x5e8f8fd5de30>)

2026-08-14T10:14:54Z [9,636ms] [Warning] [isaacsim.asset.importer.urdf] The path s410-guard-access-print-ready-flange-down is not a valid usd path, modifying to s410_guard_access_print_ready_flange_down
2026-08-14T10:14:54Z [9,663ms] [Warning] [omni.usd] Warning: in _ReportErrors at line 3172 of /builds/omniverse/usd-ci/USD/pxr/usd/usd/stage.cpp -- In </Lite3ProSensorRigRealWithInterfaceV1/FR_FOOT/visuals>: Unresolved reference prim path @/tmp/IsaacLab/usd_20260814_061453_1824/configuration/lite3_pro_sensor_rig_real_with_interface_isaac_base.usd@</visuals/FR_FOOT> introduced by @/tmp/IsaacLab/usd_20260814_061453_1824/configuration/lite3_pro_sensor_rig_real_with_interface_isaac_base.usd@</Lite3ProSensorRigRealWithInterfaceV1/FR_FOOT/visuals> (recomposing stage on stage @/tmp/IsaacLab/usd_20260814_061453_1824/lite3_pro_sensor_rig_real_with_interface_isaac.usd@ <0x5e8f8fd45730>)

2026-08-14T10:14:54Z [9,663ms] [Warning] [omni.usd] Warning: in _ReportErrors at line 3172 of /builds/omniverse/usd-ci/USD/pxr/usd/usd/stage.cpp -- In </Lite3ProSensorRigRealWithInterfaceV1/HL_FOOT/visuals>: Unresolved reference prim path @/tmp/IsaacLab/usd_20260814_061453_1824/configuration/lite3_pro_sensor_rig_real_with_interface_isaac_base.usd@</visuals/HL_FOOT> introduced by @/tmp/IsaacLab/usd_20260814_061453_1824/configuration/lite3_pro_sensor_rig_real_with_interface_isaac_base.usd@</Lite3ProSensorRigRealWithInterfaceV1/HL_FOOT/visuals> (recomposing stage on stage @/tmp/IsaacLab/usd_20260814_061453_1824/lite3_pro_sensor_rig_real_with_interface_isaac.usd@ <0x5e8f8fd45730>)

2026-08-14T10:14:54Z [9,663ms] [Warning] [omni.usd] Warning: in _ReportErrors at line 3172 of /builds/omniverse/usd-ci/USD/pxr/usd/usd/stage.cpp -- In </Lite3ProSensorRigRealWithInterfaceV1/FL_FOOT/visuals>: Unresolved reference prim path @/tmp/IsaacLab/usd_20260814_061453_1824/configuration/lite3_pro_sensor_rig_real_with_interface_isaac_base.usd@</visuals/FL_FOOT> introduced by @/tmp/IsaacLab/usd_20260814_061453_1824/configuration/lite3_pro_sensor_rig_real_with_interface_isaac_base.usd@</Lite3ProSensorRigRealWithInterfaceV1/FL_FOOT/visuals> (recomposing stage on stage @/tmp/IsaacLab/usd_20260814_061453_1824/lite3_pro_sensor_rig_real_with_interface_isaac.usd@ <0x5e8f8fd45730>)

2026-08-14T10:14:54Z [9,663ms] [Warning] [omni.usd] Warning: in _ReportErrors at line 3172 of /builds/omniverse/usd-ci/USD/pxr/usd/usd/stage.cpp -- In </Lite3ProSensorRigRealWithInterfaceV1/mid360_scan_frame/visuals>: Unresolved reference prim path @/tmp/IsaacLab/usd_20260814_061453_1824/configuration/lite3_pro_sensor_rig_real_with_interface_isaac_base.usd@</visuals/mid360_scan_frame> introduced by @/tmp/IsaacLab/usd_20260814_061453_1824/configuration/lite3_pro_sensor_rig_real_with_interface_isaac_base.usd@</Lite3ProSensorRigRealWithInterfaceV1/mid360_scan_frame/visuals> (recomposing stage on stage @/tmp/IsaacLab/usd_20260814_061453_1824/lite3_pro_sensor_rig_real_with_interface_isaac.usd@ <0x5e8f8fd45730>)

2026-08-14T10:14:54Z [9,663ms] [Warning] [omni.usd] Warning: in _ReportErrors at line 3172 of /builds/omniverse/usd-ci/USD/pxr/usd/usd/stage.cpp -- In </Lite3ProSensorRigRealWithInterfaceV1/HR_FOOT/visuals>: Unresolved reference prim path @/tmp/IsaacLab/usd_20260814_061453_1824/configuration/lite3_pro_sensor_rig_real_with_interface_isaac_base.usd@</visuals/HR_FOOT> introduced by @/tmp/IsaacLab/usd_20260814_061453_1824/configuration/lite3_pro_sensor_rig_real_with_interface_isaac_base.usd@</Lite3ProSensorRigRealWithInterfaceV1/HR_FOOT/visuals> (recomposing stage on stage @/tmp/IsaacLab/usd_20260814_061453_1824/lite3_pro_sensor_rig_real_with_interface_isaac.usd@ <0x5e8f8fd45730>)

2026-08-14T10:14:54Z [9,663ms] [Warning] [omni.usd] Warning: in _ReportErrors at line 3172 of /builds/omniverse/usd-ci/USD/pxr/usd/usd/stage.cpp -- In </Lite3ProSensorRigRealWithInterfaceV1/d435i_depth_optical_frame/visuals>: Unresolved reference prim path @/tmp/IsaacLab/usd_20260814_061453_1824/configuration/lite3_pro_sensor_rig_real_with_interface_isaac_base.usd@</visuals/d435i_depth_optical_frame> introduced by @/tmp/IsaacLab/usd_20260814_061453_1824/configuration/lite3_pro_sensor_rig_real_with_interface_isaac_base.usd@</Lite3ProSensorRigRealWithInterfaceV1/d435i_depth_optical_frame/visuals> (recomposing stage on stage @/tmp/IsaacLab/usd_20260814_061453_1824/lite3_pro_sensor_rig_real_with_interface_isaac.usd@ <0x5e8f8fd45730>)

2026-08-14T10:14:54Z [9,663ms] [Warning] [omni.usd] Warning: in _ReportErrors at line 3172 of /builds/omniverse/usd-ci/USD/pxr/usd/usd/stage.cpp -- In </Lite3ProSensorRigRealWithInterfaceV1/FL_FOOT/visuals>: Unresolved reference prim path @/tmp/IsaacLab/usd_20260814_061453_1824/configuration/lite3_pro_sensor_rig_real_with_interface_isaac_base.usd@</visuals/FL_FOOT> introduced by @/tmp/IsaacLab/usd_20260814_061453_1824/configuration/lite3_pro_sensor_rig_real_with_interface_isaac_base.usd@</Lite3ProSensorRigRealWithInterfaceV1/FL_FOOT/visuals> (recomposing stage on stage @/tmp/IsaacLab/usd_20260814_061453_1824/lite3_pro_sensor_rig_real_with_interface_isaac.usd@ <0x5e8f8fd42690>)

2026-08-14T10:14:54Z [9,663ms] [Warning] [omni.usd] Warning: in _ReportErrors at line 3172 of /builds/omniverse/usd-ci/USD/pxr/usd/usd/stage.cpp -- In </Lite3ProSensorRigRealWithInterfaceV1/FR_FOOT/visuals>: Unresolved reference prim path @/tmp/IsaacLab/usd_20260814_061453_1824/configuration/lite3_pro_sensor_rig_real_with_interface_isaac_base.usd@</visuals/FR_FOOT> introduced by @/tmp/IsaacLab/usd_20260814_061453_1824/configuration/lite3_pro_sensor_rig_real_with_interface_isaac_base.usd@</Lite3ProSensorRigRealWithInterfaceV1/FR_FOOT/visuals> (recomposing stage on stage @/tmp/IsaacLab/usd_20260814_061453_1824/lite3_pro_sensor_rig_real_with_interface_isaac.usd@ <0x5e8f8fd42690>)

2026-08-14T10:14:54Z [9,663ms] [Warning] [omni.usd] Warning: in _ReportErrors at line 3172 of /builds/omniverse/usd-ci/USD/pxr/usd/usd/stage.cpp -- In </Lite3ProSensorRigRealWithInterfaceV1/HL_FOOT/visuals>: Unresolved reference prim path @/tmp/IsaacLab/usd_20260814_061453_1824/configuration/lite3_pro_sensor_rig_real_with_interface_isaac_base.usd@</visuals/HL_FOOT> introduced by @/tmp/IsaacLab/usd_20260814_061453_1824/configuration/lite3_pro_sensor_rig_real_with_interface_isaac_base.usd@</Lite3ProSensorRigRealWithInterfaceV1/HL_FOOT/visuals> (recomposing stage on stage @/tmp/IsaacLab/usd_20260814_061453_1824/lite3_pro_sensor_rig_real_with_interface_isaac.usd@ <0x5e8f8fd42690>)

2026-08-14T10:14:54Z [9,663ms] [Warning] [omni.usd] Warning: in _ReportErrors at line 3172 of /builds/omniverse/usd-ci/USD/pxr/usd/usd/stage.cpp -- In </Lite3ProSensorRigRealWithInterfaceV1/mid360_scan_frame/visuals>: Unresolved reference prim path @/tmp/IsaacLab/usd_20260814_061453_1824/configuration/lite3_pro_sensor_rig_real_with_interface_isaac_base.usd@</visuals/mid360_scan_frame> introduced by @/tmp/IsaacLab/usd_20260814_061453_1824/configuration/lite3_pro_sensor_rig_real_with_interface_isaac_base.usd@</Lite3ProSensorRigRealWithInterfaceV1/mid360_scan_frame/visuals> (recomposing stage on stage @/tmp/IsaacLab/usd_20260814_061453_1824/lite3_pro_sensor_rig_real_with_interface_isaac.usd@ <0x5e8f8fd42690>)

2026-08-14T10:14:54Z [9,663ms] [Warning] [omni.usd] Warning: in _ReportErrors at line 3172 of /builds/omniverse/usd-ci/USD/pxr/usd/usd/stage.cpp -- In </Lite3ProSensorRigRealWithInterfaceV1/HR_FOOT/visuals>: Unresolved reference prim path @/tmp/IsaacLab/usd_20260814_061453_1824/configuration/lite3_pro_sensor_rig_real_with_interface_isaac_base.usd@</visuals/HR_FOOT> introduced by @/tmp/IsaacLab/usd_20260814_061453_1824/configuration/lite3_pro_sensor_rig_real_with_interface_isaac_base.usd@</Lite3ProSensorRigRealWithInterfaceV1/HR_FOOT/visuals> (recomposing stage on stage @/tmp/IsaacLab/usd_20260814_061453_1824/lite3_pro_sensor_rig_real_with_interface_isaac.usd@ <0x5e8f8fd42690>)

2026-08-14T10:14:54Z [9,663ms] [Warning] [omni.usd] Warning: in _ReportErrors at line 3172 of /builds/omniverse/usd-ci/USD/pxr/usd/usd/stage.cpp -- In </Lite3ProSensorRigRealWithInterfaceV1/d435i_depth_optical_frame/visuals>: Unresolved reference prim path @/tmp/IsaacLab/usd_20260814_061453_1824/configuration/lite3_pro_sensor_rig_real_with_interface_isaac_base.usd@</visuals/d435i_depth_optical_frame> introduced by @/tmp/IsaacLab/usd_20260814_061453_1824/configuration/lite3_pro_sensor_rig_real_with_interface_isaac_base.usd@</Lite3ProSensorRigRealWithInterfaceV1/d435i_depth_optical_frame/visuals> (recomposing stage on stage @/tmp/IsaacLab/usd_20260814_061453_1824/lite3_pro_sensor_rig_real_with_interface_isaac.usd@ <0x5e8f8fd42690>)

2026-08-14T10:14:54Z [9,664ms] [Warning] [omni.usd] Warning: in _ReportErrors at line 3172 of /builds/omniverse/usd-ci/USD/pxr/usd/usd/stage.cpp -- In </Lite3ProSensorRigRealWithInterfaceV1/FL_FOOT/visuals>: Unresolved reference prim path @/tmp/IsaacLab/usd_20260814_061453_1824/configuration/lite3_pro_sensor_rig_real_with_interface_isaac_physics.usd@</visuals/FL_FOOT> introduced by @/tmp/IsaacLab/usd_20260814_061453_1824/configuration/lite3_pro_sensor_rig_real_with_interface_isaac_base.usd@</Lite3ProSensorRigRealWithInterfaceV1/FL_FOOT/visuals> (recomposing stage on stage @/tmp/IsaacLab/usd_20260814_061453_1824/lite3_pro_sensor_rig_real_with_interface_isaac.usd@ <0x5e8f8fd45730>)

2026-08-14T10:14:54Z [9,664ms] [Warning] [omni.usd] Warning: in _ReportErrors at line 3172 of /builds/omniverse/usd-ci/USD/pxr/usd/usd/stage.cpp -- In </Lite3ProSensorRigRealWithInterfaceV1/FR_FOOT/visuals>: Unresolved reference prim path @/tmp/IsaacLab/usd_20260814_061453_1824/configuration/lite3_pro_sensor_rig_real_with_interface_isaac_physics.usd@</visuals/FR_FOOT> introduced by @/tmp/IsaacLab/usd_20260814_061453_1824/configuration/lite3_pro_sensor_rig_real_with_interface_isaac_base.usd@</Lite3ProSensorRigRealWithInterfaceV1/FR_FOOT/visuals> (recomposing stage on stage @/tmp/IsaacLab/usd_20260814_061453_1824/lite3_pro_sensor_rig_real_with_interface_isaac.usd@ <0x5e8f8fd45730>)

2026-08-14T10:14:54Z [9,664ms] [Warning] [omni.usd] Warning: in _ReportErrors at line 3172 of /builds/omniverse/usd-ci/USD/pxr/usd/usd/stage.cpp -- In </Lite3ProSensorRigRealWithInterfaceV1/HL_FOOT/visuals>: Unresolved reference prim path @/tmp/IsaacLab/usd_20260814_061453_1824/configuration/lite3_pro_sensor_rig_real_with_interface_isaac_physics.usd@</visuals/HL_FOOT> introduced by @/tmp/IsaacLab/usd_20260814_061453_1824/configuration/lite3_pro_sensor_rig_real_with_interface_isaac_base.usd@</Lite3ProSensorRigRealWithInterfaceV1/HL_FOOT/visuals> (recomposing stage on stage @/tmp/IsaacLab/usd_20260814_061453_1824/lite3_pro_sensor_rig_real_with_interface_isaac.usd@ <0x5e8f8fd45730>)

2026-08-14T10:14:54Z [9,664ms] [Warning] [omni.usd] Warning: in _ReportErrors at line 3172 of /builds/omniverse/usd-ci/USD/pxr/usd/usd/stage.cpp -- In </Lite3ProSensorRigRealWithInterfaceV1/mid360_scan_frame/visuals>: Unresolved reference prim path @/tmp/IsaacLab/usd_20260814_061453_1824/configuration/lite3_pro_sensor_rig_real_with_interface_isaac_physics.usd@</visuals/mid360_scan_frame> introduced by @/tmp/IsaacLab/usd_20260814_061453_1824/configuration/lite3_pro_sensor_rig_real_with_interface_isaac_base.usd@</Lite3ProSensorRigRealWithInterfaceV1/mid360_scan_frame/visuals> (recomposing stage on stage @/tmp/IsaacLab/usd_20260814_061453_1824/lite3_pro_sensor_rig_real_with_interface_isaac.usd@ <0x5e8f8fd45730>)

2026-08-14T10:14:54Z [9,664ms] [Warning] [omni.usd] Warning: in _ReportErrors at line 3172 of /builds/omniverse/usd-ci/USD/pxr/usd/usd/stage.cpp -- In </Lite3ProSensorRigRealWithInterfaceV1/HR_FOOT/visuals>: Unresolved reference prim path @/tmp/IsaacLab/usd_20260814_061453_1824/configuration/lite3_pro_sensor_rig_real_with_interface_isaac_physics.usd@</visuals/HR_FOOT> introduced by @/tmp/IsaacLab/usd_20260814_061453_1824/configuration/lite3_pro_sensor_rig_real_with_interface_isaac_base.usd@</Lite3ProSensorRigRealWithInterfaceV1/HR_FOOT/visuals> (recomposing stage on stage @/tmp/IsaacLab/usd_20260814_061453_1824/lite3_pro_sensor_rig_real_with_interface_isaac.usd@ <0x5e8f8fd45730>)

2026-08-14T10:14:54Z [9,664ms] [Warning] [omni.usd] Warning: in _ReportErrors at line 3172 of /builds/omniverse/usd-ci/USD/pxr/usd/usd/stage.cpp -- In </Lite3ProSensorRigRealWithInterfaceV1/d435i_depth_optical_frame/visuals>: Unresolved reference prim path @/tmp/IsaacLab/usd_20260814_061453_1824/configuration/lite3_pro_sensor_rig_real_with_interface_isaac_physics.usd@</visuals/d435i_depth_optical_frame> introduced by @/tmp/IsaacLab/usd_20260814_061453_1824/configuration/lite3_pro_sensor_rig_real_with_interface_isaac_base.usd@</Lite3ProSensorRigRealWithInterfaceV1/d435i_depth_optical_frame/visuals> (recomposing stage on stage @/tmp/IsaacLab/usd_20260814_061453_1824/lite3_pro_sensor_rig_real_with_interface_isaac.usd@ <0x5e8f8fd45730>)

2026-08-14T10:14:54Z [9,664ms] [Warning] [omni.usd] Warning: in _ReportErrors at line 3172 of /builds/omniverse/usd-ci/USD/pxr/usd/usd/stage.cpp -- In </Lite3ProSensorRigRealWithInterfaceV1/FL_FOOT/visuals>: Unresolved reference prim path @/tmp/IsaacLab/usd_20260814_061453_1824/configuration/lite3_pro_sensor_rig_real_with_interface_isaac_physics.usd@</visuals/FL_FOOT> introduced by @/tmp/IsaacLab/usd_20260814_061453_1824/configuration/lite3_pro_sensor_rig_real_with_interface_isaac_base.usd@</Lite3ProSensorRigRealWithInterfaceV1/FL_FOOT/visuals> (recomposing stage on stage @/tmp/IsaacLab/usd_20260814_061453_1824/lite3_pro_sensor_rig_real_with_interface_isaac.usd@ <0x5e8f8fd42690>)

2026-08-14T10:14:54Z [9,664ms] [Warning] [omni.usd] Warning: in _ReportErrors at line 3172 of /builds/omniverse/usd-ci/USD/pxr/usd/usd/stage.cpp -- In </Lite3ProSensorRigRealWithInterfaceV1/FR_FOOT/visuals>: Unresolved reference prim path @/tmp/IsaacLab/usd_20260814_061453_1824/configuration/lite3_pro_sensor_rig_real_with_interface_isaac_physics.usd@</visuals/FR_FOOT> introduced by @/tmp/IsaacLab/usd_20260814_061453_1824/configuration/lite3_pro_sensor_rig_real_with_interface_isaac_base.usd@</Lite3ProSensorRigRealWithInterfaceV1/FR_FOOT/visuals> (recomposing stage on stage @/tmp/IsaacLab/usd_20260814_061453_1824/lite3_pro_sensor_rig_real_with_interface_isaac.usd@ <0x5e8f8fd42690>)

2026-08-14T10:14:54Z [9,665ms] [Warning] [omni.usd] Warning: in _ReportErrors at line 3172 of /builds/omniverse/usd-ci/USD/pxr/usd/usd/stage.cpp -- In </Lite3ProSensorRigRealWithInterfaceV1/HL_FOOT/visuals>: Unresolved reference prim path @/tmp/IsaacLab/usd_20260814_061453_1824/configuration/lite3_pro_sensor_rig_real_with_interface_isaac_physics.usd@</visuals/HL_FOOT> introduced by @/tmp/IsaacLab/usd_20260814_061453_1824/configuration/lite3_pro_sensor_rig_real_with_interface_isaac_base.usd@</Lite3ProSensorRigRealWithInterfaceV1/HL_FOOT/visuals> (recomposing stage on stage @/tmp/IsaacLab/usd_20260814_061453_1824/lite3_pro_sensor_rig_real_with_interface_isaac.usd@ <0x5e8f8fd42690>)

2026-08-14T10:14:54Z [9,665ms] [Warning] [omni.usd] Warning: in _ReportErrors at line 3172 of /builds/omniverse/usd-ci/USD/pxr/usd/usd/stage.cpp -- In </Lite3ProSensorRigRealWithInterfaceV1/mid360_scan_frame/visuals>: Unresolved reference prim path @/tmp/IsaacLab/usd_20260814_061453_1824/configuration/lite3_pro_sensor_rig_real_with_interface_isaac_physics.usd@</visuals/mid360_scan_frame> introduced by @/tmp/IsaacLab/usd_20260814_061453_1824/configuration/lite3_pro_sensor_rig_real_with_interface_isaac_base.usd@</Lite3ProSensorRigRealWithInterfaceV1/mid360_scan_frame/visuals> (recomposing stage on stage @/tmp/IsaacLab/usd_20260814_061453_1824/lite3_pro_sensor_rig_real_with_interface_isaac.usd@ <0x5e8f8fd42690>)

2026-08-14T10:14:54Z [9,665ms] [Warning] [omni.usd] Warning: in _ReportErrors at line 3172 of /builds/omniverse/usd-ci/USD/pxr/usd/usd/stage.cpp -- In </Lite3ProSensorRigRealWithInterfaceV1/HR_FOOT/visuals>: Unresolved reference prim path @/tmp/IsaacLab/usd_20260814_061453_1824/configuration/lite3_pro_sensor_rig_real_with_interface_isaac_physics.usd@</visuals/HR_FOOT> introduced by @/tmp/IsaacLab/usd_20260814_061453_1824/configuration/lite3_pro_sensor_rig_real_with_interface_isaac_base.usd@</Lite3ProSensorRigRealWithInterfaceV1/HR_FOOT/visuals> (recomposing stage on stage @/tmp/IsaacLab/usd_20260814_061453_1824/lite3_pro_sensor_rig_real_with_interface_isaac.usd@ <0x5e8f8fd42690>)

2026-08-14T10:14:54Z [9,665ms] [Warning] [omni.usd] Warning: in _ReportErrors at line 3172 of /builds/omniverse/usd-ci/USD/pxr/usd/usd/stage.cpp -- In </Lite3ProSensorRigRealWithInterfaceV1/d435i_depth_optical_frame/visuals>: Unresolved reference prim path @/tmp/IsaacLab/usd_20260814_061453_1824/configuration/lite3_pro_sensor_rig_real_with_interface_isaac_physics.usd@</visuals/d435i_depth_optical_frame> introduced by @/tmp/IsaacLab/usd_20260814_061453_1824/configuration/lite3_pro_sensor_rig_real_with_interface_isaac_base.usd@</Lite3ProSensorRigRealWithInterfaceV1/d435i_depth_optical_frame/visuals> (recomposing stage on stage @/tmp/IsaacLab/usd_20260814_061453_1824/lite3_pro_sensor_rig_real_with_interface_isaac.usd@ <0x5e8f8fd42690>)

2026-08-14T10:14:54Z [9,665ms] [Warning] [omni.usd] Warning: in _ReportErrors at line 3172 of /builds/omniverse/usd-ci/USD/pxr/usd/usd/stage.cpp -- In </Lite3ProSensorRigRealWithInterfaceV1/FL_FOOT/visuals>: Unresolved reference prim path @/tmp/IsaacLab/usd_20260814_061453_1824/configuration/lite3_pro_sensor_rig_real_with_interface_isaac_physics.usd@</visuals/FL_FOOT> introduced by @/tmp/IsaacLab/usd_20260814_061453_1824/configuration/lite3_pro_sensor_rig_real_with_interface_isaac_base.usd@</Lite3ProSensorRigRealWithInterfaceV1/FL_FOOT/visuals> (recomposing stage on stage @/tmp/IsaacLab/usd_20260814_061453_1824/lite3_pro_sensor_rig_real_with_interface_isaac.usd@ <0x5e8f8fd45730>)

2026-08-14T10:14:54Z [9,665ms] [Warning] [omni.usd] Warning: in _ReportErrors at line 3172 of /builds/omniverse/usd-ci/USD/pxr/usd/usd/stage.cpp -- In </Lite3ProSensorRigRealWithInterfaceV1/FR_FOOT/visuals>: Unresolved reference prim path @/tmp/IsaacLab/usd_20260814_061453_1824/configuration/lite3_pro_sensor_rig_real_with_interface_isaac_physics.usd@</visuals/FR_FOOT> introduced by @/tmp/IsaacLab/usd_20260814_061453_1824/configuration/lite3_pro_sensor_rig_real_with_interface_isaac_base.usd@</Lite3ProSensorRigRealWithInterfaceV1/FR_FOOT/visuals> (recomposing stage on stage @/tmp/IsaacLab/usd_20260814_061453_1824/lite3_pro_sensor_rig_real_with_interface_isaac.usd@ <0x5e8f8fd45730>)

2026-08-14T10:14:54Z [9,665ms] [Warning] [omni.usd] Warning: in _ReportErrors at line 3172 of /builds/omniverse/usd-ci/USD/pxr/usd/usd/stage.cpp -- In </Lite3ProSensorRigRealWithInterfaceV1/HL_FOOT/visuals>: Unresolved reference prim path @/tmp/IsaacLab/usd_20260814_061453_1824/configuration/lite3_pro_sensor_rig_real_with_interface_isaac_physics.usd@</visuals/HL_FOOT> introduced by @/tmp/IsaacLab/usd_20260814_061453_1824/configuration/lite3_pro_sensor_rig_real_with_interface_isaac_base.usd@</Lite3ProSensorRigRealWithInterfaceV1/HL_FOOT/visuals> (recomposing stage on stage @/tmp/IsaacLab/usd_20260814_061453_1824/lite3_pro_sensor_rig_real_with_interface_isaac.usd@ <0x5e8f8fd45730>)

2026-08-14T10:14:54Z [9,665ms] [Warning] [omni.usd] Warning: in _ReportErrors at line 3172 of /builds/omniverse/usd-ci/USD/pxr/usd/usd/stage.cpp -- In </Lite3ProSensorRigRealWithInterfaceV1/HR_FOOT/visuals>: Unresolved reference prim path @/tmp/IsaacLab/usd_20260814_061453_1824/configuration/lite3_pro_sensor_rig_real_with_interface_isaac_physics.usd@</visuals/HR_FOOT> introduced by @/tmp/IsaacLab/usd_20260814_061453_1824/configuration/lite3_pro_sensor_rig_real_with_interface_isaac_base.usd@</Lite3ProSensorRigRealWithInterfaceV1/HR_FOOT/visuals> (recomposing stage on stage @/tmp/IsaacLab/usd_20260814_061453_1824/lite3_pro_sensor_rig_real_with_interface_isaac.usd@ <0x5e8f8fd45730>)

2026-08-14T10:14:54Z [9,665ms] [Warning] [omni.usd] Warning: in _ReportErrors at line 3172 of /builds/omniverse/usd-ci/USD/pxr/usd/usd/stage.cpp -- In </Lite3ProSensorRigRealWithInterfaceV1/mid360_scan_frame/visuals>: Unresolved reference prim path @/tmp/IsaacLab/usd_20260814_061453_1824/configuration/lite3_pro_sensor_rig_real_with_interface_isaac_physics.usd@</visuals/mid360_scan_frame> introduced by @/tmp/IsaacLab/usd_20260814_061453_1824/configuration/lite3_pro_sensor_rig_real_with_interface_isaac_base.usd@</Lite3ProSensorRigRealWithInterfaceV1/mid360_scan_frame/visuals> (recomposing stage on stage @/tmp/IsaacLab/usd_20260814_061453_1824/lite3_pro_sensor_rig_real_with_interface_isaac.usd@ <0x5e8f8fd45730>)

2026-08-14T10:14:54Z [9,665ms] [Warning] [omni.usd] Warning: in _ReportErrors at line 3172 of /builds/omniverse/usd-ci/USD/pxr/usd/usd/stage.cpp -- In </Lite3ProSensorRigRealWithInterfaceV1/d435i_depth_optical_frame/visuals>: Unresolved reference prim path @/tmp/IsaacLab/usd_20260814_061453_1824/configuration/lite3_pro_sensor_rig_real_with_interface_isaac_physics.usd@</visuals/d435i_depth_optical_frame> introduced by @/tmp/IsaacLab/usd_20260814_061453_1824/configuration/lite3_pro_sensor_rig_real_with_interface_isaac_base.usd@</Lite3ProSensorRigRealWithInterfaceV1/d435i_depth_optical_frame/visuals> (recomposing stage on stage @/tmp/IsaacLab/usd_20260814_061453_1824/lite3_pro_sensor_rig_real_with_interface_isaac.usd@ <0x5e8f8fd45730>)

2026-08-14T10:14:54Z [9,666ms] [Warning] [omni.usd] Warning: in _ReportErrors at line 3172 of /builds/omniverse/usd-ci/USD/pxr/usd/usd/stage.cpp -- In </Lite3ProSensorRigRealWithInterfaceV1/FL_FOOT/visuals>: Unresolved reference prim path @/tmp/IsaacLab/usd_20260814_061453_1824/configuration/lite3_pro_sensor_rig_real_with_interface_isaac_physics.usd@</visuals/FL_FOOT> introduced by @/tmp/IsaacLab/usd_20260814_061453_1824/configuration/lite3_pro_sensor_rig_real_with_interface_isaac_base.usd@</Lite3ProSensorRigRealWithInterfaceV1/FL_FOOT/visuals> (recomposing stage on stage @/tmp/IsaacLab/usd_20260814_061453_1824/lite3_pro_sensor_rig_real_with_interface_isaac.usd@ <0x5e8f8fd42690>)

2026-08-14T10:14:54Z [9,666ms] [Warning] [omni.usd] Warning: in _ReportErrors at line 3172 of /builds/omniverse/usd-ci/USD/pxr/usd/usd/stage.cpp -- In </Lite3ProSensorRigRealWithInterfaceV1/HL_FOOT/visuals>: Unresolved reference prim path @/tmp/IsaacLab/usd_20260814_061453_1824/configuration/lite3_pro_sensor_rig_real_with_interface_isaac_physics.usd@</visuals/HL_FOOT> introduced by @/tmp/IsaacLab/usd_20260814_061453_1824/configuration/lite3_pro_sensor_rig_real_with_interface_isaac_base.usd@</Lite3ProSensorRigRealWithInterfaceV1/HL_FOOT/visuals> (recomposing stage on stage @/tmp/IsaacLab/usd_20260814_061453_1824/lite3_pro_sensor_rig_real_with_interface_isaac.usd@ <0x5e8f8fd42690>)

2026-08-14T10:14:54Z [9,666ms] [Warning] [omni.usd] Warning: in _ReportErrors at line 3172 of /builds/omniverse/usd-ci/USD/pxr/usd/usd/stage.cpp -- In </Lite3ProSensorRigRealWithInterfaceV1/HR_FOOT/visuals>: Unresolved reference prim path @/tmp/IsaacLab/usd_20260814_061453_1824/configuration/lite3_pro_sensor_rig_real_with_interface_isaac_physics.usd@</visuals/HR_FOOT> introduced by @/tmp/IsaacLab/usd_20260814_061453_1824/configuration/lite3_pro_sensor_rig_real_with_interface_isaac_base.usd@</Lite3ProSensorRigRealWithInterfaceV1/HR_FOOT/visuals> (recomposing stage on stage @/tmp/IsaacLab/usd_20260814_061453_1824/lite3_pro_sensor_rig_real_with_interface_isaac.usd@ <0x5e8f8fd42690>)

2026-08-14T10:14:54Z [9,666ms] [Warning] [omni.usd] Warning: in _ReportErrors at line 3172 of /builds/omniverse/usd-ci/USD/pxr/usd/usd/stage.cpp -- In </Lite3ProSensorRigRealWithInterfaceV1/mid360_scan_frame/visuals>: Unresolved reference prim path @/tmp/IsaacLab/usd_20260814_061453_1824/configuration/lite3_pro_sensor_rig_real_with_interface_isaac_physics.usd@</visuals/mid360_scan_frame> introduced by @/tmp/IsaacLab/usd_20260814_061453_1824/configuration/lite3_pro_sensor_rig_real_with_interface_isaac_base.usd@</Lite3ProSensorRigRealWithInterfaceV1/mid360_scan_frame/visuals> (recomposing stage on stage @/tmp/IsaacLab/usd_20260814_061453_1824/lite3_pro_sensor_rig_real_with_interface_isaac.usd@ <0x5e8f8fd42690>)

2026-08-14T10:14:54Z [9,666ms] [Warning] [omni.usd] Warning: in _ReportErrors at line 3172 of /builds/omniverse/usd-ci/USD/pxr/usd/usd/stage.cpp -- In </Lite3ProSensorRigRealWithInterfaceV1/d435i_depth_optical_frame/visuals>: Unresolved reference prim path @/tmp/IsaacLab/usd_20260814_061453_1824/configuration/lite3_pro_sensor_rig_real_with_interface_isaac_physics.usd@</visuals/d435i_depth_optical_frame> introduced by @/tmp/IsaacLab/usd_20260814_061453_1824/configuration/lite3_pro_sensor_rig_real_with_interface_isaac_base.usd@</Lite3ProSensorRigRealWithInterfaceV1/d435i_depth_optical_frame/visuals> (recomposing stage on stage @/tmp/IsaacLab/usd_20260814_061453_1824/lite3_pro_sensor_rig_real_with_interface_isaac.usd@ <0x5e8f8fd42690>)

2026-08-14T10:14:54Z [9,666ms] [Warning] [omni.usd] Warning: in _ReportErrors at line 3172 of /builds/omniverse/usd-ci/USD/pxr/usd/usd/stage.cpp -- In </Lite3ProSensorRigRealWithInterfaceV1/FR_FOOT/visuals>: Unresolved reference prim path @/tmp/IsaacLab/usd_20260814_061453_1824/configuration/lite3_pro_sensor_rig_real_with_interface_isaac_physics.usd@</visuals/FR_FOOT> introduced by @/tmp/IsaacLab/usd_20260814_061453_1824/configuration/lite3_pro_sensor_rig_real_with_interface_isaac_base.usd@</Lite3ProSensorRigRealWithInterfaceV1/FR_FOOT/visuals> (recomposing stage on stage @/tmp/IsaacLab/usd_20260814_061453_1824/lite3_pro_sensor_rig_real_with_interface_isaac.usd@ <0x5e8f8fd42690>)

2026-08-14T10:14:54Z [9,666ms] [Warning] [omni.usd] Warning: in _ReportErrors at line 3172 of /builds/omniverse/usd-ci/USD/pxr/usd/usd/stage.cpp -- In </Lite3ProSensorRigRealWithInterfaceV1/FR_FOOT/visuals>: Unresolved reference prim path @/tmp/IsaacLab/usd_20260814_061453_1824/configuration/lite3_pro_sensor_rig_real_with_interface_isaac_physics.usd@</visuals/FR_FOOT> introduced by @/tmp/IsaacLab/usd_20260814_061453_1824/configuration/lite3_pro_sensor_rig_real_with_interface_isaac_base.usd@</Lite3ProSensorRigRealWithInterfaceV1/FR_FOOT/visuals> (recomposing stage on stage @/tmp/IsaacLab/usd_20260814_061453_1824/lite3_pro_sensor_rig_real_with_interface_isaac.usd@ <0x5e8f8fd45730>)

2026-08-14T10:14:54Z [9,666ms] [Warning] [omni.usd] Warning: in _ReportErrors at line 3172 of /builds/omniverse/usd-ci/USD/pxr/usd/usd/stage.cpp -- In </Lite3ProSensorRigRealWithInterfaceV1/FL_FOOT/visuals>: Unresolved reference prim path @/tmp/IsaacLab/usd_20260814_061453_1824/configuration/lite3_pro_sensor_rig_real_with_interface_isaac_physics.usd@</visuals/FL_FOOT> introduced by @/tmp/IsaacLab/usd_20260814_061453_1824/configuration/lite3_pro_sensor_rig_real_with_interface_isaac_base.usd@</Lite3ProSensorRigRealWithInterfaceV1/FL_FOOT/visuals> (recomposing stage on stage @/tmp/IsaacLab/usd_20260814_061453_1824/lite3_pro_sensor_rig_real_with_interface_isaac.usd@ <0x5e8f8fd45730>)

2026-08-14T10:14:54Z [9,666ms] [Warning] [omni.usd] Warning: in _ReportErrors at line 3172 of /builds/omniverse/usd-ci/USD/pxr/usd/usd/stage.cpp -- In </Lite3ProSensorRigRealWithInterfaceV1/HL_FOOT/visuals>: Unresolved reference prim path @/tmp/IsaacLab/usd_20260814_061453_1824/configuration/lite3_pro_sensor_rig_real_with_interface_isaac_physics.usd@</visuals/HL_FOOT> introduced by @/tmp/IsaacLab/usd_20260814_061453_1824/configuration/lite3_pro_sensor_rig_real_with_interface_isaac_base.usd@</Lite3ProSensorRigRealWithInterfaceV1/HL_FOOT/visuals> (recomposing stage on stage @/tmp/IsaacLab/usd_20260814_061453_1824/lite3_pro_sensor_rig_real_with_interface_isaac.usd@ <0x5e8f8fd45730>)

2026-08-14T10:14:54Z [9,666ms] [Warning] [omni.usd] Warning: in _ReportErrors at line 3172 of /builds/omniverse/usd-ci/USD/pxr/usd/usd/stage.cpp -- In </Lite3ProSensorRigRealWithInterfaceV1/mid360_scan_frame/visuals>: Unresolved reference prim path @/tmp/IsaacLab/usd_20260814_061453_1824/configuration/lite3_pro_sensor_rig_real_with_interface_isaac_physics.usd@</visuals/mid360_scan_frame> introduced by @/tmp/IsaacLab/usd_20260814_061453_1824/configuration/lite3_pro_sensor_rig_real_with_interface_isaac_base.usd@</Lite3ProSensorRigRealWithInterfaceV1/mid360_scan_frame/visuals> (recomposing stage on stage @/tmp/IsaacLab/usd_20260814_061453_1824/lite3_pro_sensor_rig_real_with_interface_isaac.usd@ <0x5e8f8fd45730>)

2026-08-14T10:14:54Z [9,666ms] [Warning] [omni.usd] Warning: in _ReportErrors at line 3172 of /builds/omniverse/usd-ci/USD/pxr/usd/usd/stage.cpp -- In </Lite3ProSensorRigRealWithInterfaceV1/HR_FOOT/visuals>: Unresolved reference prim path @/tmp/IsaacLab/usd_20260814_061453_1824/configuration/lite3_pro_sensor_rig_real_with_interface_isaac_physics.usd@</visuals/HR_FOOT> introduced by @/tmp/IsaacLab/usd_20260814_061453_1824/configuration/lite3_pro_sensor_rig_real_with_interface_isaac_base.usd@</Lite3ProSensorRigRealWithInterfaceV1/HR_FOOT/visuals> (recomposing stage on stage @/tmp/IsaacLab/usd_20260814_061453_1824/lite3_pro_sensor_rig_real_with_interface_isaac.usd@ <0x5e8f8fd45730>)

2026-08-14T10:14:54Z [9,666ms] [Warning] [omni.usd] Warning: in _ReportErrors at line 3172 of /builds/omniverse/usd-ci/USD/pxr/usd/usd/stage.cpp -- In </Lite3ProSensorRigRealWithInterfaceV1/d435i_depth_optical_frame/visuals>: Unresolved reference prim path @/tmp/IsaacLab/usd_20260814_061453_1824/configuration/lite3_pro_sensor_rig_real_with_interface_isaac_physics.usd@</visuals/d435i_depth_optical_frame> introduced by @/tmp/IsaacLab/usd_20260814_061453_1824/configuration/lite3_pro_sensor_rig_real_with_interface_isaac_base.usd@</Lite3ProSensorRigRealWithInterfaceV1/d435i_depth_optical_frame/visuals> (recomposing stage on stage @/tmp/IsaacLab/usd_20260814_061453_1824/lite3_pro_sensor_rig_real_with_interface_isaac.usd@ <0x5e8f8fd45730>)

2026-08-14T10:14:54Z [9,667ms] [Warning] [omni.usd] Warning: in _ReportErrors at line 3172 of /builds/omniverse/usd-ci/USD/pxr/usd/usd/stage.cpp -- In </Lite3ProSensorRigRealWithInterfaceV1/FL_FOOT/visuals>: Unresolved reference prim path @/tmp/IsaacLab/usd_20260814_061453_1824/configuration/lite3_pro_sensor_rig_real_with_interface_isaac_physics.usd@</visuals/FL_FOOT> introduced by @/tmp/IsaacLab/usd_20260814_061453_1824/configuration/lite3_pro_sensor_rig_real_with_interface_isaac_base.usd@</Lite3ProSensorRigRealWithInterfaceV1/FL_FOOT/visuals> (recomposing stage on stage @/tmp/IsaacLab/usd_20260814_061453_1824/lite3_pro_sensor_rig_real_with_interface_isaac.usd@ <0x5e8f8fd42690>)

2026-08-14T10:14:54Z [9,667ms] [Warning] [omni.usd] Warning: in _ReportErrors at line 3172 of /builds/omniverse/usd-ci/USD/pxr/usd/usd/stage.cpp -- In </Lite3ProSensorRigRealWithInterfaceV1/FR_FOOT/visuals>: Unresolved reference prim path @/tmp/IsaacLab/usd_20260814_061453_1824/configuration/lite3_pro_sensor_rig_real_with_interface_isaac_physics.usd@</visuals/FR_FOOT> introduced by @/tmp/IsaacLab/usd_20260814_061453_1824/configuration/lite3_pro_sensor_rig_real_with_interface_isaac_base.usd@</Lite3ProSensorRigRealWithInterfaceV1/FR_FOOT/visuals> (recomposing stage on stage @/tmp/IsaacLab/usd_20260814_061453_1824/lite3_pro_sensor_rig_real_with_interface_isaac.usd@ <0x5e8f8fd42690>)

2026-08-14T10:14:54Z [9,667ms] [Warning] [omni.usd] Warning: in _ReportErrors at line 3172 of /builds/omniverse/usd-ci/USD/pxr/usd/usd/stage.cpp -- In </Lite3ProSensorRigRealWithInterfaceV1/HL_FOOT/visuals>: Unresolved reference prim path @/tmp/IsaacLab/usd_20260814_061453_1824/configuration/lite3_pro_sensor_rig_real_with_interface_isaac_physics.usd@</visuals/HL_FOOT> introduced by @/tmp/IsaacLab/usd_20260814_061453_1824/configuration/lite3_pro_sensor_rig_real_with_interface_isaac_base.usd@</Lite3ProSensorRigRealWithInterfaceV1/HL_FOOT/visuals> (recomposing stage on stage @/tmp/IsaacLab/usd_20260814_061453_1824/lite3_pro_sensor_rig_real_with_interface_isaac.usd@ <0x5e8f8fd42690>)

2026-08-14T10:14:54Z [9,667ms] [Warning] [omni.usd] Warning: in _ReportErrors at line 3172 of /builds/omniverse/usd-ci/USD/pxr/usd/usd/stage.cpp -- In </Lite3ProSensorRigRealWithInterfaceV1/mid360_scan_frame/visuals>: Unresolved reference prim path @/tmp/IsaacLab/usd_20260814_061453_1824/configuration/lite3_pro_sensor_rig_real_with_interface_isaac_physics.usd@</visuals/mid360_scan_frame> introduced by @/tmp/IsaacLab/usd_20260814_061453_1824/configuration/lite3_pro_sensor_rig_real_with_interface_isaac_base.usd@</Lite3ProSensorRigRealWithInterfaceV1/mid360_scan_frame/visuals> (recomposing stage on stage @/tmp/IsaacLab/usd_20260814_061453_1824/lite3_pro_sensor_rig_real_with_interface_isaac.usd@ <0x5e8f8fd42690>)

2026-08-14T10:14:54Z [9,667ms] [Warning] [omni.usd] Warning: in _ReportErrors at line 3172 of /builds/omniverse/usd-ci/USD/pxr/usd/usd/stage.cpp -- In </Lite3ProSensorRigRealWithInterfaceV1/d435i_depth_optical_frame/visuals>: Unresolved reference prim path @/tmp/IsaacLab/usd_20260814_061453_1824/configuration/lite3_pro_sensor_rig_real_with_interface_isaac_physics.usd@</visuals/d435i_depth_optical_frame> introduced by @/tmp/IsaacLab/usd_20260814_061453_1824/configuration/lite3_pro_sensor_rig_real_with_interface_isaac_base.usd@</Lite3ProSensorRigRealWithInterfaceV1/d435i_depth_optical_frame/visuals> (recomposing stage on stage @/tmp/IsaacLab/usd_20260814_061453_1824/lite3_pro_sensor_rig_real_with_interface_isaac.usd@ <0x5e8f8fd42690>)

2026-08-14T10:14:54Z [9,667ms] [Warning] [omni.usd] Warning: in _ReportErrors at line 3172 of /builds/omniverse/usd-ci/USD/pxr/usd/usd/stage.cpp -- In </Lite3ProSensorRigRealWithInterfaceV1/HR_FOOT/visuals>: Unresolved reference prim path @/tmp/IsaacLab/usd_20260814_061453_1824/configuration/lite3_pro_sensor_rig_real_with_interface_isaac_physics.usd@</visuals/HR_FOOT> introduced by @/tmp/IsaacLab/usd_20260814_061453_1824/configuration/lite3_pro_sensor_rig_real_with_interface_isaac_base.usd@</Lite3ProSensorRigRealWithInterfaceV1/HR_FOOT/visuals> (recomposing stage on stage @/tmp/IsaacLab/usd_20260814_061453_1824/lite3_pro_sensor_rig_real_with_interface_isaac.usd@ <0x5e8f8fd42690>)

2026-08-14T10:14:54Z [9,667ms] [Warning] [omni.usd] Warning: in _ReportErrors at line 3172 of /builds/omniverse/usd-ci/USD/pxr/usd/usd/stage.cpp -- In </Lite3ProSensorRigRealWithInterfaceV1/FL_FOOT/visuals>: Unresolved reference prim path @/tmp/IsaacLab/usd_20260814_061453_1824/configuration/lite3_pro_sensor_rig_real_with_interface_isaac_physics.usd@</visuals/FL_FOOT> introduced by @/tmp/IsaacLab/usd_20260814_061453_1824/configuration/lite3_pro_sensor_rig_real_with_interface_isaac_base.usd@</Lite3ProSensorRigRealWithInterfaceV1/FL_FOOT/visuals> (recomposing stage on stage @/tmp/IsaacLab/usd_20260814_061453_1824/lite3_pro_sensor_rig_real_with_interface_isaac.usd@ <0x5e8f8fd45730>)

2026-08-14T10:14:54Z [9,667ms] [Warning] [omni.usd] Warning: in _ReportErrors at line 3172 of /builds/omniverse/usd-ci/USD/pxr/usd/usd/stage.cpp -- In </Lite3ProSensorRigRealWithInterfaceV1/FR_FOOT/visuals>: Unresolved reference prim path @/tmp/IsaacLab/usd_20260814_061453_1824/configuration/lite3_pro_sensor_rig_real_with_interface_isaac_physics.usd@</visuals/FR_FOOT> introduced by @/tmp/IsaacLab/usd_20260814_061453_1824/configuration/lite3_pro_sensor_rig_real_with_interface_isaac_base.usd@</Lite3ProSensorRigRealWithInterfaceV1/FR_FOOT/visuals> (recomposing stage on stage @/tmp/IsaacLab/usd_20260814_061453_1824/lite3_pro_sensor_rig_real_with_interface_isaac.usd@ <0x5e8f8fd45730>)

2026-08-14T10:14:54Z [9,667ms] [Warning] [omni.usd] Warning: in _ReportErrors at line 3172 of /builds/omniverse/usd-ci/USD/pxr/usd/usd/stage.cpp -- In </Lite3ProSensorRigRealWithInterfaceV1/HL_FOOT/visuals>: Unresolved reference prim path @/tmp/IsaacLab/usd_20260814_061453_1824/configuration/lite3_pro_sensor_rig_real_with_interface_isaac_physics.usd@</visuals/HL_FOOT> introduced by @/tmp/IsaacLab/usd_20260814_061453_1824/configuration/lite3_pro_sensor_rig_real_with_interface_isaac_base.usd@</Lite3ProSensorRigRealWithInterfaceV1/HL_FOOT/visuals> (recomposing stage on stage @/tmp/IsaacLab/usd_20260814_061453_1824/lite3_pro_sensor_rig_real_with_interface_isaac.usd@ <0x5e8f8fd45730>)

2026-08-14T10:14:54Z [9,667ms] [Warning] [omni.usd] Warning: in _ReportErrors at line 3172 of /builds/omniverse/usd-ci/USD/pxr/usd/usd/stage.cpp -- In </Lite3ProSensorRigRealWithInterfaceV1/HR_FOOT/visuals>: Unresolved reference prim path @/tmp/IsaacLab/usd_20260814_061453_1824/configuration/lite3_pro_sensor_rig_real_with_interface_isaac_physics.usd@</visuals/HR_FOOT> introduced by @/tmp/IsaacLab/usd_20260814_061453_1824/configuration/lite3_pro_sensor_rig_real_with_interface_isaac_base.usd@</Lite3ProSensorRigRealWithInterfaceV1/HR_FOOT/visuals> (recomposing stage on stage @/tmp/IsaacLab/usd_20260814_061453_1824/lite3_pro_sensor_rig_real_with_interface_isaac.usd@ <0x5e8f8fd45730>)

2026-08-14T10:14:54Z [9,667ms] [Warning] [omni.usd] Warning: in _ReportErrors at line 3172 of /builds/omniverse/usd-ci/USD/pxr/usd/usd/stage.cpp -- In </Lite3ProSensorRigRealWithInterfaceV1/d435i_depth_optical_frame/visuals>: Unresolved reference prim path @/tmp/IsaacLab/usd_20260814_061453_1824/configuration/lite3_pro_sensor_rig_real_with_interface_isaac_physics.usd@</visuals/d435i_depth_optical_frame> introduced by @/tmp/IsaacLab/usd_20260814_061453_1824/configuration/lite3_pro_sensor_rig_real_with_interface_isaac_base.usd@</Lite3ProSensorRigRealWithInterfaceV1/d435i_depth_optical_frame/visuals> (recomposing stage on stage @/tmp/IsaacLab/usd_20260814_061453_1824/lite3_pro_sensor_rig_real_with_interface_isaac.usd@ <0x5e8f8fd45730>)

2026-08-14T10:14:54Z [9,667ms] [Warning] [omni.usd] Warning: in _ReportErrors at line 3172 of /builds/omniverse/usd-ci/USD/pxr/usd/usd/stage.cpp -- In </Lite3ProSensorRigRealWithInterfaceV1/mid360_scan_frame/visuals>: Unresolved reference prim path @/tmp/IsaacLab/usd_20260814_061453_1824/configuration/lite3_pro_sensor_rig_real_with_interface_isaac_physics.usd@</visuals/mid360_scan_frame> introduced by @/tmp/IsaacLab/usd_20260814_061453_1824/configuration/lite3_pro_sensor_rig_real_with_interface_isaac_base.usd@</Lite3ProSensorRigRealWithInterfaceV1/mid360_scan_frame/visuals> (recomposing stage on stage @/tmp/IsaacLab/usd_20260814_061453_1824/lite3_pro_sensor_rig_real_with_interface_isaac.usd@ <0x5e8f8fd45730>)

2026-08-14T10:14:54Z [9,668ms] [Warning] [omni.usd] Warning: in _ReportErrors at line 3172 of /builds/omniverse/usd-ci/USD/pxr/usd/usd/stage.cpp -- In </Lite3ProSensorRigRealWithInterfaceV1/FL_FOOT/visuals>: Unresolved reference prim path @/tmp/IsaacLab/usd_20260814_061453_1824/configuration/lite3_pro_sensor_rig_real_with_interface_isaac_physics.usd@</visuals/FL_FOOT> introduced by @/tmp/IsaacLab/usd_20260814_061453_1824/configuration/lite3_pro_sensor_rig_real_with_interface_isaac_base.usd@</Lite3ProSensorRigRealWithInterfaceV1/FL_FOOT/visuals> (recomposing stage on stage @/tmp/IsaacLab/usd_20260814_061453_1824/lite3_pro_sensor_rig_real_with_interface_isaac.usd@ <0x5e8f8fd42690>)

2026-08-14T10:14:54Z [9,668ms] [Warning] [omni.usd] Warning: in _ReportErrors at line 3172 of /builds/omniverse/usd-ci/USD/pxr/usd/usd/stage.cpp -- In </Lite3ProSensorRigRealWithInterfaceV1/FR_FOOT/visuals>: Unresolved reference prim path @/tmp/IsaacLab/usd_20260814_061453_1824/configuration/lite3_pro_sensor_rig_real_with_interface_isaac_physics.usd@</visuals/FR_FOOT> introduced by @/tmp/IsaacLab/usd_20260814_061453_1824/configuration/lite3_pro_sensor_rig_real_with_interface_isaac_base.usd@</Lite3ProSensorRigRealWithInterfaceV1/FR_FOOT/visuals> (recomposing stage on stage @/tmp/IsaacLab/usd_20260814_061453_1824/lite3_pro_sensor_rig_real_with_interface_isaac.usd@ <0x5e8f8fd42690>)

2026-08-14T10:14:54Z [9,668ms] [Warning] [omni.usd] Warning: in _ReportErrors at line 3172 of /builds/omniverse/usd-ci/USD/pxr/usd/usd/stage.cpp -- In </Lite3ProSensorRigRealWithInterfaceV1/HL_FOOT/visuals>: Unresolved reference prim path @/tmp/IsaacLab/usd_20260814_061453_1824/configuration/lite3_pro_sensor_rig_real_with_interface_isaac_physics.usd@</visuals/HL_FOOT> introduced by @/tmp/IsaacLab/usd_20260814_061453_1824/configuration/lite3_pro_sensor_rig_real_with_interface_isaac_base.usd@</Lite3ProSensorRigRealWithInterfaceV1/HL_FOOT/visuals> (recomposing stage on stage @/tmp/IsaacLab/usd_20260814_061453_1824/lite3_pro_sensor_rig_real_with_interface_isaac.usd@ <0x5e8f8fd42690>)

2026-08-14T10:14:54Z [9,668ms] [Warning] [omni.usd] Warning: in _ReportErrors at line 3172 of /builds/omniverse/usd-ci/USD/pxr/usd/usd/stage.cpp -- In </Lite3ProSensorRigRealWithInterfaceV1/mid360_scan_frame/visuals>: Unresolved reference prim path @/tmp/IsaacLab/usd_20260814_061453_1824/configuration/lite3_pro_sensor_rig_real_with_interface_isaac_physics.usd@</visuals/mid360_scan_frame> introduced by @/tmp/IsaacLab/usd_20260814_061453_1824/configuration/lite3_pro_sensor_rig_real_with_interface_isaac_base.usd@</Lite3ProSensorRigRealWithInterfaceV1/mid360_scan_frame/visuals> (recomposing stage on stage @/tmp/IsaacLab/usd_20260814_061453_1824/lite3_pro_sensor_rig_real_with_interface_isaac.usd@ <0x5e8f8fd42690>)

2026-08-14T10:14:54Z [9,668ms] [Warning] [omni.usd] Warning: in _ReportErrors at line 3172 of /builds/omniverse/usd-ci/USD/pxr/usd/usd/stage.cpp -- In </Lite3ProSensorRigRealWithInterfaceV1/HR_FOOT/visuals>: Unresolved reference prim path @/tmp/IsaacLab/usd_20260814_061453_1824/configuration/lite3_pro_sensor_rig_real_with_interface_isaac_physics.usd@</visuals/HR_FOOT> introduced by @/tmp/IsaacLab/usd_20260814_061453_1824/configuration/lite3_pro_sensor_rig_real_with_interface_isaac_base.usd@</Lite3ProSensorRigRealWithInterfaceV1/HR_FOOT/visuals> (recomposing stage on stage @/tmp/IsaacLab/usd_20260814_061453_1824/lite3_pro_sensor_rig_real_with_interface_isaac.usd@ <0x5e8f8fd42690>)

2026-08-14T10:14:54Z [9,668ms] [Warning] [omni.usd] Warning: in _ReportErrors at line 3172 of /builds/omniverse/usd-ci/USD/pxr/usd/usd/stage.cpp -- In </Lite3ProSensorRigRealWithInterfaceV1/d435i_depth_optical_frame/visuals>: Unresolved reference prim path @/tmp/IsaacLab/usd_20260814_061453_1824/configuration/lite3_pro_sensor_rig_real_with_interface_isaac_physics.usd@</visuals/d435i_depth_optical_frame> introduced by @/tmp/IsaacLab/usd_20260814_061453_1824/configuration/lite3_pro_sensor_rig_real_with_interface_isaac_base.usd@</Lite3ProSensorRigRealWithInterfaceV1/d435i_depth_optical_frame/visuals> (recomposing stage on stage @/tmp/IsaacLab/usd_20260814_061453_1824/lite3_pro_sensor_rig_real_with_interface_isaac.usd@ <0x5e8f8fd42690>)

2026-08-14T10:14:54Z [9,669ms] [Warning] [omni.usd] Warning: in _ReportErrors at line 3172 of /builds/omniverse/usd-ci/USD/pxr/usd/usd/stage.cpp -- In </Lite3ProSensorRigRealWithInterfaceV1/FL_FOOT/visuals>: Unresolved reference prim path @/tmp/IsaacLab/usd_20260814_061453_1824/configuration/lite3_pro_sensor_rig_real_with_interface_isaac_physics.usd@</visuals/FL_FOOT> introduced by @/tmp/IsaacLab/usd_20260814_061453_1824/configuration/lite3_pro_sensor_rig_real_with_interface_isaac_base.usd@</Lite3ProSensorRigRealWithInterfaceV1/FL_FOOT/visuals> (recomposing stage on stage @/tmp/IsaacLab/usd_20260814_061453_1824/lite3_pro_sensor_rig_real_with_interface_isaac.usd@ <0x5e8f8fd45730>)

2026-08-14T10:14:54Z [9,669ms] [Warning] [omni.usd] Warning: in _ReportErrors at line 3172 of /builds/omniverse/usd-ci/USD/pxr/usd/usd/stage.cpp -- In </Lite3ProSensorRigRealWithInterfaceV1/FR_FOOT/visuals>: Unresolved reference prim path @/tmp/IsaacLab/usd_20260814_061453_1824/configuration/lite3_pro_sensor_rig_real_with_interface_isaac_physics.usd@</visuals/FR_FOOT> introduced by @/tmp/IsaacLab/usd_20260814_061453_1824/configuration/lite3_pro_sensor_rig_real_with_interface_isaac_base.usd@</Lite3ProSensorRigRealWithInterfaceV1/FR_FOOT/visuals> (recomposing stage on stage @/tmp/IsaacLab/usd_20260814_061453_1824/lite3_pro_sensor_rig_real_with_interface_isaac.usd@ <0x5e8f8fd45730>)

2026-08-14T10:14:54Z [9,669ms] [Warning] [omni.usd] Warning: in _ReportErrors at line 3172 of /builds/omniverse/usd-ci/USD/pxr/usd/usd/stage.cpp -- In </Lite3ProSensorRigRealWithInterfaceV1/HL_FOOT/visuals>: Unresolved reference prim path @/tmp/IsaacLab/usd_20260814_061453_1824/configuration/lite3_pro_sensor_rig_real_with_interface_isaac_physics.usd@</visuals/HL_FOOT> introduced by @/tmp/IsaacLab/usd_20260814_061453_1824/configuration/lite3_pro_sensor_rig_real_with_interface_isaac_base.usd@</Lite3ProSensorRigRealWithInterfaceV1/HL_FOOT/visuals> (recomposing stage on stage @/tmp/IsaacLab/usd_20260814_061453_1824/lite3_pro_sensor_rig_real_with_interface_isaac.usd@ <0x5e8f8fd45730>)

2026-08-14T10:14:54Z [9,669ms] [Warning] [omni.usd] Warning: in _ReportErrors at line 3172 of /builds/omniverse/usd-ci/USD/pxr/usd/usd/stage.cpp -- In </Lite3ProSensorRigRealWithInterfaceV1/HR_FOOT/visuals>: Unresolved reference prim path @/tmp/IsaacLab/usd_20260814_061453_1824/configuration/lite3_pro_sensor_rig_real_with_interface_isaac_physics.usd@</visuals/HR_FOOT> introduced by @/tmp/IsaacLab/usd_20260814_061453_1824/configuration/lite3_pro_sensor_rig_real_with_interface_isaac_base.usd@</Lite3ProSensorRigRealWithInterfaceV1/HR_FOOT/visuals> (recomposing stage on stage @/tmp/IsaacLab/usd_20260814_061453_1824/lite3_pro_sensor_rig_real_with_interface_isaac.usd@ <0x5e8f8fd45730>)

2026-08-14T10:14:54Z [9,669ms] [Warning] [omni.usd] Warning: in _ReportErrors at line 3172 of /builds/omniverse/usd-ci/USD/pxr/usd/usd/stage.cpp -- In </Lite3ProSensorRigRealWithInterfaceV1/mid360_scan_frame/visuals>: Unresolved reference prim path @/tmp/IsaacLab/usd_20260814_061453_1824/configuration/lite3_pro_sensor_rig_real_with_interface_isaac_physics.usd@</visuals/mid360_scan_frame> introduced by @/tmp/IsaacLab/usd_20260814_061453_1824/configuration/lite3_pro_sensor_rig_real_with_interface_isaac_base.usd@</Lite3ProSensorRigRealWithInterfaceV1/mid360_scan_frame/visuals> (recomposing stage on stage @/tmp/IsaacLab/usd_20260814_061453_1824/lite3_pro_sensor_rig_real_with_interface_isaac.usd@ <0x5e8f8fd45730>)

2026-08-14T10:14:54Z [9,669ms] [Warning] [omni.usd] Warning: in _ReportErrors at line 3172 of /builds/omniverse/usd-ci/USD/pxr/usd/usd/stage.cpp -- In </Lite3ProSensorRigRealWithInterfaceV1/d435i_depth_optical_frame/visuals>: Unresolved reference prim path @/tmp/IsaacLab/usd_20260814_061453_1824/configuration/lite3_pro_sensor_rig_real_with_interface_isaac_physics.usd@</visuals/d435i_depth_optical_frame> introduced by @/tmp/IsaacLab/usd_20260814_061453_1824/configuration/lite3_pro_sensor_rig_real_with_interface_isaac_base.usd@</Lite3ProSensorRigRealWithInterfaceV1/d435i_depth_optical_frame/visuals> (recomposing stage on stage @/tmp/IsaacLab/usd_20260814_061453_1824/lite3_pro_sensor_rig_real_with_interface_isaac.usd@ <0x5e8f8fd45730>)

2026-08-14T10:14:54Z [9,669ms] [Warning] [omni.usd] Warning: in _ReportErrors at line 3172 of /builds/omniverse/usd-ci/USD/pxr/usd/usd/stage.cpp -- In </Lite3ProSensorRigRealWithInterfaceV1/FL_FOOT/visuals>: Unresolved reference prim path @/tmp/IsaacLab/usd_20260814_061453_1824/configuration/lite3_pro_sensor_rig_real_with_interface_isaac_physics.usd@</visuals/FL_FOOT> introduced by @/tmp/IsaacLab/usd_20260814_061453_1824/configuration/lite3_pro_sensor_rig_real_with_interface_isaac_base.usd@</Lite3ProSensorRigRealWithInterfaceV1/FL_FOOT/visuals> (recomposing stage on stage @/tmp/IsaacLab/usd_20260814_061453_1824/lite3_pro_sensor_rig_real_with_interface_isaac.usd@ <0x5e8f8fd42690>)

2026-08-14T10:14:54Z [9,669ms] [Warning] [omni.usd] Warning: in _ReportErrors at line 3172 of /builds/omniverse/usd-ci/USD/pxr/usd/usd/stage.cpp -- In </Lite3ProSensorRigRealWithInterfaceV1/FR_FOOT/visuals>: Unresolved reference prim path @/tmp/IsaacLab/usd_20260814_061453_1824/configuration/lite3_pro_sensor_rig_real_with_interface_isaac_physics.usd@</visuals/FR_FOOT> introduced by @/tmp/IsaacLab/usd_20260814_061453_1824/configuration/lite3_pro_sensor_rig_real_with_interface_isaac_base.usd@</Lite3ProSensorRigRealWithInterfaceV1/FR_FOOT/visuals> (recomposing stage on stage @/tmp/IsaacLab/usd_20260814_061453_1824/lite3_pro_sensor_rig_real_with_interface_isaac.usd@ <0x5e8f8fd42690>)

2026-08-14T10:14:54Z [9,669ms] [Warning] [omni.usd] Warning: in _ReportErrors at line 3172 of /builds/omniverse/usd-ci/USD/pxr/usd/usd/stage.cpp -- In </Lite3ProSensorRigRealWithInterfaceV1/HL_FOOT/visuals>: Unresolved reference prim path @/tmp/IsaacLab/usd_20260814_061453_1824/configuration/lite3_pro_sensor_rig_real_with_interface_isaac_physics.usd@</visuals/HL_FOOT> introduced by @/tmp/IsaacLab/usd_20260814_061453_1824/configuration/lite3_pro_sensor_rig_real_with_interface_isaac_base.usd@</Lite3ProSensorRigRealWithInterfaceV1/HL_FOOT/visuals> (recomposing stage on stage @/tmp/IsaacLab/usd_20260814_061453_1824/lite3_pro_sensor_rig_real_with_interface_isaac.usd@ <0x5e8f8fd42690>)

2026-08-14T10:14:54Z [9,669ms] [Warning] [omni.usd] Warning: in _ReportErrors at line 3172 of /builds/omniverse/usd-ci/USD/pxr/usd/usd/stage.cpp -- In </Lite3ProSensorRigRealWithInterfaceV1/HR_FOOT/visuals>: Unresolved reference prim path @/tmp/IsaacLab/usd_20260814_061453_1824/configuration/lite3_pro_sensor_rig_real_with_interface_isaac_physics.usd@</visuals/HR_FOOT> introduced by @/tmp/IsaacLab/usd_20260814_061453_1824/configuration/lite3_pro_sensor_rig_real_with_interface_isaac_base.usd@</Lite3ProSensorRigRealWithInterfaceV1/HR_FOOT/visuals> (recomposing stage on stage @/tmp/IsaacLab/usd_20260814_061453_1824/lite3_pro_sensor_rig_real_with_interface_isaac.usd@ <0x5e8f8fd42690>)

2026-08-14T10:14:54Z [9,669ms] [Warning] [omni.usd] Warning: in _ReportErrors at line 3172 of /builds/omniverse/usd-ci/USD/pxr/usd/usd/stage.cpp -- In </Lite3ProSensorRigRealWithInterfaceV1/mid360_scan_frame/visuals>: Unresolved reference prim path @/tmp/IsaacLab/usd_20260814_061453_1824/configuration/lite3_pro_sensor_rig_real_with_interface_isaac_physics.usd@</visuals/mid360_scan_frame> introduced by @/tmp/IsaacLab/usd_20260814_061453_1824/configuration/lite3_pro_sensor_rig_real_with_interface_isaac_base.usd@</Lite3ProSensorRigRealWithInterfaceV1/mid360_scan_frame/visuals> (recomposing stage on stage @/tmp/IsaacLab/usd_20260814_061453_1824/lite3_pro_sensor_rig_real_with_interface_isaac.usd@ <0x5e8f8fd42690>)

2026-08-14T10:14:54Z [9,669ms] [Warning] [omni.usd] Warning: in _ReportErrors at line 3172 of /builds/omniverse/usd-ci/USD/pxr/usd/usd/stage.cpp -- In </Lite3ProSensorRigRealWithInterfaceV1/d435i_depth_optical_frame/visuals>: Unresolved reference prim path @/tmp/IsaacLab/usd_20260814_061453_1824/configuration/lite3_pro_sensor_rig_real_with_interface_isaac_physics.usd@</visuals/d435i_depth_optical_frame> introduced by @/tmp/IsaacLab/usd_20260814_061453_1824/configuration/lite3_pro_sensor_rig_real_with_interface_isaac_base.usd@</Lite3ProSensorRigRealWithInterfaceV1/d435i_depth_optical_frame/visuals> (recomposing stage on stage @/tmp/IsaacLab/usd_20260814_061453_1824/lite3_pro_sensor_rig_real_with_interface_isaac.usd@ <0x5e8f8fd42690>)

2026-08-14T10:14:54Z [9,670ms] [Warning] [omni.usd] Warning: in _ReportErrors at line 3172 of /builds/omniverse/usd-ci/USD/pxr/usd/usd/stage.cpp -- In </Lite3ProSensorRigRealWithInterfaceV1/FL_FOOT/visuals>: Unresolved reference prim path @/tmp/IsaacLab/usd_20260814_061453_1824/configuration/lite3_pro_sensor_rig_real_with_interface_isaac_physics.usd@</visuals/FL_FOOT> introduced by @/tmp/IsaacLab/usd_20260814_061453_1824/configuration/lite3_pro_sensor_rig_real_with_interface_isaac_base.usd@</Lite3ProSensorRigRealWithInterfaceV1/FL_FOOT/visuals> (recomposing stage on stage @/tmp/IsaacLab/usd_20260814_061453_1824/lite3_pro_sensor_rig_real_with_interface_isaac.usd@ <0x5e8f8fd45730>)

2026-08-14T10:14:54Z [9,670ms] [Warning] [omni.usd] Warning: in _ReportErrors at line 3172 of /builds/omniverse/usd-ci/USD/pxr/usd/usd/stage.cpp -- In </Lite3ProSensorRigRealWithInterfaceV1/FR_FOOT/visuals>: Unresolved reference prim path @/tmp/IsaacLab/usd_20260814_061453_1824/configuration/lite3_pro_sensor_rig_real_with_interface_isaac_physics.usd@</visuals/FR_FOOT> introduced by @/tmp/IsaacLab/usd_20260814_061453_1824/configuration/lite3_pro_sensor_rig_real_with_interface_isaac_base.usd@</Lite3ProSensorRigRealWithInterfaceV1/FR_FOOT/visuals> (recomposing stage on stage @/tmp/IsaacLab/usd_20260814_061453_1824/lite3_pro_sensor_rig_real_with_interface_isaac.usd@ <0x5e8f8fd45730>)

2026-08-14T10:14:54Z [9,670ms] [Warning] [omni.usd] Warning: in _ReportErrors at line 3172 of /builds/omniverse/usd-ci/USD/pxr/usd/usd/stage.cpp -- In </Lite3ProSensorRigRealWithInterfaceV1/HL_FOOT/visuals>: Unresolved reference prim path @/tmp/IsaacLab/usd_20260814_061453_1824/configuration/lite3_pro_sensor_rig_real_with_interface_isaac_physics.usd@</visuals/HL_FOOT> introduced by @/tmp/IsaacLab/usd_20260814_061453_1824/configuration/lite3_pro_sensor_rig_real_with_interface_isaac_base.usd@</Lite3ProSensorRigRealWithInterfaceV1/HL_FOOT/visuals> (recomposing stage on stage @/tmp/IsaacLab/usd_20260814_061453_1824/lite3_pro_sensor_rig_real_with_interface_isaac.usd@ <0x5e8f8fd45730>)

2026-08-14T10:14:54Z [9,670ms] [Warning] [omni.usd] Warning: in _ReportErrors at line 3172 of /builds/omniverse/usd-ci/USD/pxr/usd/usd/stage.cpp -- In </Lite3ProSensorRigRealWithInterfaceV1/d435i_depth_optical_frame/visuals>: Unresolved reference prim path @/tmp/IsaacLab/usd_20260814_061453_1824/configuration/lite3_pro_sensor_rig_real_with_interface_isaac_physics.usd@</visuals/d435i_depth_optical_frame> introduced by @/tmp/IsaacLab/usd_20260814_061453_1824/configuration/lite3_pro_sensor_rig_real_with_interface_isaac_base.usd@</Lite3ProSensorRigRealWithInterfaceV1/d435i_depth_optical_frame/visuals> (recomposing stage on stage @/tmp/IsaacLab/usd_20260814_061453_1824/lite3_pro_sensor_rig_real_with_interface_isaac.usd@ <0x5e8f8fd45730>)

2026-08-14T10:14:54Z [9,670ms] [Warning] [omni.usd] Warning: in _ReportErrors at line 3172 of /builds/omniverse/usd-ci/USD/pxr/usd/usd/stage.cpp -- In </Lite3ProSensorRigRealWithInterfaceV1/HR_FOOT/visuals>: Unresolved reference prim path @/tmp/IsaacLab/usd_20260814_061453_1824/configuration/lite3_pro_sensor_rig_real_with_interface_isaac_physics.usd@</visuals/HR_FOOT> introduced by @/tmp/IsaacLab/usd_20260814_061453_1824/configuration/lite3_pro_sensor_rig_real_with_interface_isaac_base.usd@</Lite3ProSensorRigRealWithInterfaceV1/HR_FOOT/visuals> (recomposing stage on stage @/tmp/IsaacLab/usd_20260814_061453_1824/lite3_pro_sensor_rig_real_with_interface_isaac.usd@ <0x5e8f8fd45730>)

2026-08-14T10:14:54Z [9,670ms] [Warning] [omni.usd] Warning: in _ReportErrors at line 3172 of /builds/omniverse/usd-ci/USD/pxr/usd/usd/stage.cpp -- In </Lite3ProSensorRigRealWithInterfaceV1/mid360_scan_frame/visuals>: Unresolved reference prim path @/tmp/IsaacLab/usd_20260814_061453_1824/configuration/lite3_pro_sensor_rig_real_with_interface_isaac_physics.usd@</visuals/mid360_scan_frame> introduced by @/tmp/IsaacLab/usd_20260814_061453_1824/configuration/lite3_pro_sensor_rig_real_with_interface_isaac_base.usd@</Lite3ProSensorRigRealWithInterfaceV1/mid360_scan_frame/visuals> (recomposing stage on stage @/tmp/IsaacLab/usd_20260814_061453_1824/lite3_pro_sensor_rig_real_with_interface_isaac.usd@ <0x5e8f8fd45730>)

2026-08-14T10:14:54Z [9,670ms] [Warning] [omni.usd] Warning: in _ReportErrors at line 3172 of /builds/omniverse/usd-ci/USD/pxr/usd/usd/stage.cpp -- In </Lite3ProSensorRigRealWithInterfaceV1/FR_FOOT/visuals>: Unresolved reference prim path @/tmp/IsaacLab/usd_20260814_061453_1824/configuration/lite3_pro_sensor_rig_real_with_interface_isaac_physics.usd@</visuals/FR_FOOT> introduced by @/tmp/IsaacLab/usd_20260814_061453_1824/configuration/lite3_pro_sensor_rig_real_with_interface_isaac_base.usd@</Lite3ProSensorRigRealWithInterfaceV1/FR_FOOT/visuals> (recomposing stage on stage @/tmp/IsaacLab/usd_20260814_061453_1824/lite3_pro_sensor_rig_real_with_interface_isaac.usd@ <0x5e8f8fd42690>)

2026-08-14T10:14:54Z [9,670ms] [Warning] [omni.usd] Warning: in _ReportErrors at line 3172 of /builds/omniverse/usd-ci/USD/pxr/usd/usd/stage.cpp -- In </Lite3ProSensorRigRealWithInterfaceV1/FL_FOOT/visuals>: Unresolved reference prim path @/tmp/IsaacLab/usd_20260814_061453_1824/configuration/lite3_pro_sensor_rig_real_with_interface_isaac_physics.usd@</visuals/FL_FOOT> introduced by @/tmp/IsaacLab/usd_20260814_061453_1824/configuration/lite3_pro_sensor_rig_real_with_interface_isaac_base.usd@</Lite3ProSensorRigRealWithInterfaceV1/FL_FOOT/visuals> (recomposing stage on stage @/tmp/IsaacLab/usd_20260814_061453_1824/lite3_pro_sensor_rig_real_with_interface_isaac.usd@ <0x5e8f8fd42690>)

2026-08-14T10:14:54Z [9,670ms] [Warning] [omni.usd] Warning: in _ReportErrors at line 3172 of /builds/omniverse/usd-ci/USD/pxr/usd/usd/stage.cpp -- In </Lite3ProSensorRigRealWithInterfaceV1/HL_FOOT/visuals>: Unresolved reference prim path @/tmp/IsaacLab/usd_20260814_061453_1824/configuration/lite3_pro_sensor_rig_real_with_interface_isaac_physics.usd@</visuals/HL_FOOT> introduced by @/tmp/IsaacLab/usd_20260814_061453_1824/configuration/lite3_pro_sensor_rig_real_with_interface_isaac_base.usd@</Lite3ProSensorRigRealWithInterfaceV1/HL_FOOT/visuals> (recomposing stage on stage @/tmp/IsaacLab/usd_20260814_061453_1824/lite3_pro_sensor_rig_real_with_interface_isaac.usd@ <0x5e8f8fd42690>)

2026-08-14T10:14:54Z [9,670ms] [Warning] [omni.usd] Warning: in _ReportErrors at line 3172 of /builds/omniverse/usd-ci/USD/pxr/usd/usd/stage.cpp -- In </Lite3ProSensorRigRealWithInterfaceV1/HR_FOOT/visuals>: Unresolved reference prim path @/tmp/IsaacLab/usd_20260814_061453_1824/configuration/lite3_pro_sensor_rig_real_with_interface_isaac_physics.usd@</visuals/HR_FOOT> introduced by @/tmp/IsaacLab/usd_20260814_061453_1824/configuration/lite3_pro_sensor_rig_real_with_interface_isaac_base.usd@</Lite3ProSensorRigRealWithInterfaceV1/HR_FOOT/visuals> (recomposing stage on stage @/tmp/IsaacLab/usd_20260814_061453_1824/lite3_pro_sensor_rig_real_with_interface_isaac.usd@ <0x5e8f8fd42690>)

2026-08-14T10:14:54Z [9,670ms] [Warning] [omni.usd] Warning: in _ReportErrors at line 3172 of /builds/omniverse/usd-ci/USD/pxr/usd/usd/stage.cpp -- In </Lite3ProSensorRigRealWithInterfaceV1/d435i_depth_optical_frame/visuals>: Unresolved reference prim path @/tmp/IsaacLab/usd_20260814_061453_1824/configuration/lite3_pro_sensor_rig_real_with_interface_isaac_physics.usd@</visuals/d435i_depth_optical_frame> introduced by @/tmp/IsaacLab/usd_20260814_061453_1824/configuration/lite3_pro_sensor_rig_real_with_interface_isaac_base.usd@</Lite3ProSensorRigRealWithInterfaceV1/d435i_depth_optical_frame/visuals> (recomposing stage on stage @/tmp/IsaacLab/usd_20260814_061453_1824/lite3_pro_sensor_rig_real_with_interface_isaac.usd@ <0x5e8f8fd42690>)

2026-08-14T10:14:54Z [9,670ms] [Warning] [omni.usd] Warning: in _ReportErrors at line 3172 of /builds/omniverse/usd-ci/USD/pxr/usd/usd/stage.cpp -- In </Lite3ProSensorRigRealWithInterfaceV1/mid360_scan_frame/visuals>: Unresolved reference prim path @/tmp/IsaacLab/usd_20260814_061453_1824/configuration/lite3_pro_sensor_rig_real_with_interface_isaac_physics.usd@</visuals/mid360_scan_frame> introduced by @/tmp/IsaacLab/usd_20260814_061453_1824/configuration/lite3_pro_sensor_rig_real_with_interface_isaac_base.usd@</Lite3ProSensorRigRealWithInterfaceV1/mid360_scan_frame/visuals> (recomposing stage on stage @/tmp/IsaacLab/usd_20260814_061453_1824/lite3_pro_sensor_rig_real_with_interface_isaac.usd@ <0x5e8f8fd42690>)

2026-08-14T10:14:54Z [9,671ms] [Warning] [omni.usd] Warning: in _ReportErrors at line 3172 of /builds/omniverse/usd-ci/USD/pxr/usd/usd/stage.cpp -- In </Lite3ProSensorRigRealWithInterfaceV1/FL_FOOT/visuals>: Unresolved reference prim path @/tmp/IsaacLab/usd_20260814_061453_1824/configuration/lite3_pro_sensor_rig_real_with_interface_isaac_physics.usd@</visuals/FL_FOOT> introduced by @/tmp/IsaacLab/usd_20260814_061453_1824/configuration/lite3_pro_sensor_rig_real_with_interface_isaac_base.usd@</Lite3ProSensorRigRealWithInterfaceV1/FL_FOOT/visuals> (recomposing stage on stage @/tmp/IsaacLab/usd_20260814_061453_1824/lite3_pro_sensor_rig_real_with_interface_isaac.usd@ <0x5e8f8fd45730>)

2026-08-14T10:14:54Z [9,671ms] [Warning] [omni.usd] Warning: in _ReportErrors at line 3172 of /builds/omniverse/usd-ci/USD/pxr/usd/usd/stage.cpp -- In </Lite3ProSensorRigRealWithInterfaceV1/FR_FOOT/visuals>: Unresolved reference prim path @/tmp/IsaacLab/usd_20260814_061453_1824/configuration/lite3_pro_sensor_rig_real_with_interface_isaac_physics.usd@</visuals/FR_FOOT> introduced by @/tmp/IsaacLab/usd_20260814_061453_1824/configuration/lite3_pro_sensor_rig_real_with_interface_isaac_base.usd@</Lite3ProSensorRigRealWithInterfaceV1/FR_FOOT/visuals> (recomposing stage on stage @/tmp/IsaacLab/usd_20260814_061453_1824/lite3_pro_sensor_rig_real_with_interface_isaac.usd@ <0x5e8f8fd45730>)

2026-08-14T10:14:54Z [9,671ms] [Warning] [omni.usd] Warning: in _ReportErrors at line 3172 of /builds/omniverse/usd-ci/USD/pxr/usd/usd/stage.cpp -- In </Lite3ProSensorRigRealWithInterfaceV1/HL_FOOT/visuals>: Unresolved reference prim path @/tmp/IsaacLab/usd_20260814_061453_1824/configuration/lite3_pro_sensor_rig_real_with_interface_isaac_physics.usd@</visuals/HL_FOOT> introduced by @/tmp/IsaacLab/usd_20260814_061453_1824/configuration/lite3_pro_sensor_rig_real_with_interface_isaac_base.usd@</Lite3ProSensorRigRealWithInterfaceV1/HL_FOOT/visuals> (recomposing stage on stage @/tmp/IsaacLab/usd_20260814_061453_1824/lite3_pro_sensor_rig_real_with_interface_isaac.usd@ <0x5e8f8fd45730>)

2026-08-14T10:14:54Z [9,671ms] [Warning] [omni.usd] Warning: in _ReportErrors at line 3172 of /builds/omniverse/usd-ci/USD/pxr/usd/usd/stage.cpp -- In </Lite3ProSensorRigRealWithInterfaceV1/HR_FOOT/visuals>: Unresolved reference prim path @/tmp/IsaacLab/usd_20260814_061453_1824/configuration/lite3_pro_sensor_rig_real_with_interface_isaac_physics.usd@</visuals/HR_FOOT> introduced by @/tmp/IsaacLab/usd_20260814_061453_1824/configuration/lite3_pro_sensor_rig_real_with_interface_isaac_base.usd@</Lite3ProSensorRigRealWithInterfaceV1/HR_FOOT/visuals> (recomposing stage on stage @/tmp/IsaacLab/usd_20260814_061453_1824/lite3_pro_sensor_rig_real_with_interface_isaac.usd@ <0x5e8f8fd45730>)

2026-08-14T10:14:54Z [9,671ms] [Warning] [omni.usd] Warning: in _ReportErrors at line 3172 of /builds/omniverse/usd-ci/USD/pxr/usd/usd/stage.cpp -- In </Lite3ProSensorRigRealWithInterfaceV1/d435i_depth_optical_frame/visuals>: Unresolved reference prim path @/tmp/IsaacLab/usd_20260814_061453_1824/configuration/lite3_pro_sensor_rig_real_with_interface_isaac_physics.usd@</visuals/d435i_depth_optical_frame> introduced by @/tmp/IsaacLab/usd_20260814_061453_1824/configuration/lite3_pro_sensor_rig_real_with_interface_isaac_base.usd@</Lite3ProSensorRigRealWithInterfaceV1/d435i_depth_optical_frame/visuals> (recomposing stage on stage @/tmp/IsaacLab/usd_20260814_061453_1824/lite3_pro_sensor_rig_real_with_interface_isaac.usd@ <0x5e8f8fd45730>)

2026-08-14T10:14:54Z [9,671ms] [Warning] [omni.usd] Warning: in _ReportErrors at line 3172 of /builds/omniverse/usd-ci/USD/pxr/usd/usd/stage.cpp -- In </Lite3ProSensorRigRealWithInterfaceV1/mid360_scan_frame/visuals>: Unresolved reference prim path @/tmp/IsaacLab/usd_20260814_061453_1824/configuration/lite3_pro_sensor_rig_real_with_interface_isaac_physics.usd@</visuals/mid360_scan_frame> introduced by @/tmp/IsaacLab/usd_20260814_061453_1824/configuration/lite3_pro_sensor_rig_real_with_interface_isaac_base.usd@</Lite3ProSensorRigRealWithInterfaceV1/mid360_scan_frame/visuals> (recomposing stage on stage @/tmp/IsaacLab/usd_20260814_061453_1824/lite3_pro_sensor_rig_real_with_interface_isaac.usd@ <0x5e8f8fd45730>)

2026-08-14T10:14:54Z [9,671ms] [Warning] [omni.usd] Warning: in _ReportErrors at line 3172 of /builds/omniverse/usd-ci/USD/pxr/usd/usd/stage.cpp -- In </Lite3ProSensorRigRealWithInterfaceV1/FL_FOOT/visuals>: Unresolved reference prim path @/tmp/IsaacLab/usd_20260814_061453_1824/configuration/lite3_pro_sensor_rig_real_with_interface_isaac_physics.usd@</visuals/FL_FOOT> introduced by @/tmp/IsaacLab/usd_20260814_061453_1824/configuration/lite3_pro_sensor_rig_real_with_interface_isaac_base.usd@</Lite3ProSensorRigRealWithInterfaceV1/FL_FOOT/visuals> (recomposing stage on stage @/tmp/IsaacLab/usd_20260814_061453_1824/lite3_pro_sensor_rig_real_with_interface_isaac.usd@ <0x5e8f8fd42690>)

2026-08-14T10:14:54Z [9,672ms] [Warning] [omni.usd] Warning: in _ReportErrors at line 3172 of /builds/omniverse/usd-ci/USD/pxr/usd/usd/stage.cpp -- In </Lite3ProSensorRigRealWithInterfaceV1/FR_FOOT/visuals>: Unresolved reference prim path @/tmp/IsaacLab/usd_20260814_061453_1824/configuration/lite3_pro_sensor_rig_real_with_interface_isaac_physics.usd@</visuals/FR_FOOT> introduced by @/tmp/IsaacLab/usd_20260814_061453_1824/configuration/lite3_pro_sensor_rig_real_with_interface_isaac_base.usd@</Lite3ProSensorRigRealWithInterfaceV1/FR_FOOT/visuals> (recomposing stage on stage @/tmp/IsaacLab/usd_20260814_061453_1824/lite3_pro_sensor_rig_real_with_interface_isaac.usd@ <0x5e8f8fd42690>)

2026-08-14T10:14:54Z [9,672ms] [Warning] [omni.usd] Warning: in _ReportErrors at line 3172 of /builds/omniverse/usd-ci/USD/pxr/usd/usd/stage.cpp -- In </Lite3ProSensorRigRealWithInterfaceV1/HL_FOOT/visuals>: Unresolved reference prim path @/tmp/IsaacLab/usd_20260814_061453_1824/configuration/lite3_pro_sensor_rig_real_with_interface_isaac_physics.usd@</visuals/HL_FOOT> introduced by @/tmp/IsaacLab/usd_20260814_061453_1824/configuration/lite3_pro_sensor_rig_real_with_interface_isaac_base.usd@</Lite3ProSensorRigRealWithInterfaceV1/HL_FOOT/visuals> (recomposing stage on stage @/tmp/IsaacLab/usd_20260814_061453_1824/lite3_pro_sensor_rig_real_with_interface_isaac.usd@ <0x5e8f8fd42690>)

2026-08-14T10:14:54Z [9,672ms] [Warning] [omni.usd] Warning: in _ReportErrors at line 3172 of /builds/omniverse/usd-ci/USD/pxr/usd/usd/stage.cpp -- In </Lite3ProSensorRigRealWithInterfaceV1/HR_FOOT/visuals>: Unresolved reference prim path @/tmp/IsaacLab/usd_20260814_061453_1824/configuration/lite3_pro_sensor_rig_real_with_interface_isaac_physics.usd@</visuals/HR_FOOT> introduced by @/tmp/IsaacLab/usd_20260814_061453_1824/configuration/lite3_pro_sensor_rig_real_with_interface_isaac_base.usd@</Lite3ProSensorRigRealWithInterfaceV1/HR_FOOT/visuals> (recomposing stage on stage @/tmp/IsaacLab/usd_20260814_061453_1824/lite3_pro_sensor_rig_real_with_interface_isaac.usd@ <0x5e8f8fd42690>)

2026-08-14T10:14:54Z [9,672ms] [Warning] [omni.usd] Warning: in _ReportErrors at line 3172 of /builds/omniverse/usd-ci/USD/pxr/usd/usd/stage.cpp -- In </Lite3ProSensorRigRealWithInterfaceV1/d435i_depth_optical_frame/visuals>: Unresolved reference prim path @/tmp/IsaacLab/usd_20260814_061453_1824/configuration/lite3_pro_sensor_rig_real_with_interface_isaac_physics.usd@</visuals/d435i_depth_optical_frame> introduced by @/tmp/IsaacLab/usd_20260814_061453_1824/configuration/lite3_pro_sensor_rig_real_with_interface_isaac_base.usd@</Lite3ProSensorRigRealWithInterfaceV1/d435i_depth_optical_frame/visuals> (recomposing stage on stage @/tmp/IsaacLab/usd_20260814_061453_1824/lite3_pro_sensor_rig_real_with_interface_isaac.usd@ <0x5e8f8fd42690>)

2026-08-14T10:14:54Z [9,672ms] [Warning] [omni.usd] Warning: in _ReportErrors at line 3172 of /builds/omniverse/usd-ci/USD/pxr/usd/usd/stage.cpp -- In </Lite3ProSensorRigRealWithInterfaceV1/mid360_scan_frame/visuals>: Unresolved reference prim path @/tmp/IsaacLab/usd_20260814_061453_1824/configuration/lite3_pro_sensor_rig_real_with_interface_isaac_physics.usd@</visuals/mid360_scan_frame> introduced by @/tmp/IsaacLab/usd_20260814_061453_1824/configuration/lite3_pro_sensor_rig_real_with_interface_isaac_base.usd@</Lite3ProSensorRigRealWithInterfaceV1/mid360_scan_frame/visuals> (recomposing stage on stage @/tmp/IsaacLab/usd_20260814_061453_1824/lite3_pro_sensor_rig_real_with_interface_isaac.usd@ <0x5e8f8fd42690>)

2026-08-14T10:14:54Z [9,777ms] [Warning] [omni.usd] Warning: in _ReportErrors at line 3172 of /builds/omniverse/usd-ci/USD/pxr/usd/usd/stage.cpp -- In </World/envs/env_0/Robot/FL_FOOT/visuals>: Unresolved reference prim path @/tmp/IsaacLab/usd_20260814_061453_1824/configuration/lite3_pro_sensor_rig_real_with_interface_isaac_physics.usd@</visuals/FL_FOOT> introduced by @/tmp/IsaacLab/usd_20260814_061453_1824/configuration/lite3_pro_sensor_rig_real_with_interface_isaac_base.usd@</Lite3ProSensorRigRealWithInterfaceV1/FL_FOOT/visuals> (recomposing stage on stage @anon:0x5e8f749aefe0:World0.usd@ <0x5e8f72ac7c30>)

2026-08-14T10:14:54Z [9,777ms] [Warning] [omni.usd] Warning: in _ReportErrors at line 3172 of /builds/omniverse/usd-ci/USD/pxr/usd/usd/stage.cpp -- In </World/envs/env_0/Robot/FR_FOOT/visuals>: Unresolved reference prim path @/tmp/IsaacLab/usd_20260814_061453_1824/configuration/lite3_pro_sensor_rig_real_with_interface_isaac_physics.usd@</visuals/FR_FOOT> introduced by @/tmp/IsaacLab/usd_20260814_061453_1824/configuration/lite3_pro_sensor_rig_real_with_interface_isaac_base.usd@</Lite3ProSensorRigRealWithInterfaceV1/FR_FOOT/visuals> (recomposing stage on stage @anon:0x5e8f749aefe0:World0.usd@ <0x5e8f72ac7c30>)

2026-08-14T10:14:54Z [9,777ms] [Warning] [omni.usd] Warning: in _ReportErrors at line 3172 of /builds/omniverse/usd-ci/USD/pxr/usd/usd/stage.cpp -- In </World/envs/env_0/Robot/HL_FOOT/visuals>: Unresolved reference prim path @/tmp/IsaacLab/usd_20260814_061453_1824/configuration/lite3_pro_sensor_rig_real_with_interface_isaac_physics.usd@</visuals/HL_FOOT> introduced by @/tmp/IsaacLab/usd_20260814_061453_1824/configuration/lite3_pro_sensor_rig_real_with_interface_isaac_base.usd@</Lite3ProSensorRigRealWithInterfaceV1/HL_FOOT/visuals> (recomposing stage on stage @anon:0x5e8f749aefe0:World0.usd@ <0x5e8f72ac7c30>)

2026-08-14T10:14:54Z [9,777ms] [Warning] [omni.usd] Warning: in _ReportErrors at line 3172 of /builds/omniverse/usd-ci/USD/pxr/usd/usd/stage.cpp -- In </World/envs/env_0/Robot/HR_FOOT/visuals>: Unresolved reference prim path @/tmp/IsaacLab/usd_20260814_061453_1824/configuration/lite3_pro_sensor_rig_real_with_interface_isaac_physics.usd@</visuals/HR_FOOT> introduced by @/tmp/IsaacLab/usd_20260814_061453_1824/configuration/lite3_pro_sensor_rig_real_with_interface_isaac_base.usd@</Lite3ProSensorRigRealWithInterfaceV1/HR_FOOT/visuals> (recomposing stage on stage @anon:0x5e8f749aefe0:World0.usd@ <0x5e8f72ac7c30>)

2026-08-14T10:14:54Z [9,777ms] [Warning] [omni.usd] Warning: in _ReportErrors at line 3172 of /builds/omniverse/usd-ci/USD/pxr/usd/usd/stage.cpp -- In </World/envs/env_0/Robot/mid360_scan_frame/visuals>: Unresolved reference prim path @/tmp/IsaacLab/usd_20260814_061453_1824/configuration/lite3_pro_sensor_rig_real_with_interface_isaac_physics.usd@</visuals/mid360_scan_frame> introduced by @/tmp/IsaacLab/usd_20260814_061453_1824/configuration/lite3_pro_sensor_rig_real_with_interface_isaac_base.usd@</Lite3ProSensorRigRealWithInterfaceV1/mid360_scan_frame/visuals> (recomposing stage on stage @anon:0x5e8f749aefe0:World0.usd@ <0x5e8f72ac7c30>)

2026-08-14T10:14:54Z [9,777ms] [Warning] [omni.usd] Warning: in _ReportErrors at line 3172 of /builds/omniverse/usd-ci/USD/pxr/usd/usd/stage.cpp -- In </World/envs/env_0/Robot/d435i_depth_optical_frame/visuals>: Unresolved reference prim path @/tmp/IsaacLab/usd_20260814_061453_1824/configuration/lite3_pro_sensor_rig_real_with_interface_isaac_physics.usd@</visuals/d435i_depth_optical_frame> introduced by @/tmp/IsaacLab/usd_20260814_061453_1824/configuration/lite3_pro_sensor_rig_real_with_interface_isaac_base.usd@</Lite3ProSensorRigRealWithInterfaceV1/d435i_depth_optical_frame/visuals> (recomposing stage on stage @anon:0x5e8f749aefe0:World0.usd@ <0x5e8f72ac7c30>)

[INFO] Generating terrains randomly took : 0.004720 seconds
[INFO]: Time taken for scene creation : 5.375515 seconds
[INFO]: Scene manager:  <class InteractiveScene>
	Number of environments: 1
	Environment spacing   : 0.5
	Source prim name      : /World/envs/env_0
	Global prim paths     : ['/World/ground', '/World/forest_visual/asset_000', '/World/forest_visual/asset_001', '/World/forest_visual/asset_002', '/World/forest_visual/asset_003', '/World/forest_visual/asset_004', '/World/forest_visual/asset_005', '/World/forest_visual/asset_006', '/World/forest_visual/asset_007', '/World/forest_visual/asset_008', '/World/forest_visual/asset_009', '/World/forest_visual/asset_010', '/World/forest_visual/asset_011', '/World/forest_visual/asset_012', '/World/forest_visual/asset_013', '/World/forest_visual/asset_014', '/World/forest_visual/asset_015', '/World/forest_visual/asset_016', '/World/forest_visual/asset_017', '/World/forest_visual/asset_018', '/World/forest_visual/asset_019', '/World/forest_visual/asset_020', '/World/forest_visual/asset_021', '/World/forest_visual/asset_022', '/World/forest_visual/asset_023', '/World/forest_visual/asset_024', '/World/forest_visual/asset_025', '/World/forest_visual/asset_026', '/World/forest_visual/asset_027', '/World/forest_visual/asset_028', '/World/forest_visual/asset_029', '/World/forest_visual/asset_030', '/World/forest_visual/asset_031', '/World/forest_visual/asset_032', '/World/forest_visual/asset_033', '/World/forest_visual/asset_034', '/World/forest_visual/asset_035', '/World/forest_visual/asset_036', '/World/forest_visual/asset_037', '/World/forest_visual/asset_038', '/World/forest_visual/asset_039', '/World/forest_visual/asset_040', '/World/forest_visual/asset_041', '/World/forest_visual/asset_042', '/World/forest_visual/asset_043', '/World/forest_visual/asset_044', '/World/forest_visual/asset_045', '/World/forest_visual/asset_046', '/World/forest_collision/proxy_000', '/World/forest_collision/proxy_001', '/World/forest_collision/proxy_002', '/World/forest_collision/proxy_003', '/World/forest_collision/proxy_004', '/World/forest_collision/proxy_005', '/World/forest_collision/proxy_006', '/World/forest_collision/proxy_007', '/World/forest_collision/proxy_008', '/World/forest_collision/proxy_009', '/World/forest_collision/proxy_010']
	Replicate physics     : True
[INFO]: Starting the simulation. This may take a few seconds. Please wait...
[INFO]: Time taken for simulation start : 3.380788 seconds
{"status": "INSTRUMENTATION_ERROR", "output_dir": "/home/sun/machine-dog-nav-runs/2026-08-14_forest_lite3_v12_preview/results/preflight05/isaac"}
core qualification report is not PASS; overriding launcher exit with 91
