Loading user config located at: '/home/sun/miniconda3/envs/isaaclab/lib/python3.11/site-packages/isaacsim/kit/data/Kit/Isaac-Sim/5.1/user.config.json'
[Info] [carb] Logging to file: /home/sun/miniconda3/envs/isaaclab/lib/python3.11/site-packages/isaacsim/kit/logs/Kit/Isaac-Sim/5.1/kit_20260813_103025.log
2026-08-13T14:30:25Z [63ms] [Warning] [omni.usd_config.extension] Enable omni.materialx.libs extension to use MaterialX
2026-08-13T14:30:25Z [209ms] [Warning] [omni.platforminfo.plugin] failed to open the default display.  Can't verify X Server version.
2026-08-13T14:30:25Z [300ms] [Warning] [carb] Acquiring non optional plugin interface which is not listed as dependency: [omni::physx::IPhysxBenchmarks v1.0] (plugin: <default plugin>), by client: omni.physics.physx.plugin. Add it to CARB_PLUGIN_IMPL_DEPS() macro of a client.
2026-08-13T14:30:25Z [305ms] [Warning] [omni.isaac.dynamic_control] omni.isaac.dynamic_control is deprecated as of Isaac Sim 4.5. No action is needed from end-users.
2026-08-13T14:30:27Z [1,798ms] [Warning] [gpu.foundation.plugin] Skipping unsupported non-NVIDIA GPU: AMD Ryzen 7 9700X 8-Core Processor (RADV RAPHAEL_MENDOCINO)
2026-08-13T14:30:27Z [1,798ms] [Warning] [gpu.foundation.plugin] Skipping unsupported non-NVIDIA GPU: AMD Ryzen 7 9700X 8-Core Processor (RADV RAPHAEL_MENDOCINO)

|---------------------------------------------------------------------------------------------|
| Driver Version: 580.126.09    | Graphics API: Vulkan
|=============================================================================================|
| GPU | Name                             | Active | LDA | GPU Memory | Vendor-ID | LUID       |
|     |                                  |        |     |            | Device-ID | UUID       |
|     |                                  |        |     |            | Bus-ID    |            |
|---------------------------------------------------------------------------------------------|
| 0   | NVIDIA GeForce RTX 5070 Ti       | Yes: 0 |     | 16303   MB | 10de      | 0          |
|     |                                  |        |     |            | 2c05      | 9a0eb7bb.. |
|     |                                  |        |     |            | 1         |            |
|---------------------------------------------------------------------------------------------|
| 1   | AMD Ryzen 7 9700X 8-Core Proce.. |        |     | 10720   MB | 1002      | 0          |
|     |                                  |        |     |            | 13c0      | 00000000.. |
|     |                                  |        |     |            | 11        |            |
|=============================================================================================|
| OS: 24.04.3 LTS (Noble Numbat) ubuntu, Version: 24.04.3, Kernel: 6.17.0-22-generic
| Processor: AMD Ryzen 7 9700X 8-Core Processor
| Cores: 8 | Logical Cores: 16
|---------------------------------------------------------------------------------------------|
| Total Memory (MB): 31137 | Free Memory: 27207
| Total Page/Swap (MB): 69497 | Free Page/Swap: 69497
|---------------------------------------------------------------------------------------------|
2026-08-13T14:30:27Z [1,979ms] [Warning] [gpu.foundation.plugin] IOMMU is enabled.
2026-08-13T14:30:27Z [1,979ms] [Warning] [gpu.foundation.plugin] Detected IOMMU is enabled. Running CUDA peer-to-peer bandwidth and latency validation.
Unidirectional P2P=Enabled Bandwidth (P2P Writes) Matrix (GB/s)
   D\D     0 
     0 755.20 
P2P=Enabled Latency (P2P Writes) Matrix (us)
   GPU     0 
     0   2.07 

   CPU     0 
     0   1.66 
2026-08-13T14:30:27Z [2,320ms] [Warning] [carb.windowing-glfw.plugin] GLFW initialization failed.
2026-08-13T14:30:27Z [2,320ms] [Warning] [carb] Failed to startup plugin carb.windowing-glfw.plugin (interfaces: [carb::windowing::IGLContext v1.0],[carb::windowing::IWindowing v1.5]) (impl: carb.windowing-glfw.plugin)
2026-08-13T14:30:27Z [2,356ms] [Warning] [gpu.foundation.plugin] Skipping unsupported non-NVIDIA GPU: AMD Ryzen 7 9700X 8-Core Processor (RADV RAPHAEL_MENDOCINO)
2026-08-13T14:30:27Z [2,356ms] [Warning] [gpu.foundation.plugin] Skipping unsupported non-NVIDIA GPU: AMD Ryzen 7 9700X 8-Core Processor (RADV RAPHAEL_MENDOCINO)

|---------------------------------------------------------------------------------------------|
| Driver Version: 580.126.09    | Graphics API: Vulkan
|=============================================================================================|
| GPU | Name                             | Active | LDA | GPU Memory | Vendor-ID | LUID       |
|     |                                  |        |     |            | Device-ID | UUID       |
|     |                                  |        |     |            | Bus-ID    |            |
|---------------------------------------------------------------------------------------------|
| 0   | NVIDIA GeForce RTX 5070 Ti       | Yes: 0 |     | 16303   MB | 10de      | 0          |
|     |                                  |        |     |            | 2c05      | 9a0eb7bb.. |
|     |                                  |        |     |            | 1         |            |
|---------------------------------------------------------------------------------------------|
| 1   | AMD Ryzen 7 9700X 8-Core Proce.. |        |     | 10720   MB | 1002      | 0          |
|     |                                  |        |     |            | 13c0      | 00000000.. |
|     |                                  |        |     |            | 11        |            |
|=============================================================================================|
| OS: 24.04.3 LTS (Noble Numbat) ubuntu, Version: 24.04.3, Kernel: 6.17.0-22-generic
| Processor: AMD Ryzen 7 9700X 8-Core Processor
| Cores: 8 | Logical Cores: 16
|---------------------------------------------------------------------------------------------|
| Total Memory (MB): 31137 | Free Memory: 26970
| Total Page/Swap (MB): 69497 | Free Page/Swap: 69497
|---------------------------------------------------------------------------------------------|
Unidirectional P2P=Enabled Bandwidth (P2P Writes) Matrix (GB/s)
   D\D     0 
     0 694.80 
P2P=Enabled Latency (P2P Writes) Matrix (us)
   GPU     0 
     0   2.07 

   CPU     0 
     0   1.61 
2026-08-13T14:30:28Z [2,577ms] [Warning] [gpu.foundation.plugin] IOMMU is enabled.
2026-08-13T14:30:28Z [2,577ms] [Warning] [gpu.foundation.plugin] Detected IOMMU is enabled. Running CUDA peer-to-peer bandwidth and latency validation.
Unidirectional P2P=Enabled Bandwidth (P2P Writes) Matrix (GB/s)
   D\D     0 
     0 696.62 
P2P=Enabled Latency (P2P Writes) Matrix (us)
   GPU     0 
     0   2.07 

   CPU     0 
     0   1.61 
2026-08-13T14:30:28Z [2,693ms] [Warning] [carb.windowing-glfw.plugin] GLFW initialization failed.
2026-08-13T14:30:28Z [2,693ms] [Warning] [carb] Failed to startup plugin carb.windowing-glfw.plugin (interfaces: [carb::windowing::IGLContext v1.0],[carb::windowing::IWindowing v1.5]) (impl: carb.windowing-glfw.plugin)
2026-08-13T14:30:28Z [2,703ms] [Warning] [carb.windowing-glfw.plugin] GLFW initialization failed.
2026-08-13T14:30:28Z [2,703ms] [Warning] [carb] Failed to startup plugin carb.windowing-glfw.plugin (interfaces: [carb::windowing::IGLContext v1.0],[carb::windowing::IWindowing v1.5]) (impl: carb.windowing-glfw.plugin)
2026-08-13T14:30:28Z [2,707ms] [Warning] [carb.windowing-glfw.plugin] GLFW initialization failed.
2026-08-13T14:30:28Z [2,707ms] [Warning] [carb] Failed to startup plugin carb.windowing-glfw.plugin (interfaces: [carb::windowing::IGLContext v1.0],[carb::windowing::IWindowing v1.5]) (impl: carb.windowing-glfw.plugin)
2026-08-13T14:30:28Z [2,711ms] [Warning] [carb.windowing-glfw.plugin] GLFW initialization failed.
2026-08-13T14:30:28Z [2,711ms] [Warning] [carb] Failed to startup plugin carb.windowing-glfw.plugin (interfaces: [carb::windowing::IGLContext v1.0],[carb::windowing::IWindowing v1.5]) (impl: carb.windowing-glfw.plugin)
2026-08-13T14:30:28Z [2,712ms] [Warning] [carb.windowing-glfw.plugin] GLFW initialization failed.
2026-08-13T14:30:28Z [2,712ms] [Warning] [carb] Failed to startup plugin carb.windowing-glfw.plugin (interfaces: [carb::windowing::IGLContext v1.0],[carb::windowing::IWindowing v1.5]) (impl: carb.windowing-glfw.plugin)
2026-08-13T14:30:28Z [2,712ms] [Warning] [carb.windowing-glfw.plugin] GLFW initialization failed.
2026-08-13T14:30:28Z [2,712ms] [Warning] [carb] Failed to startup plugin carb.windowing-glfw.plugin (interfaces: [carb::windowing::IGLContext v1.0],[carb::windowing::IWindowing v1.5]) (impl: carb.windowing-glfw.plugin)
2026-08-13T14:30:28Z [3,004ms] [Warning] [omni.graph.visualization.nodes._impl.extension] No Viewport Window to add omni.graph.visualization.nodes-2.1.3 scene to
2026-08-13T14:30:28Z [3,093ms] [Warning] [omni.usd] Warning: in _ReportErrors at line 3172 of /builds/omniverse/usd-ci/USD/pxr/usd/usd/stage.cpp -- In </Lite3ProSensorRigRealWithInterfaceV1/FL_FOOT/visuals>: Unresolved reference prim path @/tmp/IsaacLab/usd_20260813_103028_5764/configuration/lite3_pro_sensor_rig_real_with_interface_isaac_physics.usd@</visuals/FL_FOOT> introduced by @/tmp/IsaacLab/usd_20260813_103028_5764/configuration/lite3_pro_sensor_rig_real_with_interface_isaac_base.usd@</Lite3ProSensorRigRealWithInterfaceV1/FL_FOOT/visuals> (recomposing stage on stage @/tmp/IsaacLab/usd_20260813_103028_5764/configuration/lite3_pro_sensor_rig_real_with_interface_isaac_physics.usd@ <0x5f85f9124410>)

2026-08-13T14:30:28Z [3,093ms] [Warning] [omni.usd] Warning: in _ReportErrors at line 3172 of /builds/omniverse/usd-ci/USD/pxr/usd/usd/stage.cpp -- In </Lite3ProSensorRigRealWithInterfaceV1/FL_FOOT/visuals>: Unresolved reference prim path @/tmp/IsaacLab/usd_20260813_103028_5764/lite3_pro_sensor_rig_real_with_interface_isaac.usd@</visuals/FL_FOOT> introduced by @/tmp/IsaacLab/usd_20260813_103028_5764/configuration/lite3_pro_sensor_rig_real_with_interface_isaac_base.usd@</Lite3ProSensorRigRealWithInterfaceV1/FL_FOOT/visuals> (recomposing stage on stage @/tmp/IsaacLab/usd_20260813_103028_5764/lite3_pro_sensor_rig_real_with_interface_isaac.usd@ <0x5f85f8d90a10>)

2026-08-13T14:30:28Z [3,093ms] [Warning] [omni.usd] Warning: in _ReportErrors at line 3172 of /builds/omniverse/usd-ci/USD/pxr/usd/usd/stage.cpp -- In </Lite3ProSensorRigRealWithInterfaceV1/FL_FOOT/visuals>: Unresolved reference prim path @/tmp/IsaacLab/usd_20260813_103028_5764/lite3_pro_sensor_rig_real_with_interface_isaac.usd@</visuals/FL_FOOT> introduced by @/tmp/IsaacLab/usd_20260813_103028_5764/configuration/lite3_pro_sensor_rig_real_with_interface_isaac_base.usd@</Lite3ProSensorRigRealWithInterfaceV1/FL_FOOT/visuals> (recomposing stage on stage @/tmp/IsaacLab/usd_20260813_103028_5764/lite3_pro_sensor_rig_real_with_interface_isaac.usd@ <0x5f85f8d8c0e0>)

2026-08-13T14:30:28Z [3,093ms] [Warning] [omni.usd] Warning: in _ReportErrors at line 3172 of /builds/omniverse/usd-ci/USD/pxr/usd/usd/stage.cpp -- In </Lite3ProSensorRigRealWithInterfaceV1/FL_FOOT/visuals>: Unresolved reference prim path @/tmp/IsaacLab/usd_20260813_103028_5764/configuration/lite3_pro_sensor_rig_real_with_interface_isaac_base.usd@</visuals/FL_FOOT> introduced by @/tmp/IsaacLab/usd_20260813_103028_5764/configuration/lite3_pro_sensor_rig_real_with_interface_isaac_base.usd@</Lite3ProSensorRigRealWithInterfaceV1/FL_FOOT/visuals> (recomposing stage on stage @/tmp/IsaacLab/usd_20260813_103028_5764/configuration/lite3_pro_sensor_rig_real_with_interface_isaac_base.usd@ <0x5f85f912d250>)

2026-08-13T14:30:28Z [3,093ms] [Warning] [omni.usd] Warning: in _ReportErrors at line 3172 of /builds/omniverse/usd-ci/USD/pxr/usd/usd/stage.cpp -- In </Lite3ProSensorRigRealWithInterfaceV1/FL_FOOT/visuals>: Unresolved reference prim path @/tmp/IsaacLab/usd_20260813_103028_5764/configuration/lite3_pro_sensor_rig_real_with_interface_isaac_physics.usd@</visuals/FL_FOOT> introduced by @/tmp/IsaacLab/usd_20260813_103028_5764/configuration/lite3_pro_sensor_rig_real_with_interface_isaac_base.usd@</Lite3ProSensorRigRealWithInterfaceV1/FL_FOOT/visuals> (recomposing stage on stage @/tmp/IsaacLab/usd_20260813_103028_5764/configuration/lite3_pro_sensor_rig_real_with_interface_isaac_physics.usd@ <0x5f85f9124410>)

2026-08-13T14:30:28Z [3,093ms] [Warning] [omni.usd] Warning: in _ReportErrors at line 3172 of /builds/omniverse/usd-ci/USD/pxr/usd/usd/stage.cpp -- In </Lite3ProSensorRigRealWithInterfaceV1/FL_FOOT/visuals>: Unresolved reference prim path @/tmp/IsaacLab/usd_20260813_103028_5764/lite3_pro_sensor_rig_real_with_interface_isaac.usd@</visuals/FL_FOOT> introduced by @/tmp/IsaacLab/usd_20260813_103028_5764/configuration/lite3_pro_sensor_rig_real_with_interface_isaac_base.usd@</Lite3ProSensorRigRealWithInterfaceV1/FL_FOOT/visuals> (recomposing stage on stage @/tmp/IsaacLab/usd_20260813_103028_5764/lite3_pro_sensor_rig_real_with_interface_isaac.usd@ <0x5f85f8d90a10>)

2026-08-13T14:30:28Z [3,093ms] [Warning] [omni.usd] Warning: in _ReportErrors at line 3172 of /builds/omniverse/usd-ci/USD/pxr/usd/usd/stage.cpp -- In </Lite3ProSensorRigRealWithInterfaceV1/FL_FOOT/visuals>: Unresolved reference prim path @/tmp/IsaacLab/usd_20260813_103028_5764/lite3_pro_sensor_rig_real_with_interface_isaac.usd@</visuals/FL_FOOT> introduced by @/tmp/IsaacLab/usd_20260813_103028_5764/configuration/lite3_pro_sensor_rig_real_with_interface_isaac_base.usd@</Lite3ProSensorRigRealWithInterfaceV1/FL_FOOT/visuals> (recomposing stage on stage @/tmp/IsaacLab/usd_20260813_103028_5764/lite3_pro_sensor_rig_real_with_interface_isaac.usd@ <0x5f85f8d8c0e0>)

2026-08-13T14:30:28Z [3,093ms] [Warning] [omni.usd] Warning: in _ReportErrors at line 3172 of /builds/omniverse/usd-ci/USD/pxr/usd/usd/stage.cpp -- In </Lite3ProSensorRigRealWithInterfaceV1/FL_FOOT/visuals>: Unresolved reference prim path @/tmp/IsaacLab/usd_20260813_103028_5764/configuration/lite3_pro_sensor_rig_real_with_interface_isaac_base.usd@</visuals/FL_FOOT> introduced by @/tmp/IsaacLab/usd_20260813_103028_5764/configuration/lite3_pro_sensor_rig_real_with_interface_isaac_base.usd@</Lite3ProSensorRigRealWithInterfaceV1/FL_FOOT/visuals> (recomposing stage on stage @/tmp/IsaacLab/usd_20260813_103028_5764/configuration/lite3_pro_sensor_rig_real_with_interface_isaac_base.usd@ <0x5f85f912d250>)

2026-08-13T14:30:28Z [3,102ms] [Warning] [omni.usd] Warning: in _ReportErrors at line 3172 of /builds/omniverse/usd-ci/USD/pxr/usd/usd/stage.cpp -- In </Lite3ProSensorRigRealWithInterfaceV1/FR_FOOT/visuals>: Unresolved reference prim path @/tmp/IsaacLab/usd_20260813_103028_5764/configuration/lite3_pro_sensor_rig_real_with_interface_isaac_physics.usd@</visuals/FR_FOOT> introduced by @/tmp/IsaacLab/usd_20260813_103028_5764/configuration/lite3_pro_sensor_rig_real_with_interface_isaac_base.usd@</Lite3ProSensorRigRealWithInterfaceV1/FR_FOOT/visuals> (recomposing stage on stage @/tmp/IsaacLab/usd_20260813_103028_5764/configuration/lite3_pro_sensor_rig_real_with_interface_isaac_physics.usd@ <0x5f85f9124410>)

2026-08-13T14:30:28Z [3,102ms] [Warning] [omni.usd] Warning: in _ReportErrors at line 3172 of /builds/omniverse/usd-ci/USD/pxr/usd/usd/stage.cpp -- In </Lite3ProSensorRigRealWithInterfaceV1/FR_FOOT/visuals>: Unresolved reference prim path @/tmp/IsaacLab/usd_20260813_103028_5764/lite3_pro_sensor_rig_real_with_interface_isaac.usd@</visuals/FR_FOOT> introduced by @/tmp/IsaacLab/usd_20260813_103028_5764/configuration/lite3_pro_sensor_rig_real_with_interface_isaac_base.usd@</Lite3ProSensorRigRealWithInterfaceV1/FR_FOOT/visuals> (recomposing stage on stage @/tmp/IsaacLab/usd_20260813_103028_5764/lite3_pro_sensor_rig_real_with_interface_isaac.usd@ <0x5f85f8d90a10>)

2026-08-13T14:30:28Z [3,102ms] [Warning] [omni.usd] Warning: in _ReportErrors at line 3172 of /builds/omniverse/usd-ci/USD/pxr/usd/usd/stage.cpp -- In </Lite3ProSensorRigRealWithInterfaceV1/FR_FOOT/visuals>: Unresolved reference prim path @/tmp/IsaacLab/usd_20260813_103028_5764/lite3_pro_sensor_rig_real_with_interface_isaac.usd@</visuals/FR_FOOT> introduced by @/tmp/IsaacLab/usd_20260813_103028_5764/configuration/lite3_pro_sensor_rig_real_with_interface_isaac_base.usd@</Lite3ProSensorRigRealWithInterfaceV1/FR_FOOT/visuals> (recomposing stage on stage @/tmp/IsaacLab/usd_20260813_103028_5764/lite3_pro_sensor_rig_real_with_interface_isaac.usd@ <0x5f85f8d8c0e0>)

2026-08-13T14:30:28Z [3,102ms] [Warning] [omni.usd] Warning: in _ReportErrors at line 3172 of /builds/omniverse/usd-ci/USD/pxr/usd/usd/stage.cpp -- In </Lite3ProSensorRigRealWithInterfaceV1/FR_FOOT/visuals>: Unresolved reference prim path @/tmp/IsaacLab/usd_20260813_103028_5764/configuration/lite3_pro_sensor_rig_real_with_interface_isaac_base.usd@</visuals/FR_FOOT> introduced by @/tmp/IsaacLab/usd_20260813_103028_5764/configuration/lite3_pro_sensor_rig_real_with_interface_isaac_base.usd@</Lite3ProSensorRigRealWithInterfaceV1/FR_FOOT/visuals> (recomposing stage on stage @/tmp/IsaacLab/usd_20260813_103028_5764/configuration/lite3_pro_sensor_rig_real_with_interface_isaac_base.usd@ <0x5f85f912d250>)

2026-08-13T14:30:28Z [3,103ms] [Warning] [omni.usd] Warning: in _ReportErrors at line 3172 of /builds/omniverse/usd-ci/USD/pxr/usd/usd/stage.cpp -- In </Lite3ProSensorRigRealWithInterfaceV1/FR_FOOT/visuals>: Unresolved reference prim path @/tmp/IsaacLab/usd_20260813_103028_5764/configuration/lite3_pro_sensor_rig_real_with_interface_isaac_physics.usd@</visuals/FR_FOOT> introduced by @/tmp/IsaacLab/usd_20260813_103028_5764/configuration/lite3_pro_sensor_rig_real_with_interface_isaac_base.usd@</Lite3ProSensorRigRealWithInterfaceV1/FR_FOOT/visuals> (recomposing stage on stage @/tmp/IsaacLab/usd_20260813_103028_5764/configuration/lite3_pro_sensor_rig_real_with_interface_isaac_physics.usd@ <0x5f85f9124410>)

2026-08-13T14:30:28Z [3,103ms] [Warning] [omni.usd] Warning: in _ReportErrors at line 3172 of /builds/omniverse/usd-ci/USD/pxr/usd/usd/stage.cpp -- In </Lite3ProSensorRigRealWithInterfaceV1/FR_FOOT/visuals>: Unresolved reference prim path @/tmp/IsaacLab/usd_20260813_103028_5764/lite3_pro_sensor_rig_real_with_interface_isaac.usd@</visuals/FR_FOOT> introduced by @/tmp/IsaacLab/usd_20260813_103028_5764/configuration/lite3_pro_sensor_rig_real_with_interface_isaac_base.usd@</Lite3ProSensorRigRealWithInterfaceV1/FR_FOOT/visuals> (recomposing stage on stage @/tmp/IsaacLab/usd_20260813_103028_5764/lite3_pro_sensor_rig_real_with_interface_isaac.usd@ <0x5f85f8d90a10>)

2026-08-13T14:30:28Z [3,103ms] [Warning] [omni.usd] Warning: in _ReportErrors at line 3172 of /builds/omniverse/usd-ci/USD/pxr/usd/usd/stage.cpp -- In </Lite3ProSensorRigRealWithInterfaceV1/FR_FOOT/visuals>: Unresolved reference prim path @/tmp/IsaacLab/usd_20260813_103028_5764/lite3_pro_sensor_rig_real_with_interface_isaac.usd@</visuals/FR_FOOT> introduced by @/tmp/IsaacLab/usd_20260813_103028_5764/configuration/lite3_pro_sensor_rig_real_with_interface_isaac_base.usd@</Lite3ProSensorRigRealWithInterfaceV1/FR_FOOT/visuals> (recomposing stage on stage @/tmp/IsaacLab/usd_20260813_103028_5764/lite3_pro_sensor_rig_real_with_interface_isaac.usd@ <0x5f85f8d8c0e0>)

2026-08-13T14:30:28Z [3,103ms] [Warning] [omni.usd] Warning: in _ReportErrors at line 3172 of /builds/omniverse/usd-ci/USD/pxr/usd/usd/stage.cpp -- In </Lite3ProSensorRigRealWithInterfaceV1/FR_FOOT/visuals>: Unresolved reference prim path @/tmp/IsaacLab/usd_20260813_103028_5764/configuration/lite3_pro_sensor_rig_real_with_interface_isaac_base.usd@</visuals/FR_FOOT> introduced by @/tmp/IsaacLab/usd_20260813_103028_5764/configuration/lite3_pro_sensor_rig_real_with_interface_isaac_base.usd@</Lite3ProSensorRigRealWithInterfaceV1/FR_FOOT/visuals> (recomposing stage on stage @/tmp/IsaacLab/usd_20260813_103028_5764/configuration/lite3_pro_sensor_rig_real_with_interface_isaac_base.usd@ <0x5f85f912d250>)

2026-08-13T14:30:28Z [3,111ms] [Warning] [omni.usd] Warning: in _ReportErrors at line 3172 of /builds/omniverse/usd-ci/USD/pxr/usd/usd/stage.cpp -- In </Lite3ProSensorRigRealWithInterfaceV1/HL_FOOT/visuals>: Unresolved reference prim path @/tmp/IsaacLab/usd_20260813_103028_5764/configuration/lite3_pro_sensor_rig_real_with_interface_isaac_physics.usd@</visuals/HL_FOOT> introduced by @/tmp/IsaacLab/usd_20260813_103028_5764/configuration/lite3_pro_sensor_rig_real_with_interface_isaac_base.usd@</Lite3ProSensorRigRealWithInterfaceV1/HL_FOOT/visuals> (recomposing stage on stage @/tmp/IsaacLab/usd_20260813_103028_5764/configuration/lite3_pro_sensor_rig_real_with_interface_isaac_physics.usd@ <0x5f85f9124410>)

2026-08-13T14:30:28Z [3,111ms] [Warning] [omni.usd] Warning: in _ReportErrors at line 3172 of /builds/omniverse/usd-ci/USD/pxr/usd/usd/stage.cpp -- In </Lite3ProSensorRigRealWithInterfaceV1/HL_FOOT/visuals>: Unresolved reference prim path @/tmp/IsaacLab/usd_20260813_103028_5764/lite3_pro_sensor_rig_real_with_interface_isaac.usd@</visuals/HL_FOOT> introduced by @/tmp/IsaacLab/usd_20260813_103028_5764/configuration/lite3_pro_sensor_rig_real_with_interface_isaac_base.usd@</Lite3ProSensorRigRealWithInterfaceV1/HL_FOOT/visuals> (recomposing stage on stage @/tmp/IsaacLab/usd_20260813_103028_5764/lite3_pro_sensor_rig_real_with_interface_isaac.usd@ <0x5f85f8d90a10>)

2026-08-13T14:30:28Z [3,111ms] [Warning] [omni.usd] Warning: in _ReportErrors at line 3172 of /builds/omniverse/usd-ci/USD/pxr/usd/usd/stage.cpp -- In </Lite3ProSensorRigRealWithInterfaceV1/HL_FOOT/visuals>: Unresolved reference prim path @/tmp/IsaacLab/usd_20260813_103028_5764/lite3_pro_sensor_rig_real_with_interface_isaac.usd@</visuals/HL_FOOT> introduced by @/tmp/IsaacLab/usd_20260813_103028_5764/configuration/lite3_pro_sensor_rig_real_with_interface_isaac_base.usd@</Lite3ProSensorRigRealWithInterfaceV1/HL_FOOT/visuals> (recomposing stage on stage @/tmp/IsaacLab/usd_20260813_103028_5764/lite3_pro_sensor_rig_real_with_interface_isaac.usd@ <0x5f85f8d8c0e0>)

2026-08-13T14:30:28Z [3,111ms] [Warning] [omni.usd] Warning: in _ReportErrors at line 3172 of /builds/omniverse/usd-ci/USD/pxr/usd/usd/stage.cpp -- In </Lite3ProSensorRigRealWithInterfaceV1/HL_FOOT/visuals>: Unresolved reference prim path @/tmp/IsaacLab/usd_20260813_103028_5764/configuration/lite3_pro_sensor_rig_real_with_interface_isaac_base.usd@</visuals/HL_FOOT> introduced by @/tmp/IsaacLab/usd_20260813_103028_5764/configuration/lite3_pro_sensor_rig_real_with_interface_isaac_base.usd@</Lite3ProSensorRigRealWithInterfaceV1/HL_FOOT/visuals> (recomposing stage on stage @/tmp/IsaacLab/usd_20260813_103028_5764/configuration/lite3_pro_sensor_rig_real_with_interface_isaac_base.usd@ <0x5f85f912d250>)

2026-08-13T14:30:28Z [3,111ms] [Warning] [omni.usd] Warning: in _ReportErrors at line 3172 of /builds/omniverse/usd-ci/USD/pxr/usd/usd/stage.cpp -- In </Lite3ProSensorRigRealWithInterfaceV1/HL_FOOT/visuals>: Unresolved reference prim path @/tmp/IsaacLab/usd_20260813_103028_5764/configuration/lite3_pro_sensor_rig_real_with_interface_isaac_physics.usd@</visuals/HL_FOOT> introduced by @/tmp/IsaacLab/usd_20260813_103028_5764/configuration/lite3_pro_sensor_rig_real_with_interface_isaac_base.usd@</Lite3ProSensorRigRealWithInterfaceV1/HL_FOOT/visuals> (recomposing stage on stage @/tmp/IsaacLab/usd_20260813_103028_5764/configuration/lite3_pro_sensor_rig_real_with_interface_isaac_physics.usd@ <0x5f85f9124410>)

2026-08-13T14:30:28Z [3,111ms] [Warning] [omni.usd] Warning: in _ReportErrors at line 3172 of /builds/omniverse/usd-ci/USD/pxr/usd/usd/stage.cpp -- In </Lite3ProSensorRigRealWithInterfaceV1/HL_FOOT/visuals>: Unresolved reference prim path @/tmp/IsaacLab/usd_20260813_103028_5764/lite3_pro_sensor_rig_real_with_interface_isaac.usd@</visuals/HL_FOOT> introduced by @/tmp/IsaacLab/usd_20260813_103028_5764/configuration/lite3_pro_sensor_rig_real_with_interface_isaac_base.usd@</Lite3ProSensorRigRealWithInterfaceV1/HL_FOOT/visuals> (recomposing stage on stage @/tmp/IsaacLab/usd_20260813_103028_5764/lite3_pro_sensor_rig_real_with_interface_isaac.usd@ <0x5f85f8d90a10>)

2026-08-13T14:30:28Z [3,111ms] [Warning] [omni.usd] Warning: in _ReportErrors at line 3172 of /builds/omniverse/usd-ci/USD/pxr/usd/usd/stage.cpp -- In </Lite3ProSensorRigRealWithInterfaceV1/HL_FOOT/visuals>: Unresolved reference prim path @/tmp/IsaacLab/usd_20260813_103028_5764/lite3_pro_sensor_rig_real_with_interface_isaac.usd@</visuals/HL_FOOT> introduced by @/tmp/IsaacLab/usd_20260813_103028_5764/configuration/lite3_pro_sensor_rig_real_with_interface_isaac_base.usd@</Lite3ProSensorRigRealWithInterfaceV1/HL_FOOT/visuals> (recomposing stage on stage @/tmp/IsaacLab/usd_20260813_103028_5764/lite3_pro_sensor_rig_real_with_interface_isaac.usd@ <0x5f85f8d8c0e0>)

2026-08-13T14:30:28Z [3,111ms] [Warning] [omni.usd] Warning: in _ReportErrors at line 3172 of /builds/omniverse/usd-ci/USD/pxr/usd/usd/stage.cpp -- In </Lite3ProSensorRigRealWithInterfaceV1/HL_FOOT/visuals>: Unresolved reference prim path @/tmp/IsaacLab/usd_20260813_103028_5764/configuration/lite3_pro_sensor_rig_real_with_interface_isaac_base.usd@</visuals/HL_FOOT> introduced by @/tmp/IsaacLab/usd_20260813_103028_5764/configuration/lite3_pro_sensor_rig_real_with_interface_isaac_base.usd@</Lite3ProSensorRigRealWithInterfaceV1/HL_FOOT/visuals> (recomposing stage on stage @/tmp/IsaacLab/usd_20260813_103028_5764/configuration/lite3_pro_sensor_rig_real_with_interface_isaac_base.usd@ <0x5f85f912d250>)

2026-08-13T14:30:28Z [3,120ms] [Warning] [omni.usd] Warning: in _ReportErrors at line 3172 of /builds/omniverse/usd-ci/USD/pxr/usd/usd/stage.cpp -- In </Lite3ProSensorRigRealWithInterfaceV1/HR_FOOT/visuals>: Unresolved reference prim path @/tmp/IsaacLab/usd_20260813_103028_5764/configuration/lite3_pro_sensor_rig_real_with_interface_isaac_physics.usd@</visuals/HR_FOOT> introduced by @/tmp/IsaacLab/usd_20260813_103028_5764/configuration/lite3_pro_sensor_rig_real_with_interface_isaac_base.usd@</Lite3ProSensorRigRealWithInterfaceV1/HR_FOOT/visuals> (recomposing stage on stage @/tmp/IsaacLab/usd_20260813_103028_5764/configuration/lite3_pro_sensor_rig_real_with_interface_isaac_physics.usd@ <0x5f85f9124410>)

2026-08-13T14:30:28Z [3,120ms] [Warning] [omni.usd] Warning: in _ReportErrors at line 3172 of /builds/omniverse/usd-ci/USD/pxr/usd/usd/stage.cpp -- In </Lite3ProSensorRigRealWithInterfaceV1/HR_FOOT/visuals>: Unresolved reference prim path @/tmp/IsaacLab/usd_20260813_103028_5764/lite3_pro_sensor_rig_real_with_interface_isaac.usd@</visuals/HR_FOOT> introduced by @/tmp/IsaacLab/usd_20260813_103028_5764/configuration/lite3_pro_sensor_rig_real_with_interface_isaac_base.usd@</Lite3ProSensorRigRealWithInterfaceV1/HR_FOOT/visuals> (recomposing stage on stage @/tmp/IsaacLab/usd_20260813_103028_5764/lite3_pro_sensor_rig_real_with_interface_isaac.usd@ <0x5f85f8d90a10>)

2026-08-13T14:30:28Z [3,120ms] [Warning] [omni.usd] Warning: in _ReportErrors at line 3172 of /builds/omniverse/usd-ci/USD/pxr/usd/usd/stage.cpp -- In </Lite3ProSensorRigRealWithInterfaceV1/HR_FOOT/visuals>: Unresolved reference prim path @/tmp/IsaacLab/usd_20260813_103028_5764/lite3_pro_sensor_rig_real_with_interface_isaac.usd@</visuals/HR_FOOT> introduced by @/tmp/IsaacLab/usd_20260813_103028_5764/configuration/lite3_pro_sensor_rig_real_with_interface_isaac_base.usd@</Lite3ProSensorRigRealWithInterfaceV1/HR_FOOT/visuals> (recomposing stage on stage @/tmp/IsaacLab/usd_20260813_103028_5764/lite3_pro_sensor_rig_real_with_interface_isaac.usd@ <0x5f85f8d8c0e0>)

2026-08-13T14:30:28Z [3,121ms] [Warning] [omni.usd] Warning: in _ReportErrors at line 3172 of /builds/omniverse/usd-ci/USD/pxr/usd/usd/stage.cpp -- In </Lite3ProSensorRigRealWithInterfaceV1/HR_FOOT/visuals>: Unresolved reference prim path @/tmp/IsaacLab/usd_20260813_103028_5764/configuration/lite3_pro_sensor_rig_real_with_interface_isaac_base.usd@</visuals/HR_FOOT> introduced by @/tmp/IsaacLab/usd_20260813_103028_5764/configuration/lite3_pro_sensor_rig_real_with_interface_isaac_base.usd@</Lite3ProSensorRigRealWithInterfaceV1/HR_FOOT/visuals> (recomposing stage on stage @/tmp/IsaacLab/usd_20260813_103028_5764/configuration/lite3_pro_sensor_rig_real_with_interface_isaac_base.usd@ <0x5f85f912d250>)

2026-08-13T14:30:28Z [3,121ms] [Warning] [omni.usd] Warning: in _ReportErrors at line 3172 of /builds/omniverse/usd-ci/USD/pxr/usd/usd/stage.cpp -- In </Lite3ProSensorRigRealWithInterfaceV1/HR_FOOT/visuals>: Unresolved reference prim path @/tmp/IsaacLab/usd_20260813_103028_5764/configuration/lite3_pro_sensor_rig_real_with_interface_isaac_physics.usd@</visuals/HR_FOOT> introduced by @/tmp/IsaacLab/usd_20260813_103028_5764/configuration/lite3_pro_sensor_rig_real_with_interface_isaac_base.usd@</Lite3ProSensorRigRealWithInterfaceV1/HR_FOOT/visuals> (recomposing stage on stage @/tmp/IsaacLab/usd_20260813_103028_5764/configuration/lite3_pro_sensor_rig_real_with_interface_isaac_physics.usd@ <0x5f85f9124410>)

2026-08-13T14:30:28Z [3,121ms] [Warning] [omni.usd] Warning: in _ReportErrors at line 3172 of /builds/omniverse/usd-ci/USD/pxr/usd/usd/stage.cpp -- In </Lite3ProSensorRigRealWithInterfaceV1/HR_FOOT/visuals>: Unresolved reference prim path @/tmp/IsaacLab/usd_20260813_103028_5764/lite3_pro_sensor_rig_real_with_interface_isaac.usd@</visuals/HR_FOOT> introduced by @/tmp/IsaacLab/usd_20260813_103028_5764/configuration/lite3_pro_sensor_rig_real_with_interface_isaac_base.usd@</Lite3ProSensorRigRealWithInterfaceV1/HR_FOOT/visuals> (recomposing stage on stage @/tmp/IsaacLab/usd_20260813_103028_5764/lite3_pro_sensor_rig_real_with_interface_isaac.usd@ <0x5f85f8d90a10>)

2026-08-13T14:30:28Z [3,121ms] [Warning] [omni.usd] Warning: in _ReportErrors at line 3172 of /builds/omniverse/usd-ci/USD/pxr/usd/usd/stage.cpp -- In </Lite3ProSensorRigRealWithInterfaceV1/HR_FOOT/visuals>: Unresolved reference prim path @/tmp/IsaacLab/usd_20260813_103028_5764/lite3_pro_sensor_rig_real_with_interface_isaac.usd@</visuals/HR_FOOT> introduced by @/tmp/IsaacLab/usd_20260813_103028_5764/configuration/lite3_pro_sensor_rig_real_with_interface_isaac_base.usd@</Lite3ProSensorRigRealWithInterfaceV1/HR_FOOT/visuals> (recomposing stage on stage @/tmp/IsaacLab/usd_20260813_103028_5764/lite3_pro_sensor_rig_real_with_interface_isaac.usd@ <0x5f85f8d8c0e0>)

2026-08-13T14:30:28Z [3,121ms] [Warning] [omni.usd] Warning: in _ReportErrors at line 3172 of /builds/omniverse/usd-ci/USD/pxr/usd/usd/stage.cpp -- In </Lite3ProSensorRigRealWithInterfaceV1/HR_FOOT/visuals>: Unresolved reference prim path @/tmp/IsaacLab/usd_20260813_103028_5764/configuration/lite3_pro_sensor_rig_real_with_interface_isaac_base.usd@</visuals/HR_FOOT> introduced by @/tmp/IsaacLab/usd_20260813_103028_5764/configuration/lite3_pro_sensor_rig_real_with_interface_isaac_base.usd@</Lite3ProSensorRigRealWithInterfaceV1/HR_FOOT/visuals> (recomposing stage on stage @/tmp/IsaacLab/usd_20260813_103028_5764/configuration/lite3_pro_sensor_rig_real_with_interface_isaac_base.usd@ <0x5f85f912d250>)

2026-08-13T14:30:28Z [3,122ms] [Warning] [isaacsim.asset.importer.urdf] The path pro-interface-envelope is not a valid usd path, modifying to pro_interface_envelope
2026-08-13T14:30:28Z [3,127ms] [Warning] [isaacsim.asset.importer.urdf] The path carrier-rev-j-print-ready-side is not a valid usd path, modifying to carrier_rev_j_print_ready_side
2026-08-13T14:30:28Z [3,136ms] [Warning] [isaacsim.asset.importer.urdf] The path d435i-body-runtime is not a valid usd path, modifying to d435i_body_runtime
2026-08-13T14:30:28Z [3,149ms] [Warning] [isaacsim.asset.importer.urdf] The path d435i-optical-runtime is not a valid usd path, modifying to d435i_optical_runtime
2026-08-13T14:30:28Z [3,156ms] [Warning] [omni.usd] Warning: in _ReportErrors at line 3172 of /builds/omniverse/usd-ci/USD/pxr/usd/usd/stage.cpp -- In </Lite3ProSensorRigRealWithInterfaceV1/d435i_depth_optical_frame/visuals>: Unresolved reference prim path @/tmp/IsaacLab/usd_20260813_103028_5764/configuration/lite3_pro_sensor_rig_real_with_interface_isaac_physics.usd@</visuals/d435i_depth_optical_frame> introduced by @/tmp/IsaacLab/usd_20260813_103028_5764/configuration/lite3_pro_sensor_rig_real_with_interface_isaac_base.usd@</Lite3ProSensorRigRealWithInterfaceV1/d435i_depth_optical_frame/visuals> (recomposing stage on stage @/tmp/IsaacLab/usd_20260813_103028_5764/configuration/lite3_pro_sensor_rig_real_with_interface_isaac_physics.usd@ <0x5f85f9124410>)

2026-08-13T14:30:28Z [3,157ms] [Warning] [omni.usd] Warning: in _ReportErrors at line 3172 of /builds/omniverse/usd-ci/USD/pxr/usd/usd/stage.cpp -- In </Lite3ProSensorRigRealWithInterfaceV1/d435i_depth_optical_frame/visuals>: Unresolved reference prim path @/tmp/IsaacLab/usd_20260813_103028_5764/lite3_pro_sensor_rig_real_with_interface_isaac.usd@</visuals/d435i_depth_optical_frame> introduced by @/tmp/IsaacLab/usd_20260813_103028_5764/configuration/lite3_pro_sensor_rig_real_with_interface_isaac_base.usd@</Lite3ProSensorRigRealWithInterfaceV1/d435i_depth_optical_frame/visuals> (recomposing stage on stage @/tmp/IsaacLab/usd_20260813_103028_5764/lite3_pro_sensor_rig_real_with_interface_isaac.usd@ <0x5f85f8d90a10>)

2026-08-13T14:30:28Z [3,157ms] [Warning] [omni.usd] Warning: in _ReportErrors at line 3172 of /builds/omniverse/usd-ci/USD/pxr/usd/usd/stage.cpp -- In </Lite3ProSensorRigRealWithInterfaceV1/d435i_depth_optical_frame/visuals>: Unresolved reference prim path @/tmp/IsaacLab/usd_20260813_103028_5764/lite3_pro_sensor_rig_real_with_interface_isaac.usd@</visuals/d435i_depth_optical_frame> introduced by @/tmp/IsaacLab/usd_20260813_103028_5764/configuration/lite3_pro_sensor_rig_real_with_interface_isaac_base.usd@</Lite3ProSensorRigRealWithInterfaceV1/d435i_depth_optical_frame/visuals> (recomposing stage on stage @/tmp/IsaacLab/usd_20260813_103028_5764/lite3_pro_sensor_rig_real_with_interface_isaac.usd@ <0x5f85f8d8c0e0>)

2026-08-13T14:30:28Z [3,157ms] [Warning] [omni.usd] Warning: in _ReportErrors at line 3172 of /builds/omniverse/usd-ci/USD/pxr/usd/usd/stage.cpp -- In </Lite3ProSensorRigRealWithInterfaceV1/d435i_depth_optical_frame/visuals>: Unresolved reference prim path @/tmp/IsaacLab/usd_20260813_103028_5764/configuration/lite3_pro_sensor_rig_real_with_interface_isaac_base.usd@</visuals/d435i_depth_optical_frame> introduced by @/tmp/IsaacLab/usd_20260813_103028_5764/configuration/lite3_pro_sensor_rig_real_with_interface_isaac_base.usd@</Lite3ProSensorRigRealWithInterfaceV1/d435i_depth_optical_frame/visuals> (recomposing stage on stage @/tmp/IsaacLab/usd_20260813_103028_5764/configuration/lite3_pro_sensor_rig_real_with_interface_isaac_base.usd@ <0x5f85f912d250>)

2026-08-13T14:30:28Z [3,157ms] [Warning] [omni.usd] Warning: in _ReportErrors at line 3172 of /builds/omniverse/usd-ci/USD/pxr/usd/usd/stage.cpp -- In </Lite3ProSensorRigRealWithInterfaceV1/d435i_depth_optical_frame/visuals>: Unresolved reference prim path @/tmp/IsaacLab/usd_20260813_103028_5764/configuration/lite3_pro_sensor_rig_real_with_interface_isaac_physics.usd@</visuals/d435i_depth_optical_frame> introduced by @/tmp/IsaacLab/usd_20260813_103028_5764/configuration/lite3_pro_sensor_rig_real_with_interface_isaac_base.usd@</Lite3ProSensorRigRealWithInterfaceV1/d435i_depth_optical_frame/visuals> (recomposing stage on stage @/tmp/IsaacLab/usd_20260813_103028_5764/configuration/lite3_pro_sensor_rig_real_with_interface_isaac_physics.usd@ <0x5f85f9124410>)

2026-08-13T14:30:28Z [3,157ms] [Warning] [omni.usd] Warning: in _ReportErrors at line 3172 of /builds/omniverse/usd-ci/USD/pxr/usd/usd/stage.cpp -- In </Lite3ProSensorRigRealWithInterfaceV1/d435i_depth_optical_frame/visuals>: Unresolved reference prim path @/tmp/IsaacLab/usd_20260813_103028_5764/lite3_pro_sensor_rig_real_with_interface_isaac.usd@</visuals/d435i_depth_optical_frame> introduced by @/tmp/IsaacLab/usd_20260813_103028_5764/configuration/lite3_pro_sensor_rig_real_with_interface_isaac_base.usd@</Lite3ProSensorRigRealWithInterfaceV1/d435i_depth_optical_frame/visuals> (recomposing stage on stage @/tmp/IsaacLab/usd_20260813_103028_5764/lite3_pro_sensor_rig_real_with_interface_isaac.usd@ <0x5f85f8d90a10>)

2026-08-13T14:30:28Z [3,157ms] [Warning] [omni.usd] Warning: in _ReportErrors at line 3172 of /builds/omniverse/usd-ci/USD/pxr/usd/usd/stage.cpp -- In </Lite3ProSensorRigRealWithInterfaceV1/d435i_depth_optical_frame/visuals>: Unresolved reference prim path @/tmp/IsaacLab/usd_20260813_103028_5764/lite3_pro_sensor_rig_real_with_interface_isaac.usd@</visuals/d435i_depth_optical_frame> introduced by @/tmp/IsaacLab/usd_20260813_103028_5764/configuration/lite3_pro_sensor_rig_real_with_interface_isaac_base.usd@</Lite3ProSensorRigRealWithInterfaceV1/d435i_depth_optical_frame/visuals> (recomposing stage on stage @/tmp/IsaacLab/usd_20260813_103028_5764/lite3_pro_sensor_rig_real_with_interface_isaac.usd@ <0x5f85f8d8c0e0>)

2026-08-13T14:30:28Z [3,157ms] [Warning] [omni.usd] Warning: in _ReportErrors at line 3172 of /builds/omniverse/usd-ci/USD/pxr/usd/usd/stage.cpp -- In </Lite3ProSensorRigRealWithInterfaceV1/d435i_depth_optical_frame/visuals>: Unresolved reference prim path @/tmp/IsaacLab/usd_20260813_103028_5764/configuration/lite3_pro_sensor_rig_real_with_interface_isaac_base.usd@</visuals/d435i_depth_optical_frame> introduced by @/tmp/IsaacLab/usd_20260813_103028_5764/configuration/lite3_pro_sensor_rig_real_with_interface_isaac_base.usd@</Lite3ProSensorRigRealWithInterfaceV1/d435i_depth_optical_frame/visuals> (recomposing stage on stage @/tmp/IsaacLab/usd_20260813_103028_5764/configuration/lite3_pro_sensor_rig_real_with_interface_isaac_base.usd@ <0x5f85f912d250>)

2026-08-13T14:30:28Z [3,158ms] [Warning] [isaacsim.asset.importer.urdf] The path mid360-body-runtime is not a valid usd path, modifying to mid360_body_runtime
2026-08-13T14:30:28Z [3,174ms] [Warning] [isaacsim.asset.importer.urdf] The path mid360-optical-runtime is not a valid usd path, modifying to mid360_optical_runtime
2026-08-13T14:30:28Z [3,179ms] [Warning] [omni.usd] Warning: in _ReportErrors at line 3172 of /builds/omniverse/usd-ci/USD/pxr/usd/usd/stage.cpp -- In </Lite3ProSensorRigRealWithInterfaceV1/mid360_scan_frame/visuals>: Unresolved reference prim path @/tmp/IsaacLab/usd_20260813_103028_5764/configuration/lite3_pro_sensor_rig_real_with_interface_isaac_physics.usd@</visuals/mid360_scan_frame> introduced by @/tmp/IsaacLab/usd_20260813_103028_5764/configuration/lite3_pro_sensor_rig_real_with_interface_isaac_base.usd@</Lite3ProSensorRigRealWithInterfaceV1/mid360_scan_frame/visuals> (recomposing stage on stage @/tmp/IsaacLab/usd_20260813_103028_5764/configuration/lite3_pro_sensor_rig_real_with_interface_isaac_physics.usd@ <0x5f85f9124410>)

2026-08-13T14:30:28Z [3,179ms] [Warning] [omni.usd] Warning: in _ReportErrors at line 3172 of /builds/omniverse/usd-ci/USD/pxr/usd/usd/stage.cpp -- In </Lite3ProSensorRigRealWithInterfaceV1/mid360_scan_frame/visuals>: Unresolved reference prim path @/tmp/IsaacLab/usd_20260813_103028_5764/lite3_pro_sensor_rig_real_with_interface_isaac.usd@</visuals/mid360_scan_frame> introduced by @/tmp/IsaacLab/usd_20260813_103028_5764/configuration/lite3_pro_sensor_rig_real_with_interface_isaac_base.usd@</Lite3ProSensorRigRealWithInterfaceV1/mid360_scan_frame/visuals> (recomposing stage on stage @/tmp/IsaacLab/usd_20260813_103028_5764/lite3_pro_sensor_rig_real_with_interface_isaac.usd@ <0x5f85f8d90a10>)

2026-08-13T14:30:28Z [3,179ms] [Warning] [omni.usd] Warning: in _ReportErrors at line 3172 of /builds/omniverse/usd-ci/USD/pxr/usd/usd/stage.cpp -- In </Lite3ProSensorRigRealWithInterfaceV1/mid360_scan_frame/visuals>: Unresolved reference prim path @/tmp/IsaacLab/usd_20260813_103028_5764/lite3_pro_sensor_rig_real_with_interface_isaac.usd@</visuals/mid360_scan_frame> introduced by @/tmp/IsaacLab/usd_20260813_103028_5764/configuration/lite3_pro_sensor_rig_real_with_interface_isaac_base.usd@</Lite3ProSensorRigRealWithInterfaceV1/mid360_scan_frame/visuals> (recomposing stage on stage @/tmp/IsaacLab/usd_20260813_103028_5764/lite3_pro_sensor_rig_real_with_interface_isaac.usd@ <0x5f85f8d8c0e0>)

2026-08-13T14:30:28Z [3,179ms] [Warning] [omni.usd] Warning: in _ReportErrors at line 3172 of /builds/omniverse/usd-ci/USD/pxr/usd/usd/stage.cpp -- In </Lite3ProSensorRigRealWithInterfaceV1/mid360_scan_frame/visuals>: Unresolved reference prim path @/tmp/IsaacLab/usd_20260813_103028_5764/configuration/lite3_pro_sensor_rig_real_with_interface_isaac_base.usd@</visuals/mid360_scan_frame> introduced by @/tmp/IsaacLab/usd_20260813_103028_5764/configuration/lite3_pro_sensor_rig_real_with_interface_isaac_base.usd@</Lite3ProSensorRigRealWithInterfaceV1/mid360_scan_frame/visuals> (recomposing stage on stage @/tmp/IsaacLab/usd_20260813_103028_5764/configuration/lite3_pro_sensor_rig_real_with_interface_isaac_base.usd@ <0x5f85f912d250>)

2026-08-13T14:30:28Z [3,179ms] [Warning] [omni.usd] Warning: in _ReportErrors at line 3172 of /builds/omniverse/usd-ci/USD/pxr/usd/usd/stage.cpp -- In </Lite3ProSensorRigRealWithInterfaceV1/mid360_scan_frame/visuals>: Unresolved reference prim path @/tmp/IsaacLab/usd_20260813_103028_5764/configuration/lite3_pro_sensor_rig_real_with_interface_isaac_physics.usd@</visuals/mid360_scan_frame> introduced by @/tmp/IsaacLab/usd_20260813_103028_5764/configuration/lite3_pro_sensor_rig_real_with_interface_isaac_base.usd@</Lite3ProSensorRigRealWithInterfaceV1/mid360_scan_frame/visuals> (recomposing stage on stage @/tmp/IsaacLab/usd_20260813_103028_5764/configuration/lite3_pro_sensor_rig_real_with_interface_isaac_physics.usd@ <0x5f85f9124410>)

2026-08-13T14:30:28Z [3,179ms] [Warning] [omni.usd] Warning: in _ReportErrors at line 3172 of /builds/omniverse/usd-ci/USD/pxr/usd/usd/stage.cpp -- In </Lite3ProSensorRigRealWithInterfaceV1/mid360_scan_frame/visuals>: Unresolved reference prim path @/tmp/IsaacLab/usd_20260813_103028_5764/lite3_pro_sensor_rig_real_with_interface_isaac.usd@</visuals/mid360_scan_frame> introduced by @/tmp/IsaacLab/usd_20260813_103028_5764/configuration/lite3_pro_sensor_rig_real_with_interface_isaac_base.usd@</Lite3ProSensorRigRealWithInterfaceV1/mid360_scan_frame/visuals> (recomposing stage on stage @/tmp/IsaacLab/usd_20260813_103028_5764/lite3_pro_sensor_rig_real_with_interface_isaac.usd@ <0x5f85f8d90a10>)

2026-08-13T14:30:28Z [3,179ms] [Warning] [omni.usd] Warning: in _ReportErrors at line 3172 of /builds/omniverse/usd-ci/USD/pxr/usd/usd/stage.cpp -- In </Lite3ProSensorRigRealWithInterfaceV1/mid360_scan_frame/visuals>: Unresolved reference prim path @/tmp/IsaacLab/usd_20260813_103028_5764/lite3_pro_sensor_rig_real_with_interface_isaac.usd@</visuals/mid360_scan_frame> introduced by @/tmp/IsaacLab/usd_20260813_103028_5764/configuration/lite3_pro_sensor_rig_real_with_interface_isaac_base.usd@</Lite3ProSensorRigRealWithInterfaceV1/mid360_scan_frame/visuals> (recomposing stage on stage @/tmp/IsaacLab/usd_20260813_103028_5764/lite3_pro_sensor_rig_real_with_interface_isaac.usd@ <0x5f85f8d8c0e0>)

2026-08-13T14:30:28Z [3,179ms] [Warning] [omni.usd] Warning: in _ReportErrors at line 3172 of /builds/omniverse/usd-ci/USD/pxr/usd/usd/stage.cpp -- In </Lite3ProSensorRigRealWithInterfaceV1/mid360_scan_frame/visuals>: Unresolved reference prim path @/tmp/IsaacLab/usd_20260813_103028_5764/configuration/lite3_pro_sensor_rig_real_with_interface_isaac_base.usd@</visuals/mid360_scan_frame> introduced by @/tmp/IsaacLab/usd_20260813_103028_5764/configuration/lite3_pro_sensor_rig_real_with_interface_isaac_base.usd@</Lite3ProSensorRigRealWithInterfaceV1/mid360_scan_frame/visuals> (recomposing stage on stage @/tmp/IsaacLab/usd_20260813_103028_5764/configuration/lite3_pro_sensor_rig_real_with_interface_isaac_base.usd@ <0x5f85f912d250>)

2026-08-13T14:30:28Z [3,180ms] [Warning] [isaacsim.asset.importer.urdf] The path s410-guard-access-print-ready-flange-down is not a valid usd path, modifying to s410_guard_access_print_ready_flange_down
2026-08-13T14:30:28Z [3,205ms] [Warning] [omni.usd] Warning: in _ReportErrors at line 3172 of /builds/omniverse/usd-ci/USD/pxr/usd/usd/stage.cpp -- In </Lite3ProSensorRigRealWithInterfaceV1/FR_FOOT/visuals>: Unresolved reference prim path @/tmp/IsaacLab/usd_20260813_103028_5764/configuration/lite3_pro_sensor_rig_real_with_interface_isaac_base.usd@</visuals/FR_FOOT> introduced by @/tmp/IsaacLab/usd_20260813_103028_5764/configuration/lite3_pro_sensor_rig_real_with_interface_isaac_base.usd@</Lite3ProSensorRigRealWithInterfaceV1/FR_FOOT/visuals> (recomposing stage on stage @/tmp/IsaacLab/usd_20260813_103028_5764/lite3_pro_sensor_rig_real_with_interface_isaac.usd@ <0x5f85f8d90a10>)

2026-08-13T14:30:28Z [3,205ms] [Warning] [omni.usd] Warning: in _ReportErrors at line 3172 of /builds/omniverse/usd-ci/USD/pxr/usd/usd/stage.cpp -- In </Lite3ProSensorRigRealWithInterfaceV1/FL_FOOT/visuals>: Unresolved reference prim path @/tmp/IsaacLab/usd_20260813_103028_5764/configuration/lite3_pro_sensor_rig_real_with_interface_isaac_base.usd@</visuals/FL_FOOT> introduced by @/tmp/IsaacLab/usd_20260813_103028_5764/configuration/lite3_pro_sensor_rig_real_with_interface_isaac_base.usd@</Lite3ProSensorRigRealWithInterfaceV1/FL_FOOT/visuals> (recomposing stage on stage @/tmp/IsaacLab/usd_20260813_103028_5764/lite3_pro_sensor_rig_real_with_interface_isaac.usd@ <0x5f85f8d90a10>)

2026-08-13T14:30:28Z [3,205ms] [Warning] [omni.usd] Warning: in _ReportErrors at line 3172 of /builds/omniverse/usd-ci/USD/pxr/usd/usd/stage.cpp -- In </Lite3ProSensorRigRealWithInterfaceV1/HL_FOOT/visuals>: Unresolved reference prim path @/tmp/IsaacLab/usd_20260813_103028_5764/configuration/lite3_pro_sensor_rig_real_with_interface_isaac_base.usd@</visuals/HL_FOOT> introduced by @/tmp/IsaacLab/usd_20260813_103028_5764/configuration/lite3_pro_sensor_rig_real_with_interface_isaac_base.usd@</Lite3ProSensorRigRealWithInterfaceV1/HL_FOOT/visuals> (recomposing stage on stage @/tmp/IsaacLab/usd_20260813_103028_5764/lite3_pro_sensor_rig_real_with_interface_isaac.usd@ <0x5f85f8d90a10>)

2026-08-13T14:30:28Z [3,205ms] [Warning] [omni.usd] Warning: in _ReportErrors at line 3172 of /builds/omniverse/usd-ci/USD/pxr/usd/usd/stage.cpp -- In </Lite3ProSensorRigRealWithInterfaceV1/HR_FOOT/visuals>: Unresolved reference prim path @/tmp/IsaacLab/usd_20260813_103028_5764/configuration/lite3_pro_sensor_rig_real_with_interface_isaac_base.usd@</visuals/HR_FOOT> introduced by @/tmp/IsaacLab/usd_20260813_103028_5764/configuration/lite3_pro_sensor_rig_real_with_interface_isaac_base.usd@</Lite3ProSensorRigRealWithInterfaceV1/HR_FOOT/visuals> (recomposing stage on stage @/tmp/IsaacLab/usd_20260813_103028_5764/lite3_pro_sensor_rig_real_with_interface_isaac.usd@ <0x5f85f8d90a10>)

2026-08-13T14:30:28Z [3,205ms] [Warning] [omni.usd] Warning: in _ReportErrors at line 3172 of /builds/omniverse/usd-ci/USD/pxr/usd/usd/stage.cpp -- In </Lite3ProSensorRigRealWithInterfaceV1/mid360_scan_frame/visuals>: Unresolved reference prim path @/tmp/IsaacLab/usd_20260813_103028_5764/configuration/lite3_pro_sensor_rig_real_with_interface_isaac_base.usd@</visuals/mid360_scan_frame> introduced by @/tmp/IsaacLab/usd_20260813_103028_5764/configuration/lite3_pro_sensor_rig_real_with_interface_isaac_base.usd@</Lite3ProSensorRigRealWithInterfaceV1/mid360_scan_frame/visuals> (recomposing stage on stage @/tmp/IsaacLab/usd_20260813_103028_5764/lite3_pro_sensor_rig_real_with_interface_isaac.usd@ <0x5f85f8d90a10>)

2026-08-13T14:30:28Z [3,205ms] [Warning] [omni.usd] Warning: in _ReportErrors at line 3172 of /builds/omniverse/usd-ci/USD/pxr/usd/usd/stage.cpp -- In </Lite3ProSensorRigRealWithInterfaceV1/d435i_depth_optical_frame/visuals>: Unresolved reference prim path @/tmp/IsaacLab/usd_20260813_103028_5764/configuration/lite3_pro_sensor_rig_real_with_interface_isaac_base.usd@</visuals/d435i_depth_optical_frame> introduced by @/tmp/IsaacLab/usd_20260813_103028_5764/configuration/lite3_pro_sensor_rig_real_with_interface_isaac_base.usd@</Lite3ProSensorRigRealWithInterfaceV1/d435i_depth_optical_frame/visuals> (recomposing stage on stage @/tmp/IsaacLab/usd_20260813_103028_5764/lite3_pro_sensor_rig_real_with_interface_isaac.usd@ <0x5f85f8d90a10>)

2026-08-13T14:30:28Z [3,206ms] [Warning] [omni.usd] Warning: in _ReportErrors at line 3172 of /builds/omniverse/usd-ci/USD/pxr/usd/usd/stage.cpp -- In </Lite3ProSensorRigRealWithInterfaceV1/FL_FOOT/visuals>: Unresolved reference prim path @/tmp/IsaacLab/usd_20260813_103028_5764/configuration/lite3_pro_sensor_rig_real_with_interface_isaac_base.usd@</visuals/FL_FOOT> introduced by @/tmp/IsaacLab/usd_20260813_103028_5764/configuration/lite3_pro_sensor_rig_real_with_interface_isaac_base.usd@</Lite3ProSensorRigRealWithInterfaceV1/FL_FOOT/visuals> (recomposing stage on stage @/tmp/IsaacLab/usd_20260813_103028_5764/lite3_pro_sensor_rig_real_with_interface_isaac.usd@ <0x5f85f8d8c0e0>)

2026-08-13T14:30:28Z [3,206ms] [Warning] [omni.usd] Warning: in _ReportErrors at line 3172 of /builds/omniverse/usd-ci/USD/pxr/usd/usd/stage.cpp -- In </Lite3ProSensorRigRealWithInterfaceV1/FR_FOOT/visuals>: Unresolved reference prim path @/tmp/IsaacLab/usd_20260813_103028_5764/configuration/lite3_pro_sensor_rig_real_with_interface_isaac_base.usd@</visuals/FR_FOOT> introduced by @/tmp/IsaacLab/usd_20260813_103028_5764/configuration/lite3_pro_sensor_rig_real_with_interface_isaac_base.usd@</Lite3ProSensorRigRealWithInterfaceV1/FR_FOOT/visuals> (recomposing stage on stage @/tmp/IsaacLab/usd_20260813_103028_5764/lite3_pro_sensor_rig_real_with_interface_isaac.usd@ <0x5f85f8d8c0e0>)

2026-08-13T14:30:28Z [3,206ms] [Warning] [omni.usd] Warning: in _ReportErrors at line 3172 of /builds/omniverse/usd-ci/USD/pxr/usd/usd/stage.cpp -- In </Lite3ProSensorRigRealWithInterfaceV1/HL_FOOT/visuals>: Unresolved reference prim path @/tmp/IsaacLab/usd_20260813_103028_5764/configuration/lite3_pro_sensor_rig_real_with_interface_isaac_base.usd@</visuals/HL_FOOT> introduced by @/tmp/IsaacLab/usd_20260813_103028_5764/configuration/lite3_pro_sensor_rig_real_with_interface_isaac_base.usd@</Lite3ProSensorRigRealWithInterfaceV1/HL_FOOT/visuals> (recomposing stage on stage @/tmp/IsaacLab/usd_20260813_103028_5764/lite3_pro_sensor_rig_real_with_interface_isaac.usd@ <0x5f85f8d8c0e0>)

2026-08-13T14:30:28Z [3,206ms] [Warning] [omni.usd] Warning: in _ReportErrors at line 3172 of /builds/omniverse/usd-ci/USD/pxr/usd/usd/stage.cpp -- In </Lite3ProSensorRigRealWithInterfaceV1/HR_FOOT/visuals>: Unresolved reference prim path @/tmp/IsaacLab/usd_20260813_103028_5764/configuration/lite3_pro_sensor_rig_real_with_interface_isaac_base.usd@</visuals/HR_FOOT> introduced by @/tmp/IsaacLab/usd_20260813_103028_5764/configuration/lite3_pro_sensor_rig_real_with_interface_isaac_base.usd@</Lite3ProSensorRigRealWithInterfaceV1/HR_FOOT/visuals> (recomposing stage on stage @/tmp/IsaacLab/usd_20260813_103028_5764/lite3_pro_sensor_rig_real_with_interface_isaac.usd@ <0x5f85f8d8c0e0>)

2026-08-13T14:30:28Z [3,206ms] [Warning] [omni.usd] Warning: in _ReportErrors at line 3172 of /builds/omniverse/usd-ci/USD/pxr/usd/usd/stage.cpp -- In </Lite3ProSensorRigRealWithInterfaceV1/mid360_scan_frame/visuals>: Unresolved reference prim path @/tmp/IsaacLab/usd_20260813_103028_5764/configuration/lite3_pro_sensor_rig_real_with_interface_isaac_base.usd@</visuals/mid360_scan_frame> introduced by @/tmp/IsaacLab/usd_20260813_103028_5764/configuration/lite3_pro_sensor_rig_real_with_interface_isaac_base.usd@</Lite3ProSensorRigRealWithInterfaceV1/mid360_scan_frame/visuals> (recomposing stage on stage @/tmp/IsaacLab/usd_20260813_103028_5764/lite3_pro_sensor_rig_real_with_interface_isaac.usd@ <0x5f85f8d8c0e0>)

2026-08-13T14:30:28Z [3,206ms] [Warning] [omni.usd] Warning: in _ReportErrors at line 3172 of /builds/omniverse/usd-ci/USD/pxr/usd/usd/stage.cpp -- In </Lite3ProSensorRigRealWithInterfaceV1/d435i_depth_optical_frame/visuals>: Unresolved reference prim path @/tmp/IsaacLab/usd_20260813_103028_5764/configuration/lite3_pro_sensor_rig_real_with_interface_isaac_base.usd@</visuals/d435i_depth_optical_frame> introduced by @/tmp/IsaacLab/usd_20260813_103028_5764/configuration/lite3_pro_sensor_rig_real_with_interface_isaac_base.usd@</Lite3ProSensorRigRealWithInterfaceV1/d435i_depth_optical_frame/visuals> (recomposing stage on stage @/tmp/IsaacLab/usd_20260813_103028_5764/lite3_pro_sensor_rig_real_with_interface_isaac.usd@ <0x5f85f8d8c0e0>)

2026-08-13T14:30:28Z [3,206ms] [Warning] [omni.usd] Warning: in _ReportErrors at line 3172 of /builds/omniverse/usd-ci/USD/pxr/usd/usd/stage.cpp -- In </Lite3ProSensorRigRealWithInterfaceV1/FL_FOOT/visuals>: Unresolved reference prim path @/tmp/IsaacLab/usd_20260813_103028_5764/configuration/lite3_pro_sensor_rig_real_with_interface_isaac_physics.usd@</visuals/FL_FOOT> introduced by @/tmp/IsaacLab/usd_20260813_103028_5764/configuration/lite3_pro_sensor_rig_real_with_interface_isaac_base.usd@</Lite3ProSensorRigRealWithInterfaceV1/FL_FOOT/visuals> (recomposing stage on stage @/tmp/IsaacLab/usd_20260813_103028_5764/lite3_pro_sensor_rig_real_with_interface_isaac.usd@ <0x5f85f8d90a10>)

2026-08-13T14:30:28Z [3,206ms] [Warning] [omni.usd] Warning: in _ReportErrors at line 3172 of /builds/omniverse/usd-ci/USD/pxr/usd/usd/stage.cpp -- In </Lite3ProSensorRigRealWithInterfaceV1/FR_FOOT/visuals>: Unresolved reference prim path @/tmp/IsaacLab/usd_20260813_103028_5764/configuration/lite3_pro_sensor_rig_real_with_interface_isaac_physics.usd@</visuals/FR_FOOT> introduced by @/tmp/IsaacLab/usd_20260813_103028_5764/configuration/lite3_pro_sensor_rig_real_with_interface_isaac_base.usd@</Lite3ProSensorRigRealWithInterfaceV1/FR_FOOT/visuals> (recomposing stage on stage @/tmp/IsaacLab/usd_20260813_103028_5764/lite3_pro_sensor_rig_real_with_interface_isaac.usd@ <0x5f85f8d90a10>)

2026-08-13T14:30:28Z [3,206ms] [Warning] [omni.usd] Warning: in _ReportErrors at line 3172 of /builds/omniverse/usd-ci/USD/pxr/usd/usd/stage.cpp -- In </Lite3ProSensorRigRealWithInterfaceV1/HL_FOOT/visuals>: Unresolved reference prim path @/tmp/IsaacLab/usd_20260813_103028_5764/configuration/lite3_pro_sensor_rig_real_with_interface_isaac_physics.usd@</visuals/HL_FOOT> introduced by @/tmp/IsaacLab/usd_20260813_103028_5764/configuration/lite3_pro_sensor_rig_real_with_interface_isaac_base.usd@</Lite3ProSensorRigRealWithInterfaceV1/HL_FOOT/visuals> (recomposing stage on stage @/tmp/IsaacLab/usd_20260813_103028_5764/lite3_pro_sensor_rig_real_with_interface_isaac.usd@ <0x5f85f8d90a10>)

2026-08-13T14:30:28Z [3,206ms] [Warning] [omni.usd] Warning: in _ReportErrors at line 3172 of /builds/omniverse/usd-ci/USD/pxr/usd/usd/stage.cpp -- In </Lite3ProSensorRigRealWithInterfaceV1/HR_FOOT/visuals>: Unresolved reference prim path @/tmp/IsaacLab/usd_20260813_103028_5764/configuration/lite3_pro_sensor_rig_real_with_interface_isaac_physics.usd@</visuals/HR_FOOT> introduced by @/tmp/IsaacLab/usd_20260813_103028_5764/configuration/lite3_pro_sensor_rig_real_with_interface_isaac_base.usd@</Lite3ProSensorRigRealWithInterfaceV1/HR_FOOT/visuals> (recomposing stage on stage @/tmp/IsaacLab/usd_20260813_103028_5764/lite3_pro_sensor_rig_real_with_interface_isaac.usd@ <0x5f85f8d90a10>)

2026-08-13T14:30:28Z [3,206ms] [Warning] [omni.usd] Warning: in _ReportErrors at line 3172 of /builds/omniverse/usd-ci/USD/pxr/usd/usd/stage.cpp -- In </Lite3ProSensorRigRealWithInterfaceV1/d435i_depth_optical_frame/visuals>: Unresolved reference prim path @/tmp/IsaacLab/usd_20260813_103028_5764/configuration/lite3_pro_sensor_rig_real_with_interface_isaac_physics.usd@</visuals/d435i_depth_optical_frame> introduced by @/tmp/IsaacLab/usd_20260813_103028_5764/configuration/lite3_pro_sensor_rig_real_with_interface_isaac_base.usd@</Lite3ProSensorRigRealWithInterfaceV1/d435i_depth_optical_frame/visuals> (recomposing stage on stage @/tmp/IsaacLab/usd_20260813_103028_5764/lite3_pro_sensor_rig_real_with_interface_isaac.usd@ <0x5f85f8d90a10>)

2026-08-13T14:30:28Z [3,206ms] [Warning] [omni.usd] Warning: in _ReportErrors at line 3172 of /builds/omniverse/usd-ci/USD/pxr/usd/usd/stage.cpp -- In </Lite3ProSensorRigRealWithInterfaceV1/mid360_scan_frame/visuals>: Unresolved reference prim path @/tmp/IsaacLab/usd_20260813_103028_5764/configuration/lite3_pro_sensor_rig_real_with_interface_isaac_physics.usd@</visuals/mid360_scan_frame> introduced by @/tmp/IsaacLab/usd_20260813_103028_5764/configuration/lite3_pro_sensor_rig_real_with_interface_isaac_base.usd@</Lite3ProSensorRigRealWithInterfaceV1/mid360_scan_frame/visuals> (recomposing stage on stage @/tmp/IsaacLab/usd_20260813_103028_5764/lite3_pro_sensor_rig_real_with_interface_isaac.usd@ <0x5f85f8d90a10>)

2026-08-13T14:30:28Z [3,207ms] [Warning] [omni.usd] Warning: in _ReportErrors at line 3172 of /builds/omniverse/usd-ci/USD/pxr/usd/usd/stage.cpp -- In </Lite3ProSensorRigRealWithInterfaceV1/FL_FOOT/visuals>: Unresolved reference prim path @/tmp/IsaacLab/usd_20260813_103028_5764/configuration/lite3_pro_sensor_rig_real_with_interface_isaac_physics.usd@</visuals/FL_FOOT> introduced by @/tmp/IsaacLab/usd_20260813_103028_5764/configuration/lite3_pro_sensor_rig_real_with_interface_isaac_base.usd@</Lite3ProSensorRigRealWithInterfaceV1/FL_FOOT/visuals> (recomposing stage on stage @/tmp/IsaacLab/usd_20260813_103028_5764/lite3_pro_sensor_rig_real_with_interface_isaac.usd@ <0x5f85f8d8c0e0>)

2026-08-13T14:30:28Z [3,207ms] [Warning] [omni.usd] Warning: in _ReportErrors at line 3172 of /builds/omniverse/usd-ci/USD/pxr/usd/usd/stage.cpp -- In </Lite3ProSensorRigRealWithInterfaceV1/FR_FOOT/visuals>: Unresolved reference prim path @/tmp/IsaacLab/usd_20260813_103028_5764/configuration/lite3_pro_sensor_rig_real_with_interface_isaac_physics.usd@</visuals/FR_FOOT> introduced by @/tmp/IsaacLab/usd_20260813_103028_5764/configuration/lite3_pro_sensor_rig_real_with_interface_isaac_base.usd@</Lite3ProSensorRigRealWithInterfaceV1/FR_FOOT/visuals> (recomposing stage on stage @/tmp/IsaacLab/usd_20260813_103028_5764/lite3_pro_sensor_rig_real_with_interface_isaac.usd@ <0x5f85f8d8c0e0>)

2026-08-13T14:30:28Z [3,207ms] [Warning] [omni.usd] Warning: in _ReportErrors at line 3172 of /builds/omniverse/usd-ci/USD/pxr/usd/usd/stage.cpp -- In </Lite3ProSensorRigRealWithInterfaceV1/HL_FOOT/visuals>: Unresolved reference prim path @/tmp/IsaacLab/usd_20260813_103028_5764/configuration/lite3_pro_sensor_rig_real_with_interface_isaac_physics.usd@</visuals/HL_FOOT> introduced by @/tmp/IsaacLab/usd_20260813_103028_5764/configuration/lite3_pro_sensor_rig_real_with_interface_isaac_base.usd@</Lite3ProSensorRigRealWithInterfaceV1/HL_FOOT/visuals> (recomposing stage on stage @/tmp/IsaacLab/usd_20260813_103028_5764/lite3_pro_sensor_rig_real_with_interface_isaac.usd@ <0x5f85f8d8c0e0>)

2026-08-13T14:30:28Z [3,207ms] [Warning] [omni.usd] Warning: in _ReportErrors at line 3172 of /builds/omniverse/usd-ci/USD/pxr/usd/usd/stage.cpp -- In </Lite3ProSensorRigRealWithInterfaceV1/HR_FOOT/visuals>: Unresolved reference prim path @/tmp/IsaacLab/usd_20260813_103028_5764/configuration/lite3_pro_sensor_rig_real_with_interface_isaac_physics.usd@</visuals/HR_FOOT> introduced by @/tmp/IsaacLab/usd_20260813_103028_5764/configuration/lite3_pro_sensor_rig_real_with_interface_isaac_base.usd@</Lite3ProSensorRigRealWithInterfaceV1/HR_FOOT/visuals> (recomposing stage on stage @/tmp/IsaacLab/usd_20260813_103028_5764/lite3_pro_sensor_rig_real_with_interface_isaac.usd@ <0x5f85f8d8c0e0>)

2026-08-13T14:30:28Z [3,207ms] [Warning] [omni.usd] Warning: in _ReportErrors at line 3172 of /builds/omniverse/usd-ci/USD/pxr/usd/usd/stage.cpp -- In </Lite3ProSensorRigRealWithInterfaceV1/mid360_scan_frame/visuals>: Unresolved reference prim path @/tmp/IsaacLab/usd_20260813_103028_5764/configuration/lite3_pro_sensor_rig_real_with_interface_isaac_physics.usd@</visuals/mid360_scan_frame> introduced by @/tmp/IsaacLab/usd_20260813_103028_5764/configuration/lite3_pro_sensor_rig_real_with_interface_isaac_base.usd@</Lite3ProSensorRigRealWithInterfaceV1/mid360_scan_frame/visuals> (recomposing stage on stage @/tmp/IsaacLab/usd_20260813_103028_5764/lite3_pro_sensor_rig_real_with_interface_isaac.usd@ <0x5f85f8d8c0e0>)

2026-08-13T14:30:28Z [3,207ms] [Warning] [omni.usd] Warning: in _ReportErrors at line 3172 of /builds/omniverse/usd-ci/USD/pxr/usd/usd/stage.cpp -- In </Lite3ProSensorRigRealWithInterfaceV1/d435i_depth_optical_frame/visuals>: Unresolved reference prim path @/tmp/IsaacLab/usd_20260813_103028_5764/configuration/lite3_pro_sensor_rig_real_with_interface_isaac_physics.usd@</visuals/d435i_depth_optical_frame> introduced by @/tmp/IsaacLab/usd_20260813_103028_5764/configuration/lite3_pro_sensor_rig_real_with_interface_isaac_base.usd@</Lite3ProSensorRigRealWithInterfaceV1/d435i_depth_optical_frame/visuals> (recomposing stage on stage @/tmp/IsaacLab/usd_20260813_103028_5764/lite3_pro_sensor_rig_real_with_interface_isaac.usd@ <0x5f85f8d8c0e0>)

2026-08-13T14:30:28Z [3,207ms] [Warning] [omni.usd] Warning: in _ReportErrors at line 3172 of /builds/omniverse/usd-ci/USD/pxr/usd/usd/stage.cpp -- In </Lite3ProSensorRigRealWithInterfaceV1/FR_FOOT/visuals>: Unresolved reference prim path @/tmp/IsaacLab/usd_20260813_103028_5764/configuration/lite3_pro_sensor_rig_real_with_interface_isaac_physics.usd@</visuals/FR_FOOT> introduced by @/tmp/IsaacLab/usd_20260813_103028_5764/configuration/lite3_pro_sensor_rig_real_with_interface_isaac_base.usd@</Lite3ProSensorRigRealWithInterfaceV1/FR_FOOT/visuals> (recomposing stage on stage @/tmp/IsaacLab/usd_20260813_103028_5764/lite3_pro_sensor_rig_real_with_interface_isaac.usd@ <0x5f85f8d90a10>)

2026-08-13T14:30:28Z [3,207ms] [Warning] [omni.usd] Warning: in _ReportErrors at line 3172 of /builds/omniverse/usd-ci/USD/pxr/usd/usd/stage.cpp -- In </Lite3ProSensorRigRealWithInterfaceV1/FL_FOOT/visuals>: Unresolved reference prim path @/tmp/IsaacLab/usd_20260813_103028_5764/configuration/lite3_pro_sensor_rig_real_with_interface_isaac_physics.usd@</visuals/FL_FOOT> introduced by @/tmp/IsaacLab/usd_20260813_103028_5764/configuration/lite3_pro_sensor_rig_real_with_interface_isaac_base.usd@</Lite3ProSensorRigRealWithInterfaceV1/FL_FOOT/visuals> (recomposing stage on stage @/tmp/IsaacLab/usd_20260813_103028_5764/lite3_pro_sensor_rig_real_with_interface_isaac.usd@ <0x5f85f8d90a10>)

2026-08-13T14:30:28Z [3,207ms] [Warning] [omni.usd] Warning: in _ReportErrors at line 3172 of /builds/omniverse/usd-ci/USD/pxr/usd/usd/stage.cpp -- In </Lite3ProSensorRigRealWithInterfaceV1/HL_FOOT/visuals>: Unresolved reference prim path @/tmp/IsaacLab/usd_20260813_103028_5764/configuration/lite3_pro_sensor_rig_real_with_interface_isaac_physics.usd@</visuals/HL_FOOT> introduced by @/tmp/IsaacLab/usd_20260813_103028_5764/configuration/lite3_pro_sensor_rig_real_with_interface_isaac_base.usd@</Lite3ProSensorRigRealWithInterfaceV1/HL_FOOT/visuals> (recomposing stage on stage @/tmp/IsaacLab/usd_20260813_103028_5764/lite3_pro_sensor_rig_real_with_interface_isaac.usd@ <0x5f85f8d90a10>)

2026-08-13T14:30:28Z [3,207ms] [Warning] [omni.usd] Warning: in _ReportErrors at line 3172 of /builds/omniverse/usd-ci/USD/pxr/usd/usd/stage.cpp -- In </Lite3ProSensorRigRealWithInterfaceV1/d435i_depth_optical_frame/visuals>: Unresolved reference prim path @/tmp/IsaacLab/usd_20260813_103028_5764/configuration/lite3_pro_sensor_rig_real_with_interface_isaac_physics.usd@</visuals/d435i_depth_optical_frame> introduced by @/tmp/IsaacLab/usd_20260813_103028_5764/configuration/lite3_pro_sensor_rig_real_with_interface_isaac_base.usd@</Lite3ProSensorRigRealWithInterfaceV1/d435i_depth_optical_frame/visuals> (recomposing stage on stage @/tmp/IsaacLab/usd_20260813_103028_5764/lite3_pro_sensor_rig_real_with_interface_isaac.usd@ <0x5f85f8d90a10>)

2026-08-13T14:30:28Z [3,207ms] [Warning] [omni.usd] Warning: in _ReportErrors at line 3172 of /builds/omniverse/usd-ci/USD/pxr/usd/usd/stage.cpp -- In </Lite3ProSensorRigRealWithInterfaceV1/HR_FOOT/visuals>: Unresolved reference prim path @/tmp/IsaacLab/usd_20260813_103028_5764/configuration/lite3_pro_sensor_rig_real_with_interface_isaac_physics.usd@</visuals/HR_FOOT> introduced by @/tmp/IsaacLab/usd_20260813_103028_5764/configuration/lite3_pro_sensor_rig_real_with_interface_isaac_base.usd@</Lite3ProSensorRigRealWithInterfaceV1/HR_FOOT/visuals> (recomposing stage on stage @/tmp/IsaacLab/usd_20260813_103028_5764/lite3_pro_sensor_rig_real_with_interface_isaac.usd@ <0x5f85f8d90a10>)

2026-08-13T14:30:28Z [3,207ms] [Warning] [omni.usd] Warning: in _ReportErrors at line 3172 of /builds/omniverse/usd-ci/USD/pxr/usd/usd/stage.cpp -- In </Lite3ProSensorRigRealWithInterfaceV1/mid360_scan_frame/visuals>: Unresolved reference prim path @/tmp/IsaacLab/usd_20260813_103028_5764/configuration/lite3_pro_sensor_rig_real_with_interface_isaac_physics.usd@</visuals/mid360_scan_frame> introduced by @/tmp/IsaacLab/usd_20260813_103028_5764/configuration/lite3_pro_sensor_rig_real_with_interface_isaac_base.usd@</Lite3ProSensorRigRealWithInterfaceV1/mid360_scan_frame/visuals> (recomposing stage on stage @/tmp/IsaacLab/usd_20260813_103028_5764/lite3_pro_sensor_rig_real_with_interface_isaac.usd@ <0x5f85f8d90a10>)

2026-08-13T14:30:28Z [3,208ms] [Warning] [omni.usd] Warning: in _ReportErrors at line 3172 of /builds/omniverse/usd-ci/USD/pxr/usd/usd/stage.cpp -- In </Lite3ProSensorRigRealWithInterfaceV1/FL_FOOT/visuals>: Unresolved reference prim path @/tmp/IsaacLab/usd_20260813_103028_5764/configuration/lite3_pro_sensor_rig_real_with_interface_isaac_physics.usd@</visuals/FL_FOOT> introduced by @/tmp/IsaacLab/usd_20260813_103028_5764/configuration/lite3_pro_sensor_rig_real_with_interface_isaac_base.usd@</Lite3ProSensorRigRealWithInterfaceV1/FL_FOOT/visuals> (recomposing stage on stage @/tmp/IsaacLab/usd_20260813_103028_5764/lite3_pro_sensor_rig_real_with_interface_isaac.usd@ <0x5f85f8d8c0e0>)

2026-08-13T14:30:28Z [3,208ms] [Warning] [omni.usd] Warning: in _ReportErrors at line 3172 of /builds/omniverse/usd-ci/USD/pxr/usd/usd/stage.cpp -- In </Lite3ProSensorRigRealWithInterfaceV1/FR_FOOT/visuals>: Unresolved reference prim path @/tmp/IsaacLab/usd_20260813_103028_5764/configuration/lite3_pro_sensor_rig_real_with_interface_isaac_physics.usd@</visuals/FR_FOOT> introduced by @/tmp/IsaacLab/usd_20260813_103028_5764/configuration/lite3_pro_sensor_rig_real_with_interface_isaac_base.usd@</Lite3ProSensorRigRealWithInterfaceV1/FR_FOOT/visuals> (recomposing stage on stage @/tmp/IsaacLab/usd_20260813_103028_5764/lite3_pro_sensor_rig_real_with_interface_isaac.usd@ <0x5f85f8d8c0e0>)

2026-08-13T14:30:28Z [3,208ms] [Warning] [omni.usd] Warning: in _ReportErrors at line 3172 of /builds/omniverse/usd-ci/USD/pxr/usd/usd/stage.cpp -- In </Lite3ProSensorRigRealWithInterfaceV1/HL_FOOT/visuals>: Unresolved reference prim path @/tmp/IsaacLab/usd_20260813_103028_5764/configuration/lite3_pro_sensor_rig_real_with_interface_isaac_physics.usd@</visuals/HL_FOOT> introduced by @/tmp/IsaacLab/usd_20260813_103028_5764/configuration/lite3_pro_sensor_rig_real_with_interface_isaac_base.usd@</Lite3ProSensorRigRealWithInterfaceV1/HL_FOOT/visuals> (recomposing stage on stage @/tmp/IsaacLab/usd_20260813_103028_5764/lite3_pro_sensor_rig_real_with_interface_isaac.usd@ <0x5f85f8d8c0e0>)

2026-08-13T14:30:28Z [3,208ms] [Warning] [omni.usd] Warning: in _ReportErrors at line 3172 of /builds/omniverse/usd-ci/USD/pxr/usd/usd/stage.cpp -- In </Lite3ProSensorRigRealWithInterfaceV1/HR_FOOT/visuals>: Unresolved reference prim path @/tmp/IsaacLab/usd_20260813_103028_5764/configuration/lite3_pro_sensor_rig_real_with_interface_isaac_physics.usd@</visuals/HR_FOOT> introduced by @/tmp/IsaacLab/usd_20260813_103028_5764/configuration/lite3_pro_sensor_rig_real_with_interface_isaac_base.usd@</Lite3ProSensorRigRealWithInterfaceV1/HR_FOOT/visuals> (recomposing stage on stage @/tmp/IsaacLab/usd_20260813_103028_5764/lite3_pro_sensor_rig_real_with_interface_isaac.usd@ <0x5f85f8d8c0e0>)

2026-08-13T14:30:28Z [3,208ms] [Warning] [omni.usd] Warning: in _ReportErrors at line 3172 of /builds/omniverse/usd-ci/USD/pxr/usd/usd/stage.cpp -- In </Lite3ProSensorRigRealWithInterfaceV1/d435i_depth_optical_frame/visuals>: Unresolved reference prim path @/tmp/IsaacLab/usd_20260813_103028_5764/configuration/lite3_pro_sensor_rig_real_with_interface_isaac_physics.usd@</visuals/d435i_depth_optical_frame> introduced by @/tmp/IsaacLab/usd_20260813_103028_5764/configuration/lite3_pro_sensor_rig_real_with_interface_isaac_base.usd@</Lite3ProSensorRigRealWithInterfaceV1/d435i_depth_optical_frame/visuals> (recomposing stage on stage @/tmp/IsaacLab/usd_20260813_103028_5764/lite3_pro_sensor_rig_real_with_interface_isaac.usd@ <0x5f85f8d8c0e0>)

2026-08-13T14:30:28Z [3,208ms] [Warning] [omni.usd] Warning: in _ReportErrors at line 3172 of /builds/omniverse/usd-ci/USD/pxr/usd/usd/stage.cpp -- In </Lite3ProSensorRigRealWithInterfaceV1/mid360_scan_frame/visuals>: Unresolved reference prim path @/tmp/IsaacLab/usd_20260813_103028_5764/configuration/lite3_pro_sensor_rig_real_with_interface_isaac_physics.usd@</visuals/mid360_scan_frame> introduced by @/tmp/IsaacLab/usd_20260813_103028_5764/configuration/lite3_pro_sensor_rig_real_with_interface_isaac_base.usd@</Lite3ProSensorRigRealWithInterfaceV1/mid360_scan_frame/visuals> (recomposing stage on stage @/tmp/IsaacLab/usd_20260813_103028_5764/lite3_pro_sensor_rig_real_with_interface_isaac.usd@ <0x5f85f8d8c0e0>)

2026-08-13T14:30:28Z [3,208ms] [Warning] [omni.usd] Warning: in _ReportErrors at line 3172 of /builds/omniverse/usd-ci/USD/pxr/usd/usd/stage.cpp -- In </Lite3ProSensorRigRealWithInterfaceV1/FL_FOOT/visuals>: Unresolved reference prim path @/tmp/IsaacLab/usd_20260813_103028_5764/configuration/lite3_pro_sensor_rig_real_with_interface_isaac_physics.usd@</visuals/FL_FOOT> introduced by @/tmp/IsaacLab/usd_20260813_103028_5764/configuration/lite3_pro_sensor_rig_real_with_interface_isaac_base.usd@</Lite3ProSensorRigRealWithInterfaceV1/FL_FOOT/visuals> (recomposing stage on stage @/tmp/IsaacLab/usd_20260813_103028_5764/lite3_pro_sensor_rig_real_with_interface_isaac.usd@ <0x5f85f8d90a10>)

2026-08-13T14:30:28Z [3,208ms] [Warning] [omni.usd] Warning: in _ReportErrors at line 3172 of /builds/omniverse/usd-ci/USD/pxr/usd/usd/stage.cpp -- In </Lite3ProSensorRigRealWithInterfaceV1/FR_FOOT/visuals>: Unresolved reference prim path @/tmp/IsaacLab/usd_20260813_103028_5764/configuration/lite3_pro_sensor_rig_real_with_interface_isaac_physics.usd@</visuals/FR_FOOT> introduced by @/tmp/IsaacLab/usd_20260813_103028_5764/configuration/lite3_pro_sensor_rig_real_with_interface_isaac_base.usd@</Lite3ProSensorRigRealWithInterfaceV1/FR_FOOT/visuals> (recomposing stage on stage @/tmp/IsaacLab/usd_20260813_103028_5764/lite3_pro_sensor_rig_real_with_interface_isaac.usd@ <0x5f85f8d90a10>)

2026-08-13T14:30:28Z [3,208ms] [Warning] [omni.usd] Warning: in _ReportErrors at line 3172 of /builds/omniverse/usd-ci/USD/pxr/usd/usd/stage.cpp -- In </Lite3ProSensorRigRealWithInterfaceV1/HR_FOOT/visuals>: Unresolved reference prim path @/tmp/IsaacLab/usd_20260813_103028_5764/configuration/lite3_pro_sensor_rig_real_with_interface_isaac_physics.usd@</visuals/HR_FOOT> introduced by @/tmp/IsaacLab/usd_20260813_103028_5764/configuration/lite3_pro_sensor_rig_real_with_interface_isaac_base.usd@</Lite3ProSensorRigRealWithInterfaceV1/HR_FOOT/visuals> (recomposing stage on stage @/tmp/IsaacLab/usd_20260813_103028_5764/lite3_pro_sensor_rig_real_with_interface_isaac.usd@ <0x5f85f8d90a10>)

2026-08-13T14:30:28Z [3,208ms] [Warning] [omni.usd] Warning: in _ReportErrors at line 3172 of /builds/omniverse/usd-ci/USD/pxr/usd/usd/stage.cpp -- In </Lite3ProSensorRigRealWithInterfaceV1/HL_FOOT/visuals>: Unresolved reference prim path @/tmp/IsaacLab/usd_20260813_103028_5764/configuration/lite3_pro_sensor_rig_real_with_interface_isaac_physics.usd@</visuals/HL_FOOT> introduced by @/tmp/IsaacLab/usd_20260813_103028_5764/configuration/lite3_pro_sensor_rig_real_with_interface_isaac_base.usd@</Lite3ProSensorRigRealWithInterfaceV1/HL_FOOT/visuals> (recomposing stage on stage @/tmp/IsaacLab/usd_20260813_103028_5764/lite3_pro_sensor_rig_real_with_interface_isaac.usd@ <0x5f85f8d90a10>)

2026-08-13T14:30:28Z [3,208ms] [Warning] [omni.usd] Warning: in _ReportErrors at line 3172 of /builds/omniverse/usd-ci/USD/pxr/usd/usd/stage.cpp -- In </Lite3ProSensorRigRealWithInterfaceV1/d435i_depth_optical_frame/visuals>: Unresolved reference prim path @/tmp/IsaacLab/usd_20260813_103028_5764/configuration/lite3_pro_sensor_rig_real_with_interface_isaac_physics.usd@</visuals/d435i_depth_optical_frame> introduced by @/tmp/IsaacLab/usd_20260813_103028_5764/configuration/lite3_pro_sensor_rig_real_with_interface_isaac_base.usd@</Lite3ProSensorRigRealWithInterfaceV1/d435i_depth_optical_frame/visuals> (recomposing stage on stage @/tmp/IsaacLab/usd_20260813_103028_5764/lite3_pro_sensor_rig_real_with_interface_isaac.usd@ <0x5f85f8d90a10>)

2026-08-13T14:30:28Z [3,208ms] [Warning] [omni.usd] Warning: in _ReportErrors at line 3172 of /builds/omniverse/usd-ci/USD/pxr/usd/usd/stage.cpp -- In </Lite3ProSensorRigRealWithInterfaceV1/mid360_scan_frame/visuals>: Unresolved reference prim path @/tmp/IsaacLab/usd_20260813_103028_5764/configuration/lite3_pro_sensor_rig_real_with_interface_isaac_physics.usd@</visuals/mid360_scan_frame> introduced by @/tmp/IsaacLab/usd_20260813_103028_5764/configuration/lite3_pro_sensor_rig_real_with_interface_isaac_base.usd@</Lite3ProSensorRigRealWithInterfaceV1/mid360_scan_frame/visuals> (recomposing stage on stage @/tmp/IsaacLab/usd_20260813_103028_5764/lite3_pro_sensor_rig_real_with_interface_isaac.usd@ <0x5f85f8d90a10>)

2026-08-13T14:30:28Z [3,209ms] [Warning] [omni.usd] Warning: in _ReportErrors at line 3172 of /builds/omniverse/usd-ci/USD/pxr/usd/usd/stage.cpp -- In </Lite3ProSensorRigRealWithInterfaceV1/FL_FOOT/visuals>: Unresolved reference prim path @/tmp/IsaacLab/usd_20260813_103028_5764/configuration/lite3_pro_sensor_rig_real_with_interface_isaac_physics.usd@</visuals/FL_FOOT> introduced by @/tmp/IsaacLab/usd_20260813_103028_5764/configuration/lite3_pro_sensor_rig_real_with_interface_isaac_base.usd@</Lite3ProSensorRigRealWithInterfaceV1/FL_FOOT/visuals> (recomposing stage on stage @/tmp/IsaacLab/usd_20260813_103028_5764/lite3_pro_sensor_rig_real_with_interface_isaac.usd@ <0x5f85f8d8c0e0>)

2026-08-13T14:30:28Z [3,209ms] [Warning] [omni.usd] Warning: in _ReportErrors at line 3172 of /builds/omniverse/usd-ci/USD/pxr/usd/usd/stage.cpp -- In </Lite3ProSensorRigRealWithInterfaceV1/FR_FOOT/visuals>: Unresolved reference prim path @/tmp/IsaacLab/usd_20260813_103028_5764/configuration/lite3_pro_sensor_rig_real_with_interface_isaac_physics.usd@</visuals/FR_FOOT> introduced by @/tmp/IsaacLab/usd_20260813_103028_5764/configuration/lite3_pro_sensor_rig_real_with_interface_isaac_base.usd@</Lite3ProSensorRigRealWithInterfaceV1/FR_FOOT/visuals> (recomposing stage on stage @/tmp/IsaacLab/usd_20260813_103028_5764/lite3_pro_sensor_rig_real_with_interface_isaac.usd@ <0x5f85f8d8c0e0>)

2026-08-13T14:30:28Z [3,209ms] [Warning] [omni.usd] Warning: in _ReportErrors at line 3172 of /builds/omniverse/usd-ci/USD/pxr/usd/usd/stage.cpp -- In </Lite3ProSensorRigRealWithInterfaceV1/HL_FOOT/visuals>: Unresolved reference prim path @/tmp/IsaacLab/usd_20260813_103028_5764/configuration/lite3_pro_sensor_rig_real_with_interface_isaac_physics.usd@</visuals/HL_FOOT> introduced by @/tmp/IsaacLab/usd_20260813_103028_5764/configuration/lite3_pro_sensor_rig_real_with_interface_isaac_base.usd@</Lite3ProSensorRigRealWithInterfaceV1/HL_FOOT/visuals> (recomposing stage on stage @/tmp/IsaacLab/usd_20260813_103028_5764/lite3_pro_sensor_rig_real_with_interface_isaac.usd@ <0x5f85f8d8c0e0>)

2026-08-13T14:30:28Z [3,209ms] [Warning] [omni.usd] Warning: in _ReportErrors at line 3172 of /builds/omniverse/usd-ci/USD/pxr/usd/usd/stage.cpp -- In </Lite3ProSensorRigRealWithInterfaceV1/mid360_scan_frame/visuals>: Unresolved reference prim path @/tmp/IsaacLab/usd_20260813_103028_5764/configuration/lite3_pro_sensor_rig_real_with_interface_isaac_physics.usd@</visuals/mid360_scan_frame> introduced by @/tmp/IsaacLab/usd_20260813_103028_5764/configuration/lite3_pro_sensor_rig_real_with_interface_isaac_base.usd@</Lite3ProSensorRigRealWithInterfaceV1/mid360_scan_frame/visuals> (recomposing stage on stage @/tmp/IsaacLab/usd_20260813_103028_5764/lite3_pro_sensor_rig_real_with_interface_isaac.usd@ <0x5f85f8d8c0e0>)

2026-08-13T14:30:28Z [3,209ms] [Warning] [omni.usd] Warning: in _ReportErrors at line 3172 of /builds/omniverse/usd-ci/USD/pxr/usd/usd/stage.cpp -- In </Lite3ProSensorRigRealWithInterfaceV1/HR_FOOT/visuals>: Unresolved reference prim path @/tmp/IsaacLab/usd_20260813_103028_5764/configuration/lite3_pro_sensor_rig_real_with_interface_isaac_physics.usd@</visuals/HR_FOOT> introduced by @/tmp/IsaacLab/usd_20260813_103028_5764/configuration/lite3_pro_sensor_rig_real_with_interface_isaac_base.usd@</Lite3ProSensorRigRealWithInterfaceV1/HR_FOOT/visuals> (recomposing stage on stage @/tmp/IsaacLab/usd_20260813_103028_5764/lite3_pro_sensor_rig_real_with_interface_isaac.usd@ <0x5f85f8d8c0e0>)

2026-08-13T14:30:28Z [3,209ms] [Warning] [omni.usd] Warning: in _ReportErrors at line 3172 of /builds/omniverse/usd-ci/USD/pxr/usd/usd/stage.cpp -- In </Lite3ProSensorRigRealWithInterfaceV1/d435i_depth_optical_frame/visuals>: Unresolved reference prim path @/tmp/IsaacLab/usd_20260813_103028_5764/configuration/lite3_pro_sensor_rig_real_with_interface_isaac_physics.usd@</visuals/d435i_depth_optical_frame> introduced by @/tmp/IsaacLab/usd_20260813_103028_5764/configuration/lite3_pro_sensor_rig_real_with_interface_isaac_base.usd@</Lite3ProSensorRigRealWithInterfaceV1/d435i_depth_optical_frame/visuals> (recomposing stage on stage @/tmp/IsaacLab/usd_20260813_103028_5764/lite3_pro_sensor_rig_real_with_interface_isaac.usd@ <0x5f85f8d8c0e0>)

2026-08-13T14:30:28Z [3,209ms] [Warning] [omni.usd] Warning: in _ReportErrors at line 3172 of /builds/omniverse/usd-ci/USD/pxr/usd/usd/stage.cpp -- In </Lite3ProSensorRigRealWithInterfaceV1/FL_FOOT/visuals>: Unresolved reference prim path @/tmp/IsaacLab/usd_20260813_103028_5764/configuration/lite3_pro_sensor_rig_real_with_interface_isaac_physics.usd@</visuals/FL_FOOT> introduced by @/tmp/IsaacLab/usd_20260813_103028_5764/configuration/lite3_pro_sensor_rig_real_with_interface_isaac_base.usd@</Lite3ProSensorRigRealWithInterfaceV1/FL_FOOT/visuals> (recomposing stage on stage @/tmp/IsaacLab/usd_20260813_103028_5764/lite3_pro_sensor_rig_real_with_interface_isaac.usd@ <0x5f85f8d90a10>)

2026-08-13T14:30:28Z [3,209ms] [Warning] [omni.usd] Warning: in _ReportErrors at line 3172 of /builds/omniverse/usd-ci/USD/pxr/usd/usd/stage.cpp -- In </Lite3ProSensorRigRealWithInterfaceV1/FR_FOOT/visuals>: Unresolved reference prim path @/tmp/IsaacLab/usd_20260813_103028_5764/configuration/lite3_pro_sensor_rig_real_with_interface_isaac_physics.usd@</visuals/FR_FOOT> introduced by @/tmp/IsaacLab/usd_20260813_103028_5764/configuration/lite3_pro_sensor_rig_real_with_interface_isaac_base.usd@</Lite3ProSensorRigRealWithInterfaceV1/FR_FOOT/visuals> (recomposing stage on stage @/tmp/IsaacLab/usd_20260813_103028_5764/lite3_pro_sensor_rig_real_with_interface_isaac.usd@ <0x5f85f8d90a10>)

2026-08-13T14:30:28Z [3,209ms] [Warning] [omni.usd] Warning: in _ReportErrors at line 3172 of /builds/omniverse/usd-ci/USD/pxr/usd/usd/stage.cpp -- In </Lite3ProSensorRigRealWithInterfaceV1/HL_FOOT/visuals>: Unresolved reference prim path @/tmp/IsaacLab/usd_20260813_103028_5764/configuration/lite3_pro_sensor_rig_real_with_interface_isaac_physics.usd@</visuals/HL_FOOT> introduced by @/tmp/IsaacLab/usd_20260813_103028_5764/configuration/lite3_pro_sensor_rig_real_with_interface_isaac_base.usd@</Lite3ProSensorRigRealWithInterfaceV1/HL_FOOT/visuals> (recomposing stage on stage @/tmp/IsaacLab/usd_20260813_103028_5764/lite3_pro_sensor_rig_real_with_interface_isaac.usd@ <0x5f85f8d90a10>)

2026-08-13T14:30:28Z [3,209ms] [Warning] [omni.usd] Warning: in _ReportErrors at line 3172 of /builds/omniverse/usd-ci/USD/pxr/usd/usd/stage.cpp -- In </Lite3ProSensorRigRealWithInterfaceV1/HR_FOOT/visuals>: Unresolved reference prim path @/tmp/IsaacLab/usd_20260813_103028_5764/configuration/lite3_pro_sensor_rig_real_with_interface_isaac_physics.usd@</visuals/HR_FOOT> introduced by @/tmp/IsaacLab/usd_20260813_103028_5764/configuration/lite3_pro_sensor_rig_real_with_interface_isaac_base.usd@</Lite3ProSensorRigRealWithInterfaceV1/HR_FOOT/visuals> (recomposing stage on stage @/tmp/IsaacLab/usd_20260813_103028_5764/lite3_pro_sensor_rig_real_with_interface_isaac.usd@ <0x5f85f8d90a10>)

2026-08-13T14:30:28Z [3,209ms] [Warning] [omni.usd] Warning: in _ReportErrors at line 3172 of /builds/omniverse/usd-ci/USD/pxr/usd/usd/stage.cpp -- In </Lite3ProSensorRigRealWithInterfaceV1/d435i_depth_optical_frame/visuals>: Unresolved reference prim path @/tmp/IsaacLab/usd_20260813_103028_5764/configuration/lite3_pro_sensor_rig_real_with_interface_isaac_physics.usd@</visuals/d435i_depth_optical_frame> introduced by @/tmp/IsaacLab/usd_20260813_103028_5764/configuration/lite3_pro_sensor_rig_real_with_interface_isaac_base.usd@</Lite3ProSensorRigRealWithInterfaceV1/d435i_depth_optical_frame/visuals> (recomposing stage on stage @/tmp/IsaacLab/usd_20260813_103028_5764/lite3_pro_sensor_rig_real_with_interface_isaac.usd@ <0x5f85f8d90a10>)

2026-08-13T14:30:28Z [3,209ms] [Warning] [omni.usd] Warning: in _ReportErrors at line 3172 of /builds/omniverse/usd-ci/USD/pxr/usd/usd/stage.cpp -- In </Lite3ProSensorRigRealWithInterfaceV1/mid360_scan_frame/visuals>: Unresolved reference prim path @/tmp/IsaacLab/usd_20260813_103028_5764/configuration/lite3_pro_sensor_rig_real_with_interface_isaac_physics.usd@</visuals/mid360_scan_frame> introduced by @/tmp/IsaacLab/usd_20260813_103028_5764/configuration/lite3_pro_sensor_rig_real_with_interface_isaac_base.usd@</Lite3ProSensorRigRealWithInterfaceV1/mid360_scan_frame/visuals> (recomposing stage on stage @/tmp/IsaacLab/usd_20260813_103028_5764/lite3_pro_sensor_rig_real_with_interface_isaac.usd@ <0x5f85f8d90a10>)

2026-08-13T14:30:28Z [3,210ms] [Warning] [omni.usd] Warning: in _ReportErrors at line 3172 of /builds/omniverse/usd-ci/USD/pxr/usd/usd/stage.cpp -- In </Lite3ProSensorRigRealWithInterfaceV1/FL_FOOT/visuals>: Unresolved reference prim path @/tmp/IsaacLab/usd_20260813_103028_5764/configuration/lite3_pro_sensor_rig_real_with_interface_isaac_physics.usd@</visuals/FL_FOOT> introduced by @/tmp/IsaacLab/usd_20260813_103028_5764/configuration/lite3_pro_sensor_rig_real_with_interface_isaac_base.usd@</Lite3ProSensorRigRealWithInterfaceV1/FL_FOOT/visuals> (recomposing stage on stage @/tmp/IsaacLab/usd_20260813_103028_5764/lite3_pro_sensor_rig_real_with_interface_isaac.usd@ <0x5f85f8d8c0e0>)

2026-08-13T14:30:28Z [3,210ms] [Warning] [omni.usd] Warning: in _ReportErrors at line 3172 of /builds/omniverse/usd-ci/USD/pxr/usd/usd/stage.cpp -- In </Lite3ProSensorRigRealWithInterfaceV1/FR_FOOT/visuals>: Unresolved reference prim path @/tmp/IsaacLab/usd_20260813_103028_5764/configuration/lite3_pro_sensor_rig_real_with_interface_isaac_physics.usd@</visuals/FR_FOOT> introduced by @/tmp/IsaacLab/usd_20260813_103028_5764/configuration/lite3_pro_sensor_rig_real_with_interface_isaac_base.usd@</Lite3ProSensorRigRealWithInterfaceV1/FR_FOOT/visuals> (recomposing stage on stage @/tmp/IsaacLab/usd_20260813_103028_5764/lite3_pro_sensor_rig_real_with_interface_isaac.usd@ <0x5f85f8d8c0e0>)

2026-08-13T14:30:28Z [3,210ms] [Warning] [omni.usd] Warning: in _ReportErrors at line 3172 of /builds/omniverse/usd-ci/USD/pxr/usd/usd/stage.cpp -- In </Lite3ProSensorRigRealWithInterfaceV1/HL_FOOT/visuals>: Unresolved reference prim path @/tmp/IsaacLab/usd_20260813_103028_5764/configuration/lite3_pro_sensor_rig_real_with_interface_isaac_physics.usd@</visuals/HL_FOOT> introduced by @/tmp/IsaacLab/usd_20260813_103028_5764/configuration/lite3_pro_sensor_rig_real_with_interface_isaac_base.usd@</Lite3ProSensorRigRealWithInterfaceV1/HL_FOOT/visuals> (recomposing stage on stage @/tmp/IsaacLab/usd_20260813_103028_5764/lite3_pro_sensor_rig_real_with_interface_isaac.usd@ <0x5f85f8d8c0e0>)

2026-08-13T14:30:28Z [3,210ms] [Warning] [omni.usd] Warning: in _ReportErrors at line 3172 of /builds/omniverse/usd-ci/USD/pxr/usd/usd/stage.cpp -- In </Lite3ProSensorRigRealWithInterfaceV1/HR_FOOT/visuals>: Unresolved reference prim path @/tmp/IsaacLab/usd_20260813_103028_5764/configuration/lite3_pro_sensor_rig_real_with_interface_isaac_physics.usd@</visuals/HR_FOOT> introduced by @/tmp/IsaacLab/usd_20260813_103028_5764/configuration/lite3_pro_sensor_rig_real_with_interface_isaac_base.usd@</Lite3ProSensorRigRealWithInterfaceV1/HR_FOOT/visuals> (recomposing stage on stage @/tmp/IsaacLab/usd_20260813_103028_5764/lite3_pro_sensor_rig_real_with_interface_isaac.usd@ <0x5f85f8d8c0e0>)

2026-08-13T14:30:28Z [3,210ms] [Warning] [omni.usd] Warning: in _ReportErrors at line 3172 of /builds/omniverse/usd-ci/USD/pxr/usd/usd/stage.cpp -- In </Lite3ProSensorRigRealWithInterfaceV1/d435i_depth_optical_frame/visuals>: Unresolved reference prim path @/tmp/IsaacLab/usd_20260813_103028_5764/configuration/lite3_pro_sensor_rig_real_with_interface_isaac_physics.usd@</visuals/d435i_depth_optical_frame> introduced by @/tmp/IsaacLab/usd_20260813_103028_5764/configuration/lite3_pro_sensor_rig_real_with_interface_isaac_base.usd@</Lite3ProSensorRigRealWithInterfaceV1/d435i_depth_optical_frame/visuals> (recomposing stage on stage @/tmp/IsaacLab/usd_20260813_103028_5764/lite3_pro_sensor_rig_real_with_interface_isaac.usd@ <0x5f85f8d8c0e0>)

2026-08-13T14:30:28Z [3,210ms] [Warning] [omni.usd] Warning: in _ReportErrors at line 3172 of /builds/omniverse/usd-ci/USD/pxr/usd/usd/stage.cpp -- In </Lite3ProSensorRigRealWithInterfaceV1/mid360_scan_frame/visuals>: Unresolved reference prim path @/tmp/IsaacLab/usd_20260813_103028_5764/configuration/lite3_pro_sensor_rig_real_with_interface_isaac_physics.usd@</visuals/mid360_scan_frame> introduced by @/tmp/IsaacLab/usd_20260813_103028_5764/configuration/lite3_pro_sensor_rig_real_with_interface_isaac_base.usd@</Lite3ProSensorRigRealWithInterfaceV1/mid360_scan_frame/visuals> (recomposing stage on stage @/tmp/IsaacLab/usd_20260813_103028_5764/lite3_pro_sensor_rig_real_with_interface_isaac.usd@ <0x5f85f8d8c0e0>)

2026-08-13T14:30:28Z [3,210ms] [Warning] [omni.usd] Warning: in _ReportErrors at line 3172 of /builds/omniverse/usd-ci/USD/pxr/usd/usd/stage.cpp -- In </Lite3ProSensorRigRealWithInterfaceV1/FL_FOOT/visuals>: Unresolved reference prim path @/tmp/IsaacLab/usd_20260813_103028_5764/configuration/lite3_pro_sensor_rig_real_with_interface_isaac_physics.usd@</visuals/FL_FOOT> introduced by @/tmp/IsaacLab/usd_20260813_103028_5764/configuration/lite3_pro_sensor_rig_real_with_interface_isaac_base.usd@</Lite3ProSensorRigRealWithInterfaceV1/FL_FOOT/visuals> (recomposing stage on stage @/tmp/IsaacLab/usd_20260813_103028_5764/lite3_pro_sensor_rig_real_with_interface_isaac.usd@ <0x5f85f8d90a10>)

2026-08-13T14:30:28Z [3,210ms] [Warning] [omni.usd] Warning: in _ReportErrors at line 3172 of /builds/omniverse/usd-ci/USD/pxr/usd/usd/stage.cpp -- In </Lite3ProSensorRigRealWithInterfaceV1/FR_FOOT/visuals>: Unresolved reference prim path @/tmp/IsaacLab/usd_20260813_103028_5764/configuration/lite3_pro_sensor_rig_real_with_interface_isaac_physics.usd@</visuals/FR_FOOT> introduced by @/tmp/IsaacLab/usd_20260813_103028_5764/configuration/lite3_pro_sensor_rig_real_with_interface_isaac_base.usd@</Lite3ProSensorRigRealWithInterfaceV1/FR_FOOT/visuals> (recomposing stage on stage @/tmp/IsaacLab/usd_20260813_103028_5764/lite3_pro_sensor_rig_real_with_interface_isaac.usd@ <0x5f85f8d90a10>)

2026-08-13T14:30:28Z [3,210ms] [Warning] [omni.usd] Warning: in _ReportErrors at line 3172 of /builds/omniverse/usd-ci/USD/pxr/usd/usd/stage.cpp -- In </Lite3ProSensorRigRealWithInterfaceV1/HL_FOOT/visuals>: Unresolved reference prim path @/tmp/IsaacLab/usd_20260813_103028_5764/configuration/lite3_pro_sensor_rig_real_with_interface_isaac_physics.usd@</visuals/HL_FOOT> introduced by @/tmp/IsaacLab/usd_20260813_103028_5764/configuration/lite3_pro_sensor_rig_real_with_interface_isaac_base.usd@</Lite3ProSensorRigRealWithInterfaceV1/HL_FOOT/visuals> (recomposing stage on stage @/tmp/IsaacLab/usd_20260813_103028_5764/lite3_pro_sensor_rig_real_with_interface_isaac.usd@ <0x5f85f8d90a10>)

2026-08-13T14:30:28Z [3,210ms] [Warning] [omni.usd] Warning: in _ReportErrors at line 3172 of /builds/omniverse/usd-ci/USD/pxr/usd/usd/stage.cpp -- In </Lite3ProSensorRigRealWithInterfaceV1/HR_FOOT/visuals>: Unresolved reference prim path @/tmp/IsaacLab/usd_20260813_103028_5764/configuration/lite3_pro_sensor_rig_real_with_interface_isaac_physics.usd@</visuals/HR_FOOT> introduced by @/tmp/IsaacLab/usd_20260813_103028_5764/configuration/lite3_pro_sensor_rig_real_with_interface_isaac_base.usd@</Lite3ProSensorRigRealWithInterfaceV1/HR_FOOT/visuals> (recomposing stage on stage @/tmp/IsaacLab/usd_20260813_103028_5764/lite3_pro_sensor_rig_real_with_interface_isaac.usd@ <0x5f85f8d90a10>)

2026-08-13T14:30:28Z [3,210ms] [Warning] [omni.usd] Warning: in _ReportErrors at line 3172 of /builds/omniverse/usd-ci/USD/pxr/usd/usd/stage.cpp -- In </Lite3ProSensorRigRealWithInterfaceV1/d435i_depth_optical_frame/visuals>: Unresolved reference prim path @/tmp/IsaacLab/usd_20260813_103028_5764/configuration/lite3_pro_sensor_rig_real_with_interface_isaac_physics.usd@</visuals/d435i_depth_optical_frame> introduced by @/tmp/IsaacLab/usd_20260813_103028_5764/configuration/lite3_pro_sensor_rig_real_with_interface_isaac_base.usd@</Lite3ProSensorRigRealWithInterfaceV1/d435i_depth_optical_frame/visuals> (recomposing stage on stage @/tmp/IsaacLab/usd_20260813_103028_5764/lite3_pro_sensor_rig_real_with_interface_isaac.usd@ <0x5f85f8d90a10>)

2026-08-13T14:30:28Z [3,210ms] [Warning] [omni.usd] Warning: in _ReportErrors at line 3172 of /builds/omniverse/usd-ci/USD/pxr/usd/usd/stage.cpp -- In </Lite3ProSensorRigRealWithInterfaceV1/mid360_scan_frame/visuals>: Unresolved reference prim path @/tmp/IsaacLab/usd_20260813_103028_5764/configuration/lite3_pro_sensor_rig_real_with_interface_isaac_physics.usd@</visuals/mid360_scan_frame> introduced by @/tmp/IsaacLab/usd_20260813_103028_5764/configuration/lite3_pro_sensor_rig_real_with_interface_isaac_base.usd@</Lite3ProSensorRigRealWithInterfaceV1/mid360_scan_frame/visuals> (recomposing stage on stage @/tmp/IsaacLab/usd_20260813_103028_5764/lite3_pro_sensor_rig_real_with_interface_isaac.usd@ <0x5f85f8d90a10>)

2026-08-13T14:30:28Z [3,211ms] [Warning] [omni.usd] Warning: in _ReportErrors at line 3172 of /builds/omniverse/usd-ci/USD/pxr/usd/usd/stage.cpp -- In </Lite3ProSensorRigRealWithInterfaceV1/FL_FOOT/visuals>: Unresolved reference prim path @/tmp/IsaacLab/usd_20260813_103028_5764/configuration/lite3_pro_sensor_rig_real_with_interface_isaac_physics.usd@</visuals/FL_FOOT> introduced by @/tmp/IsaacLab/usd_20260813_103028_5764/configuration/lite3_pro_sensor_rig_real_with_interface_isaac_base.usd@</Lite3ProSensorRigRealWithInterfaceV1/FL_FOOT/visuals> (recomposing stage on stage @/tmp/IsaacLab/usd_20260813_103028_5764/lite3_pro_sensor_rig_real_with_interface_isaac.usd@ <0x5f85f8d8c0e0>)

2026-08-13T14:30:28Z [3,211ms] [Warning] [omni.usd] Warning: in _ReportErrors at line 3172 of /builds/omniverse/usd-ci/USD/pxr/usd/usd/stage.cpp -- In </Lite3ProSensorRigRealWithInterfaceV1/FR_FOOT/visuals>: Unresolved reference prim path @/tmp/IsaacLab/usd_20260813_103028_5764/configuration/lite3_pro_sensor_rig_real_with_interface_isaac_physics.usd@</visuals/FR_FOOT> introduced by @/tmp/IsaacLab/usd_20260813_103028_5764/configuration/lite3_pro_sensor_rig_real_with_interface_isaac_base.usd@</Lite3ProSensorRigRealWithInterfaceV1/FR_FOOT/visuals> (recomposing stage on stage @/tmp/IsaacLab/usd_20260813_103028_5764/lite3_pro_sensor_rig_real_with_interface_isaac.usd@ <0x5f85f8d8c0e0>)

2026-08-13T14:30:28Z [3,211ms] [Warning] [omni.usd] Warning: in _ReportErrors at line 3172 of /builds/omniverse/usd-ci/USD/pxr/usd/usd/stage.cpp -- In </Lite3ProSensorRigRealWithInterfaceV1/HL_FOOT/visuals>: Unresolved reference prim path @/tmp/IsaacLab/usd_20260813_103028_5764/configuration/lite3_pro_sensor_rig_real_with_interface_isaac_physics.usd@</visuals/HL_FOOT> introduced by @/tmp/IsaacLab/usd_20260813_103028_5764/configuration/lite3_pro_sensor_rig_real_with_interface_isaac_base.usd@</Lite3ProSensorRigRealWithInterfaceV1/HL_FOOT/visuals> (recomposing stage on stage @/tmp/IsaacLab/usd_20260813_103028_5764/lite3_pro_sensor_rig_real_with_interface_isaac.usd@ <0x5f85f8d8c0e0>)

2026-08-13T14:30:28Z [3,211ms] [Warning] [omni.usd] Warning: in _ReportErrors at line 3172 of /builds/omniverse/usd-ci/USD/pxr/usd/usd/stage.cpp -- In </Lite3ProSensorRigRealWithInterfaceV1/HR_FOOT/visuals>: Unresolved reference prim path @/tmp/IsaacLab/usd_20260813_103028_5764/configuration/lite3_pro_sensor_rig_real_with_interface_isaac_physics.usd@</visuals/HR_FOOT> introduced by @/tmp/IsaacLab/usd_20260813_103028_5764/configuration/lite3_pro_sensor_rig_real_with_interface_isaac_base.usd@</Lite3ProSensorRigRealWithInterfaceV1/HR_FOOT/visuals> (recomposing stage on stage @/tmp/IsaacLab/usd_20260813_103028_5764/lite3_pro_sensor_rig_real_with_interface_isaac.usd@ <0x5f85f8d8c0e0>)

2026-08-13T14:30:28Z [3,211ms] [Warning] [omni.usd] Warning: in _ReportErrors at line 3172 of /builds/omniverse/usd-ci/USD/pxr/usd/usd/stage.cpp -- In </Lite3ProSensorRigRealWithInterfaceV1/mid360_scan_frame/visuals>: Unresolved reference prim path @/tmp/IsaacLab/usd_20260813_103028_5764/configuration/lite3_pro_sensor_rig_real_with_interface_isaac_physics.usd@</visuals/mid360_scan_frame> introduced by @/tmp/IsaacLab/usd_20260813_103028_5764/configuration/lite3_pro_sensor_rig_real_with_interface_isaac_base.usd@</Lite3ProSensorRigRealWithInterfaceV1/mid360_scan_frame/visuals> (recomposing stage on stage @/tmp/IsaacLab/usd_20260813_103028_5764/lite3_pro_sensor_rig_real_with_interface_isaac.usd@ <0x5f85f8d8c0e0>)

2026-08-13T14:30:28Z [3,211ms] [Warning] [omni.usd] Warning: in _ReportErrors at line 3172 of /builds/omniverse/usd-ci/USD/pxr/usd/usd/stage.cpp -- In </Lite3ProSensorRigRealWithInterfaceV1/d435i_depth_optical_frame/visuals>: Unresolved reference prim path @/tmp/IsaacLab/usd_20260813_103028_5764/configuration/lite3_pro_sensor_rig_real_with_interface_isaac_physics.usd@</visuals/d435i_depth_optical_frame> introduced by @/tmp/IsaacLab/usd_20260813_103028_5764/configuration/lite3_pro_sensor_rig_real_with_interface_isaac_base.usd@</Lite3ProSensorRigRealWithInterfaceV1/d435i_depth_optical_frame/visuals> (recomposing stage on stage @/tmp/IsaacLab/usd_20260813_103028_5764/lite3_pro_sensor_rig_real_with_interface_isaac.usd@ <0x5f85f8d8c0e0>)

2026-08-13T14:30:28Z [3,212ms] [Warning] [omni.usd] Warning: in _ReportErrors at line 3172 of /builds/omniverse/usd-ci/USD/pxr/usd/usd/stage.cpp -- In </Lite3ProSensorRigRealWithInterfaceV1/FL_FOOT/visuals>: Unresolved reference prim path @/tmp/IsaacLab/usd_20260813_103028_5764/configuration/lite3_pro_sensor_rig_real_with_interface_isaac_physics.usd@</visuals/FL_FOOT> introduced by @/tmp/IsaacLab/usd_20260813_103028_5764/configuration/lite3_pro_sensor_rig_real_with_interface_isaac_base.usd@</Lite3ProSensorRigRealWithInterfaceV1/FL_FOOT/visuals> (recomposing stage on stage @/tmp/IsaacLab/usd_20260813_103028_5764/lite3_pro_sensor_rig_real_with_interface_isaac.usd@ <0x5f85f8d90a10>)

2026-08-13T14:30:28Z [3,212ms] [Warning] [omni.usd] Warning: in _ReportErrors at line 3172 of /builds/omniverse/usd-ci/USD/pxr/usd/usd/stage.cpp -- In </Lite3ProSensorRigRealWithInterfaceV1/FR_FOOT/visuals>: Unresolved reference prim path @/tmp/IsaacLab/usd_20260813_103028_5764/configuration/lite3_pro_sensor_rig_real_with_interface_isaac_physics.usd@</visuals/FR_FOOT> introduced by @/tmp/IsaacLab/usd_20260813_103028_5764/configuration/lite3_pro_sensor_rig_real_with_interface_isaac_base.usd@</Lite3ProSensorRigRealWithInterfaceV1/FR_FOOT/visuals> (recomposing stage on stage @/tmp/IsaacLab/usd_20260813_103028_5764/lite3_pro_sensor_rig_real_with_interface_isaac.usd@ <0x5f85f8d90a10>)

2026-08-13T14:30:28Z [3,212ms] [Warning] [omni.usd] Warning: in _ReportErrors at line 3172 of /builds/omniverse/usd-ci/USD/pxr/usd/usd/stage.cpp -- In </Lite3ProSensorRigRealWithInterfaceV1/HL_FOOT/visuals>: Unresolved reference prim path @/tmp/IsaacLab/usd_20260813_103028_5764/configuration/lite3_pro_sensor_rig_real_with_interface_isaac_physics.usd@</visuals/HL_FOOT> introduced by @/tmp/IsaacLab/usd_20260813_103028_5764/configuration/lite3_pro_sensor_rig_real_with_interface_isaac_base.usd@</Lite3ProSensorRigRealWithInterfaceV1/HL_FOOT/visuals> (recomposing stage on stage @/tmp/IsaacLab/usd_20260813_103028_5764/lite3_pro_sensor_rig_real_with_interface_isaac.usd@ <0x5f85f8d90a10>)

2026-08-13T14:30:28Z [3,212ms] [Warning] [omni.usd] Warning: in _ReportErrors at line 3172 of /builds/omniverse/usd-ci/USD/pxr/usd/usd/stage.cpp -- In </Lite3ProSensorRigRealWithInterfaceV1/mid360_scan_frame/visuals>: Unresolved reference prim path @/tmp/IsaacLab/usd_20260813_103028_5764/configuration/lite3_pro_sensor_rig_real_with_interface_isaac_physics.usd@</visuals/mid360_scan_frame> introduced by @/tmp/IsaacLab/usd_20260813_103028_5764/configuration/lite3_pro_sensor_rig_real_with_interface_isaac_base.usd@</Lite3ProSensorRigRealWithInterfaceV1/mid360_scan_frame/visuals> (recomposing stage on stage @/tmp/IsaacLab/usd_20260813_103028_5764/lite3_pro_sensor_rig_real_with_interface_isaac.usd@ <0x5f85f8d90a10>)

2026-08-13T14:30:28Z [3,212ms] [Warning] [omni.usd] Warning: in _ReportErrors at line 3172 of /builds/omniverse/usd-ci/USD/pxr/usd/usd/stage.cpp -- In </Lite3ProSensorRigRealWithInterfaceV1/HR_FOOT/visuals>: Unresolved reference prim path @/tmp/IsaacLab/usd_20260813_103028_5764/configuration/lite3_pro_sensor_rig_real_with_interface_isaac_physics.usd@</visuals/HR_FOOT> introduced by @/tmp/IsaacLab/usd_20260813_103028_5764/configuration/lite3_pro_sensor_rig_real_with_interface_isaac_base.usd@</Lite3ProSensorRigRealWithInterfaceV1/HR_FOOT/visuals> (recomposing stage on stage @/tmp/IsaacLab/usd_20260813_103028_5764/lite3_pro_sensor_rig_real_with_interface_isaac.usd@ <0x5f85f8d90a10>)

2026-08-13T14:30:28Z [3,212ms] [Warning] [omni.usd] Warning: in _ReportErrors at line 3172 of /builds/omniverse/usd-ci/USD/pxr/usd/usd/stage.cpp -- In </Lite3ProSensorRigRealWithInterfaceV1/d435i_depth_optical_frame/visuals>: Unresolved reference prim path @/tmp/IsaacLab/usd_20260813_103028_5764/configuration/lite3_pro_sensor_rig_real_with_interface_isaac_physics.usd@</visuals/d435i_depth_optical_frame> introduced by @/tmp/IsaacLab/usd_20260813_103028_5764/configuration/lite3_pro_sensor_rig_real_with_interface_isaac_base.usd@</Lite3ProSensorRigRealWithInterfaceV1/d435i_depth_optical_frame/visuals> (recomposing stage on stage @/tmp/IsaacLab/usd_20260813_103028_5764/lite3_pro_sensor_rig_real_with_interface_isaac.usd@ <0x5f85f8d90a10>)

2026-08-13T14:30:28Z [3,212ms] [Warning] [omni.usd] Warning: in _ReportErrors at line 3172 of /builds/omniverse/usd-ci/USD/pxr/usd/usd/stage.cpp -- In </Lite3ProSensorRigRealWithInterfaceV1/FR_FOOT/visuals>: Unresolved reference prim path @/tmp/IsaacLab/usd_20260813_103028_5764/configuration/lite3_pro_sensor_rig_real_with_interface_isaac_physics.usd@</visuals/FR_FOOT> introduced by @/tmp/IsaacLab/usd_20260813_103028_5764/configuration/lite3_pro_sensor_rig_real_with_interface_isaac_base.usd@</Lite3ProSensorRigRealWithInterfaceV1/FR_FOOT/visuals> (recomposing stage on stage @/tmp/IsaacLab/usd_20260813_103028_5764/lite3_pro_sensor_rig_real_with_interface_isaac.usd@ <0x5f85f8d8c0e0>)

2026-08-13T14:30:28Z [3,212ms] [Warning] [omni.usd] Warning: in _ReportErrors at line 3172 of /builds/omniverse/usd-ci/USD/pxr/usd/usd/stage.cpp -- In </Lite3ProSensorRigRealWithInterfaceV1/FL_FOOT/visuals>: Unresolved reference prim path @/tmp/IsaacLab/usd_20260813_103028_5764/configuration/lite3_pro_sensor_rig_real_with_interface_isaac_physics.usd@</visuals/FL_FOOT> introduced by @/tmp/IsaacLab/usd_20260813_103028_5764/configuration/lite3_pro_sensor_rig_real_with_interface_isaac_base.usd@</Lite3ProSensorRigRealWithInterfaceV1/FL_FOOT/visuals> (recomposing stage on stage @/tmp/IsaacLab/usd_20260813_103028_5764/lite3_pro_sensor_rig_real_with_interface_isaac.usd@ <0x5f85f8d8c0e0>)

2026-08-13T14:30:28Z [3,212ms] [Warning] [omni.usd] Warning: in _ReportErrors at line 3172 of /builds/omniverse/usd-ci/USD/pxr/usd/usd/stage.cpp -- In </Lite3ProSensorRigRealWithInterfaceV1/HL_FOOT/visuals>: Unresolved reference prim path @/tmp/IsaacLab/usd_20260813_103028_5764/configuration/lite3_pro_sensor_rig_real_with_interface_isaac_physics.usd@</visuals/HL_FOOT> introduced by @/tmp/IsaacLab/usd_20260813_103028_5764/configuration/lite3_pro_sensor_rig_real_with_interface_isaac_base.usd@</Lite3ProSensorRigRealWithInterfaceV1/HL_FOOT/visuals> (recomposing stage on stage @/tmp/IsaacLab/usd_20260813_103028_5764/lite3_pro_sensor_rig_real_with_interface_isaac.usd@ <0x5f85f8d8c0e0>)

2026-08-13T14:30:28Z [3,212ms] [Warning] [omni.usd] Warning: in _ReportErrors at line 3172 of /builds/omniverse/usd-ci/USD/pxr/usd/usd/stage.cpp -- In </Lite3ProSensorRigRealWithInterfaceV1/HR_FOOT/visuals>: Unresolved reference prim path @/tmp/IsaacLab/usd_20260813_103028_5764/configuration/lite3_pro_sensor_rig_real_with_interface_isaac_physics.usd@</visuals/HR_FOOT> introduced by @/tmp/IsaacLab/usd_20260813_103028_5764/configuration/lite3_pro_sensor_rig_real_with_interface_isaac_base.usd@</Lite3ProSensorRigRealWithInterfaceV1/HR_FOOT/visuals> (recomposing stage on stage @/tmp/IsaacLab/usd_20260813_103028_5764/lite3_pro_sensor_rig_real_with_interface_isaac.usd@ <0x5f85f8d8c0e0>)

2026-08-13T14:30:28Z [3,212ms] [Warning] [omni.usd] Warning: in _ReportErrors at line 3172 of /builds/omniverse/usd-ci/USD/pxr/usd/usd/stage.cpp -- In </Lite3ProSensorRigRealWithInterfaceV1/mid360_scan_frame/visuals>: Unresolved reference prim path @/tmp/IsaacLab/usd_20260813_103028_5764/configuration/lite3_pro_sensor_rig_real_with_interface_isaac_physics.usd@</visuals/mid360_scan_frame> introduced by @/tmp/IsaacLab/usd_20260813_103028_5764/configuration/lite3_pro_sensor_rig_real_with_interface_isaac_base.usd@</Lite3ProSensorRigRealWithInterfaceV1/mid360_scan_frame/visuals> (recomposing stage on stage @/tmp/IsaacLab/usd_20260813_103028_5764/lite3_pro_sensor_rig_real_with_interface_isaac.usd@ <0x5f85f8d8c0e0>)

2026-08-13T14:30:28Z [3,212ms] [Warning] [omni.usd] Warning: in _ReportErrors at line 3172 of /builds/omniverse/usd-ci/USD/pxr/usd/usd/stage.cpp -- In </Lite3ProSensorRigRealWithInterfaceV1/d435i_depth_optical_frame/visuals>: Unresolved reference prim path @/tmp/IsaacLab/usd_20260813_103028_5764/configuration/lite3_pro_sensor_rig_real_with_interface_isaac_physics.usd@</visuals/d435i_depth_optical_frame> introduced by @/tmp/IsaacLab/usd_20260813_103028_5764/configuration/lite3_pro_sensor_rig_real_with_interface_isaac_base.usd@</Lite3ProSensorRigRealWithInterfaceV1/d435i_depth_optical_frame/visuals> (recomposing stage on stage @/tmp/IsaacLab/usd_20260813_103028_5764/lite3_pro_sensor_rig_real_with_interface_isaac.usd@ <0x5f85f8d8c0e0>)

2026-08-13T14:30:28Z [3,213ms] [Warning] [omni.usd] Warning: in _ReportErrors at line 3172 of /builds/omniverse/usd-ci/USD/pxr/usd/usd/stage.cpp -- In </Lite3ProSensorRigRealWithInterfaceV1/FL_FOOT/visuals>: Unresolved reference prim path @/tmp/IsaacLab/usd_20260813_103028_5764/configuration/lite3_pro_sensor_rig_real_with_interface_isaac_physics.usd@</visuals/FL_FOOT> introduced by @/tmp/IsaacLab/usd_20260813_103028_5764/configuration/lite3_pro_sensor_rig_real_with_interface_isaac_base.usd@</Lite3ProSensorRigRealWithInterfaceV1/FL_FOOT/visuals> (recomposing stage on stage @/tmp/IsaacLab/usd_20260813_103028_5764/lite3_pro_sensor_rig_real_with_interface_isaac.usd@ <0x5f85f8d90a10>)

2026-08-13T14:30:28Z [3,213ms] [Warning] [omni.usd] Warning: in _ReportErrors at line 3172 of /builds/omniverse/usd-ci/USD/pxr/usd/usd/stage.cpp -- In </Lite3ProSensorRigRealWithInterfaceV1/FR_FOOT/visuals>: Unresolved reference prim path @/tmp/IsaacLab/usd_20260813_103028_5764/configuration/lite3_pro_sensor_rig_real_with_interface_isaac_physics.usd@</visuals/FR_FOOT> introduced by @/tmp/IsaacLab/usd_20260813_103028_5764/configuration/lite3_pro_sensor_rig_real_with_interface_isaac_base.usd@</Lite3ProSensorRigRealWithInterfaceV1/FR_FOOT/visuals> (recomposing stage on stage @/tmp/IsaacLab/usd_20260813_103028_5764/lite3_pro_sensor_rig_real_with_interface_isaac.usd@ <0x5f85f8d90a10>)

2026-08-13T14:30:28Z [3,213ms] [Warning] [omni.usd] Warning: in _ReportErrors at line 3172 of /builds/omniverse/usd-ci/USD/pxr/usd/usd/stage.cpp -- In </Lite3ProSensorRigRealWithInterfaceV1/HL_FOOT/visuals>: Unresolved reference prim path @/tmp/IsaacLab/usd_20260813_103028_5764/configuration/lite3_pro_sensor_rig_real_with_interface_isaac_physics.usd@</visuals/HL_FOOT> introduced by @/tmp/IsaacLab/usd_20260813_103028_5764/configuration/lite3_pro_sensor_rig_real_with_interface_isaac_base.usd@</Lite3ProSensorRigRealWithInterfaceV1/HL_FOOT/visuals> (recomposing stage on stage @/tmp/IsaacLab/usd_20260813_103028_5764/lite3_pro_sensor_rig_real_with_interface_isaac.usd@ <0x5f85f8d90a10>)

2026-08-13T14:30:28Z [3,213ms] [Warning] [omni.usd] Warning: in _ReportErrors at line 3172 of /builds/omniverse/usd-ci/USD/pxr/usd/usd/stage.cpp -- In </Lite3ProSensorRigRealWithInterfaceV1/d435i_depth_optical_frame/visuals>: Unresolved reference prim path @/tmp/IsaacLab/usd_20260813_103028_5764/configuration/lite3_pro_sensor_rig_real_with_interface_isaac_physics.usd@</visuals/d435i_depth_optical_frame> introduced by @/tmp/IsaacLab/usd_20260813_103028_5764/configuration/lite3_pro_sensor_rig_real_with_interface_isaac_base.usd@</Lite3ProSensorRigRealWithInterfaceV1/d435i_depth_optical_frame/visuals> (recomposing stage on stage @/tmp/IsaacLab/usd_20260813_103028_5764/lite3_pro_sensor_rig_real_with_interface_isaac.usd@ <0x5f85f8d90a10>)

2026-08-13T14:30:28Z [3,213ms] [Warning] [omni.usd] Warning: in _ReportErrors at line 3172 of /builds/omniverse/usd-ci/USD/pxr/usd/usd/stage.cpp -- In </Lite3ProSensorRigRealWithInterfaceV1/mid360_scan_frame/visuals>: Unresolved reference prim path @/tmp/IsaacLab/usd_20260813_103028_5764/configuration/lite3_pro_sensor_rig_real_with_interface_isaac_physics.usd@</visuals/mid360_scan_frame> introduced by @/tmp/IsaacLab/usd_20260813_103028_5764/configuration/lite3_pro_sensor_rig_real_with_interface_isaac_base.usd@</Lite3ProSensorRigRealWithInterfaceV1/mid360_scan_frame/visuals> (recomposing stage on stage @/tmp/IsaacLab/usd_20260813_103028_5764/lite3_pro_sensor_rig_real_with_interface_isaac.usd@ <0x5f85f8d90a10>)

2026-08-13T14:30:28Z [3,213ms] [Warning] [omni.usd] Warning: in _ReportErrors at line 3172 of /builds/omniverse/usd-ci/USD/pxr/usd/usd/stage.cpp -- In </Lite3ProSensorRigRealWithInterfaceV1/HR_FOOT/visuals>: Unresolved reference prim path @/tmp/IsaacLab/usd_20260813_103028_5764/configuration/lite3_pro_sensor_rig_real_with_interface_isaac_physics.usd@</visuals/HR_FOOT> introduced by @/tmp/IsaacLab/usd_20260813_103028_5764/configuration/lite3_pro_sensor_rig_real_with_interface_isaac_base.usd@</Lite3ProSensorRigRealWithInterfaceV1/HR_FOOT/visuals> (recomposing stage on stage @/tmp/IsaacLab/usd_20260813_103028_5764/lite3_pro_sensor_rig_real_with_interface_isaac.usd@ <0x5f85f8d90a10>)

2026-08-13T14:30:28Z [3,213ms] [Warning] [omni.usd] Warning: in _ReportErrors at line 3172 of /builds/omniverse/usd-ci/USD/pxr/usd/usd/stage.cpp -- In </Lite3ProSensorRigRealWithInterfaceV1/FL_FOOT/visuals>: Unresolved reference prim path @/tmp/IsaacLab/usd_20260813_103028_5764/configuration/lite3_pro_sensor_rig_real_with_interface_isaac_physics.usd@</visuals/FL_FOOT> introduced by @/tmp/IsaacLab/usd_20260813_103028_5764/configuration/lite3_pro_sensor_rig_real_with_interface_isaac_base.usd@</Lite3ProSensorRigRealWithInterfaceV1/FL_FOOT/visuals> (recomposing stage on stage @/tmp/IsaacLab/usd_20260813_103028_5764/lite3_pro_sensor_rig_real_with_interface_isaac.usd@ <0x5f85f8d8c0e0>)

2026-08-13T14:30:28Z [3,213ms] [Warning] [omni.usd] Warning: in _ReportErrors at line 3172 of /builds/omniverse/usd-ci/USD/pxr/usd/usd/stage.cpp -- In </Lite3ProSensorRigRealWithInterfaceV1/FR_FOOT/visuals>: Unresolved reference prim path @/tmp/IsaacLab/usd_20260813_103028_5764/configuration/lite3_pro_sensor_rig_real_with_interface_isaac_physics.usd@</visuals/FR_FOOT> introduced by @/tmp/IsaacLab/usd_20260813_103028_5764/configuration/lite3_pro_sensor_rig_real_with_interface_isaac_base.usd@</Lite3ProSensorRigRealWithInterfaceV1/FR_FOOT/visuals> (recomposing stage on stage @/tmp/IsaacLab/usd_20260813_103028_5764/lite3_pro_sensor_rig_real_with_interface_isaac.usd@ <0x5f85f8d8c0e0>)

2026-08-13T14:30:28Z [3,213ms] [Warning] [omni.usd] Warning: in _ReportErrors at line 3172 of /builds/omniverse/usd-ci/USD/pxr/usd/usd/stage.cpp -- In </Lite3ProSensorRigRealWithInterfaceV1/HL_FOOT/visuals>: Unresolved reference prim path @/tmp/IsaacLab/usd_20260813_103028_5764/configuration/lite3_pro_sensor_rig_real_with_interface_isaac_physics.usd@</visuals/HL_FOOT> introduced by @/tmp/IsaacLab/usd_20260813_103028_5764/configuration/lite3_pro_sensor_rig_real_with_interface_isaac_base.usd@</Lite3ProSensorRigRealWithInterfaceV1/HL_FOOT/visuals> (recomposing stage on stage @/tmp/IsaacLab/usd_20260813_103028_5764/lite3_pro_sensor_rig_real_with_interface_isaac.usd@ <0x5f85f8d8c0e0>)

2026-08-13T14:30:28Z [3,213ms] [Warning] [omni.usd] Warning: in _ReportErrors at line 3172 of /builds/omniverse/usd-ci/USD/pxr/usd/usd/stage.cpp -- In </Lite3ProSensorRigRealWithInterfaceV1/d435i_depth_optical_frame/visuals>: Unresolved reference prim path @/tmp/IsaacLab/usd_20260813_103028_5764/configuration/lite3_pro_sensor_rig_real_with_interface_isaac_physics.usd@</visuals/d435i_depth_optical_frame> introduced by @/tmp/IsaacLab/usd_20260813_103028_5764/configuration/lite3_pro_sensor_rig_real_with_interface_isaac_base.usd@</Lite3ProSensorRigRealWithInterfaceV1/d435i_depth_optical_frame/visuals> (recomposing stage on stage @/tmp/IsaacLab/usd_20260813_103028_5764/lite3_pro_sensor_rig_real_with_interface_isaac.usd@ <0x5f85f8d8c0e0>)

2026-08-13T14:30:28Z [3,213ms] [Warning] [omni.usd] Warning: in _ReportErrors at line 3172 of /builds/omniverse/usd-ci/USD/pxr/usd/usd/stage.cpp -- In </Lite3ProSensorRigRealWithInterfaceV1/HR_FOOT/visuals>: Unresolved reference prim path @/tmp/IsaacLab/usd_20260813_103028_5764/configuration/lite3_pro_sensor_rig_real_with_interface_isaac_physics.usd@</visuals/HR_FOOT> introduced by @/tmp/IsaacLab/usd_20260813_103028_5764/configuration/lite3_pro_sensor_rig_real_with_interface_isaac_base.usd@</Lite3ProSensorRigRealWithInterfaceV1/HR_FOOT/visuals> (recomposing stage on stage @/tmp/IsaacLab/usd_20260813_103028_5764/lite3_pro_sensor_rig_real_with_interface_isaac.usd@ <0x5f85f8d8c0e0>)

2026-08-13T14:30:28Z [3,213ms] [Warning] [omni.usd] Warning: in _ReportErrors at line 3172 of /builds/omniverse/usd-ci/USD/pxr/usd/usd/stage.cpp -- In </Lite3ProSensorRigRealWithInterfaceV1/mid360_scan_frame/visuals>: Unresolved reference prim path @/tmp/IsaacLab/usd_20260813_103028_5764/configuration/lite3_pro_sensor_rig_real_with_interface_isaac_physics.usd@</visuals/mid360_scan_frame> introduced by @/tmp/IsaacLab/usd_20260813_103028_5764/configuration/lite3_pro_sensor_rig_real_with_interface_isaac_base.usd@</Lite3ProSensorRigRealWithInterfaceV1/mid360_scan_frame/visuals> (recomposing stage on stage @/tmp/IsaacLab/usd_20260813_103028_5764/lite3_pro_sensor_rig_real_with_interface_isaac.usd@ <0x5f85f8d8c0e0>)

2026-08-13T14:30:28Z [3,320ms] [Warning] [omni.usd] Warning: in _ReportErrors at line 3172 of /builds/omniverse/usd-ci/USD/pxr/usd/usd/stage.cpp -- In </World/envs/env_0/Robot/HL_FOOT/visuals>: Unresolved reference prim path @/tmp/IsaacLab/usd_20260813_103028_5764/configuration/lite3_pro_sensor_rig_real_with_interface_isaac_physics.usd@</visuals/HL_FOOT> introduced by @/tmp/IsaacLab/usd_20260813_103028_5764/configuration/lite3_pro_sensor_rig_real_with_interface_isaac_base.usd@</Lite3ProSensorRigRealWithInterfaceV1/HL_FOOT/visuals> (recomposing stage on stage @anon:0x5f85dcd6c200:World0.usd@ <0x5f85dcd717d0>)

2026-08-13T14:30:28Z [3,320ms] [Warning] [omni.usd] Warning: in _ReportErrors at line 3172 of /builds/omniverse/usd-ci/USD/pxr/usd/usd/stage.cpp -- In </World/envs/env_0/Robot/FL_FOOT/visuals>: Unresolved reference prim path @/tmp/IsaacLab/usd_20260813_103028_5764/configuration/lite3_pro_sensor_rig_real_with_interface_isaac_physics.usd@</visuals/FL_FOOT> introduced by @/tmp/IsaacLab/usd_20260813_103028_5764/configuration/lite3_pro_sensor_rig_real_with_interface_isaac_base.usd@</Lite3ProSensorRigRealWithInterfaceV1/FL_FOOT/visuals> (recomposing stage on stage @anon:0x5f85dcd6c200:World0.usd@ <0x5f85dcd717d0>)

2026-08-13T14:30:28Z [3,320ms] [Warning] [omni.usd] Warning: in _ReportErrors at line 3172 of /builds/omniverse/usd-ci/USD/pxr/usd/usd/stage.cpp -- In </World/envs/env_0/Robot/FR_FOOT/visuals>: Unresolved reference prim path @/tmp/IsaacLab/usd_20260813_103028_5764/configuration/lite3_pro_sensor_rig_real_with_interface_isaac_physics.usd@</visuals/FR_FOOT> introduced by @/tmp/IsaacLab/usd_20260813_103028_5764/configuration/lite3_pro_sensor_rig_real_with_interface_isaac_base.usd@</Lite3ProSensorRigRealWithInterfaceV1/FR_FOOT/visuals> (recomposing stage on stage @anon:0x5f85dcd6c200:World0.usd@ <0x5f85dcd717d0>)

2026-08-13T14:30:28Z [3,320ms] [Warning] [omni.usd] Warning: in _ReportErrors at line 3172 of /builds/omniverse/usd-ci/USD/pxr/usd/usd/stage.cpp -- In </World/envs/env_0/Robot/HR_FOOT/visuals>: Unresolved reference prim path @/tmp/IsaacLab/usd_20260813_103028_5764/configuration/lite3_pro_sensor_rig_real_with_interface_isaac_physics.usd@</visuals/HR_FOOT> introduced by @/tmp/IsaacLab/usd_20260813_103028_5764/configuration/lite3_pro_sensor_rig_real_with_interface_isaac_base.usd@</Lite3ProSensorRigRealWithInterfaceV1/HR_FOOT/visuals> (recomposing stage on stage @anon:0x5f85dcd6c200:World0.usd@ <0x5f85dcd717d0>)

2026-08-13T14:30:28Z [3,320ms] [Warning] [omni.usd] Warning: in _ReportErrors at line 3172 of /builds/omniverse/usd-ci/USD/pxr/usd/usd/stage.cpp -- In </World/envs/env_0/Robot/mid360_scan_frame/visuals>: Unresolved reference prim path @/tmp/IsaacLab/usd_20260813_103028_5764/configuration/lite3_pro_sensor_rig_real_with_interface_isaac_physics.usd@</visuals/mid360_scan_frame> introduced by @/tmp/IsaacLab/usd_20260813_103028_5764/configuration/lite3_pro_sensor_rig_real_with_interface_isaac_base.usd@</Lite3ProSensorRigRealWithInterfaceV1/mid360_scan_frame/visuals> (recomposing stage on stage @anon:0x5f85dcd6c200:World0.usd@ <0x5f85dcd717d0>)

2026-08-13T14:30:28Z [3,320ms] [Warning] [omni.usd] Warning: in _ReportErrors at line 3172 of /builds/omniverse/usd-ci/USD/pxr/usd/usd/stage.cpp -- In </World/envs/env_0/Robot/d435i_depth_optical_frame/visuals>: Unresolved reference prim path @/tmp/IsaacLab/usd_20260813_103028_5764/configuration/lite3_pro_sensor_rig_real_with_interface_isaac_physics.usd@</visuals/d435i_depth_optical_frame> introduced by @/tmp/IsaacLab/usd_20260813_103028_5764/configuration/lite3_pro_sensor_rig_real_with_interface_isaac_base.usd@</Lite3ProSensorRigRealWithInterfaceV1/d435i_depth_optical_frame/visuals> (recomposing stage on stage @anon:0x5f85dcd6c200:World0.usd@ <0x5f85dcd717d0>)

[INFO][AppLauncher]: Using device: cuda:0
[INFO][AppLauncher]: Loading experience file: /home/sun/ssh/sun/IsaacLab/apps/isaaclab.python.headless.kit
[INFO]: Parsing configuration from: robot_lab.tasks.lite3.env_cfg:Lite3V17a4ExpertEnvCfg
[INFO]: Parsing configuration from: robot_lab.tasks.lite3.env_cfg:Lite3V17a4MedEnvCfg

[36m======================================================================================[0m
[36m[1m[INFO][IsaacLab]: Logging to file: /tmp/isaaclab/logs/isaaclab_2026-08-13_10-30-27.log[0m
[36m======================================================================================[0m

[INFO]: Base environment:
	Environment device    : cuda:0
	Environment seed      : 47
	Physics step-size     : 0.005
	Rendering step-size   : 0.02
	Environment step-size : 0.02
[INFO]: Time taken for scene creation : 1.124527 seconds
[INFO]: Scene manager:  <class InteractiveScene>
	Number of environments: 1
	Environment spacing   : 0.5
	Source prim name      : /World/envs/env_0
	Global prim paths     : ['/World/ground']
	Replicate physics     : True
[INFO]: Starting the simulation. This may take a few seconds. Please wait...
[INFO]: Time taken for simulation start : 0.312732 seconds
[INFO] Command Manager:  <CommandManager> contains 1 active terms.
+-------------------------------------------+
|            Active Command Terms           |
+-------+---------------+-------------------+
| Index | Name          |        Type       |
+-------+---------------+-------------------+
|   0   | base_velocity | V17TerrainCommand |
+-------+---------------+-------------------+

[INFO] Event Manager:  <EventManager> contains 1 active terms.
+-------------------------------------+
| Active Event Terms in Mode: 'reset' |
+---------+---------------------------+
|  Index  | Name                      |
+---------+---------------------------+
|    0    | reset_robot_joints        |
|    1    | reset_base                |
+---------+---------------------------+

[INFO] Recorder Manager:  <RecorderManager> contains 0 active terms.
+---------------------+
| Active Recorder Terms |
+-----------+---------+
|   Index   | Name    |
+-----------+---------+
+-----------+---------+

[INFO] Action Manager:  <ActionManager> contains 1 active terms.
+------------------------------------+
|  Active Action Terms (shape: 12)   |
+--------+-------------+-------------+
| Index  | Name        |   Dimension |
+--------+-------------+-------------+
|   0    | joint_pos   |          12 |
+--------+-------------+-------------+

[INFO] Observation Manager: <ObservationManager> contains 3 groups.
+----------------------------------------------------------+
| Active Observation Terms in Group: 'policy' (shape: (450,)) |
+-----------+--------------------------------+-------------+
|   Index   | Name                           |    Shape    |
+-----------+--------------------------------+-------------+
|     0     | base_ang_vel                   |    (30,)    |
|     1     | projected_gravity              |    (30,)    |
|     2     | velocity_commands              |    (30,)    |
|     3     | joint_pos                      |    (120,)   |
|     4     | joint_vel                      |    (120,)   |
|     5     | actions                        |    (120,)   |
+-----------+--------------------------------+-------------+
+----------------------------------------------------------+
| Active Observation Terms in Group: 'critic' (shape: (275,)) |
+-----------+--------------------------------+-------------+
|   Index   | Name                           |    Shape    |
+-----------+--------------------------------+-------------+
|     0     | base_lin_vel                   |     (3,)    |
|     1     | base_ang_vel                   |     (3,)    |
|     2     | projected_gravity              |     (3,)    |
|     3     | velocity_commands              |     (3,)    |
|     4     | joint_pos                      |    (12,)    |
|     5     | joint_vel                      |    (12,)    |
|     6     | actions                        |    (12,)    |
|     7     | joint_acc                      |    (12,)    |
|     8     | joint_torque                   |    (12,)    |
|     9     | contact_force                  |    (16,)    |
|     10    | height_scan                    |    (187,)   |
+-----------+--------------------------------+-------------+
+-------------------------------------------------------------+
| Active Observation Terms in Group: 'single_obs' (shape: (45,)) |
+------------+-----------------------------------+------------+
|   Index    | Name                              |   Shape    |
+------------+-----------------------------------+------------+
|     0      | base_ang_vel                      |    (3,)    |
|     1      | projected_gravity                 |    (3,)    |
|     2      | velocity_commands                 |    (3,)    |
|     3      | joint_pos                         |   (12,)    |
|     4      | joint_vel                         |   (12,)    |
|     5      | actions                           |   (12,)    |
+------------+-----------------------------------+------------+

[INFO] Termination Manager:  <TerminationManager> contains 2 active terms.
+------------------------------------+
|      Active Termination Terms      |
+-------+-----------------+----------+
| Index | Name            | Time Out |
+-------+-----------------+----------+
|   0   | time_out        |   True   |
|   1   | illegal_contact |  False   |
+-------+-----------------+----------+

[INFO] Reward Manager:  <RewardManager> contains 15 active terms.
+----------------------------------------+
|          Active Reward Terms           |
+-------+----------------------+---------+
| Index | Name                 |  Weight |
+-------+----------------------+---------+
|   0   | track_lin_vel_xy_exp |     2.0 |
|   1   | track_ang_vel_z_exp  |     1.0 |
|   2   | lin_vel_z_l2         |    -2.0 |
|   3   | ang_vel_xy_l2        |   -0.05 |
|   4   | joint_acc_l2         |  -1e-07 |
|   5   | joint_power          |  -2e-05 |
|   6   | joint_torques_l2     | -0.0001 |
|   7   | base_height_l2       |    -1.0 |
|   8   | action_rate_l2       |   -0.01 |
|   9   | action_smoothness_l2 |   -0.01 |
|   10  | undesired_contacts   |    -1.0 |
|   11  | joint_pos_limits     |    -2.0 |
|   12  | feet_regulation      |   -0.05 |
|   13  | hip_pos_penalty_l1   |   -0.05 |
|   14  | joint_pos_penalty_l1 |   -0.01 |
+-------+----------------------+---------+

[INFO] Curriculum Manager:  <CurriculumManager> contains 0 active terms.
+----------------------+
| Active Curriculum Terms |
+-----------+----------+
|   Index   | Name     |
+-----------+----------+
+-----------+----------+

[Go2Env-INFO] Overriding action manager with ActionManagerGo2:  <ActionManager> contains 1 active terms.
+------------------------------------+
|  Active Action Terms (shape: 12)   |
+--------+-------------+-------------+
| Index  | Name        |   Dimension |
+--------+-------------+-------------+
|   0    | joint_pos   |          12 |
+--------+-------------+-------------+

[INFO]: Completed setting up the environment...
{"status": "FAIL", "output_dir": "/home/sun/machine-dog-nav-runs/2026-08-13_scan_foxy_isaac/results/isaac_qualification_attempt04"}
