[INFO][AppLauncher]: Using device: cuda:0
[INFO][AppLauncher]: Loading experience file: /home/sun/ssh/sun/IsaacLab/apps/isaaclab.python.headless.rendering.kit
Loading user config located at: '/home/sun/miniconda3/envs/isaaclab/lib/python3.11/site-packages/isaacsim/kit/data/Kit/Isaac-Sim/5.1/user.config.json'
[Info] [carb] Logging to file: /home/sun/miniconda3/envs/isaaclab/lib/python3.11/site-packages/isaacsim/kit/logs/Kit/Isaac-Sim/5.1/kit_20260814_160942.log
2026-08-14T20:09:42Z [62ms] [Warning] [carb.windowing-glfw.plugin] GLFW initialization failed.
2026-08-14T20:09:42Z [62ms] [Warning] [carb] Failed to startup plugin carb.windowing-glfw.plugin (interfaces: [carb::windowing::IGLContext v1.0],[carb::windowing::IWindowing v1.5]) (impl: carb.windowing-glfw.plugin)
2026-08-14T20:09:42Z [67ms] [Warning] [omni.platforminfo.plugin] failed to open the default display.  Can't verify X Server version.
2026-08-14T20:09:42Z [174ms] [Warning] [carb.windowing-glfw.plugin] GLFW initialization failed.
2026-08-14T20:09:42Z [174ms] [Warning] [carb] Failed to startup plugin carb.windowing-glfw.plugin (interfaces: [carb::windowing::IGLContext v1.0],[carb::windowing::IWindowing v1.5]) (impl: carb.windowing-glfw.plugin)
2026-08-14T20:09:42Z [282ms] [Warning] [gpu.foundation.plugin] Skipping unsupported non-NVIDIA GPU: AMD Ryzen 7 9700X 8-Core Processor (RADV RAPHAEL_MENDOCINO)
2026-08-14T20:09:42Z [282ms] [Warning] [gpu.foundation.plugin] Skipping unsupported non-NVIDIA GPU: AMD Ryzen 7 9700X 8-Core Processor (RADV RAPHAEL_MENDOCINO)

|---------------------------------------------------------------------------------------------|
| Driver Version: 580.126.09    | Graphics API: Vulkan
|=============================================================================================|
| GPU | Name                             | Active | LDA | GPU Memory | Vendor-ID | LUID       |
|     |                                  |        |     |            | Device-ID | UUID       |
|     |                                  |        |     |            | Bus-ID    |            |
|---------------------------------------------------------------------------------------------|
| 0   | NVIDIA GeForce RTX 5070 Ti       | Yes: 0 |     | 16303   MB | 10de      | 0          |
|     |                                  |        |     |            | 2c05      | 9a0eb7bb.. |
|     |                                  |        |     |            | 1         |            |
|---------------------------------------------------------------------------------------------|
| 1   | AMD Ryzen 7 9700X 8-Core Proce.. |        |     | 10720   MB | 1002      | 0          |
|     |                                  |        |     |            | 13c0      | 00000000.. |
|     |                                  |        |     |            | 11        |            |
|=============================================================================================|
| OS: 24.04.3 LTS (Noble Numbat) ubuntu, Version: 24.04.3, Kernel: 6.17.0-22-generic
| Processor: AMD Ryzen 7 9700X 8-Core Processor
| Cores: 8 | Logical Cores: 16
|---------------------------------------------------------------------------------------------|
| Total Memory (MB): 31137 | Free Memory: 28125
| Total Page/Swap (MB): 69497 | Free Page/Swap: 69497
|---------------------------------------------------------------------------------------------|
2026-08-14T20:09:43Z [486ms] [Warning] [gpu.foundation.plugin] IOMMU is enabled.
2026-08-14T20:09:43Z [486ms] [Warning] [gpu.foundation.plugin] Detected IOMMU is enabled. Running CUDA peer-to-peer bandwidth and latency validation.
Unidirectional P2P=Enabled Bandwidth (P2P Writes) Matrix (GB/s)
   D\D     0 
     0 762.57 
P2P=Enabled Latency (P2P Writes) Matrix (us)
   GPU     0 
     0   2.07 

   CPU     0 
     0   1.66 
2026-08-14T20:09:43Z [791ms] [Warning] [carb.windowing-glfw.plugin] GLFW initialization failed.
2026-08-14T20:09:43Z [791ms] [Warning] [carb] Failed to startup plugin carb.windowing-glfw.plugin (interfaces: [carb::windowing::IGLContext v1.0],[carb::windowing::IWindowing v1.5]) (impl: carb.windowing-glfw.plugin)
2026-08-14T20:09:43Z [801ms] [Warning] [carb.windowing-glfw.plugin] GLFW initialization failed.
2026-08-14T20:09:43Z [801ms] [Warning] [carb] Failed to startup plugin carb.windowing-glfw.plugin (interfaces: [carb::windowing::IGLContext v1.0],[carb::windowing::IWindowing v1.5]) (impl: carb.windowing-glfw.plugin)
2026-08-14T20:09:43Z [805ms] [Warning] [carb.windowing-glfw.plugin] GLFW initialization failed.
2026-08-14T20:09:43Z [805ms] [Warning] [carb] Failed to startup plugin carb.windowing-glfw.plugin (interfaces: [carb::windowing::IGLContext v1.0],[carb::windowing::IWindowing v1.5]) (impl: carb.windowing-glfw.plugin)
2026-08-14T20:09:43Z [808ms] [Warning] [carb.windowing-glfw.plugin] GLFW initialization failed.
2026-08-14T20:09:43Z [808ms] [Warning] [carb] Failed to startup plugin carb.windowing-glfw.plugin (interfaces: [carb::windowing::IGLContext v1.0],[carb::windowing::IWindowing v1.5]) (impl: carb.windowing-glfw.plugin)
2026-08-14T20:09:43Z [808ms] [Warning] [carb.windowing-glfw.plugin] GLFW initialization failed.
2026-08-14T20:09:43Z [808ms] [Warning] [carb] Failed to startup plugin carb.windowing-glfw.plugin (interfaces: [carb::windowing::IGLContext v1.0],[carb::windowing::IWindowing v1.5]) (impl: carb.windowing-glfw.plugin)
2026-08-14T20:09:43Z [809ms] [Warning] [carb.windowing-glfw.plugin] GLFW initialization failed.
2026-08-14T20:09:43Z [809ms] [Warning] [carb] Failed to startup plugin carb.windowing-glfw.plugin (interfaces: [carb::windowing::IGLContext v1.0],[carb::windowing::IWindowing v1.5]) (impl: carb.windowing-glfw.plugin)
2026-08-14T20:09:43Z [898ms] [Warning] [omni.log] Source: omni.hydra was already registered.
2026-08-14T20:09:43Z [1,040ms] [Warning] [carb] Acquiring non optional plugin interface which is not listed as dependency: [omni::physx::IPhysxBenchmarks v1.0] (plugin: <default plugin>), by client: omni.physics.physx.plugin. Add it to CARB_PLUGIN_IMPL_DEPS() macro of a client.
2026-08-14T20:09:43Z [1,045ms] [Warning] [omni.isaac.dynamic_control] omni.isaac.dynamic_control is deprecated as of Isaac Sim 4.5. No action is needed from end-users.
2026-08-14T20:09:44Z [1,873ms] [Warning] [pxr.Semantics] pxr.Semantics is deprecated - please use Semantics instead
2026-08-14T20:09:44Z [1,927ms] [Warning] [omni.graph.core.plugin] Found duplicate of category 'Replicator' - was 'Annotators', adding 'Fabric Reader'
2026-08-14T20:09:44Z [1,927ms] [Warning] [omni.graph.core.plugin] Category 'Replicator' not accepted on node type 'omni.replicator.core.FabricReader' in extension 'omni.replicator.core'
2026-08-14T20:09:44Z [1,927ms] [Warning] [omni.replicator.core.scripts.extension] No material configuration file, adding configuration to material settings directly.
2026-08-14T20:09:46Z [3,812ms] [Warning] [omni.fabric.plugin] Warning: attribute viewportHandle not found for bucket id 7

[forest-v4] run_enter
[forest-v4] layout_imports_start
[forest-v4] layout_imports_ready
[forest-v4] terrain_generation_start
[forest-v4] terrain_generation_ready
[forest-v4] bounded_visual_generation_start
[forest-v4] bounded_visual_generation_ready count=47 counts={'Pine': 4, 'Birch': 4, 'Rock': 3, 'Bush': 6, 'Grass': 30}
[forest-v4] visual_records_ready
[forest-v4] proxy_records_ready count=11
[forest-v4] terrain_identity_ready
[forest-v4] layout_ready visuals=47 proxies=11
[forest-v4] run_identity_start
[INFO]: Parsing configuration from: robot_lab.tasks.lite3.env_cfg:Lite3EnvCfg
[INFO]: Parsing configuration from: robot_lab.tasks.lite3.rsl_rl_cfg:Lite3MoECTSRunnerCfg

[36m======================================================================================[0m
[36m[1m[INFO][IsaacLab]: Logging to file: /tmp/isaaclab/logs/isaaclab_2026-08-14_16-09-51.log[0m
[36m======================================================================================[0m

[INFO]: Base environment:
	Environment device    : cuda:0
	Environment seed      : 42
	Physics step-size     : 0.005
	Rendering step-size   : 0.02
	Environment step-size : 0.02
2026-08-14T20:09:52Z [9,626ms] [Warning] [omni.usd] Warning: in _ReportErrors at line 3172 of /builds/omniverse/usd-ci/USD/pxr/usd/usd/stage.cpp -- In </Lite3ProSensorRigRealWithInterfaceV1/FL_FOOT/visuals>: Unresolved reference prim path @/tmp/IsaacLab/usd_20260814_160952_1824/configuration/lite3_pro_sensor_rig_real_with_interface_isaac_physics.usd@</visuals/FL_FOOT> introduced by @/tmp/IsaacLab/usd_20260814_160952_1824/configuration/lite3_pro_sensor_rig_real_with_interface_isaac_base.usd@</Lite3ProSensorRigRealWithInterfaceV1/FL_FOOT/visuals> (recomposing stage on stage @/tmp/IsaacLab/usd_20260814_160952_1824/configuration/lite3_pro_sensor_rig_real_with_interface_isaac_physics.usd@ <0x5f99062b1440>)

2026-08-14T20:09:52Z [9,626ms] [Warning] [omni.usd] Warning: in _ReportErrors at line 3172 of /builds/omniverse/usd-ci/USD/pxr/usd/usd/stage.cpp -- In </Lite3ProSensorRigRealWithInterfaceV1/FL_FOOT/visuals>: Unresolved reference prim path @/tmp/IsaacLab/usd_20260814_160952_1824/lite3_pro_sensor_rig_real_with_interface_isaac.usd@</visuals/FL_FOOT> introduced by @/tmp/IsaacLab/usd_20260814_160952_1824/configuration/lite3_pro_sensor_rig_real_with_interface_isaac_base.usd@</Lite3ProSensorRigRealWithInterfaceV1/FL_FOOT/visuals> (recomposing stage on stage @/tmp/IsaacLab/usd_20260814_160952_1824/lite3_pro_sensor_rig_real_with_interface_isaac.usd@ <0x5f99062a1550>)

2026-08-14T20:09:52Z [9,627ms] [Warning] [omni.usd] Warning: in _ReportErrors at line 3172 of /builds/omniverse/usd-ci/USD/pxr/usd/usd/stage.cpp -- In </Lite3ProSensorRigRealWithInterfaceV1/FL_FOOT/visuals>: Unresolved reference prim path @/tmp/IsaacLab/usd_20260814_160952_1824/lite3_pro_sensor_rig_real_with_interface_isaac.usd@</visuals/FL_FOOT> introduced by @/tmp/IsaacLab/usd_20260814_160952_1824/configuration/lite3_pro_sensor_rig_real_with_interface_isaac_base.usd@</Lite3ProSensorRigRealWithInterfaceV1/FL_FOOT/visuals> (recomposing stage on stage @/tmp/IsaacLab/usd_20260814_160952_1824/lite3_pro_sensor_rig_real_with_interface_isaac.usd@ <0x5f990629c180>)

2026-08-14T20:09:52Z [9,627ms] [Warning] [omni.usd] Warning: in _ReportErrors at line 3172 of /builds/omniverse/usd-ci/USD/pxr/usd/usd/stage.cpp -- In </Lite3ProSensorRigRealWithInterfaceV1/FL_FOOT/visuals>: Unresolved reference prim path @/tmp/IsaacLab/usd_20260814_160952_1824/configuration/lite3_pro_sensor_rig_real_with_interface_isaac_base.usd@</visuals/FL_FOOT> introduced by @/tmp/IsaacLab/usd_20260814_160952_1824/configuration/lite3_pro_sensor_rig_real_with_interface_isaac_base.usd@</Lite3ProSensorRigRealWithInterfaceV1/FL_FOOT/visuals> (recomposing stage on stage @/tmp/IsaacLab/usd_20260814_160952_1824/configuration/lite3_pro_sensor_rig_real_with_interface_isaac_base.usd@ <0x5f99062b73f0>)

2026-08-14T20:09:52Z [9,627ms] [Warning] [omni.usd] Warning: in _ReportErrors at line 3172 of /builds/omniverse/usd-ci/USD/pxr/usd/usd/stage.cpp -- In </Lite3ProSensorRigRealWithInterfaceV1/FL_FOOT/visuals>: Unresolved reference prim path @/tmp/IsaacLab/usd_20260814_160952_1824/configuration/lite3_pro_sensor_rig_real_with_interface_isaac_physics.usd@</visuals/FL_FOOT> introduced by @/tmp/IsaacLab/usd_20260814_160952_1824/configuration/lite3_pro_sensor_rig_real_with_interface_isaac_base.usd@</Lite3ProSensorRigRealWithInterfaceV1/FL_FOOT/visuals> (recomposing stage on stage @/tmp/IsaacLab/usd_20260814_160952_1824/configuration/lite3_pro_sensor_rig_real_with_interface_isaac_physics.usd@ <0x5f99062b1440>)

2026-08-14T20:09:52Z [9,627ms] [Warning] [omni.usd] Warning: in _ReportErrors at line 3172 of /builds/omniverse/usd-ci/USD/pxr/usd/usd/stage.cpp -- In </Lite3ProSensorRigRealWithInterfaceV1/FL_FOOT/visuals>: Unresolved reference prim path @/tmp/IsaacLab/usd_20260814_160952_1824/lite3_pro_sensor_rig_real_with_interface_isaac.usd@</visuals/FL_FOOT> introduced by @/tmp/IsaacLab/usd_20260814_160952_1824/configuration/lite3_pro_sensor_rig_real_with_interface_isaac_base.usd@</Lite3ProSensorRigRealWithInterfaceV1/FL_FOOT/visuals> (recomposing stage on stage @/tmp/IsaacLab/usd_20260814_160952_1824/lite3_pro_sensor_rig_real_with_interface_isaac.usd@ <0x5f99062a1550>)

2026-08-14T20:09:52Z [9,627ms] [Warning] [omni.usd] Warning: in _ReportErrors at line 3172 of /builds/omniverse/usd-ci/USD/pxr/usd/usd/stage.cpp -- In </Lite3ProSensorRigRealWithInterfaceV1/FL_FOOT/visuals>: Unresolved reference prim path @/tmp/IsaacLab/usd_20260814_160952_1824/lite3_pro_sensor_rig_real_with_interface_isaac.usd@</visuals/FL_FOOT> introduced by @/tmp/IsaacLab/usd_20260814_160952_1824/configuration/lite3_pro_sensor_rig_real_with_interface_isaac_base.usd@</Lite3ProSensorRigRealWithInterfaceV1/FL_FOOT/visuals> (recomposing stage on stage @/tmp/IsaacLab/usd_20260814_160952_1824/lite3_pro_sensor_rig_real_with_interface_isaac.usd@ <0x5f990629c180>)

2026-08-14T20:09:52Z [9,627ms] [Warning] [omni.usd] Warning: in _ReportErrors at line 3172 of /builds/omniverse/usd-ci/USD/pxr/usd/usd/stage.cpp -- In </Lite3ProSensorRigRealWithInterfaceV1/FL_FOOT/visuals>: Unresolved reference prim path @/tmp/IsaacLab/usd_20260814_160952_1824/configuration/lite3_pro_sensor_rig_real_with_interface_isaac_base.usd@</visuals/FL_FOOT> introduced by @/tmp/IsaacLab/usd_20260814_160952_1824/configuration/lite3_pro_sensor_rig_real_with_interface_isaac_base.usd@</Lite3ProSensorRigRealWithInterfaceV1/FL_FOOT/visuals> (recomposing stage on stage @/tmp/IsaacLab/usd_20260814_160952_1824/configuration/lite3_pro_sensor_rig_real_with_interface_isaac_base.usd@ <0x5f99062b73f0>)

2026-08-14T20:09:52Z [9,637ms] [Warning] [omni.usd] Warning: in _ReportErrors at line 3172 of /builds/omniverse/usd-ci/USD/pxr/usd/usd/stage.cpp -- In </Lite3ProSensorRigRealWithInterfaceV1/FR_FOOT/visuals>: Unresolved reference prim path @/tmp/IsaacLab/usd_20260814_160952_1824/configuration/lite3_pro_sensor_rig_real_with_interface_isaac_physics.usd@</visuals/FR_FOOT> introduced by @/tmp/IsaacLab/usd_20260814_160952_1824/configuration/lite3_pro_sensor_rig_real_with_interface_isaac_base.usd@</Lite3ProSensorRigRealWithInterfaceV1/FR_FOOT/visuals> (recomposing stage on stage @/tmp/IsaacLab/usd_20260814_160952_1824/configuration/lite3_pro_sensor_rig_real_with_interface_isaac_physics.usd@ <0x5f99062b1440>)

2026-08-14T20:09:52Z [9,637ms] [Warning] [omni.usd] Warning: in _ReportErrors at line 3172 of /builds/omniverse/usd-ci/USD/pxr/usd/usd/stage.cpp -- In </Lite3ProSensorRigRealWithInterfaceV1/FR_FOOT/visuals>: Unresolved reference prim path @/tmp/IsaacLab/usd_20260814_160952_1824/lite3_pro_sensor_rig_real_with_interface_isaac.usd@</visuals/FR_FOOT> introduced by @/tmp/IsaacLab/usd_20260814_160952_1824/configuration/lite3_pro_sensor_rig_real_with_interface_isaac_base.usd@</Lite3ProSensorRigRealWithInterfaceV1/FR_FOOT/visuals> (recomposing stage on stage @/tmp/IsaacLab/usd_20260814_160952_1824/lite3_pro_sensor_rig_real_with_interface_isaac.usd@ <0x5f99062a1550>)

2026-08-14T20:09:52Z [9,637ms] [Warning] [omni.usd] Warning: in _ReportErrors at line 3172 of /builds/omniverse/usd-ci/USD/pxr/usd/usd/stage.cpp -- In </Lite3ProSensorRigRealWithInterfaceV1/FR_FOOT/visuals>: Unresolved reference prim path @/tmp/IsaacLab/usd_20260814_160952_1824/lite3_pro_sensor_rig_real_with_interface_isaac.usd@</visuals/FR_FOOT> introduced by @/tmp/IsaacLab/usd_20260814_160952_1824/configuration/lite3_pro_sensor_rig_real_with_interface_isaac_base.usd@</Lite3ProSensorRigRealWithInterfaceV1/FR_FOOT/visuals> (recomposing stage on stage @/tmp/IsaacLab/usd_20260814_160952_1824/lite3_pro_sensor_rig_real_with_interface_isaac.usd@ <0x5f990629c180>)

2026-08-14T20:09:52Z [9,637ms] [Warning] [omni.usd] Warning: in _ReportErrors at line 3172 of /builds/omniverse/usd-ci/USD/pxr/usd/usd/stage.cpp -- In </Lite3ProSensorRigRealWithInterfaceV1/FR_FOOT/visuals>: Unresolved reference prim path @/tmp/IsaacLab/usd_20260814_160952_1824/configuration/lite3_pro_sensor_rig_real_with_interface_isaac_base.usd@</visuals/FR_FOOT> introduced by @/tmp/IsaacLab/usd_20260814_160952_1824/configuration/lite3_pro_sensor_rig_real_with_interface_isaac_base.usd@</Lite3ProSensorRigRealWithInterfaceV1/FR_FOOT/visuals> (recomposing stage on stage @/tmp/IsaacLab/usd_20260814_160952_1824/configuration/lite3_pro_sensor_rig_real_with_interface_isaac_base.usd@ <0x5f99062b73f0>)

2026-08-14T20:09:52Z [9,637ms] [Warning] [omni.usd] Warning: in _ReportErrors at line 3172 of /builds/omniverse/usd-ci/USD/pxr/usd/usd/stage.cpp -- In </Lite3ProSensorRigRealWithInterfaceV1/FR_FOOT/visuals>: Unresolved reference prim path @/tmp/IsaacLab/usd_20260814_160952_1824/configuration/lite3_pro_sensor_rig_real_with_interface_isaac_physics.usd@</visuals/FR_FOOT> introduced by @/tmp/IsaacLab/usd_20260814_160952_1824/configuration/lite3_pro_sensor_rig_real_with_interface_isaac_base.usd@</Lite3ProSensorRigRealWithInterfaceV1/FR_FOOT/visuals> (recomposing stage on stage @/tmp/IsaacLab/usd_20260814_160952_1824/configuration/lite3_pro_sensor_rig_real_with_interface_isaac_physics.usd@ <0x5f99062b1440>)

2026-08-14T20:09:52Z [9,637ms] [Warning] [omni.usd] Warning: in _ReportErrors at line 3172 of /builds/omniverse/usd-ci/USD/pxr/usd/usd/stage.cpp -- In </Lite3ProSensorRigRealWithInterfaceV1/FR_FOOT/visuals>: Unresolved reference prim path @/tmp/IsaacLab/usd_20260814_160952_1824/lite3_pro_sensor_rig_real_with_interface_isaac.usd@</visuals/FR_FOOT> introduced by @/tmp/IsaacLab/usd_20260814_160952_1824/configuration/lite3_pro_sensor_rig_real_with_interface_isaac_base.usd@</Lite3ProSensorRigRealWithInterfaceV1/FR_FOOT/visuals> (recomposing stage on stage @/tmp/IsaacLab/usd_20260814_160952_1824/lite3_pro_sensor_rig_real_with_interface_isaac.usd@ <0x5f99062a1550>)

2026-08-14T20:09:52Z [9,637ms] [Warning] [omni.usd] Warning: in _ReportErrors at line 3172 of /builds/omniverse/usd-ci/USD/pxr/usd/usd/stage.cpp -- In </Lite3ProSensorRigRealWithInterfaceV1/FR_FOOT/visuals>: Unresolved reference prim path @/tmp/IsaacLab/usd_20260814_160952_1824/lite3_pro_sensor_rig_real_with_interface_isaac.usd@</visuals/FR_FOOT> introduced by @/tmp/IsaacLab/usd_20260814_160952_1824/configuration/lite3_pro_sensor_rig_real_with_interface_isaac_base.usd@</Lite3ProSensorRigRealWithInterfaceV1/FR_FOOT/visuals> (recomposing stage on stage @/tmp/IsaacLab/usd_20260814_160952_1824/lite3_pro_sensor_rig_real_with_interface_isaac.usd@ <0x5f990629c180>)

2026-08-14T20:09:52Z [9,637ms] [Warning] [omni.usd] Warning: in _ReportErrors at line 3172 of /builds/omniverse/usd-ci/USD/pxr/usd/usd/stage.cpp -- In </Lite3ProSensorRigRealWithInterfaceV1/FR_FOOT/visuals>: Unresolved reference prim path @/tmp/IsaacLab/usd_20260814_160952_1824/configuration/lite3_pro_sensor_rig_real_with_interface_isaac_base.usd@</visuals/FR_FOOT> introduced by @/tmp/IsaacLab/usd_20260814_160952_1824/configuration/lite3_pro_sensor_rig_real_with_interface_isaac_base.usd@</Lite3ProSensorRigRealWithInterfaceV1/FR_FOOT/visuals> (recomposing stage on stage @/tmp/IsaacLab/usd_20260814_160952_1824/configuration/lite3_pro_sensor_rig_real_with_interface_isaac_base.usd@ <0x5f99062b73f0>)

2026-08-14T20:09:52Z [9,648ms] [Warning] [omni.usd] Warning: in _ReportErrors at line 3172 of /builds/omniverse/usd-ci/USD/pxr/usd/usd/stage.cpp -- In </Lite3ProSensorRigRealWithInterfaceV1/HL_FOOT/visuals>: Unresolved reference prim path @/tmp/IsaacLab/usd_20260814_160952_1824/configuration/lite3_pro_sensor_rig_real_with_interface_isaac_physics.usd@</visuals/HL_FOOT> introduced by @/tmp/IsaacLab/usd_20260814_160952_1824/configuration/lite3_pro_sensor_rig_real_with_interface_isaac_base.usd@</Lite3ProSensorRigRealWithInterfaceV1/HL_FOOT/visuals> (recomposing stage on stage @/tmp/IsaacLab/usd_20260814_160952_1824/configuration/lite3_pro_sensor_rig_real_with_interface_isaac_physics.usd@ <0x5f99062b1440>)

2026-08-14T20:09:52Z [9,648ms] [Warning] [omni.usd] Warning: in _ReportErrors at line 3172 of /builds/omniverse/usd-ci/USD/pxr/usd/usd/stage.cpp -- In </Lite3ProSensorRigRealWithInterfaceV1/HL_FOOT/visuals>: Unresolved reference prim path @/tmp/IsaacLab/usd_20260814_160952_1824/lite3_pro_sensor_rig_real_with_interface_isaac.usd@</visuals/HL_FOOT> introduced by @/tmp/IsaacLab/usd_20260814_160952_1824/configuration/lite3_pro_sensor_rig_real_with_interface_isaac_base.usd@</Lite3ProSensorRigRealWithInterfaceV1/HL_FOOT/visuals> (recomposing stage on stage @/tmp/IsaacLab/usd_20260814_160952_1824/lite3_pro_sensor_rig_real_with_interface_isaac.usd@ <0x5f99062a1550>)

2026-08-14T20:09:52Z [9,648ms] [Warning] [omni.usd] Warning: in _ReportErrors at line 3172 of /builds/omniverse/usd-ci/USD/pxr/usd/usd/stage.cpp -- In </Lite3ProSensorRigRealWithInterfaceV1/HL_FOOT/visuals>: Unresolved reference prim path @/tmp/IsaacLab/usd_20260814_160952_1824/lite3_pro_sensor_rig_real_with_interface_isaac.usd@</visuals/HL_FOOT> introduced by @/tmp/IsaacLab/usd_20260814_160952_1824/configuration/lite3_pro_sensor_rig_real_with_interface_isaac_base.usd@</Lite3ProSensorRigRealWithInterfaceV1/HL_FOOT/visuals> (recomposing stage on stage @/tmp/IsaacLab/usd_20260814_160952_1824/lite3_pro_sensor_rig_real_with_interface_isaac.usd@ <0x5f990629c180>)

2026-08-14T20:09:52Z [9,648ms] [Warning] [omni.usd] Warning: in _ReportErrors at line 3172 of /builds/omniverse/usd-ci/USD/pxr/usd/usd/stage.cpp -- In </Lite3ProSensorRigRealWithInterfaceV1/HL_FOOT/visuals>: Unresolved reference prim path @/tmp/IsaacLab/usd_20260814_160952_1824/configuration/lite3_pro_sensor_rig_real_with_interface_isaac_base.usd@</visuals/HL_FOOT> introduced by @/tmp/IsaacLab/usd_20260814_160952_1824/configuration/lite3_pro_sensor_rig_real_with_interface_isaac_base.usd@</Lite3ProSensorRigRealWithInterfaceV1/HL_FOOT/visuals> (recomposing stage on stage @/tmp/IsaacLab/usd_20260814_160952_1824/configuration/lite3_pro_sensor_rig_real_with_interface_isaac_base.usd@ <0x5f99062b73f0>)

2026-08-14T20:09:52Z [9,648ms] [Warning] [omni.usd] Warning: in _ReportErrors at line 3172 of /builds/omniverse/usd-ci/USD/pxr/usd/usd/stage.cpp -- In </Lite3ProSensorRigRealWithInterfaceV1/HL_FOOT/visuals>: Unresolved reference prim path @/tmp/IsaacLab/usd_20260814_160952_1824/configuration/lite3_pro_sensor_rig_real_with_interface_isaac_physics.usd@</visuals/HL_FOOT> introduced by @/tmp/IsaacLab/usd_20260814_160952_1824/configuration/lite3_pro_sensor_rig_real_with_interface_isaac_base.usd@</Lite3ProSensorRigRealWithInterfaceV1/HL_FOOT/visuals> (recomposing stage on stage @/tmp/IsaacLab/usd_20260814_160952_1824/configuration/lite3_pro_sensor_rig_real_with_interface_isaac_physics.usd@ <0x5f99062b1440>)

2026-08-14T20:09:52Z [9,648ms] [Warning] [omni.usd] Warning: in _ReportErrors at line 3172 of /builds/omniverse/usd-ci/USD/pxr/usd/usd/stage.cpp -- In </Lite3ProSensorRigRealWithInterfaceV1/HL_FOOT/visuals>: Unresolved reference prim path @/tmp/IsaacLab/usd_20260814_160952_1824/lite3_pro_sensor_rig_real_with_interface_isaac.usd@</visuals/HL_FOOT> introduced by @/tmp/IsaacLab/usd_20260814_160952_1824/configuration/lite3_pro_sensor_rig_real_with_interface_isaac_base.usd@</Lite3ProSensorRigRealWithInterfaceV1/HL_FOOT/visuals> (recomposing stage on stage @/tmp/IsaacLab/usd_20260814_160952_1824/lite3_pro_sensor_rig_real_with_interface_isaac.usd@ <0x5f99062a1550>)

2026-08-14T20:09:52Z [9,648ms] [Warning] [omni.usd] Warning: in _ReportErrors at line 3172 of /builds/omniverse/usd-ci/USD/pxr/usd/usd/stage.cpp -- In </Lite3ProSensorRigRealWithInterfaceV1/HL_FOOT/visuals>: Unresolved reference prim path @/tmp/IsaacLab/usd_20260814_160952_1824/lite3_pro_sensor_rig_real_with_interface_isaac.usd@</visuals/HL_FOOT> introduced by @/tmp/IsaacLab/usd_20260814_160952_1824/configuration/lite3_pro_sensor_rig_real_with_interface_isaac_base.usd@</Lite3ProSensorRigRealWithInterfaceV1/HL_FOOT/visuals> (recomposing stage on stage @/tmp/IsaacLab/usd_20260814_160952_1824/lite3_pro_sensor_rig_real_with_interface_isaac.usd@ <0x5f990629c180>)

2026-08-14T20:09:52Z [9,648ms] [Warning] [omni.usd] Warning: in _ReportErrors at line 3172 of /builds/omniverse/usd-ci/USD/pxr/usd/usd/stage.cpp -- In </Lite3ProSensorRigRealWithInterfaceV1/HL_FOOT/visuals>: Unresolved reference prim path @/tmp/IsaacLab/usd_20260814_160952_1824/configuration/lite3_pro_sensor_rig_real_with_interface_isaac_base.usd@</visuals/HL_FOOT> introduced by @/tmp/IsaacLab/usd_20260814_160952_1824/configuration/lite3_pro_sensor_rig_real_with_interface_isaac_base.usd@</Lite3ProSensorRigRealWithInterfaceV1/HL_FOOT/visuals> (recomposing stage on stage @/tmp/IsaacLab/usd_20260814_160952_1824/configuration/lite3_pro_sensor_rig_real_with_interface_isaac_base.usd@ <0x5f99062b73f0>)

2026-08-14T20:09:52Z [9,658ms] [Warning] [omni.usd] Warning: in _ReportErrors at line 3172 of /builds/omniverse/usd-ci/USD/pxr/usd/usd/stage.cpp -- In </Lite3ProSensorRigRealWithInterfaceV1/HR_FOOT/visuals>: Unresolved reference prim path @/tmp/IsaacLab/usd_20260814_160952_1824/configuration/lite3_pro_sensor_rig_real_with_interface_isaac_physics.usd@</visuals/HR_FOOT> introduced by @/tmp/IsaacLab/usd_20260814_160952_1824/configuration/lite3_pro_sensor_rig_real_with_interface_isaac_base.usd@</Lite3ProSensorRigRealWithInterfaceV1/HR_FOOT/visuals> (recomposing stage on stage @/tmp/IsaacLab/usd_20260814_160952_1824/configuration/lite3_pro_sensor_rig_real_with_interface_isaac_physics.usd@ <0x5f99062b1440>)

2026-08-14T20:09:52Z [9,658ms] [Warning] [omni.usd] Warning: in _ReportErrors at line 3172 of /builds/omniverse/usd-ci/USD/pxr/usd/usd/stage.cpp -- In </Lite3ProSensorRigRealWithInterfaceV1/HR_FOOT/visuals>: Unresolved reference prim path @/tmp/IsaacLab/usd_20260814_160952_1824/lite3_pro_sensor_rig_real_with_interface_isaac.usd@</visuals/HR_FOOT> introduced by @/tmp/IsaacLab/usd_20260814_160952_1824/configuration/lite3_pro_sensor_rig_real_with_interface_isaac_base.usd@</Lite3ProSensorRigRealWithInterfaceV1/HR_FOOT/visuals> (recomposing stage on stage @/tmp/IsaacLab/usd_20260814_160952_1824/lite3_pro_sensor_rig_real_with_interface_isaac.usd@ <0x5f99062a1550>)

2026-08-14T20:09:52Z [9,658ms] [Warning] [omni.usd] Warning: in _ReportErrors at line 3172 of /builds/omniverse/usd-ci/USD/pxr/usd/usd/stage.cpp -- In </Lite3ProSensorRigRealWithInterfaceV1/HR_FOOT/visuals>: Unresolved reference prim path @/tmp/IsaacLab/usd_20260814_160952_1824/lite3_pro_sensor_rig_real_with_interface_isaac.usd@</visuals/HR_FOOT> introduced by @/tmp/IsaacLab/usd_20260814_160952_1824/configuration/lite3_pro_sensor_rig_real_with_interface_isaac_base.usd@</Lite3ProSensorRigRealWithInterfaceV1/HR_FOOT/visuals> (recomposing stage on stage @/tmp/IsaacLab/usd_20260814_160952_1824/lite3_pro_sensor_rig_real_with_interface_isaac.usd@ <0x5f990629c180>)

2026-08-14T20:09:52Z [9,658ms] [Warning] [omni.usd] Warning: in _ReportErrors at line 3172 of /builds/omniverse/usd-ci/USD/pxr/usd/usd/stage.cpp -- In </Lite3ProSensorRigRealWithInterfaceV1/HR_FOOT/visuals>: Unresolved reference prim path @/tmp/IsaacLab/usd_20260814_160952_1824/configuration/lite3_pro_sensor_rig_real_with_interface_isaac_base.usd@</visuals/HR_FOOT> introduced by @/tmp/IsaacLab/usd_20260814_160952_1824/configuration/lite3_pro_sensor_rig_real_with_interface_isaac_base.usd@</Lite3ProSensorRigRealWithInterfaceV1/HR_FOOT/visuals> (recomposing stage on stage @/tmp/IsaacLab/usd_20260814_160952_1824/configuration/lite3_pro_sensor_rig_real_with_interface_isaac_base.usd@ <0x5f99062b73f0>)

2026-08-14T20:09:52Z [9,658ms] [Warning] [omni.usd] Warning: in _ReportErrors at line 3172 of /builds/omniverse/usd-ci/USD/pxr/usd/usd/stage.cpp -- In </Lite3ProSensorRigRealWithInterfaceV1/HR_FOOT/visuals>: Unresolved reference prim path @/tmp/IsaacLab/usd_20260814_160952_1824/configuration/lite3_pro_sensor_rig_real_with_interface_isaac_physics.usd@</visuals/HR_FOOT> introduced by @/tmp/IsaacLab/usd_20260814_160952_1824/configuration/lite3_pro_sensor_rig_real_with_interface_isaac_base.usd@</Lite3ProSensorRigRealWithInterfaceV1/HR_FOOT/visuals> (recomposing stage on stage @/tmp/IsaacLab/usd_20260814_160952_1824/configuration/lite3_pro_sensor_rig_real_with_interface_isaac_physics.usd@ <0x5f99062b1440>)

2026-08-14T20:09:52Z [9,658ms] [Warning] [omni.usd] Warning: in _ReportErrors at line 3172 of /builds/omniverse/usd-ci/USD/pxr/usd/usd/stage.cpp -- In </Lite3ProSensorRigRealWithInterfaceV1/HR_FOOT/visuals>: Unresolved reference prim path @/tmp/IsaacLab/usd_20260814_160952_1824/lite3_pro_sensor_rig_real_with_interface_isaac.usd@</visuals/HR_FOOT> introduced by @/tmp/IsaacLab/usd_20260814_160952_1824/configuration/lite3_pro_sensor_rig_real_with_interface_isaac_base.usd@</Lite3ProSensorRigRealWithInterfaceV1/HR_FOOT/visuals> (recomposing stage on stage @/tmp/IsaacLab/usd_20260814_160952_1824/lite3_pro_sensor_rig_real_with_interface_isaac.usd@ <0x5f99062a1550>)

2026-08-14T20:09:52Z [9,658ms] [Warning] [omni.usd] Warning: in _ReportErrors at line 3172 of /builds/omniverse/usd-ci/USD/pxr/usd/usd/stage.cpp -- In </Lite3ProSensorRigRealWithInterfaceV1/HR_FOOT/visuals>: Unresolved reference prim path @/tmp/IsaacLab/usd_20260814_160952_1824/lite3_pro_sensor_rig_real_with_interface_isaac.usd@</visuals/HR_FOOT> introduced by @/tmp/IsaacLab/usd_20260814_160952_1824/configuration/lite3_pro_sensor_rig_real_with_interface_isaac_base.usd@</Lite3ProSensorRigRealWithInterfaceV1/HR_FOOT/visuals> (recomposing stage on stage @/tmp/IsaacLab/usd_20260814_160952_1824/lite3_pro_sensor_rig_real_with_interface_isaac.usd@ <0x5f990629c180>)

2026-08-14T20:09:52Z [9,658ms] [Warning] [omni.usd] Warning: in _ReportErrors at line 3172 of /builds/omniverse/usd-ci/USD/pxr/usd/usd/stage.cpp -- In </Lite3ProSensorRigRealWithInterfaceV1/HR_FOOT/visuals>: Unresolved reference prim path @/tmp/IsaacLab/usd_20260814_160952_1824/configuration/lite3_pro_sensor_rig_real_with_interface_isaac_base.usd@</visuals/HR_FOOT> introduced by @/tmp/IsaacLab/usd_20260814_160952_1824/configuration/lite3_pro_sensor_rig_real_with_interface_isaac_base.usd@</Lite3ProSensorRigRealWithInterfaceV1/HR_FOOT/visuals> (recomposing stage on stage @/tmp/IsaacLab/usd_20260814_160952_1824/configuration/lite3_pro_sensor_rig_real_with_interface_isaac_base.usd@ <0x5f99062b73f0>)

2026-08-14T20:09:52Z [9,660ms] [Warning] [isaacsim.asset.importer.urdf] The path pro-interface-envelope is not a valid usd path, modifying to pro_interface_envelope
2026-08-14T20:09:52Z [9,665ms] [Warning] [isaacsim.asset.importer.urdf] The path carrier-rev-j-print-ready-side is not a valid usd path, modifying to carrier_rev_j_print_ready_side
2026-08-14T20:09:52Z [9,674ms] [Warning] [isaacsim.asset.importer.urdf] The path d435i-body-runtime is not a valid usd path, modifying to d435i_body_runtime
2026-08-14T20:09:52Z [9,689ms] [Warning] [isaacsim.asset.importer.urdf] The path d435i-optical-runtime is not a valid usd path, modifying to d435i_optical_runtime
2026-08-14T20:09:52Z [9,697ms] [Warning] [omni.usd] Warning: in _ReportErrors at line 3172 of /builds/omniverse/usd-ci/USD/pxr/usd/usd/stage.cpp -- In </Lite3ProSensorRigRealWithInterfaceV1/d435i_depth_optical_frame/visuals>: Unresolved reference prim path @/tmp/IsaacLab/usd_20260814_160952_1824/configuration/lite3_pro_sensor_rig_real_with_interface_isaac_physics.usd@</visuals/d435i_depth_optical_frame> introduced by @/tmp/IsaacLab/usd_20260814_160952_1824/configuration/lite3_pro_sensor_rig_real_with_interface_isaac_base.usd@</Lite3ProSensorRigRealWithInterfaceV1/d435i_depth_optical_frame/visuals> (recomposing stage on stage @/tmp/IsaacLab/usd_20260814_160952_1824/configuration/lite3_pro_sensor_rig_real_with_interface_isaac_physics.usd@ <0x5f99062b1440>)

2026-08-14T20:09:52Z [9,697ms] [Warning] [omni.usd] Warning: in _ReportErrors at line 3172 of /builds/omniverse/usd-ci/USD/pxr/usd/usd/stage.cpp -- In </Lite3ProSensorRigRealWithInterfaceV1/d435i_depth_optical_frame/visuals>: Unresolved reference prim path @/tmp/IsaacLab/usd_20260814_160952_1824/lite3_pro_sensor_rig_real_with_interface_isaac.usd@</visuals/d435i_depth_optical_frame> introduced by @/tmp/IsaacLab/usd_20260814_160952_1824/configuration/lite3_pro_sensor_rig_real_with_interface_isaac_base.usd@</Lite3ProSensorRigRealWithInterfaceV1/d435i_depth_optical_frame/visuals> (recomposing stage on stage @/tmp/IsaacLab/usd_20260814_160952_1824/lite3_pro_sensor_rig_real_with_interface_isaac.usd@ <0x5f99062a1550>)

2026-08-14T20:09:52Z [9,697ms] [Warning] [omni.usd] Warning: in _ReportErrors at line 3172 of /builds/omniverse/usd-ci/USD/pxr/usd/usd/stage.cpp -- In </Lite3ProSensorRigRealWithInterfaceV1/d435i_depth_optical_frame/visuals>: Unresolved reference prim path @/tmp/IsaacLab/usd_20260814_160952_1824/lite3_pro_sensor_rig_real_with_interface_isaac.usd@</visuals/d435i_depth_optical_frame> introduced by @/tmp/IsaacLab/usd_20260814_160952_1824/configuration/lite3_pro_sensor_rig_real_with_interface_isaac_base.usd@</Lite3ProSensorRigRealWithInterfaceV1/d435i_depth_optical_frame/visuals> (recomposing stage on stage @/tmp/IsaacLab/usd_20260814_160952_1824/lite3_pro_sensor_rig_real_with_interface_isaac.usd@ <0x5f990629c180>)

2026-08-14T20:09:52Z [9,697ms] [Warning] [omni.usd] Warning: in _ReportErrors at line 3172 of /builds/omniverse/usd-ci/USD/pxr/usd/usd/stage.cpp -- In </Lite3ProSensorRigRealWithInterfaceV1/d435i_depth_optical_frame/visuals>: Unresolved reference prim path @/tmp/IsaacLab/usd_20260814_160952_1824/configuration/lite3_pro_sensor_rig_real_with_interface_isaac_base.usd@</visuals/d435i_depth_optical_frame> introduced by @/tmp/IsaacLab/usd_20260814_160952_1824/configuration/lite3_pro_sensor_rig_real_with_interface_isaac_base.usd@</Lite3ProSensorRigRealWithInterfaceV1/d435i_depth_optical_frame/visuals> (recomposing stage on stage @/tmp/IsaacLab/usd_20260814_160952_1824/configuration/lite3_pro_sensor_rig_real_with_interface_isaac_base.usd@ <0x5f99062b73f0>)

2026-08-14T20:09:52Z [9,697ms] [Warning] [omni.usd] Warning: in _ReportErrors at line 3172 of /builds/omniverse/usd-ci/USD/pxr/usd/usd/stage.cpp -- In </Lite3ProSensorRigRealWithInterfaceV1/d435i_depth_optical_frame/visuals>: Unresolved reference prim path @/tmp/IsaacLab/usd_20260814_160952_1824/configuration/lite3_pro_sensor_rig_real_with_interface_isaac_physics.usd@</visuals/d435i_depth_optical_frame> introduced by @/tmp/IsaacLab/usd_20260814_160952_1824/configuration/lite3_pro_sensor_rig_real_with_interface_isaac_base.usd@</Lite3ProSensorRigRealWithInterfaceV1/d435i_depth_optical_frame/visuals> (recomposing stage on stage @/tmp/IsaacLab/usd_20260814_160952_1824/configuration/lite3_pro_sensor_rig_real_with_interface_isaac_physics.usd@ <0x5f99062b1440>)

2026-08-14T20:09:52Z [9,697ms] [Warning] [omni.usd] Warning: in _ReportErrors at line 3172 of /builds/omniverse/usd-ci/USD/pxr/usd/usd/stage.cpp -- In </Lite3ProSensorRigRealWithInterfaceV1/d435i_depth_optical_frame/visuals>: Unresolved reference prim path @/tmp/IsaacLab/usd_20260814_160952_1824/lite3_pro_sensor_rig_real_with_interface_isaac.usd@</visuals/d435i_depth_optical_frame> introduced by @/tmp/IsaacLab/usd_20260814_160952_1824/configuration/lite3_pro_sensor_rig_real_with_interface_isaac_base.usd@</Lite3ProSensorRigRealWithInterfaceV1/d435i_depth_optical_frame/visuals> (recomposing stage on stage @/tmp/IsaacLab/usd_20260814_160952_1824/lite3_pro_sensor_rig_real_with_interface_isaac.usd@ <0x5f99062a1550>)

2026-08-14T20:09:52Z [9,697ms] [Warning] [omni.usd] Warning: in _ReportErrors at line 3172 of /builds/omniverse/usd-ci/USD/pxr/usd/usd/stage.cpp -- In </Lite3ProSensorRigRealWithInterfaceV1/d435i_depth_optical_frame/visuals>: Unresolved reference prim path @/tmp/IsaacLab/usd_20260814_160952_1824/lite3_pro_sensor_rig_real_with_interface_isaac.usd@</visuals/d435i_depth_optical_frame> introduced by @/tmp/IsaacLab/usd_20260814_160952_1824/configuration/lite3_pro_sensor_rig_real_with_interface_isaac_base.usd@</Lite3ProSensorRigRealWithInterfaceV1/d435i_depth_optical_frame/visuals> (recomposing stage on stage @/tmp/IsaacLab/usd_20260814_160952_1824/lite3_pro_sensor_rig_real_with_interface_isaac.usd@ <0x5f990629c180>)

2026-08-14T20:09:52Z [9,697ms] [Warning] [omni.usd] Warning: in _ReportErrors at line 3172 of /builds/omniverse/usd-ci/USD/pxr/usd/usd/stage.cpp -- In </Lite3ProSensorRigRealWithInterfaceV1/d435i_depth_optical_frame/visuals>: Unresolved reference prim path @/tmp/IsaacLab/usd_20260814_160952_1824/configuration/lite3_pro_sensor_rig_real_with_interface_isaac_base.usd@</visuals/d435i_depth_optical_frame> introduced by @/tmp/IsaacLab/usd_20260814_160952_1824/configuration/lite3_pro_sensor_rig_real_with_interface_isaac_base.usd@</Lite3ProSensorRigRealWithInterfaceV1/d435i_depth_optical_frame/visuals> (recomposing stage on stage @/tmp/IsaacLab/usd_20260814_160952_1824/configuration/lite3_pro_sensor_rig_real_with_interface_isaac_base.usd@ <0x5f99062b73f0>)

2026-08-14T20:09:52Z [9,699ms] [Warning] [isaacsim.asset.importer.urdf] The path mid360-body-runtime is not a valid usd path, modifying to mid360_body_runtime
2026-08-14T20:09:52Z [9,715ms] [Warning] [isaacsim.asset.importer.urdf] The path mid360-optical-runtime is not a valid usd path, modifying to mid360_optical_runtime
2026-08-14T20:09:52Z [9,721ms] [Warning] [omni.usd] Warning: in _ReportErrors at line 3172 of /builds/omniverse/usd-ci/USD/pxr/usd/usd/stage.cpp -- In </Lite3ProSensorRigRealWithInterfaceV1/mid360_scan_frame/visuals>: Unresolved reference prim path @/tmp/IsaacLab/usd_20260814_160952_1824/configuration/lite3_pro_sensor_rig_real_with_interface_isaac_physics.usd@</visuals/mid360_scan_frame> introduced by @/tmp/IsaacLab/usd_20260814_160952_1824/configuration/lite3_pro_sensor_rig_real_with_interface_isaac_base.usd@</Lite3ProSensorRigRealWithInterfaceV1/mid360_scan_frame/visuals> (recomposing stage on stage @/tmp/IsaacLab/usd_20260814_160952_1824/configuration/lite3_pro_sensor_rig_real_with_interface_isaac_physics.usd@ <0x5f99062b1440>)

2026-08-14T20:09:52Z [9,721ms] [Warning] [omni.usd] Warning: in _ReportErrors at line 3172 of /builds/omniverse/usd-ci/USD/pxr/usd/usd/stage.cpp -- In </Lite3ProSensorRigRealWithInterfaceV1/mid360_scan_frame/visuals>: Unresolved reference prim path @/tmp/IsaacLab/usd_20260814_160952_1824/lite3_pro_sensor_rig_real_with_interface_isaac.usd@</visuals/mid360_scan_frame> introduced by @/tmp/IsaacLab/usd_20260814_160952_1824/configuration/lite3_pro_sensor_rig_real_with_interface_isaac_base.usd@</Lite3ProSensorRigRealWithInterfaceV1/mid360_scan_frame/visuals> (recomposing stage on stage @/tmp/IsaacLab/usd_20260814_160952_1824/lite3_pro_sensor_rig_real_with_interface_isaac.usd@ <0x5f99062a1550>)

2026-08-14T20:09:52Z [9,721ms] [Warning] [omni.usd] Warning: in _ReportErrors at line 3172 of /builds/omniverse/usd-ci/USD/pxr/usd/usd/stage.cpp -- In </Lite3ProSensorRigRealWithInterfaceV1/mid360_scan_frame/visuals>: Unresolved reference prim path @/tmp/IsaacLab/usd_20260814_160952_1824/lite3_pro_sensor_rig_real_with_interface_isaac.usd@</visuals/mid360_scan_frame> introduced by @/tmp/IsaacLab/usd_20260814_160952_1824/configuration/lite3_pro_sensor_rig_real_with_interface_isaac_base.usd@</Lite3ProSensorRigRealWithInterfaceV1/mid360_scan_frame/visuals> (recomposing stage on stage @/tmp/IsaacLab/usd_20260814_160952_1824/lite3_pro_sensor_rig_real_with_interface_isaac.usd@ <0x5f990629c180>)

2026-08-14T20:09:52Z [9,721ms] [Warning] [omni.usd] Warning: in _ReportErrors at line 3172 of /builds/omniverse/usd-ci/USD/pxr/usd/usd/stage.cpp -- In </Lite3ProSensorRigRealWithInterfaceV1/mid360_scan_frame/visuals>: Unresolved reference prim path @/tmp/IsaacLab/usd_20260814_160952_1824/configuration/lite3_pro_sensor_rig_real_with_interface_isaac_base.usd@</visuals/mid360_scan_frame> introduced by @/tmp/IsaacLab/usd_20260814_160952_1824/configuration/lite3_pro_sensor_rig_real_with_interface_isaac_base.usd@</Lite3ProSensorRigRealWithInterfaceV1/mid360_scan_frame/visuals> (recomposing stage on stage @/tmp/IsaacLab/usd_20260814_160952_1824/configuration/lite3_pro_sensor_rig_real_with_interface_isaac_base.usd@ <0x5f99062b73f0>)

2026-08-14T20:09:52Z [9,721ms] [Warning] [omni.usd] Warning: in _ReportErrors at line 3172 of /builds/omniverse/usd-ci/USD/pxr/usd/usd/stage.cpp -- In </Lite3ProSensorRigRealWithInterfaceV1/mid360_scan_frame/visuals>: Unresolved reference prim path @/tmp/IsaacLab/usd_20260814_160952_1824/configuration/lite3_pro_sensor_rig_real_with_interface_isaac_physics.usd@</visuals/mid360_scan_frame> introduced by @/tmp/IsaacLab/usd_20260814_160952_1824/configuration/lite3_pro_sensor_rig_real_with_interface_isaac_base.usd@</Lite3ProSensorRigRealWithInterfaceV1/mid360_scan_frame/visuals> (recomposing stage on stage @/tmp/IsaacLab/usd_20260814_160952_1824/configuration/lite3_pro_sensor_rig_real_with_interface_isaac_physics.usd@ <0x5f99062b1440>)

2026-08-14T20:09:52Z [9,721ms] [Warning] [omni.usd] Warning: in _ReportErrors at line 3172 of /builds/omniverse/usd-ci/USD/pxr/usd/usd/stage.cpp -- In </Lite3ProSensorRigRealWithInterfaceV1/mid360_scan_frame/visuals>: Unresolved reference prim path @/tmp/IsaacLab/usd_20260814_160952_1824/lite3_pro_sensor_rig_real_with_interface_isaac.usd@</visuals/mid360_scan_frame> introduced by @/tmp/IsaacLab/usd_20260814_160952_1824/configuration/lite3_pro_sensor_rig_real_with_interface_isaac_base.usd@</Lite3ProSensorRigRealWithInterfaceV1/mid360_scan_frame/visuals> (recomposing stage on stage @/tmp/IsaacLab/usd_20260814_160952_1824/lite3_pro_sensor_rig_real_with_interface_isaac.usd@ <0x5f99062a1550>)

2026-08-14T20:09:52Z [9,721ms] [Warning] [omni.usd] Warning: in _ReportErrors at line 3172 of /builds/omniverse/usd-ci/USD/pxr/usd/usd/stage.cpp -- In </Lite3ProSensorRigRealWithInterfaceV1/mid360_scan_frame/visuals>: Unresolved reference prim path @/tmp/IsaacLab/usd_20260814_160952_1824/lite3_pro_sensor_rig_real_with_interface_isaac.usd@</visuals/mid360_scan_frame> introduced by @/tmp/IsaacLab/usd_20260814_160952_1824/configuration/lite3_pro_sensor_rig_real_with_interface_isaac_base.usd@</Lite3ProSensorRigRealWithInterfaceV1/mid360_scan_frame/visuals> (recomposing stage on stage @/tmp/IsaacLab/usd_20260814_160952_1824/lite3_pro_sensor_rig_real_with_interface_isaac.usd@ <0x5f990629c180>)

2026-08-14T20:09:52Z [9,721ms] [Warning] [omni.usd] Warning: in _ReportErrors at line 3172 of /builds/omniverse/usd-ci/USD/pxr/usd/usd/stage.cpp -- In </Lite3ProSensorRigRealWithInterfaceV1/mid360_scan_frame/visuals>: Unresolved reference prim path @/tmp/IsaacLab/usd_20260814_160952_1824/configuration/lite3_pro_sensor_rig_real_with_interface_isaac_base.usd@</visuals/mid360_scan_frame> introduced by @/tmp/IsaacLab/usd_20260814_160952_1824/configuration/lite3_pro_sensor_rig_real_with_interface_isaac_base.usd@</Lite3ProSensorRigRealWithInterfaceV1/mid360_scan_frame/visuals> (recomposing stage on stage @/tmp/IsaacLab/usd_20260814_160952_1824/configuration/lite3_pro_sensor_rig_real_with_interface_isaac_base.usd@ <0x5f99062b73f0>)

2026-08-14T20:09:52Z [9,722ms] [Warning] [isaacsim.asset.importer.urdf] The path s410-guard-access-print-ready-flange-down is not a valid usd path, modifying to s410_guard_access_print_ready_flange_down
2026-08-14T20:09:52Z [9,748ms] [Warning] [omni.usd] Warning: in _ReportErrors at line 3172 of /builds/omniverse/usd-ci/USD/pxr/usd/usd/stage.cpp -- In </Lite3ProSensorRigRealWithInterfaceV1/FL_FOOT/visuals>: Unresolved reference prim path @/tmp/IsaacLab/usd_20260814_160952_1824/configuration/lite3_pro_sensor_rig_real_with_interface_isaac_base.usd@</visuals/FL_FOOT> introduced by @/tmp/IsaacLab/usd_20260814_160952_1824/configuration/lite3_pro_sensor_rig_real_with_interface_isaac_base.usd@</Lite3ProSensorRigRealWithInterfaceV1/FL_FOOT/visuals> (recomposing stage on stage @/tmp/IsaacLab/usd_20260814_160952_1824/lite3_pro_sensor_rig_real_with_interface_isaac.usd@ <0x5f99062a1550>)

2026-08-14T20:09:52Z [9,748ms] [Warning] [omni.usd] Warning: in _ReportErrors at line 3172 of /builds/omniverse/usd-ci/USD/pxr/usd/usd/stage.cpp -- In </Lite3ProSensorRigRealWithInterfaceV1/FR_FOOT/visuals>: Unresolved reference prim path @/tmp/IsaacLab/usd_20260814_160952_1824/configuration/lite3_pro_sensor_rig_real_with_interface_isaac_base.usd@</visuals/FR_FOOT> introduced by @/tmp/IsaacLab/usd_20260814_160952_1824/configuration/lite3_pro_sensor_rig_real_with_interface_isaac_base.usd@</Lite3ProSensorRigRealWithInterfaceV1/FR_FOOT/visuals> (recomposing stage on stage @/tmp/IsaacLab/usd_20260814_160952_1824/lite3_pro_sensor_rig_real_with_interface_isaac.usd@ <0x5f99062a1550>)

2026-08-14T20:09:52Z [9,748ms] [Warning] [omni.usd] Warning: in _ReportErrors at line 3172 of /builds/omniverse/usd-ci/USD/pxr/usd/usd/stage.cpp -- In </Lite3ProSensorRigRealWithInterfaceV1/HL_FOOT/visuals>: Unresolved reference prim path @/tmp/IsaacLab/usd_20260814_160952_1824/configuration/lite3_pro_sensor_rig_real_with_interface_isaac_base.usd@</visuals/HL_FOOT> introduced by @/tmp/IsaacLab/usd_20260814_160952_1824/configuration/lite3_pro_sensor_rig_real_with_interface_isaac_base.usd@</Lite3ProSensorRigRealWithInterfaceV1/HL_FOOT/visuals> (recomposing stage on stage @/tmp/IsaacLab/usd_20260814_160952_1824/lite3_pro_sensor_rig_real_with_interface_isaac.usd@ <0x5f99062a1550>)

2026-08-14T20:09:52Z [9,748ms] [Warning] [omni.usd] Warning: in _ReportErrors at line 3172 of /builds/omniverse/usd-ci/USD/pxr/usd/usd/stage.cpp -- In </Lite3ProSensorRigRealWithInterfaceV1/HR_FOOT/visuals>: Unresolved reference prim path @/tmp/IsaacLab/usd_20260814_160952_1824/configuration/lite3_pro_sensor_rig_real_with_interface_isaac_base.usd@</visuals/HR_FOOT> introduced by @/tmp/IsaacLab/usd_20260814_160952_1824/configuration/lite3_pro_sensor_rig_real_with_interface_isaac_base.usd@</Lite3ProSensorRigRealWithInterfaceV1/HR_FOOT/visuals> (recomposing stage on stage @/tmp/IsaacLab/usd_20260814_160952_1824/lite3_pro_sensor_rig_real_with_interface_isaac.usd@ <0x5f99062a1550>)

2026-08-14T20:09:52Z [9,748ms] [Warning] [omni.usd] Warning: in _ReportErrors at line 3172 of /builds/omniverse/usd-ci/USD/pxr/usd/usd/stage.cpp -- In </Lite3ProSensorRigRealWithInterfaceV1/mid360_scan_frame/visuals>: Unresolved reference prim path @/tmp/IsaacLab/usd_20260814_160952_1824/configuration/lite3_pro_sensor_rig_real_with_interface_isaac_base.usd@</visuals/mid360_scan_frame> introduced by @/tmp/IsaacLab/usd_20260814_160952_1824/configuration/lite3_pro_sensor_rig_real_with_interface_isaac_base.usd@</Lite3ProSensorRigRealWithInterfaceV1/mid360_scan_frame/visuals> (recomposing stage on stage @/tmp/IsaacLab/usd_20260814_160952_1824/lite3_pro_sensor_rig_real_with_interface_isaac.usd@ <0x5f99062a1550>)

2026-08-14T20:09:52Z [9,748ms] [Warning] [omni.usd] Warning: in _ReportErrors at line 3172 of /builds/omniverse/usd-ci/USD/pxr/usd/usd/stage.cpp -- In </Lite3ProSensorRigRealWithInterfaceV1/d435i_depth_optical_frame/visuals>: Unresolved reference prim path @/tmp/IsaacLab/usd_20260814_160952_1824/configuration/lite3_pro_sensor_rig_real_with_interface_isaac_base.usd@</visuals/d435i_depth_optical_frame> introduced by @/tmp/IsaacLab/usd_20260814_160952_1824/configuration/lite3_pro_sensor_rig_real_with_interface_isaac_base.usd@</Lite3ProSensorRigRealWithInterfaceV1/d435i_depth_optical_frame/visuals> (recomposing stage on stage @/tmp/IsaacLab/usd_20260814_160952_1824/lite3_pro_sensor_rig_real_with_interface_isaac.usd@ <0x5f99062a1550>)

2026-08-14T20:09:52Z [9,749ms] [Warning] [omni.usd] Warning: in _ReportErrors at line 3172 of /builds/omniverse/usd-ci/USD/pxr/usd/usd/stage.cpp -- In </Lite3ProSensorRigRealWithInterfaceV1/FL_FOOT/visuals>: Unresolved reference prim path @/tmp/IsaacLab/usd_20260814_160952_1824/configuration/lite3_pro_sensor_rig_real_with_interface_isaac_base.usd@</visuals/FL_FOOT> introduced by @/tmp/IsaacLab/usd_20260814_160952_1824/configuration/lite3_pro_sensor_rig_real_with_interface_isaac_base.usd@</Lite3ProSensorRigRealWithInterfaceV1/FL_FOOT/visuals> (recomposing stage on stage @/tmp/IsaacLab/usd_20260814_160952_1824/lite3_pro_sensor_rig_real_with_interface_isaac.usd@ <0x5f990629c180>)

2026-08-14T20:09:52Z [9,749ms] [Warning] [omni.usd] Warning: in _ReportErrors at line 3172 of /builds/omniverse/usd-ci/USD/pxr/usd/usd/stage.cpp -- In </Lite3ProSensorRigRealWithInterfaceV1/FR_FOOT/visuals>: Unresolved reference prim path @/tmp/IsaacLab/usd_20260814_160952_1824/configuration/lite3_pro_sensor_rig_real_with_interface_isaac_base.usd@</visuals/FR_FOOT> introduced by @/tmp/IsaacLab/usd_20260814_160952_1824/configuration/lite3_pro_sensor_rig_real_with_interface_isaac_base.usd@</Lite3ProSensorRigRealWithInterfaceV1/FR_FOOT/visuals> (recomposing stage on stage @/tmp/IsaacLab/usd_20260814_160952_1824/lite3_pro_sensor_rig_real_with_interface_isaac.usd@ <0x5f990629c180>)

2026-08-14T20:09:52Z [9,749ms] [Warning] [omni.usd] Warning: in _ReportErrors at line 3172 of /builds/omniverse/usd-ci/USD/pxr/usd/usd/stage.cpp -- In </Lite3ProSensorRigRealWithInterfaceV1/HL_FOOT/visuals>: Unresolved reference prim path @/tmp/IsaacLab/usd_20260814_160952_1824/configuration/lite3_pro_sensor_rig_real_with_interface_isaac_base.usd@</visuals/HL_FOOT> introduced by @/tmp/IsaacLab/usd_20260814_160952_1824/configuration/lite3_pro_sensor_rig_real_with_interface_isaac_base.usd@</Lite3ProSensorRigRealWithInterfaceV1/HL_FOOT/visuals> (recomposing stage on stage @/tmp/IsaacLab/usd_20260814_160952_1824/lite3_pro_sensor_rig_real_with_interface_isaac.usd@ <0x5f990629c180>)

2026-08-14T20:09:52Z [9,749ms] [Warning] [omni.usd] Warning: in _ReportErrors at line 3172 of /builds/omniverse/usd-ci/USD/pxr/usd/usd/stage.cpp -- In </Lite3ProSensorRigRealWithInterfaceV1/HR_FOOT/visuals>: Unresolved reference prim path @/tmp/IsaacLab/usd_20260814_160952_1824/configuration/lite3_pro_sensor_rig_real_with_interface_isaac_base.usd@</visuals/HR_FOOT> introduced by @/tmp/IsaacLab/usd_20260814_160952_1824/configuration/lite3_pro_sensor_rig_real_with_interface_isaac_base.usd@</Lite3ProSensorRigRealWithInterfaceV1/HR_FOOT/visuals> (recomposing stage on stage @/tmp/IsaacLab/usd_20260814_160952_1824/lite3_pro_sensor_rig_real_with_interface_isaac.usd@ <0x5f990629c180>)

2026-08-14T20:09:52Z [9,749ms] [Warning] [omni.usd] Warning: in _ReportErrors at line 3172 of /builds/omniverse/usd-ci/USD/pxr/usd/usd/stage.cpp -- In </Lite3ProSensorRigRealWithInterfaceV1/d435i_depth_optical_frame/visuals>: Unresolved reference prim path @/tmp/IsaacLab/usd_20260814_160952_1824/configuration/lite3_pro_sensor_rig_real_with_interface_isaac_base.usd@</visuals/d435i_depth_optical_frame> introduced by @/tmp/IsaacLab/usd_20260814_160952_1824/configuration/lite3_pro_sensor_rig_real_with_interface_isaac_base.usd@</Lite3ProSensorRigRealWithInterfaceV1/d435i_depth_optical_frame/visuals> (recomposing stage on stage @/tmp/IsaacLab/usd_20260814_160952_1824/lite3_pro_sensor_rig_real_with_interface_isaac.usd@ <0x5f990629c180>)

2026-08-14T20:09:52Z [9,749ms] [Warning] [omni.usd] Warning: in _ReportErrors at line 3172 of /builds/omniverse/usd-ci/USD/pxr/usd/usd/stage.cpp -- In </Lite3ProSensorRigRealWithInterfaceV1/mid360_scan_frame/visuals>: Unresolved reference prim path @/tmp/IsaacLab/usd_20260814_160952_1824/configuration/lite3_pro_sensor_rig_real_with_interface_isaac_base.usd@</visuals/mid360_scan_frame> introduced by @/tmp/IsaacLab/usd_20260814_160952_1824/configuration/lite3_pro_sensor_rig_real_with_interface_isaac_base.usd@</Lite3ProSensorRigRealWithInterfaceV1/mid360_scan_frame/visuals> (recomposing stage on stage @/tmp/IsaacLab/usd_20260814_160952_1824/lite3_pro_sensor_rig_real_with_interface_isaac.usd@ <0x5f990629c180>)

2026-08-14T20:09:52Z [9,749ms] [Warning] [omni.usd] Warning: in _ReportErrors at line 3172 of /builds/omniverse/usd-ci/USD/pxr/usd/usd/stage.cpp -- In </Lite3ProSensorRigRealWithInterfaceV1/FL_FOOT/visuals>: Unresolved reference prim path @/tmp/IsaacLab/usd_20260814_160952_1824/configuration/lite3_pro_sensor_rig_real_with_interface_isaac_physics.usd@</visuals/FL_FOOT> introduced by @/tmp/IsaacLab/usd_20260814_160952_1824/configuration/lite3_pro_sensor_rig_real_with_interface_isaac_base.usd@</Lite3ProSensorRigRealWithInterfaceV1/FL_FOOT/visuals> (recomposing stage on stage @/tmp/IsaacLab/usd_20260814_160952_1824/lite3_pro_sensor_rig_real_with_interface_isaac.usd@ <0x5f99062a1550>)

2026-08-14T20:09:52Z [9,749ms] [Warning] [omni.usd] Warning: in _ReportErrors at line 3172 of /builds/omniverse/usd-ci/USD/pxr/usd/usd/stage.cpp -- In </Lite3ProSensorRigRealWithInterfaceV1/FR_FOOT/visuals>: Unresolved reference prim path @/tmp/IsaacLab/usd_20260814_160952_1824/configuration/lite3_pro_sensor_rig_real_with_interface_isaac_physics.usd@</visuals/FR_FOOT> introduced by @/tmp/IsaacLab/usd_20260814_160952_1824/configuration/lite3_pro_sensor_rig_real_with_interface_isaac_base.usd@</Lite3ProSensorRigRealWithInterfaceV1/FR_FOOT/visuals> (recomposing stage on stage @/tmp/IsaacLab/usd_20260814_160952_1824/lite3_pro_sensor_rig_real_with_interface_isaac.usd@ <0x5f99062a1550>)

2026-08-14T20:09:52Z [9,749ms] [Warning] [omni.usd] Warning: in _ReportErrors at line 3172 of /builds/omniverse/usd-ci/USD/pxr/usd/usd/stage.cpp -- In </Lite3ProSensorRigRealWithInterfaceV1/HL_FOOT/visuals>: Unresolved reference prim path @/tmp/IsaacLab/usd_20260814_160952_1824/configuration/lite3_pro_sensor_rig_real_with_interface_isaac_physics.usd@</visuals/HL_FOOT> introduced by @/tmp/IsaacLab/usd_20260814_160952_1824/configuration/lite3_pro_sensor_rig_real_with_interface_isaac_base.usd@</Lite3ProSensorRigRealWithInterfaceV1/HL_FOOT/visuals> (recomposing stage on stage @/tmp/IsaacLab/usd_20260814_160952_1824/lite3_pro_sensor_rig_real_with_interface_isaac.usd@ <0x5f99062a1550>)

2026-08-14T20:09:52Z [9,749ms] [Warning] [omni.usd] Warning: in _ReportErrors at line 3172 of /builds/omniverse/usd-ci/USD/pxr/usd/usd/stage.cpp -- In </Lite3ProSensorRigRealWithInterfaceV1/HR_FOOT/visuals>: Unresolved reference prim path @/tmp/IsaacLab/usd_20260814_160952_1824/configuration/lite3_pro_sensor_rig_real_with_interface_isaac_physics.usd@</visuals/HR_FOOT> introduced by @/tmp/IsaacLab/usd_20260814_160952_1824/configuration/lite3_pro_sensor_rig_real_with_interface_isaac_base.usd@</Lite3ProSensorRigRealWithInterfaceV1/HR_FOOT/visuals> (recomposing stage on stage @/tmp/IsaacLab/usd_20260814_160952_1824/lite3_pro_sensor_rig_real_with_interface_isaac.usd@ <0x5f99062a1550>)

2026-08-14T20:09:52Z [9,749ms] [Warning] [omni.usd] Warning: in _ReportErrors at line 3172 of /builds/omniverse/usd-ci/USD/pxr/usd/usd/stage.cpp -- In </Lite3ProSensorRigRealWithInterfaceV1/mid360_scan_frame/visuals>: Unresolved reference prim path @/tmp/IsaacLab/usd_20260814_160952_1824/configuration/lite3_pro_sensor_rig_real_with_interface_isaac_physics.usd@</visuals/mid360_scan_frame> introduced by @/tmp/IsaacLab/usd_20260814_160952_1824/configuration/lite3_pro_sensor_rig_real_with_interface_isaac_base.usd@</Lite3ProSensorRigRealWithInterfaceV1/mid360_scan_frame/visuals> (recomposing stage on stage @/tmp/IsaacLab/usd_20260814_160952_1824/lite3_pro_sensor_rig_real_with_interface_isaac.usd@ <0x5f99062a1550>)

2026-08-14T20:09:52Z [9,749ms] [Warning] [omni.usd] Warning: in _ReportErrors at line 3172 of /builds/omniverse/usd-ci/USD/pxr/usd/usd/stage.cpp -- In </Lite3ProSensorRigRealWithInterfaceV1/d435i_depth_optical_frame/visuals>: Unresolved reference prim path @/tmp/IsaacLab/usd_20260814_160952_1824/configuration/lite3_pro_sensor_rig_real_with_interface_isaac_physics.usd@</visuals/d435i_depth_optical_frame> introduced by @/tmp/IsaacLab/usd_20260814_160952_1824/configuration/lite3_pro_sensor_rig_real_with_interface_isaac_base.usd@</Lite3ProSensorRigRealWithInterfaceV1/d435i_depth_optical_frame/visuals> (recomposing stage on stage @/tmp/IsaacLab/usd_20260814_160952_1824/lite3_pro_sensor_rig_real_with_interface_isaac.usd@ <0x5f99062a1550>)

2026-08-14T20:09:52Z [9,750ms] [Warning] [omni.usd] Warning: in _ReportErrors at line 3172 of /builds/omniverse/usd-ci/USD/pxr/usd/usd/stage.cpp -- In </Lite3ProSensorRigRealWithInterfaceV1/FL_FOOT/visuals>: Unresolved reference prim path @/tmp/IsaacLab/usd_20260814_160952_1824/configuration/lite3_pro_sensor_rig_real_with_interface_isaac_physics.usd@</visuals/FL_FOOT> introduced by @/tmp/IsaacLab/usd_20260814_160952_1824/configuration/lite3_pro_sensor_rig_real_with_interface_isaac_base.usd@</Lite3ProSensorRigRealWithInterfaceV1/FL_FOOT/visuals> (recomposing stage on stage @/tmp/IsaacLab/usd_20260814_160952_1824/lite3_pro_sensor_rig_real_with_interface_isaac.usd@ <0x5f990629c180>)

2026-08-14T20:09:52Z [9,750ms] [Warning] [omni.usd] Warning: in _ReportErrors at line 3172 of /builds/omniverse/usd-ci/USD/pxr/usd/usd/stage.cpp -- In </Lite3ProSensorRigRealWithInterfaceV1/FR_FOOT/visuals>: Unresolved reference prim path @/tmp/IsaacLab/usd_20260814_160952_1824/configuration/lite3_pro_sensor_rig_real_with_interface_isaac_physics.usd@</visuals/FR_FOOT> introduced by @/tmp/IsaacLab/usd_20260814_160952_1824/configuration/lite3_pro_sensor_rig_real_with_interface_isaac_base.usd@</Lite3ProSensorRigRealWithInterfaceV1/FR_FOOT/visuals> (recomposing stage on stage @/tmp/IsaacLab/usd_20260814_160952_1824/lite3_pro_sensor_rig_real_with_interface_isaac.usd@ <0x5f990629c180>)

2026-08-14T20:09:52Z [9,750ms] [Warning] [omni.usd] Warning: in _ReportErrors at line 3172 of /builds/omniverse/usd-ci/USD/pxr/usd/usd/stage.cpp -- In </Lite3ProSensorRigRealWithInterfaceV1/HL_FOOT/visuals>: Unresolved reference prim path @/tmp/IsaacLab/usd_20260814_160952_1824/configuration/lite3_pro_sensor_rig_real_with_interface_isaac_physics.usd@</visuals/HL_FOOT> introduced by @/tmp/IsaacLab/usd_20260814_160952_1824/configuration/lite3_pro_sensor_rig_real_with_interface_isaac_base.usd@</Lite3ProSensorRigRealWithInterfaceV1/HL_FOOT/visuals> (recomposing stage on stage @/tmp/IsaacLab/usd_20260814_160952_1824/lite3_pro_sensor_rig_real_with_interface_isaac.usd@ <0x5f990629c180>)

2026-08-14T20:09:52Z [9,750ms] [Warning] [omni.usd] Warning: in _ReportErrors at line 3172 of /builds/omniverse/usd-ci/USD/pxr/usd/usd/stage.cpp -- In </Lite3ProSensorRigRealWithInterfaceV1/HR_FOOT/visuals>: Unresolved reference prim path @/tmp/IsaacLab/usd_20260814_160952_1824/configuration/lite3_pro_sensor_rig_real_with_interface_isaac_physics.usd@</visuals/HR_FOOT> introduced by @/tmp/IsaacLab/usd_20260814_160952_1824/configuration/lite3_pro_sensor_rig_real_with_interface_isaac_base.usd@</Lite3ProSensorRigRealWithInterfaceV1/HR_FOOT/visuals> (recomposing stage on stage @/tmp/IsaacLab/usd_20260814_160952_1824/lite3_pro_sensor_rig_real_with_interface_isaac.usd@ <0x5f990629c180>)

2026-08-14T20:09:52Z [9,750ms] [Warning] [omni.usd] Warning: in _ReportErrors at line 3172 of /builds/omniverse/usd-ci/USD/pxr/usd/usd/stage.cpp -- In </Lite3ProSensorRigRealWithInterfaceV1/mid360_scan_frame/visuals>: Unresolved reference prim path @/tmp/IsaacLab/usd_20260814_160952_1824/configuration/lite3_pro_sensor_rig_real_with_interface_isaac_physics.usd@</visuals/mid360_scan_frame> introduced by @/tmp/IsaacLab/usd_20260814_160952_1824/configuration/lite3_pro_sensor_rig_real_with_interface_isaac_base.usd@</Lite3ProSensorRigRealWithInterfaceV1/mid360_scan_frame/visuals> (recomposing stage on stage @/tmp/IsaacLab/usd_20260814_160952_1824/lite3_pro_sensor_rig_real_with_interface_isaac.usd@ <0x5f990629c180>)

2026-08-14T20:09:52Z [9,750ms] [Warning] [omni.usd] Warning: in _ReportErrors at line 3172 of /builds/omniverse/usd-ci/USD/pxr/usd/usd/stage.cpp -- In </Lite3ProSensorRigRealWithInterfaceV1/d435i_depth_optical_frame/visuals>: Unresolved reference prim path @/tmp/IsaacLab/usd_20260814_160952_1824/configuration/lite3_pro_sensor_rig_real_with_interface_isaac_physics.usd@</visuals/d435i_depth_optical_frame> introduced by @/tmp/IsaacLab/usd_20260814_160952_1824/configuration/lite3_pro_sensor_rig_real_with_interface_isaac_base.usd@</Lite3ProSensorRigRealWithInterfaceV1/d435i_depth_optical_frame/visuals> (recomposing stage on stage @/tmp/IsaacLab/usd_20260814_160952_1824/lite3_pro_sensor_rig_real_with_interface_isaac.usd@ <0x5f990629c180>)

2026-08-14T20:09:52Z [9,750ms] [Warning] [omni.usd] Warning: in _ReportErrors at line 3172 of /builds/omniverse/usd-ci/USD/pxr/usd/usd/stage.cpp -- In </Lite3ProSensorRigRealWithInterfaceV1/FL_FOOT/visuals>: Unresolved reference prim path @/tmp/IsaacLab/usd_20260814_160952_1824/configuration/lite3_pro_sensor_rig_real_with_interface_isaac_physics.usd@</visuals/FL_FOOT> introduced by @/tmp/IsaacLab/usd_20260814_160952_1824/configuration/lite3_pro_sensor_rig_real_with_interface_isaac_base.usd@</Lite3ProSensorRigRealWithInterfaceV1/FL_FOOT/visuals> (recomposing stage on stage @/tmp/IsaacLab/usd_20260814_160952_1824/lite3_pro_sensor_rig_real_with_interface_isaac.usd@ <0x5f99062a1550>)

2026-08-14T20:09:52Z [9,750ms] [Warning] [omni.usd] Warning: in _ReportErrors at line 3172 of /builds/omniverse/usd-ci/USD/pxr/usd/usd/stage.cpp -- In </Lite3ProSensorRigRealWithInterfaceV1/FR_FOOT/visuals>: Unresolved reference prim path @/tmp/IsaacLab/usd_20260814_160952_1824/configuration/lite3_pro_sensor_rig_real_with_interface_isaac_physics.usd@</visuals/FR_FOOT> introduced by @/tmp/IsaacLab/usd_20260814_160952_1824/configuration/lite3_pro_sensor_rig_real_with_interface_isaac_base.usd@</Lite3ProSensorRigRealWithInterfaceV1/FR_FOOT/visuals> (recomposing stage on stage @/tmp/IsaacLab/usd_20260814_160952_1824/lite3_pro_sensor_rig_real_with_interface_isaac.usd@ <0x5f99062a1550>)

2026-08-14T20:09:52Z [9,750ms] [Warning] [omni.usd] Warning: in _ReportErrors at line 3172 of /builds/omniverse/usd-ci/USD/pxr/usd/usd/stage.cpp -- In </Lite3ProSensorRigRealWithInterfaceV1/HL_FOOT/visuals>: Unresolved reference prim path @/tmp/IsaacLab/usd_20260814_160952_1824/configuration/lite3_pro_sensor_rig_real_with_interface_isaac_physics.usd@</visuals/HL_FOOT> introduced by @/tmp/IsaacLab/usd_20260814_160952_1824/configuration/lite3_pro_sensor_rig_real_with_interface_isaac_base.usd@</Lite3ProSensorRigRealWithInterfaceV1/HL_FOOT/visuals> (recomposing stage on stage @/tmp/IsaacLab/usd_20260814_160952_1824/lite3_pro_sensor_rig_real_with_interface_isaac.usd@ <0x5f99062a1550>)

2026-08-14T20:09:52Z [9,750ms] [Warning] [omni.usd] Warning: in _ReportErrors at line 3172 of /builds/omniverse/usd-ci/USD/pxr/usd/usd/stage.cpp -- In </Lite3ProSensorRigRealWithInterfaceV1/mid360_scan_frame/visuals>: Unresolved reference prim path @/tmp/IsaacLab/usd_20260814_160952_1824/configuration/lite3_pro_sensor_rig_real_with_interface_isaac_physics.usd@</visuals/mid360_scan_frame> introduced by @/tmp/IsaacLab/usd_20260814_160952_1824/configuration/lite3_pro_sensor_rig_real_with_interface_isaac_base.usd@</Lite3ProSensorRigRealWithInterfaceV1/mid360_scan_frame/visuals> (recomposing stage on stage @/tmp/IsaacLab/usd_20260814_160952_1824/lite3_pro_sensor_rig_real_with_interface_isaac.usd@ <0x5f99062a1550>)

2026-08-14T20:09:52Z [9,750ms] [Warning] [omni.usd] Warning: in _ReportErrors at line 3172 of /builds/omniverse/usd-ci/USD/pxr/usd/usd/stage.cpp -- In </Lite3ProSensorRigRealWithInterfaceV1/HR_FOOT/visuals>: Unresolved reference prim path @/tmp/IsaacLab/usd_20260814_160952_1824/configuration/lite3_pro_sensor_rig_real_with_interface_isaac_physics.usd@</visuals/HR_FOOT> introduced by @/tmp/IsaacLab/usd_20260814_160952_1824/configuration/lite3_pro_sensor_rig_real_with_interface_isaac_base.usd@</Lite3ProSensorRigRealWithInterfaceV1/HR_FOOT/visuals> (recomposing stage on stage @/tmp/IsaacLab/usd_20260814_160952_1824/lite3_pro_sensor_rig_real_with_interface_isaac.usd@ <0x5f99062a1550>)

2026-08-14T20:09:52Z [9,750ms] [Warning] [omni.usd] Warning: in _ReportErrors at line 3172 of /builds/omniverse/usd-ci/USD/pxr/usd/usd/stage.cpp -- In </Lite3ProSensorRigRealWithInterfaceV1/d435i_depth_optical_frame/visuals>: Unresolved reference prim path @/tmp/IsaacLab/usd_20260814_160952_1824/configuration/lite3_pro_sensor_rig_real_with_interface_isaac_physics.usd@</visuals/d435i_depth_optical_frame> introduced by @/tmp/IsaacLab/usd_20260814_160952_1824/configuration/lite3_pro_sensor_rig_real_with_interface_isaac_base.usd@</Lite3ProSensorRigRealWithInterfaceV1/d435i_depth_optical_frame/visuals> (recomposing stage on stage @/tmp/IsaacLab/usd_20260814_160952_1824/lite3_pro_sensor_rig_real_with_interface_isaac.usd@ <0x5f99062a1550>)

2026-08-14T20:09:52Z [9,751ms] [Warning] [omni.usd] Warning: in _ReportErrors at line 3172 of /builds/omniverse/usd-ci/USD/pxr/usd/usd/stage.cpp -- In </Lite3ProSensorRigRealWithInterfaceV1/FL_FOOT/visuals>: Unresolved reference prim path @/tmp/IsaacLab/usd_20260814_160952_1824/configuration/lite3_pro_sensor_rig_real_with_interface_isaac_physics.usd@</visuals/FL_FOOT> introduced by @/tmp/IsaacLab/usd_20260814_160952_1824/configuration/lite3_pro_sensor_rig_real_with_interface_isaac_base.usd@</Lite3ProSensorRigRealWithInterfaceV1/FL_FOOT/visuals> (recomposing stage on stage @/tmp/IsaacLab/usd_20260814_160952_1824/lite3_pro_sensor_rig_real_with_interface_isaac.usd@ <0x5f990629c180>)

2026-08-14T20:09:52Z [9,751ms] [Warning] [omni.usd] Warning: in _ReportErrors at line 3172 of /builds/omniverse/usd-ci/USD/pxr/usd/usd/stage.cpp -- In </Lite3ProSensorRigRealWithInterfaceV1/FR_FOOT/visuals>: Unresolved reference prim path @/tmp/IsaacLab/usd_20260814_160952_1824/configuration/lite3_pro_sensor_rig_real_with_interface_isaac_physics.usd@</visuals/FR_FOOT> introduced by @/tmp/IsaacLab/usd_20260814_160952_1824/configuration/lite3_pro_sensor_rig_real_with_interface_isaac_base.usd@</Lite3ProSensorRigRealWithInterfaceV1/FR_FOOT/visuals> (recomposing stage on stage @/tmp/IsaacLab/usd_20260814_160952_1824/lite3_pro_sensor_rig_real_with_interface_isaac.usd@ <0x5f990629c180>)

2026-08-14T20:09:52Z [9,751ms] [Warning] [omni.usd] Warning: in _ReportErrors at line 3172 of /builds/omniverse/usd-ci/USD/pxr/usd/usd/stage.cpp -- In </Lite3ProSensorRigRealWithInterfaceV1/HL_FOOT/visuals>: Unresolved reference prim path @/tmp/IsaacLab/usd_20260814_160952_1824/configuration/lite3_pro_sensor_rig_real_with_interface_isaac_physics.usd@</visuals/HL_FOOT> introduced by @/tmp/IsaacLab/usd_20260814_160952_1824/configuration/lite3_pro_sensor_rig_real_with_interface_isaac_base.usd@</Lite3ProSensorRigRealWithInterfaceV1/HL_FOOT/visuals> (recomposing stage on stage @/tmp/IsaacLab/usd_20260814_160952_1824/lite3_pro_sensor_rig_real_with_interface_isaac.usd@ <0x5f990629c180>)

2026-08-14T20:09:52Z [9,751ms] [Warning] [omni.usd] Warning: in _ReportErrors at line 3172 of /builds/omniverse/usd-ci/USD/pxr/usd/usd/stage.cpp -- In </Lite3ProSensorRigRealWithInterfaceV1/HR_FOOT/visuals>: Unresolved reference prim path @/tmp/IsaacLab/usd_20260814_160952_1824/configuration/lite3_pro_sensor_rig_real_with_interface_isaac_physics.usd@</visuals/HR_FOOT> introduced by @/tmp/IsaacLab/usd_20260814_160952_1824/configuration/lite3_pro_sensor_rig_real_with_interface_isaac_base.usd@</Lite3ProSensorRigRealWithInterfaceV1/HR_FOOT/visuals> (recomposing stage on stage @/tmp/IsaacLab/usd_20260814_160952_1824/lite3_pro_sensor_rig_real_with_interface_isaac.usd@ <0x5f990629c180>)

2026-08-14T20:09:52Z [9,751ms] [Warning] [omni.usd] Warning: in _ReportErrors at line 3172 of /builds/omniverse/usd-ci/USD/pxr/usd/usd/stage.cpp -- In </Lite3ProSensorRigRealWithInterfaceV1/mid360_scan_frame/visuals>: Unresolved reference prim path @/tmp/IsaacLab/usd_20260814_160952_1824/configuration/lite3_pro_sensor_rig_real_with_interface_isaac_physics.usd@</visuals/mid360_scan_frame> introduced by @/tmp/IsaacLab/usd_20260814_160952_1824/configuration/lite3_pro_sensor_rig_real_with_interface_isaac_base.usd@</Lite3ProSensorRigRealWithInterfaceV1/mid360_scan_frame/visuals> (recomposing stage on stage @/tmp/IsaacLab/usd_20260814_160952_1824/lite3_pro_sensor_rig_real_with_interface_isaac.usd@ <0x5f990629c180>)

2026-08-14T20:09:52Z [9,751ms] [Warning] [omni.usd] Warning: in _ReportErrors at line 3172 of /builds/omniverse/usd-ci/USD/pxr/usd/usd/stage.cpp -- In </Lite3ProSensorRigRealWithInterfaceV1/d435i_depth_optical_frame/visuals>: Unresolved reference prim path @/tmp/IsaacLab/usd_20260814_160952_1824/configuration/lite3_pro_sensor_rig_real_with_interface_isaac_physics.usd@</visuals/d435i_depth_optical_frame> introduced by @/tmp/IsaacLab/usd_20260814_160952_1824/configuration/lite3_pro_sensor_rig_real_with_interface_isaac_base.usd@</Lite3ProSensorRigRealWithInterfaceV1/d435i_depth_optical_frame/visuals> (recomposing stage on stage @/tmp/IsaacLab/usd_20260814_160952_1824/lite3_pro_sensor_rig_real_with_interface_isaac.usd@ <0x5f990629c180>)

2026-08-14T20:09:52Z [9,752ms] [Warning] [omni.usd] Warning: in _ReportErrors at line 3172 of /builds/omniverse/usd-ci/USD/pxr/usd/usd/stage.cpp -- In </Lite3ProSensorRigRealWithInterfaceV1/FR_FOOT/visuals>: Unresolved reference prim path @/tmp/IsaacLab/usd_20260814_160952_1824/configuration/lite3_pro_sensor_rig_real_with_interface_isaac_physics.usd@</visuals/FR_FOOT> introduced by @/tmp/IsaacLab/usd_20260814_160952_1824/configuration/lite3_pro_sensor_rig_real_with_interface_isaac_base.usd@</Lite3ProSensorRigRealWithInterfaceV1/FR_FOOT/visuals> (recomposing stage on stage @/tmp/IsaacLab/usd_20260814_160952_1824/lite3_pro_sensor_rig_real_with_interface_isaac.usd@ <0x5f99062a1550>)

2026-08-14T20:09:52Z [9,752ms] [Warning] [omni.usd] Warning: in _ReportErrors at line 3172 of /builds/omniverse/usd-ci/USD/pxr/usd/usd/stage.cpp -- In </Lite3ProSensorRigRealWithInterfaceV1/FL_FOOT/visuals>: Unresolved reference prim path @/tmp/IsaacLab/usd_20260814_160952_1824/configuration/lite3_pro_sensor_rig_real_with_interface_isaac_physics.usd@</visuals/FL_FOOT> introduced by @/tmp/IsaacLab/usd_20260814_160952_1824/configuration/lite3_pro_sensor_rig_real_with_interface_isaac_base.usd@</Lite3ProSensorRigRealWithInterfaceV1/FL_FOOT/visuals> (recomposing stage on stage @/tmp/IsaacLab/usd_20260814_160952_1824/lite3_pro_sensor_rig_real_with_interface_isaac.usd@ <0x5f99062a1550>)

2026-08-14T20:09:52Z [9,752ms] [Warning] [omni.usd] Warning: in _ReportErrors at line 3172 of /builds/omniverse/usd-ci/USD/pxr/usd/usd/stage.cpp -- In </Lite3ProSensorRigRealWithInterfaceV1/HL_FOOT/visuals>: Unresolved reference prim path @/tmp/IsaacLab/usd_20260814_160952_1824/configuration/lite3_pro_sensor_rig_real_with_interface_isaac_physics.usd@</visuals/HL_FOOT> introduced by @/tmp/IsaacLab/usd_20260814_160952_1824/configuration/lite3_pro_sensor_rig_real_with_interface_isaac_base.usd@</Lite3ProSensorRigRealWithInterfaceV1/HL_FOOT/visuals> (recomposing stage on stage @/tmp/IsaacLab/usd_20260814_160952_1824/lite3_pro_sensor_rig_real_with_interface_isaac.usd@ <0x5f99062a1550>)

2026-08-14T20:09:52Z [9,752ms] [Warning] [omni.usd] Warning: in _ReportErrors at line 3172 of /builds/omniverse/usd-ci/USD/pxr/usd/usd/stage.cpp -- In </Lite3ProSensorRigRealWithInterfaceV1/mid360_scan_frame/visuals>: Unresolved reference prim path @/tmp/IsaacLab/usd_20260814_160952_1824/configuration/lite3_pro_sensor_rig_real_with_interface_isaac_physics.usd@</visuals/mid360_scan_frame> introduced by @/tmp/IsaacLab/usd_20260814_160952_1824/configuration/lite3_pro_sensor_rig_real_with_interface_isaac_base.usd@</Lite3ProSensorRigRealWithInterfaceV1/mid360_scan_frame/visuals> (recomposing stage on stage @/tmp/IsaacLab/usd_20260814_160952_1824/lite3_pro_sensor_rig_real_with_interface_isaac.usd@ <0x5f99062a1550>)

2026-08-14T20:09:52Z [9,752ms] [Warning] [omni.usd] Warning: in _ReportErrors at line 3172 of /builds/omniverse/usd-ci/USD/pxr/usd/usd/stage.cpp -- In </Lite3ProSensorRigRealWithInterfaceV1/HR_FOOT/visuals>: Unresolved reference prim path @/tmp/IsaacLab/usd_20260814_160952_1824/configuration/lite3_pro_sensor_rig_real_with_interface_isaac_physics.usd@</visuals/HR_FOOT> introduced by @/tmp/IsaacLab/usd_20260814_160952_1824/configuration/lite3_pro_sensor_rig_real_with_interface_isaac_base.usd@</Lite3ProSensorRigRealWithInterfaceV1/HR_FOOT/visuals> (recomposing stage on stage @/tmp/IsaacLab/usd_20260814_160952_1824/lite3_pro_sensor_rig_real_with_interface_isaac.usd@ <0x5f99062a1550>)

2026-08-14T20:09:52Z [9,752ms] [Warning] [omni.usd] Warning: in _ReportErrors at line 3172 of /builds/omniverse/usd-ci/USD/pxr/usd/usd/stage.cpp -- In </Lite3ProSensorRigRealWithInterfaceV1/d435i_depth_optical_frame/visuals>: Unresolved reference prim path @/tmp/IsaacLab/usd_20260814_160952_1824/configuration/lite3_pro_sensor_rig_real_with_interface_isaac_physics.usd@</visuals/d435i_depth_optical_frame> introduced by @/tmp/IsaacLab/usd_20260814_160952_1824/configuration/lite3_pro_sensor_rig_real_with_interface_isaac_base.usd@</Lite3ProSensorRigRealWithInterfaceV1/d435i_depth_optical_frame/visuals> (recomposing stage on stage @/tmp/IsaacLab/usd_20260814_160952_1824/lite3_pro_sensor_rig_real_with_interface_isaac.usd@ <0x5f99062a1550>)

2026-08-14T20:09:52Z [9,752ms] [Warning] [omni.usd] Warning: in _ReportErrors at line 3172 of /builds/omniverse/usd-ci/USD/pxr/usd/usd/stage.cpp -- In </Lite3ProSensorRigRealWithInterfaceV1/FR_FOOT/visuals>: Unresolved reference prim path @/tmp/IsaacLab/usd_20260814_160952_1824/configuration/lite3_pro_sensor_rig_real_with_interface_isaac_physics.usd@</visuals/FR_FOOT> introduced by @/tmp/IsaacLab/usd_20260814_160952_1824/configuration/lite3_pro_sensor_rig_real_with_interface_isaac_base.usd@</Lite3ProSensorRigRealWithInterfaceV1/FR_FOOT/visuals> (recomposing stage on stage @/tmp/IsaacLab/usd_20260814_160952_1824/lite3_pro_sensor_rig_real_with_interface_isaac.usd@ <0x5f990629c180>)

2026-08-14T20:09:52Z [9,752ms] [Warning] [omni.usd] Warning: in _ReportErrors at line 3172 of /builds/omniverse/usd-ci/USD/pxr/usd/usd/stage.cpp -- In </Lite3ProSensorRigRealWithInterfaceV1/FL_FOOT/visuals>: Unresolved reference prim path @/tmp/IsaacLab/usd_20260814_160952_1824/configuration/lite3_pro_sensor_rig_real_with_interface_isaac_physics.usd@</visuals/FL_FOOT> introduced by @/tmp/IsaacLab/usd_20260814_160952_1824/configuration/lite3_pro_sensor_rig_real_with_interface_isaac_base.usd@</Lite3ProSensorRigRealWithInterfaceV1/FL_FOOT/visuals> (recomposing stage on stage @/tmp/IsaacLab/usd_20260814_160952_1824/lite3_pro_sensor_rig_real_with_interface_isaac.usd@ <0x5f990629c180>)

2026-08-14T20:09:52Z [9,752ms] [Warning] [omni.usd] Warning: in _ReportErrors at line 3172 of /builds/omniverse/usd-ci/USD/pxr/usd/usd/stage.cpp -- In </Lite3ProSensorRigRealWithInterfaceV1/HL_FOOT/visuals>: Unresolved reference prim path @/tmp/IsaacLab/usd_20260814_160952_1824/configuration/lite3_pro_sensor_rig_real_with_interface_isaac_physics.usd@</visuals/HL_FOOT> introduced by @/tmp/IsaacLab/usd_20260814_160952_1824/configuration/lite3_pro_sensor_rig_real_with_interface_isaac_base.usd@</Lite3ProSensorRigRealWithInterfaceV1/HL_FOOT/visuals> (recomposing stage on stage @/tmp/IsaacLab/usd_20260814_160952_1824/lite3_pro_sensor_rig_real_with_interface_isaac.usd@ <0x5f990629c180>)

2026-08-14T20:09:52Z [9,752ms] [Warning] [omni.usd] Warning: in _ReportErrors at line 3172 of /builds/omniverse/usd-ci/USD/pxr/usd/usd/stage.cpp -- In </Lite3ProSensorRigRealWithInterfaceV1/mid360_scan_frame/visuals>: Unresolved reference prim path @/tmp/IsaacLab/usd_20260814_160952_1824/configuration/lite3_pro_sensor_rig_real_with_interface_isaac_physics.usd@</visuals/mid360_scan_frame> introduced by @/tmp/IsaacLab/usd_20260814_160952_1824/configuration/lite3_pro_sensor_rig_real_with_interface_isaac_base.usd@</Lite3ProSensorRigRealWithInterfaceV1/mid360_scan_frame/visuals> (recomposing stage on stage @/tmp/IsaacLab/usd_20260814_160952_1824/lite3_pro_sensor_rig_real_with_interface_isaac.usd@ <0x5f990629c180>)

2026-08-14T20:09:52Z [9,752ms] [Warning] [omni.usd] Warning: in _ReportErrors at line 3172 of /builds/omniverse/usd-ci/USD/pxr/usd/usd/stage.cpp -- In </Lite3ProSensorRigRealWithInterfaceV1/HR_FOOT/visuals>: Unresolved reference prim path @/tmp/IsaacLab/usd_20260814_160952_1824/configuration/lite3_pro_sensor_rig_real_with_interface_isaac_physics.usd@</visuals/HR_FOOT> introduced by @/tmp/IsaacLab/usd_20260814_160952_1824/configuration/lite3_pro_sensor_rig_real_with_interface_isaac_base.usd@</Lite3ProSensorRigRealWithInterfaceV1/HR_FOOT/visuals> (recomposing stage on stage @/tmp/IsaacLab/usd_20260814_160952_1824/lite3_pro_sensor_rig_real_with_interface_isaac.usd@ <0x5f990629c180>)

2026-08-14T20:09:52Z [9,752ms] [Warning] [omni.usd] Warning: in _ReportErrors at line 3172 of /builds/omniverse/usd-ci/USD/pxr/usd/usd/stage.cpp -- In </Lite3ProSensorRigRealWithInterfaceV1/d435i_depth_optical_frame/visuals>: Unresolved reference prim path @/tmp/IsaacLab/usd_20260814_160952_1824/configuration/lite3_pro_sensor_rig_real_with_interface_isaac_physics.usd@</visuals/d435i_depth_optical_frame> introduced by @/tmp/IsaacLab/usd_20260814_160952_1824/configuration/lite3_pro_sensor_rig_real_with_interface_isaac_base.usd@</Lite3ProSensorRigRealWithInterfaceV1/d435i_depth_optical_frame/visuals> (recomposing stage on stage @/tmp/IsaacLab/usd_20260814_160952_1824/lite3_pro_sensor_rig_real_with_interface_isaac.usd@ <0x5f990629c180>)

2026-08-14T20:09:52Z [9,753ms] [Warning] [omni.usd] Warning: in _ReportErrors at line 3172 of /builds/omniverse/usd-ci/USD/pxr/usd/usd/stage.cpp -- In </Lite3ProSensorRigRealWithInterfaceV1/FR_FOOT/visuals>: Unresolved reference prim path @/tmp/IsaacLab/usd_20260814_160952_1824/configuration/lite3_pro_sensor_rig_real_with_interface_isaac_physics.usd@</visuals/FR_FOOT> introduced by @/tmp/IsaacLab/usd_20260814_160952_1824/configuration/lite3_pro_sensor_rig_real_with_interface_isaac_base.usd@</Lite3ProSensorRigRealWithInterfaceV1/FR_FOOT/visuals> (recomposing stage on stage @/tmp/IsaacLab/usd_20260814_160952_1824/lite3_pro_sensor_rig_real_with_interface_isaac.usd@ <0x5f99062a1550>)

2026-08-14T20:09:52Z [9,753ms] [Warning] [omni.usd] Warning: in _ReportErrors at line 3172 of /builds/omniverse/usd-ci/USD/pxr/usd/usd/stage.cpp -- In </Lite3ProSensorRigRealWithInterfaceV1/FL_FOOT/visuals>: Unresolved reference prim path @/tmp/IsaacLab/usd_20260814_160952_1824/configuration/lite3_pro_sensor_rig_real_with_interface_isaac_physics.usd@</visuals/FL_FOOT> introduced by @/tmp/IsaacLab/usd_20260814_160952_1824/configuration/lite3_pro_sensor_rig_real_with_interface_isaac_base.usd@</Lite3ProSensorRigRealWithInterfaceV1/FL_FOOT/visuals> (recomposing stage on stage @/tmp/IsaacLab/usd_20260814_160952_1824/lite3_pro_sensor_rig_real_with_interface_isaac.usd@ <0x5f99062a1550>)

2026-08-14T20:09:52Z [9,753ms] [Warning] [omni.usd] Warning: in _ReportErrors at line 3172 of /builds/omniverse/usd-ci/USD/pxr/usd/usd/stage.cpp -- In </Lite3ProSensorRigRealWithInterfaceV1/HL_FOOT/visuals>: Unresolved reference prim path @/tmp/IsaacLab/usd_20260814_160952_1824/configuration/lite3_pro_sensor_rig_real_with_interface_isaac_physics.usd@</visuals/HL_FOOT> introduced by @/tmp/IsaacLab/usd_20260814_160952_1824/configuration/lite3_pro_sensor_rig_real_with_interface_isaac_base.usd@</Lite3ProSensorRigRealWithInterfaceV1/HL_FOOT/visuals> (recomposing stage on stage @/tmp/IsaacLab/usd_20260814_160952_1824/lite3_pro_sensor_rig_real_with_interface_isaac.usd@ <0x5f99062a1550>)

2026-08-14T20:09:52Z [9,753ms] [Warning] [omni.usd] Warning: in _ReportErrors at line 3172 of /builds/omniverse/usd-ci/USD/pxr/usd/usd/stage.cpp -- In </Lite3ProSensorRigRealWithInterfaceV1/mid360_scan_frame/visuals>: Unresolved reference prim path @/tmp/IsaacLab/usd_20260814_160952_1824/configuration/lite3_pro_sensor_rig_real_with_interface_isaac_physics.usd@</visuals/mid360_scan_frame> introduced by @/tmp/IsaacLab/usd_20260814_160952_1824/configuration/lite3_pro_sensor_rig_real_with_interface_isaac_base.usd@</Lite3ProSensorRigRealWithInterfaceV1/mid360_scan_frame/visuals> (recomposing stage on stage @/tmp/IsaacLab/usd_20260814_160952_1824/lite3_pro_sensor_rig_real_with_interface_isaac.usd@ <0x5f99062a1550>)

2026-08-14T20:09:52Z [9,753ms] [Warning] [omni.usd] Warning: in _ReportErrors at line 3172 of /builds/omniverse/usd-ci/USD/pxr/usd/usd/stage.cpp -- In </Lite3ProSensorRigRealWithInterfaceV1/HR_FOOT/visuals>: Unresolved reference prim path @/tmp/IsaacLab/usd_20260814_160952_1824/configuration/lite3_pro_sensor_rig_real_with_interface_isaac_physics.usd@</visuals/HR_FOOT> introduced by @/tmp/IsaacLab/usd_20260814_160952_1824/configuration/lite3_pro_sensor_rig_real_with_interface_isaac_base.usd@</Lite3ProSensorRigRealWithInterfaceV1/HR_FOOT/visuals> (recomposing stage on stage @/tmp/IsaacLab/usd_20260814_160952_1824/lite3_pro_sensor_rig_real_with_interface_isaac.usd@ <0x5f99062a1550>)

2026-08-14T20:09:52Z [9,753ms] [Warning] [omni.usd] Warning: in _ReportErrors at line 3172 of /builds/omniverse/usd-ci/USD/pxr/usd/usd/stage.cpp -- In </Lite3ProSensorRigRealWithInterfaceV1/d435i_depth_optical_frame/visuals>: Unresolved reference prim path @/tmp/IsaacLab/usd_20260814_160952_1824/configuration/lite3_pro_sensor_rig_real_with_interface_isaac_physics.usd@</visuals/d435i_depth_optical_frame> introduced by @/tmp/IsaacLab/usd_20260814_160952_1824/configuration/lite3_pro_sensor_rig_real_with_interface_isaac_base.usd@</Lite3ProSensorRigRealWithInterfaceV1/d435i_depth_optical_frame/visuals> (recomposing stage on stage @/tmp/IsaacLab/usd_20260814_160952_1824/lite3_pro_sensor_rig_real_with_interface_isaac.usd@ <0x5f99062a1550>)

2026-08-14T20:09:52Z [9,753ms] [Warning] [omni.usd] Warning: in _ReportErrors at line 3172 of /builds/omniverse/usd-ci/USD/pxr/usd/usd/stage.cpp -- In </Lite3ProSensorRigRealWithInterfaceV1/FL_FOOT/visuals>: Unresolved reference prim path @/tmp/IsaacLab/usd_20260814_160952_1824/configuration/lite3_pro_sensor_rig_real_with_interface_isaac_physics.usd@</visuals/FL_FOOT> introduced by @/tmp/IsaacLab/usd_20260814_160952_1824/configuration/lite3_pro_sensor_rig_real_with_interface_isaac_base.usd@</Lite3ProSensorRigRealWithInterfaceV1/FL_FOOT/visuals> (recomposing stage on stage @/tmp/IsaacLab/usd_20260814_160952_1824/lite3_pro_sensor_rig_real_with_interface_isaac.usd@ <0x5f990629c180>)

2026-08-14T20:09:52Z [9,753ms] [Warning] [omni.usd] Warning: in _ReportErrors at line 3172 of /builds/omniverse/usd-ci/USD/pxr/usd/usd/stage.cpp -- In </Lite3ProSensorRigRealWithInterfaceV1/FR_FOOT/visuals>: Unresolved reference prim path @/tmp/IsaacLab/usd_20260814_160952_1824/configuration/lite3_pro_sensor_rig_real_with_interface_isaac_physics.usd@</visuals/FR_FOOT> introduced by @/tmp/IsaacLab/usd_20260814_160952_1824/configuration/lite3_pro_sensor_rig_real_with_interface_isaac_base.usd@</Lite3ProSensorRigRealWithInterfaceV1/FR_FOOT/visuals> (recomposing stage on stage @/tmp/IsaacLab/usd_20260814_160952_1824/lite3_pro_sensor_rig_real_with_interface_isaac.usd@ <0x5f990629c180>)

2026-08-14T20:09:52Z [9,753ms] [Warning] [omni.usd] Warning: in _ReportErrors at line 3172 of /builds/omniverse/usd-ci/USD/pxr/usd/usd/stage.cpp -- In </Lite3ProSensorRigRealWithInterfaceV1/HL_FOOT/visuals>: Unresolved reference prim path @/tmp/IsaacLab/usd_20260814_160952_1824/configuration/lite3_pro_sensor_rig_real_with_interface_isaac_physics.usd@</visuals/HL_FOOT> introduced by @/tmp/IsaacLab/usd_20260814_160952_1824/configuration/lite3_pro_sensor_rig_real_with_interface_isaac_base.usd@</Lite3ProSensorRigRealWithInterfaceV1/HL_FOOT/visuals> (recomposing stage on stage @/tmp/IsaacLab/usd_20260814_160952_1824/lite3_pro_sensor_rig_real_with_interface_isaac.usd@ <0x5f990629c180>)

2026-08-14T20:09:52Z [9,753ms] [Warning] [omni.usd] Warning: in _ReportErrors at line 3172 of /builds/omniverse/usd-ci/USD/pxr/usd/usd/stage.cpp -- In </Lite3ProSensorRigRealWithInterfaceV1/mid360_scan_frame/visuals>: Unresolved reference prim path @/tmp/IsaacLab/usd_20260814_160952_1824/configuration/lite3_pro_sensor_rig_real_with_interface_isaac_physics.usd@</visuals/mid360_scan_frame> introduced by @/tmp/IsaacLab/usd_20260814_160952_1824/configuration/lite3_pro_sensor_rig_real_with_interface_isaac_base.usd@</Lite3ProSensorRigRealWithInterfaceV1/mid360_scan_frame/visuals> (recomposing stage on stage @/tmp/IsaacLab/usd_20260814_160952_1824/lite3_pro_sensor_rig_real_with_interface_isaac.usd@ <0x5f990629c180>)

2026-08-14T20:09:52Z [9,753ms] [Warning] [omni.usd] Warning: in _ReportErrors at line 3172 of /builds/omniverse/usd-ci/USD/pxr/usd/usd/stage.cpp -- In </Lite3ProSensorRigRealWithInterfaceV1/HR_FOOT/visuals>: Unresolved reference prim path @/tmp/IsaacLab/usd_20260814_160952_1824/configuration/lite3_pro_sensor_rig_real_with_interface_isaac_physics.usd@</visuals/HR_FOOT> introduced by @/tmp/IsaacLab/usd_20260814_160952_1824/configuration/lite3_pro_sensor_rig_real_with_interface_isaac_base.usd@</Lite3ProSensorRigRealWithInterfaceV1/HR_FOOT/visuals> (recomposing stage on stage @/tmp/IsaacLab/usd_20260814_160952_1824/lite3_pro_sensor_rig_real_with_interface_isaac.usd@ <0x5f990629c180>)

2026-08-14T20:09:52Z [9,753ms] [Warning] [omni.usd] Warning: in _ReportErrors at line 3172 of /builds/omniverse/usd-ci/USD/pxr/usd/usd/stage.cpp -- In </Lite3ProSensorRigRealWithInterfaceV1/d435i_depth_optical_frame/visuals>: Unresolved reference prim path @/tmp/IsaacLab/usd_20260814_160952_1824/configuration/lite3_pro_sensor_rig_real_with_interface_isaac_physics.usd@</visuals/d435i_depth_optical_frame> introduced by @/tmp/IsaacLab/usd_20260814_160952_1824/configuration/lite3_pro_sensor_rig_real_with_interface_isaac_base.usd@</Lite3ProSensorRigRealWithInterfaceV1/d435i_depth_optical_frame/visuals> (recomposing stage on stage @/tmp/IsaacLab/usd_20260814_160952_1824/lite3_pro_sensor_rig_real_with_interface_isaac.usd@ <0x5f990629c180>)

2026-08-14T20:09:52Z [9,754ms] [Warning] [omni.usd] Warning: in _ReportErrors at line 3172 of /builds/omniverse/usd-ci/USD/pxr/usd/usd/stage.cpp -- In </Lite3ProSensorRigRealWithInterfaceV1/FL_FOOT/visuals>: Unresolved reference prim path @/tmp/IsaacLab/usd_20260814_160952_1824/configuration/lite3_pro_sensor_rig_real_with_interface_isaac_physics.usd@</visuals/FL_FOOT> introduced by @/tmp/IsaacLab/usd_20260814_160952_1824/configuration/lite3_pro_sensor_rig_real_with_interface_isaac_base.usd@</Lite3ProSensorRigRealWithInterfaceV1/FL_FOOT/visuals> (recomposing stage on stage @/tmp/IsaacLab/usd_20260814_160952_1824/lite3_pro_sensor_rig_real_with_interface_isaac.usd@ <0x5f99062a1550>)

2026-08-14T20:09:52Z [9,754ms] [Warning] [omni.usd] Warning: in _ReportErrors at line 3172 of /builds/omniverse/usd-ci/USD/pxr/usd/usd/stage.cpp -- In </Lite3ProSensorRigRealWithInterfaceV1/FR_FOOT/visuals>: Unresolved reference prim path @/tmp/IsaacLab/usd_20260814_160952_1824/configuration/lite3_pro_sensor_rig_real_with_interface_isaac_physics.usd@</visuals/FR_FOOT> introduced by @/tmp/IsaacLab/usd_20260814_160952_1824/configuration/lite3_pro_sensor_rig_real_with_interface_isaac_base.usd@</Lite3ProSensorRigRealWithInterfaceV1/FR_FOOT/visuals> (recomposing stage on stage @/tmp/IsaacLab/usd_20260814_160952_1824/lite3_pro_sensor_rig_real_with_interface_isaac.usd@ <0x5f99062a1550>)

2026-08-14T20:09:52Z [9,754ms] [Warning] [omni.usd] Warning: in _ReportErrors at line 3172 of /builds/omniverse/usd-ci/USD/pxr/usd/usd/stage.cpp -- In </Lite3ProSensorRigRealWithInterfaceV1/HR_FOOT/visuals>: Unresolved reference prim path @/tmp/IsaacLab/usd_20260814_160952_1824/configuration/lite3_pro_sensor_rig_real_with_interface_isaac_physics.usd@</visuals/HR_FOOT> introduced by @/tmp/IsaacLab/usd_20260814_160952_1824/configuration/lite3_pro_sensor_rig_real_with_interface_isaac_base.usd@</Lite3ProSensorRigRealWithInterfaceV1/HR_FOOT/visuals> (recomposing stage on stage @/tmp/IsaacLab/usd_20260814_160952_1824/lite3_pro_sensor_rig_real_with_interface_isaac.usd@ <0x5f99062a1550>)

2026-08-14T20:09:52Z [9,754ms] [Warning] [omni.usd] Warning: in _ReportErrors at line 3172 of /builds/omniverse/usd-ci/USD/pxr/usd/usd/stage.cpp -- In </Lite3ProSensorRigRealWithInterfaceV1/HL_FOOT/visuals>: Unresolved reference prim path @/tmp/IsaacLab/usd_20260814_160952_1824/configuration/lite3_pro_sensor_rig_real_with_interface_isaac_physics.usd@</visuals/HL_FOOT> introduced by @/tmp/IsaacLab/usd_20260814_160952_1824/configuration/lite3_pro_sensor_rig_real_with_interface_isaac_base.usd@</Lite3ProSensorRigRealWithInterfaceV1/HL_FOOT/visuals> (recomposing stage on stage @/tmp/IsaacLab/usd_20260814_160952_1824/lite3_pro_sensor_rig_real_with_interface_isaac.usd@ <0x5f99062a1550>)

2026-08-14T20:09:52Z [9,754ms] [Warning] [omni.usd] Warning: in _ReportErrors at line 3172 of /builds/omniverse/usd-ci/USD/pxr/usd/usd/stage.cpp -- In </Lite3ProSensorRigRealWithInterfaceV1/d435i_depth_optical_frame/visuals>: Unresolved reference prim path @/tmp/IsaacLab/usd_20260814_160952_1824/configuration/lite3_pro_sensor_rig_real_with_interface_isaac_physics.usd@</visuals/d435i_depth_optical_frame> introduced by @/tmp/IsaacLab/usd_20260814_160952_1824/configuration/lite3_pro_sensor_rig_real_with_interface_isaac_base.usd@</Lite3ProSensorRigRealWithInterfaceV1/d435i_depth_optical_frame/visuals> (recomposing stage on stage @/tmp/IsaacLab/usd_20260814_160952_1824/lite3_pro_sensor_rig_real_with_interface_isaac.usd@ <0x5f99062a1550>)

2026-08-14T20:09:52Z [9,754ms] [Warning] [omni.usd] Warning: in _ReportErrors at line 3172 of /builds/omniverse/usd-ci/USD/pxr/usd/usd/stage.cpp -- In </Lite3ProSensorRigRealWithInterfaceV1/mid360_scan_frame/visuals>: Unresolved reference prim path @/tmp/IsaacLab/usd_20260814_160952_1824/configuration/lite3_pro_sensor_rig_real_with_interface_isaac_physics.usd@</visuals/mid360_scan_frame> introduced by @/tmp/IsaacLab/usd_20260814_160952_1824/configuration/lite3_pro_sensor_rig_real_with_interface_isaac_base.usd@</Lite3ProSensorRigRealWithInterfaceV1/mid360_scan_frame/visuals> (recomposing stage on stage @/tmp/IsaacLab/usd_20260814_160952_1824/lite3_pro_sensor_rig_real_with_interface_isaac.usd@ <0x5f99062a1550>)

2026-08-14T20:09:52Z [9,754ms] [Warning] [omni.usd] Warning: in _ReportErrors at line 3172 of /builds/omniverse/usd-ci/USD/pxr/usd/usd/stage.cpp -- In </Lite3ProSensorRigRealWithInterfaceV1/FR_FOOT/visuals>: Unresolved reference prim path @/tmp/IsaacLab/usd_20260814_160952_1824/configuration/lite3_pro_sensor_rig_real_with_interface_isaac_physics.usd@</visuals/FR_FOOT> introduced by @/tmp/IsaacLab/usd_20260814_160952_1824/configuration/lite3_pro_sensor_rig_real_with_interface_isaac_base.usd@</Lite3ProSensorRigRealWithInterfaceV1/FR_FOOT/visuals> (recomposing stage on stage @/tmp/IsaacLab/usd_20260814_160952_1824/lite3_pro_sensor_rig_real_with_interface_isaac.usd@ <0x5f990629c180>)

2026-08-14T20:09:52Z [9,754ms] [Warning] [omni.usd] Warning: in _ReportErrors at line 3172 of /builds/omniverse/usd-ci/USD/pxr/usd/usd/stage.cpp -- In </Lite3ProSensorRigRealWithInterfaceV1/FL_FOOT/visuals>: Unresolved reference prim path @/tmp/IsaacLab/usd_20260814_160952_1824/configuration/lite3_pro_sensor_rig_real_with_interface_isaac_physics.usd@</visuals/FL_FOOT> introduced by @/tmp/IsaacLab/usd_20260814_160952_1824/configuration/lite3_pro_sensor_rig_real_with_interface_isaac_base.usd@</Lite3ProSensorRigRealWithInterfaceV1/FL_FOOT/visuals> (recomposing stage on stage @/tmp/IsaacLab/usd_20260814_160952_1824/lite3_pro_sensor_rig_real_with_interface_isaac.usd@ <0x5f990629c180>)

2026-08-14T20:09:52Z [9,754ms] [Warning] [omni.usd] Warning: in _ReportErrors at line 3172 of /builds/omniverse/usd-ci/USD/pxr/usd/usd/stage.cpp -- In </Lite3ProSensorRigRealWithInterfaceV1/HL_FOOT/visuals>: Unresolved reference prim path @/tmp/IsaacLab/usd_20260814_160952_1824/configuration/lite3_pro_sensor_rig_real_with_interface_isaac_physics.usd@</visuals/HL_FOOT> introduced by @/tmp/IsaacLab/usd_20260814_160952_1824/configuration/lite3_pro_sensor_rig_real_with_interface_isaac_base.usd@</Lite3ProSensorRigRealWithInterfaceV1/HL_FOOT/visuals> (recomposing stage on stage @/tmp/IsaacLab/usd_20260814_160952_1824/lite3_pro_sensor_rig_real_with_interface_isaac.usd@ <0x5f990629c180>)

2026-08-14T20:09:52Z [9,754ms] [Warning] [omni.usd] Warning: in _ReportErrors at line 3172 of /builds/omniverse/usd-ci/USD/pxr/usd/usd/stage.cpp -- In </Lite3ProSensorRigRealWithInterfaceV1/HR_FOOT/visuals>: Unresolved reference prim path @/tmp/IsaacLab/usd_20260814_160952_1824/configuration/lite3_pro_sensor_rig_real_with_interface_isaac_physics.usd@</visuals/HR_FOOT> introduced by @/tmp/IsaacLab/usd_20260814_160952_1824/configuration/lite3_pro_sensor_rig_real_with_interface_isaac_base.usd@</Lite3ProSensorRigRealWithInterfaceV1/HR_FOOT/visuals> (recomposing stage on stage @/tmp/IsaacLab/usd_20260814_160952_1824/lite3_pro_sensor_rig_real_with_interface_isaac.usd@ <0x5f990629c180>)

2026-08-14T20:09:52Z [9,754ms] [Warning] [omni.usd] Warning: in _ReportErrors at line 3172 of /builds/omniverse/usd-ci/USD/pxr/usd/usd/stage.cpp -- In </Lite3ProSensorRigRealWithInterfaceV1/d435i_depth_optical_frame/visuals>: Unresolved reference prim path @/tmp/IsaacLab/usd_20260814_160952_1824/configuration/lite3_pro_sensor_rig_real_with_interface_isaac_physics.usd@</visuals/d435i_depth_optical_frame> introduced by @/tmp/IsaacLab/usd_20260814_160952_1824/configuration/lite3_pro_sensor_rig_real_with_interface_isaac_base.usd@</Lite3ProSensorRigRealWithInterfaceV1/d435i_depth_optical_frame/visuals> (recomposing stage on stage @/tmp/IsaacLab/usd_20260814_160952_1824/lite3_pro_sensor_rig_real_with_interface_isaac.usd@ <0x5f990629c180>)

2026-08-14T20:09:52Z [9,754ms] [Warning] [omni.usd] Warning: in _ReportErrors at line 3172 of /builds/omniverse/usd-ci/USD/pxr/usd/usd/stage.cpp -- In </Lite3ProSensorRigRealWithInterfaceV1/mid360_scan_frame/visuals>: Unresolved reference prim path @/tmp/IsaacLab/usd_20260814_160952_1824/configuration/lite3_pro_sensor_rig_real_with_interface_isaac_physics.usd@</visuals/mid360_scan_frame> introduced by @/tmp/IsaacLab/usd_20260814_160952_1824/configuration/lite3_pro_sensor_rig_real_with_interface_isaac_base.usd@</Lite3ProSensorRigRealWithInterfaceV1/mid360_scan_frame/visuals> (recomposing stage on stage @/tmp/IsaacLab/usd_20260814_160952_1824/lite3_pro_sensor_rig_real_with_interface_isaac.usd@ <0x5f990629c180>)

2026-08-14T20:09:52Z [9,755ms] [Warning] [omni.usd] Warning: in _ReportErrors at line 3172 of /builds/omniverse/usd-ci/USD/pxr/usd/usd/stage.cpp -- In </Lite3ProSensorRigRealWithInterfaceV1/FL_FOOT/visuals>: Unresolved reference prim path @/tmp/IsaacLab/usd_20260814_160952_1824/configuration/lite3_pro_sensor_rig_real_with_interface_isaac_physics.usd@</visuals/FL_FOOT> introduced by @/tmp/IsaacLab/usd_20260814_160952_1824/configuration/lite3_pro_sensor_rig_real_with_interface_isaac_base.usd@</Lite3ProSensorRigRealWithInterfaceV1/FL_FOOT/visuals> (recomposing stage on stage @/tmp/IsaacLab/usd_20260814_160952_1824/lite3_pro_sensor_rig_real_with_interface_isaac.usd@ <0x5f99062a1550>)

2026-08-14T20:09:52Z [9,755ms] [Warning] [omni.usd] Warning: in _ReportErrors at line 3172 of /builds/omniverse/usd-ci/USD/pxr/usd/usd/stage.cpp -- In </Lite3ProSensorRigRealWithInterfaceV1/FR_FOOT/visuals>: Unresolved reference prim path @/tmp/IsaacLab/usd_20260814_160952_1824/configuration/lite3_pro_sensor_rig_real_with_interface_isaac_physics.usd@</visuals/FR_FOOT> introduced by @/tmp/IsaacLab/usd_20260814_160952_1824/configuration/lite3_pro_sensor_rig_real_with_interface_isaac_base.usd@</Lite3ProSensorRigRealWithInterfaceV1/FR_FOOT/visuals> (recomposing stage on stage @/tmp/IsaacLab/usd_20260814_160952_1824/lite3_pro_sensor_rig_real_with_interface_isaac.usd@ <0x5f99062a1550>)

2026-08-14T20:09:52Z [9,755ms] [Warning] [omni.usd] Warning: in _ReportErrors at line 3172 of /builds/omniverse/usd-ci/USD/pxr/usd/usd/stage.cpp -- In </Lite3ProSensorRigRealWithInterfaceV1/HL_FOOT/visuals>: Unresolved reference prim path @/tmp/IsaacLab/usd_20260814_160952_1824/configuration/lite3_pro_sensor_rig_real_with_interface_isaac_physics.usd@</visuals/HL_FOOT> introduced by @/tmp/IsaacLab/usd_20260814_160952_1824/configuration/lite3_pro_sensor_rig_real_with_interface_isaac_base.usd@</Lite3ProSensorRigRealWithInterfaceV1/HL_FOOT/visuals> (recomposing stage on stage @/tmp/IsaacLab/usd_20260814_160952_1824/lite3_pro_sensor_rig_real_with_interface_isaac.usd@ <0x5f99062a1550>)

2026-08-14T20:09:52Z [9,755ms] [Warning] [omni.usd] Warning: in _ReportErrors at line 3172 of /builds/omniverse/usd-ci/USD/pxr/usd/usd/stage.cpp -- In </Lite3ProSensorRigRealWithInterfaceV1/HR_FOOT/visuals>: Unresolved reference prim path @/tmp/IsaacLab/usd_20260814_160952_1824/configuration/lite3_pro_sensor_rig_real_with_interface_isaac_physics.usd@</visuals/HR_FOOT> introduced by @/tmp/IsaacLab/usd_20260814_160952_1824/configuration/lite3_pro_sensor_rig_real_with_interface_isaac_base.usd@</Lite3ProSensorRigRealWithInterfaceV1/HR_FOOT/visuals> (recomposing stage on stage @/tmp/IsaacLab/usd_20260814_160952_1824/lite3_pro_sensor_rig_real_with_interface_isaac.usd@ <0x5f99062a1550>)

2026-08-14T20:09:52Z [9,755ms] [Warning] [omni.usd] Warning: in _ReportErrors at line 3172 of /builds/omniverse/usd-ci/USD/pxr/usd/usd/stage.cpp -- In </Lite3ProSensorRigRealWithInterfaceV1/d435i_depth_optical_frame/visuals>: Unresolved reference prim path @/tmp/IsaacLab/usd_20260814_160952_1824/configuration/lite3_pro_sensor_rig_real_with_interface_isaac_physics.usd@</visuals/d435i_depth_optical_frame> introduced by @/tmp/IsaacLab/usd_20260814_160952_1824/configuration/lite3_pro_sensor_rig_real_with_interface_isaac_base.usd@</Lite3ProSensorRigRealWithInterfaceV1/d435i_depth_optical_frame/visuals> (recomposing stage on stage @/tmp/IsaacLab/usd_20260814_160952_1824/lite3_pro_sensor_rig_real_with_interface_isaac.usd@ <0x5f99062a1550>)

2026-08-14T20:09:52Z [9,755ms] [Warning] [omni.usd] Warning: in _ReportErrors at line 3172 of /builds/omniverse/usd-ci/USD/pxr/usd/usd/stage.cpp -- In </Lite3ProSensorRigRealWithInterfaceV1/mid360_scan_frame/visuals>: Unresolved reference prim path @/tmp/IsaacLab/usd_20260814_160952_1824/configuration/lite3_pro_sensor_rig_real_with_interface_isaac_physics.usd@</visuals/mid360_scan_frame> introduced by @/tmp/IsaacLab/usd_20260814_160952_1824/configuration/lite3_pro_sensor_rig_real_with_interface_isaac_base.usd@</Lite3ProSensorRigRealWithInterfaceV1/mid360_scan_frame/visuals> (recomposing stage on stage @/tmp/IsaacLab/usd_20260814_160952_1824/lite3_pro_sensor_rig_real_with_interface_isaac.usd@ <0x5f99062a1550>)

2026-08-14T20:09:52Z [9,756ms] [Warning] [omni.usd] Warning: in _ReportErrors at line 3172 of /builds/omniverse/usd-ci/USD/pxr/usd/usd/stage.cpp -- In </Lite3ProSensorRigRealWithInterfaceV1/FL_FOOT/visuals>: Unresolved reference prim path @/tmp/IsaacLab/usd_20260814_160952_1824/configuration/lite3_pro_sensor_rig_real_with_interface_isaac_physics.usd@</visuals/FL_FOOT> introduced by @/tmp/IsaacLab/usd_20260814_160952_1824/configuration/lite3_pro_sensor_rig_real_with_interface_isaac_base.usd@</Lite3ProSensorRigRealWithInterfaceV1/FL_FOOT/visuals> (recomposing stage on stage @/tmp/IsaacLab/usd_20260814_160952_1824/lite3_pro_sensor_rig_real_with_interface_isaac.usd@ <0x5f990629c180>)

2026-08-14T20:09:52Z [9,756ms] [Warning] [omni.usd] Warning: in _ReportErrors at line 3172 of /builds/omniverse/usd-ci/USD/pxr/usd/usd/stage.cpp -- In </Lite3ProSensorRigRealWithInterfaceV1/FR_FOOT/visuals>: Unresolved reference prim path @/tmp/IsaacLab/usd_20260814_160952_1824/configuration/lite3_pro_sensor_rig_real_with_interface_isaac_physics.usd@</visuals/FR_FOOT> introduced by @/tmp/IsaacLab/usd_20260814_160952_1824/configuration/lite3_pro_sensor_rig_real_with_interface_isaac_base.usd@</Lite3ProSensorRigRealWithInterfaceV1/FR_FOOT/visuals> (recomposing stage on stage @/tmp/IsaacLab/usd_20260814_160952_1824/lite3_pro_sensor_rig_real_with_interface_isaac.usd@ <0x5f990629c180>)

2026-08-14T20:09:52Z [9,756ms] [Warning] [omni.usd] Warning: in _ReportErrors at line 3172 of /builds/omniverse/usd-ci/USD/pxr/usd/usd/stage.cpp -- In </Lite3ProSensorRigRealWithInterfaceV1/HL_FOOT/visuals>: Unresolved reference prim path @/tmp/IsaacLab/usd_20260814_160952_1824/configuration/lite3_pro_sensor_rig_real_with_interface_isaac_physics.usd@</visuals/HL_FOOT> introduced by @/tmp/IsaacLab/usd_20260814_160952_1824/configuration/lite3_pro_sensor_rig_real_with_interface_isaac_base.usd@</Lite3ProSensorRigRealWithInterfaceV1/HL_FOOT/visuals> (recomposing stage on stage @/tmp/IsaacLab/usd_20260814_160952_1824/lite3_pro_sensor_rig_real_with_interface_isaac.usd@ <0x5f990629c180>)

2026-08-14T20:09:52Z [9,756ms] [Warning] [omni.usd] Warning: in _ReportErrors at line 3172 of /builds/omniverse/usd-ci/USD/pxr/usd/usd/stage.cpp -- In </Lite3ProSensorRigRealWithInterfaceV1/mid360_scan_frame/visuals>: Unresolved reference prim path @/tmp/IsaacLab/usd_20260814_160952_1824/configuration/lite3_pro_sensor_rig_real_with_interface_isaac_physics.usd@</visuals/mid360_scan_frame> introduced by @/tmp/IsaacLab/usd_20260814_160952_1824/configuration/lite3_pro_sensor_rig_real_with_interface_isaac_base.usd@</Lite3ProSensorRigRealWithInterfaceV1/mid360_scan_frame/visuals> (recomposing stage on stage @/tmp/IsaacLab/usd_20260814_160952_1824/lite3_pro_sensor_rig_real_with_interface_isaac.usd@ <0x5f990629c180>)

2026-08-14T20:09:52Z [9,756ms] [Warning] [omni.usd] Warning: in _ReportErrors at line 3172 of /builds/omniverse/usd-ci/USD/pxr/usd/usd/stage.cpp -- In </Lite3ProSensorRigRealWithInterfaceV1/HR_FOOT/visuals>: Unresolved reference prim path @/tmp/IsaacLab/usd_20260814_160952_1824/configuration/lite3_pro_sensor_rig_real_with_interface_isaac_physics.usd@</visuals/HR_FOOT> introduced by @/tmp/IsaacLab/usd_20260814_160952_1824/configuration/lite3_pro_sensor_rig_real_with_interface_isaac_base.usd@</Lite3ProSensorRigRealWithInterfaceV1/HR_FOOT/visuals> (recomposing stage on stage @/tmp/IsaacLab/usd_20260814_160952_1824/lite3_pro_sensor_rig_real_with_interface_isaac.usd@ <0x5f990629c180>)

2026-08-14T20:09:52Z [9,756ms] [Warning] [omni.usd] Warning: in _ReportErrors at line 3172 of /builds/omniverse/usd-ci/USD/pxr/usd/usd/stage.cpp -- In </Lite3ProSensorRigRealWithInterfaceV1/d435i_depth_optical_frame/visuals>: Unresolved reference prim path @/tmp/IsaacLab/usd_20260814_160952_1824/configuration/lite3_pro_sensor_rig_real_with_interface_isaac_physics.usd@</visuals/d435i_depth_optical_frame> introduced by @/tmp/IsaacLab/usd_20260814_160952_1824/configuration/lite3_pro_sensor_rig_real_with_interface_isaac_base.usd@</Lite3ProSensorRigRealWithInterfaceV1/d435i_depth_optical_frame/visuals> (recomposing stage on stage @/tmp/IsaacLab/usd_20260814_160952_1824/lite3_pro_sensor_rig_real_with_interface_isaac.usd@ <0x5f990629c180>)

2026-08-14T20:09:52Z [9,756ms] [Warning] [omni.usd] Warning: in _ReportErrors at line 3172 of /builds/omniverse/usd-ci/USD/pxr/usd/usd/stage.cpp -- In </Lite3ProSensorRigRealWithInterfaceV1/FR_FOOT/visuals>: Unresolved reference prim path @/tmp/IsaacLab/usd_20260814_160952_1824/configuration/lite3_pro_sensor_rig_real_with_interface_isaac_physics.usd@</visuals/FR_FOOT> introduced by @/tmp/IsaacLab/usd_20260814_160952_1824/configuration/lite3_pro_sensor_rig_real_with_interface_isaac_base.usd@</Lite3ProSensorRigRealWithInterfaceV1/FR_FOOT/visuals> (recomposing stage on stage @/tmp/IsaacLab/usd_20260814_160952_1824/lite3_pro_sensor_rig_real_with_interface_isaac.usd@ <0x5f99062a1550>)

2026-08-14T20:09:52Z [9,756ms] [Warning] [omni.usd] Warning: in _ReportErrors at line 3172 of /builds/omniverse/usd-ci/USD/pxr/usd/usd/stage.cpp -- In </Lite3ProSensorRigRealWithInterfaceV1/FL_FOOT/visuals>: Unresolved reference prim path @/tmp/IsaacLab/usd_20260814_160952_1824/configuration/lite3_pro_sensor_rig_real_with_interface_isaac_physics.usd@</visuals/FL_FOOT> introduced by @/tmp/IsaacLab/usd_20260814_160952_1824/configuration/lite3_pro_sensor_rig_real_with_interface_isaac_base.usd@</Lite3ProSensorRigRealWithInterfaceV1/FL_FOOT/visuals> (recomposing stage on stage @/tmp/IsaacLab/usd_20260814_160952_1824/lite3_pro_sensor_rig_real_with_interface_isaac.usd@ <0x5f99062a1550>)

2026-08-14T20:09:52Z [9,756ms] [Warning] [omni.usd] Warning: in _ReportErrors at line 3172 of /builds/omniverse/usd-ci/USD/pxr/usd/usd/stage.cpp -- In </Lite3ProSensorRigRealWithInterfaceV1/HL_FOOT/visuals>: Unresolved reference prim path @/tmp/IsaacLab/usd_20260814_160952_1824/configuration/lite3_pro_sensor_rig_real_with_interface_isaac_physics.usd@</visuals/HL_FOOT> introduced by @/tmp/IsaacLab/usd_20260814_160952_1824/configuration/lite3_pro_sensor_rig_real_with_interface_isaac_base.usd@</Lite3ProSensorRigRealWithInterfaceV1/HL_FOOT/visuals> (recomposing stage on stage @/tmp/IsaacLab/usd_20260814_160952_1824/lite3_pro_sensor_rig_real_with_interface_isaac.usd@ <0x5f99062a1550>)

2026-08-14T20:09:52Z [9,756ms] [Warning] [omni.usd] Warning: in _ReportErrors at line 3172 of /builds/omniverse/usd-ci/USD/pxr/usd/usd/stage.cpp -- In </Lite3ProSensorRigRealWithInterfaceV1/HR_FOOT/visuals>: Unresolved reference prim path @/tmp/IsaacLab/usd_20260814_160952_1824/configuration/lite3_pro_sensor_rig_real_with_interface_isaac_physics.usd@</visuals/HR_FOOT> introduced by @/tmp/IsaacLab/usd_20260814_160952_1824/configuration/lite3_pro_sensor_rig_real_with_interface_isaac_base.usd@</Lite3ProSensorRigRealWithInterfaceV1/HR_FOOT/visuals> (recomposing stage on stage @/tmp/IsaacLab/usd_20260814_160952_1824/lite3_pro_sensor_rig_real_with_interface_isaac.usd@ <0x5f99062a1550>)

2026-08-14T20:09:52Z [9,756ms] [Warning] [omni.usd] Warning: in _ReportErrors at line 3172 of /builds/omniverse/usd-ci/USD/pxr/usd/usd/stage.cpp -- In </Lite3ProSensorRigRealWithInterfaceV1/d435i_depth_optical_frame/visuals>: Unresolved reference prim path @/tmp/IsaacLab/usd_20260814_160952_1824/configuration/lite3_pro_sensor_rig_real_with_interface_isaac_physics.usd@</visuals/d435i_depth_optical_frame> introduced by @/tmp/IsaacLab/usd_20260814_160952_1824/configuration/lite3_pro_sensor_rig_real_with_interface_isaac_base.usd@</Lite3ProSensorRigRealWithInterfaceV1/d435i_depth_optical_frame/visuals> (recomposing stage on stage @/tmp/IsaacLab/usd_20260814_160952_1824/lite3_pro_sensor_rig_real_with_interface_isaac.usd@ <0x5f99062a1550>)

2026-08-14T20:09:52Z [9,756ms] [Warning] [omni.usd] Warning: in _ReportErrors at line 3172 of /builds/omniverse/usd-ci/USD/pxr/usd/usd/stage.cpp -- In </Lite3ProSensorRigRealWithInterfaceV1/mid360_scan_frame/visuals>: Unresolved reference prim path @/tmp/IsaacLab/usd_20260814_160952_1824/configuration/lite3_pro_sensor_rig_real_with_interface_isaac_physics.usd@</visuals/mid360_scan_frame> introduced by @/tmp/IsaacLab/usd_20260814_160952_1824/configuration/lite3_pro_sensor_rig_real_with_interface_isaac_base.usd@</Lite3ProSensorRigRealWithInterfaceV1/mid360_scan_frame/visuals> (recomposing stage on stage @/tmp/IsaacLab/usd_20260814_160952_1824/lite3_pro_sensor_rig_real_with_interface_isaac.usd@ <0x5f99062a1550>)

2026-08-14T20:09:52Z [9,757ms] [Warning] [omni.usd] Warning: in _ReportErrors at line 3172 of /builds/omniverse/usd-ci/USD/pxr/usd/usd/stage.cpp -- In </Lite3ProSensorRigRealWithInterfaceV1/FL_FOOT/visuals>: Unresolved reference prim path @/tmp/IsaacLab/usd_20260814_160952_1824/configuration/lite3_pro_sensor_rig_real_with_interface_isaac_physics.usd@</visuals/FL_FOOT> introduced by @/tmp/IsaacLab/usd_20260814_160952_1824/configuration/lite3_pro_sensor_rig_real_with_interface_isaac_base.usd@</Lite3ProSensorRigRealWithInterfaceV1/FL_FOOT/visuals> (recomposing stage on stage @/tmp/IsaacLab/usd_20260814_160952_1824/lite3_pro_sensor_rig_real_with_interface_isaac.usd@ <0x5f990629c180>)

2026-08-14T20:09:52Z [9,757ms] [Warning] [omni.usd] Warning: in _ReportErrors at line 3172 of /builds/omniverse/usd-ci/USD/pxr/usd/usd/stage.cpp -- In </Lite3ProSensorRigRealWithInterfaceV1/FR_FOOT/visuals>: Unresolved reference prim path @/tmp/IsaacLab/usd_20260814_160952_1824/configuration/lite3_pro_sensor_rig_real_with_interface_isaac_physics.usd@</visuals/FR_FOOT> introduced by @/tmp/IsaacLab/usd_20260814_160952_1824/configuration/lite3_pro_sensor_rig_real_with_interface_isaac_base.usd@</Lite3ProSensorRigRealWithInterfaceV1/FR_FOOT/visuals> (recomposing stage on stage @/tmp/IsaacLab/usd_20260814_160952_1824/lite3_pro_sensor_rig_real_with_interface_isaac.usd@ <0x5f990629c180>)

2026-08-14T20:09:52Z [9,757ms] [Warning] [omni.usd] Warning: in _ReportErrors at line 3172 of /builds/omniverse/usd-ci/USD/pxr/usd/usd/stage.cpp -- In </Lite3ProSensorRigRealWithInterfaceV1/HL_FOOT/visuals>: Unresolved reference prim path @/tmp/IsaacLab/usd_20260814_160952_1824/configuration/lite3_pro_sensor_rig_real_with_interface_isaac_physics.usd@</visuals/HL_FOOT> introduced by @/tmp/IsaacLab/usd_20260814_160952_1824/configuration/lite3_pro_sensor_rig_real_with_interface_isaac_base.usd@</Lite3ProSensorRigRealWithInterfaceV1/HL_FOOT/visuals> (recomposing stage on stage @/tmp/IsaacLab/usd_20260814_160952_1824/lite3_pro_sensor_rig_real_with_interface_isaac.usd@ <0x5f990629c180>)

2026-08-14T20:09:52Z [9,757ms] [Warning] [omni.usd] Warning: in _ReportErrors at line 3172 of /builds/omniverse/usd-ci/USD/pxr/usd/usd/stage.cpp -- In </Lite3ProSensorRigRealWithInterfaceV1/HR_FOOT/visuals>: Unresolved reference prim path @/tmp/IsaacLab/usd_20260814_160952_1824/configuration/lite3_pro_sensor_rig_real_with_interface_isaac_physics.usd@</visuals/HR_FOOT> introduced by @/tmp/IsaacLab/usd_20260814_160952_1824/configuration/lite3_pro_sensor_rig_real_with_interface_isaac_base.usd@</Lite3ProSensorRigRealWithInterfaceV1/HR_FOOT/visuals> (recomposing stage on stage @/tmp/IsaacLab/usd_20260814_160952_1824/lite3_pro_sensor_rig_real_with_interface_isaac.usd@ <0x5f990629c180>)

2026-08-14T20:09:52Z [9,757ms] [Warning] [omni.usd] Warning: in _ReportErrors at line 3172 of /builds/omniverse/usd-ci/USD/pxr/usd/usd/stage.cpp -- In </Lite3ProSensorRigRealWithInterfaceV1/mid360_scan_frame/visuals>: Unresolved reference prim path @/tmp/IsaacLab/usd_20260814_160952_1824/configuration/lite3_pro_sensor_rig_real_with_interface_isaac_physics.usd@</visuals/mid360_scan_frame> introduced by @/tmp/IsaacLab/usd_20260814_160952_1824/configuration/lite3_pro_sensor_rig_real_with_interface_isaac_base.usd@</Lite3ProSensorRigRealWithInterfaceV1/mid360_scan_frame/visuals> (recomposing stage on stage @/tmp/IsaacLab/usd_20260814_160952_1824/lite3_pro_sensor_rig_real_with_interface_isaac.usd@ <0x5f990629c180>)

2026-08-14T20:09:52Z [9,757ms] [Warning] [omni.usd] Warning: in _ReportErrors at line 3172 of /builds/omniverse/usd-ci/USD/pxr/usd/usd/stage.cpp -- In </Lite3ProSensorRigRealWithInterfaceV1/d435i_depth_optical_frame/visuals>: Unresolved reference prim path @/tmp/IsaacLab/usd_20260814_160952_1824/configuration/lite3_pro_sensor_rig_real_with_interface_isaac_physics.usd@</visuals/d435i_depth_optical_frame> introduced by @/tmp/IsaacLab/usd_20260814_160952_1824/configuration/lite3_pro_sensor_rig_real_with_interface_isaac_base.usd@</Lite3ProSensorRigRealWithInterfaceV1/d435i_depth_optical_frame/visuals> (recomposing stage on stage @/tmp/IsaacLab/usd_20260814_160952_1824/lite3_pro_sensor_rig_real_with_interface_isaac.usd@ <0x5f990629c180>)

2026-08-14T20:09:52Z [9,863ms] [Warning] [omni.usd] Warning: in _ReportErrors at line 3172 of /builds/omniverse/usd-ci/USD/pxr/usd/usd/stage.cpp -- In </World/envs/env_0/Robot/FR_FOOT/visuals>: Unresolved reference prim path @/tmp/IsaacLab/usd_20260814_160952_1824/configuration/lite3_pro_sensor_rig_real_with_interface_isaac_physics.usd@</visuals/FR_FOOT> introduced by @/tmp/IsaacLab/usd_20260814_160952_1824/configuration/lite3_pro_sensor_rig_real_with_interface_isaac_base.usd@</Lite3ProSensorRigRealWithInterfaceV1/FR_FOOT/visuals> (recomposing stage on stage @anon:0x5f98e67725f0:World0.usd@ <0x5f98e488b150>)

2026-08-14T20:09:52Z [9,863ms] [Warning] [omni.usd] Warning: in _ReportErrors at line 3172 of /builds/omniverse/usd-ci/USD/pxr/usd/usd/stage.cpp -- In </World/envs/env_0/Robot/HL_FOOT/visuals>: Unresolved reference prim path @/tmp/IsaacLab/usd_20260814_160952_1824/configuration/lite3_pro_sensor_rig_real_with_interface_isaac_physics.usd@</visuals/HL_FOOT> introduced by @/tmp/IsaacLab/usd_20260814_160952_1824/configuration/lite3_pro_sensor_rig_real_with_interface_isaac_base.usd@</Lite3ProSensorRigRealWithInterfaceV1/HL_FOOT/visuals> (recomposing stage on stage @anon:0x5f98e67725f0:World0.usd@ <0x5f98e488b150>)

2026-08-14T20:09:52Z [9,863ms] [Warning] [omni.usd] Warning: in _ReportErrors at line 3172 of /builds/omniverse/usd-ci/USD/pxr/usd/usd/stage.cpp -- In </World/envs/env_0/Robot/FL_FOOT/visuals>: Unresolved reference prim path @/tmp/IsaacLab/usd_20260814_160952_1824/configuration/lite3_pro_sensor_rig_real_with_interface_isaac_physics.usd@</visuals/FL_FOOT> introduced by @/tmp/IsaacLab/usd_20260814_160952_1824/configuration/lite3_pro_sensor_rig_real_with_interface_isaac_base.usd@</Lite3ProSensorRigRealWithInterfaceV1/FL_FOOT/visuals> (recomposing stage on stage @anon:0x5f98e67725f0:World0.usd@ <0x5f98e488b150>)

2026-08-14T20:09:52Z [9,863ms] [Warning] [omni.usd] Warning: in _ReportErrors at line 3172 of /builds/omniverse/usd-ci/USD/pxr/usd/usd/stage.cpp -- In </World/envs/env_0/Robot/HR_FOOT/visuals>: Unresolved reference prim path @/tmp/IsaacLab/usd_20260814_160952_1824/configuration/lite3_pro_sensor_rig_real_with_interface_isaac_physics.usd@</visuals/HR_FOOT> introduced by @/tmp/IsaacLab/usd_20260814_160952_1824/configuration/lite3_pro_sensor_rig_real_with_interface_isaac_base.usd@</Lite3ProSensorRigRealWithInterfaceV1/HR_FOOT/visuals> (recomposing stage on stage @anon:0x5f98e67725f0:World0.usd@ <0x5f98e488b150>)

2026-08-14T20:09:52Z [9,863ms] [Warning] [omni.usd] Warning: in _ReportErrors at line 3172 of /builds/omniverse/usd-ci/USD/pxr/usd/usd/stage.cpp -- In </World/envs/env_0/Robot/d435i_depth_optical_frame/visuals>: Unresolved reference prim path @/tmp/IsaacLab/usd_20260814_160952_1824/configuration/lite3_pro_sensor_rig_real_with_interface_isaac_physics.usd@</visuals/d435i_depth_optical_frame> introduced by @/tmp/IsaacLab/usd_20260814_160952_1824/configuration/lite3_pro_sensor_rig_real_with_interface_isaac_base.usd@</Lite3ProSensorRigRealWithInterfaceV1/d435i_depth_optical_frame/visuals> (recomposing stage on stage @anon:0x5f98e67725f0:World0.usd@ <0x5f98e488b150>)

2026-08-14T20:09:52Z [9,863ms] [Warning] [omni.usd] Warning: in _ReportErrors at line 3172 of /builds/omniverse/usd-ci/USD/pxr/usd/usd/stage.cpp -- In </World/envs/env_0/Robot/mid360_scan_frame/visuals>: Unresolved reference prim path @/tmp/IsaacLab/usd_20260814_160952_1824/configuration/lite3_pro_sensor_rig_real_with_interface_isaac_physics.usd@</visuals/mid360_scan_frame> introduced by @/tmp/IsaacLab/usd_20260814_160952_1824/configuration/lite3_pro_sensor_rig_real_with_interface_isaac_base.usd@</Lite3ProSensorRigRealWithInterfaceV1/mid360_scan_frame/visuals> (recomposing stage on stage @anon:0x5f98e67725f0:World0.usd@ <0x5f98e488b150>)

[INFO] Generating terrains randomly took : 0.004529 seconds
[INFO]: Time taken for scene creation : 5.313711 seconds
[INFO]: Scene manager:  <class InteractiveScene>
	Number of environments: 1
	Environment spacing   : 0.5
	Source prim name      : /World/envs/env_0
	Global prim paths     : ['/World/ground', '/World/forest_visual/asset_000', '/World/forest_visual/asset_001', '/World/forest_visual/asset_002', '/World/forest_visual/asset_003', '/World/forest_visual/asset_004', '/World/forest_visual/asset_005', '/World/forest_visual/asset_006', '/World/forest_visual/asset_007', '/World/forest_visual/asset_008', '/World/forest_visual/asset_009', '/World/forest_visual/asset_010', '/World/forest_visual/asset_011', '/World/forest_visual/asset_012', '/World/forest_visual/asset_013', '/World/forest_visual/asset_014', '/World/forest_visual/asset_015', '/World/forest_visual/asset_016', '/World/forest_visual/asset_017', '/World/forest_visual/asset_018', '/World/forest_visual/asset_019', '/World/forest_visual/asset_020', '/World/forest_visual/asset_021', '/World/forest_visual/asset_022', '/World/forest_visual/asset_023', '/World/forest_visual/asset_024', '/World/forest_visual/asset_025', '/World/forest_visual/asset_026', '/World/forest_visual/asset_027', '/World/forest_visual/asset_028', '/World/forest_visual/asset_029', '/World/forest_visual/asset_030', '/World/forest_visual/asset_031', '/World/forest_visual/asset_032', '/World/forest_visual/asset_033', '/World/forest_visual/asset_034', '/World/forest_visual/asset_035', '/World/forest_visual/asset_036', '/World/forest_visual/asset_037', '/World/forest_visual/asset_038', '/World/forest_visual/asset_039', '/World/forest_visual/asset_040', '/World/forest_visual/asset_041', '/World/forest_visual/asset_042', '/World/forest_visual/asset_043', '/World/forest_visual/asset_044', '/World/forest_visual/asset_045', '/World/forest_visual/asset_046', '/World/forest_collision/proxy_000', '/World/forest_collision/proxy_001', '/World/forest_collision/proxy_002', '/World/forest_collision/proxy_003', '/World/forest_collision/proxy_004', '/World/forest_collision/proxy_005', '/World/forest_collision/proxy_006', '/World/forest_collision/proxy_007', '/World/forest_collision/proxy_008', '/World/forest_collision/proxy_009', '/World/forest_collision/proxy_010', '/World/envs/env_0/DynamicObstacle']
	Replicate physics     : True
[INFO]: Starting the simulation. This may take a few seconds. Please wait...
[INFO]: Time taken for simulation start : 1.692666 seconds
[INFO] Command Manager:  <CommandManager> contains 1 active terms.
+-----------------------------------------+
|           Active Command Terms          |
+-------+---------------+-----------------+
| Index | Name          |       Type      |
+-------+---------------+-----------------+
|   0   | base_velocity | Go2RLGymCommand |
+-------+---------------+-----------------+

[INFO] Event Manager:  <EventManager> contains 1 active terms.
+-------------------------------------+
| Active Event Terms in Mode: 'reset' |
+---------+---------------------------+
|  Index  | Name                      |
+---------+---------------------------+
|    0    | reset_robot_joints        |
|    1    | reset_base                |
+---------+---------------------------+

[INFO] Recorder Manager:  <RecorderManager> contains 0 active terms.
+---------------------+
| Active Recorder Terms |
+-----------+---------+
|   Index   | Name    |
+-----------+---------+
+-----------+---------+

[INFO] Action Manager:  <ActionManager> contains 1 active terms.
+------------------------------------+
|  Active Action Terms (shape: 12)   |
+--------+-------------+-------------+
| Index  | Name        |   Dimension |
+--------+-------------+-------------+
|   0    | joint_pos   |          12 |
+--------+-------------+-------------+

[INFO] Observation Manager: <ObservationManager> contains 3 groups.
+----------------------------------------------------------+
| Active Observation Terms in Group: 'policy' (shape: (450,)) |
+-----------+--------------------------------+-------------+
|   Index   | Name                           |    Shape    |
+-----------+--------------------------------+-------------+
|     0     | base_ang_vel                   |    (30,)    |
|     1     | projected_gravity              |    (30,)    |
|     2     | velocity_commands              |    (30,)    |
|     3     | joint_pos                      |    (120,)   |
|     4     | joint_vel                      |    (120,)   |
|     5     | actions                        |    (120,)   |
+-----------+--------------------------------+-------------+
+----------------------------------------------------------+
| Active Observation Terms in Group: 'critic' (shape: (275,)) |
+-----------+--------------------------------+-------------+
|   Index   | Name                           |    Shape    |
+-----------+--------------------------------+-------------+
|     0     | base_lin_vel                   |     (3,)    |
|     1     | base_ang_vel                   |     (3,)    |
|     2     | projected_gravity              |     (3,)    |
|     3     | velocity_commands              |     (3,)    |
|     4     | joint_pos                      |    (12,)    |
|     5     | joint_vel                      |    (12,)    |
|     6     | actions                        |    (12,)    |
|     7     | joint_acc                      |    (12,)    |
|     8     | joint_torque                   |    (12,)    |
|     9     | contact_force                  |    (16,)    |
|     10    | height_scan                    |    (187,)   |
+-----------+--------------------------------+-------------+
+-------------------------------------------------------------+
| Active Observation Terms in Group: 'single_obs' (shape: (45,)) |
+------------+-----------------------------------+------------+
|   Index    | Name                              |   Shape    |
+------------+-----------------------------------+------------+
|     0      | base_ang_vel                      |    (3,)    |
|     1      | projected_gravity                 |    (3,)    |
|     2      | velocity_commands                 |    (3,)    |
|     3      | joint_pos                         |   (12,)    |
|     4      | joint_vel                         |   (12,)    |
|     5      | actions                           |   (12,)    |
+------------+-----------------------------------+------------+

[INFO] Termination Manager:  <TerminationManager> contains 2 active terms.
+------------------------------------+
|      Active Termination Terms      |
+-------+-----------------+----------+
| Index | Name            | Time Out |
+-------+-----------------+----------+
|   0   | time_out        |   True   |
|   1   | illegal_contact |  False   |
+-------+-----------------+----------+

[INFO] Reward Manager:  <RewardManager> contains 15 active terms.
+----------------------------------------+
|          Active Reward Terms           |
+-------+----------------------+---------+
| Index | Name                 |  Weight |
+-------+----------------------+---------+
|   0   | track_lin_vel_xy_exp |     2.0 |
|   1   | track_ang_vel_z_exp  |     1.0 |
|   2   | lin_vel_z_l2         |    -2.0 |
|   3   | ang_vel_xy_l2        |   -0.05 |
|   4   | joint_acc_l2         |  -1e-07 |
|   5   | joint_power          |  -2e-05 |
|   6   | joint_torques_l2     | -0.0001 |
|   7   | base_height_l2       |    -1.0 |
|   8   | action_rate_l2       |   -0.01 |
|   9   | action_smoothness_l2 |   -0.01 |
|   10  | undesired_contacts   |    -1.0 |
|   11  | joint_pos_limits     |    -2.0 |
|   12  | feet_regulation      |   -0.05 |
|   13  | hip_pos_penalty_l1   |   -0.05 |
|   14  | joint_pos_penalty_l1 |   -0.01 |
+-------+----------------------+---------+

[INFO] Curriculum Manager:  <CurriculumManager> contains 0 active terms.
+----------------------+
| Active Curriculum Terms |
+-----------+----------+
|   Index   | Name     |
+-----------+----------+
+-----------+----------+

[Go2Env-INFO] Overriding action manager with ActionManagerGo2:  <ActionManager> contains 1 active terms.
+------------------------------------+
|  Active Action Terms (shape: 12)   |
+--------+-------------+-------------+
| Index  | Name        |   Dimension |
+--------+-------------+-------------+
|   0    | joint_pos   |          12 |
+--------+-------------+-------------+

[INFO]: Completed setting up the environment...
/home/sun/machine-dog-nav-runs/2026-08-14_scan_forest_v7_dynamic/source/locomotion_v12/runtime_20260718_recovered/source/rsl_rl/rsl_rl/utils/utils.py:280: UserWarning: The observation configuration dictionary 'obs_groups' must contain the 'policy' key. As an observation group with the name 'policy' was found, this is assumed to be the observation set. Consider adding the 'policy' key to the 'obs_groups' dictionary for clarity. This behavior will be removed in a future version.
  warnings.warn(
/home/sun/machine-dog-nav-runs/2026-08-14_scan_forest_v7_dynamic/source/locomotion_v12/runtime_20260718_recovered/source/rsl_rl/rsl_rl/utils/utils.py:318: UserWarning: The observation configuration dictionary 'obs_groups' must contain the 'critic' key. As an observation group with the name 'critic' was found, this is assumed to be the observation set. Consider adding the 'critic' key to the 'obs_groups' dictionary for clarity. This behavior will be removed in a future version.
  warnings.warn(
--------------------------------------------------------------------------------
Resolved observation sets: 
	 policy :  ['policy']
	 critic :  ['critic']
--------------------------------------------------------------------------------
Teacher Encoder: Sequential(
  (0): MLP(
    (network): Sequential(
      (0): Linear(in_features=275, out_features=512, bias=True)
      (1): ELU(alpha=1.0)
      (2): Linear(in_features=512, out_features=256, bias=True)
      (3): ELU(alpha=1.0)
      (4): Linear(in_features=256, out_features=32, bias=True)
    )
  )
  (1): L2Norm()
)
Student MoE Encoder: StudentMoEEncoder(
  (norm_layer): L2Norm()
  (moe): MoE(
    (experts): Experts(
      (backbone): MLP(
        (network): Sequential(
          (0): Linear(in_features=450, out_features=512, bias=True)
          (1): ELU(alpha=1.0)
          (2): Linear(in_features=512, out_features=256, bias=True)
          (3): ELU(alpha=1.0)
          (4): Linear(in_features=256, out_features=2048, bias=True)
          (5): ELU(alpha=1.0)
        )
      )
      (experts): Conv1d(2048, 256, kernel_size=(1,), stride=(1,), groups=8)
    )
    (gating_network): Sequential(
      (0): MLP(
        (network): Sequential(
          (0): Linear(in_features=450, out_features=512, bias=True)
          (1): ELU(alpha=1.0)
          (2): Linear(in_features=512, out_features=256, bias=True)
          (3): ELU(alpha=1.0)
          (4): Linear(in_features=256, out_features=256, bias=True)
          (5): ELU(alpha=1.0)
          (6): Linear(in_features=256, out_features=8, bias=True)
        )
      )
      (1): Softmax(dim=-1)
    )
  )
)
Actor MLP: MLP(
  (network): Sequential(
    (0): Linear(in_features=77, out_features=512, bias=True)
    (1): ELU(alpha=1.0)
    (2): Linear(in_features=512, out_features=256, bias=True)
    (3): ELU(alpha=1.0)
    (4): Linear(in_features=256, out_features=128, bias=True)
    (5): ELU(alpha=1.0)
    (6): Linear(in_features=128, out_features=12, bias=True)
  )
)
Critic MLP: MLP(
  (network): Sequential(
    (0): Linear(in_features=307, out_features=512, bias=True)
    (1): ELU(alpha=1.0)
    (2): Linear(in_features=512, out_features=256, bias=True)
    (3): ELU(alpha=1.0)
    (4): Linear(in_features=256, out_features=128, bias=True)
    (5): ELU(alpha=1.0)
    (6): Linear(in_features=128, out_features=1, bias=True)
  )
)
2026-08-14T20:09:59Z [16,801ms] [Warning] [omni.fabric.plugin] getAttributeCount called on non-existent path /World/envs/env_0/Robot/sensor_carrier_link/visuals/sensor_carrier_link_material/node_STL_BINARY_
2026-08-14T20:09:59Z [16,801ms] [Warning] [omni.fabric.plugin] getTypes called on non-existent path /World/envs/env_0/Robot/sensor_carrier_link/visuals/sensor_carrier_link_material/node_STL_BINARY_
2026-08-14T20:10:01Z [18,616ms] [Warning] [omni.syntheticdata.plugin] OgnSdPostRenderVarToHost : rendervar copy from texture directly to host buffer is counter-performant. Please use copy from texture to device buffer first.
{"status": "INSTRUMENTATION_ERROR", "output_dir": "/home/sun/machine-dog-nav-runs/2026-08-14_scan_forest_v7_dynamic/results/forest_v7_candidate_dryrun11/isaac"}
