ISO-10303-21;
HEADER;
/* Generated by software containing ST-Developer
 * from STEP Tools, Inc. (www.steptools.com) 
 */

FILE_DESCRIPTION(
/* description */ (''),
/* implementation_level */ '2;1');

FILE_NAME(
/* name */ 'carrier-rev-e-rear-tabs-group-b.step',
/* time_stamp */ '2026-07-30T07:38:23-07:00',
/* author */ (''),
/* organization */ (''),
/* preprocessor_version */ 'ST-DEVELOPER v20.1',
/* originating_system */ 'Autodesk Translation Framework v15.8.0.0',
/* authorisation */ '');

FILE_SCHEMA (('AUTOMOTIVE_DESIGN { 1 0 10303 214 3 1 1 }'));
ENDSEC;

DATA;
#10=MECHANICAL_DESIGN_GEOMETRIC_PRESENTATION_REPRESENTATION('',(#13),#9533);
#11=SHAPE_REPRESENTATION_RELATIONSHIP('SRR','None',#9540,#12);
#12=ADVANCED_BREP_SHAPE_REPRESENTATION('',(#14),#9532);
#13=STYLED_ITEM('',(#9549),#14);
#14=MANIFOLD_SOLID_BREP('carrier_rev_e_rear_tabs_to_group_B',#3576);
#15=ELLIPSE('',#3683,0.2174079978861,0.21);
#16=ELLIPSE('',#3687,0.2174079978861,0.21);
#17=ELLIPSE('',#3691,0.2174079978861,0.21);
#18=ELLIPSE('',#3692,0.2174079978861,0.21);
#19=ELLIPSE('',#3693,0.1294095225513,0.125);
#20=ELLIPSE('',#3699,0.2174079978861,0.21);
#21=ELLIPSE('',#3700,0.2174079978861,0.21);
#22=ELLIPSE('',#3704,0.3519939013394,0.34);
#23=ELLIPSE('',#3705,0.310582854123,0.3);
#24=ELLIPSE('',#3706,0.310582854123,0.3);
#25=ELLIPSE('',#3707,0.310582854123,0.3);
#26=ELLIPSE('',#3708,0.310582854123,0.3);
#27=ELLIPSE('',#3709,0.3519939013394,0.34);
#28=ELLIPSE('',#3710,0.310582854123,0.3);
#29=ELLIPSE('',#3711,0.310582854123,0.3);
#30=ELLIPSE('',#3723,0.2588190451025,0.25);
#31=ELLIPSE('',#3724,0.2588190451025,0.25);
#32=ELLIPSE('',#3726,0.310582854123,0.3);
#33=ELLIPSE('',#3728,0.310582854123,0.3);
#34=ELLIPSE('',#3729,0.310582854123,0.3);
#35=ELLIPSE('',#3730,0.310582854123,0.3);
#36=ELLIPSE('',#3740,0.2174079978861,0.21);
#37=ELLIPSE('',#3744,0.2174079978861,0.21);
#38=ELLIPSE('',#3793,0.1294095225513,0.125);
#39=ELLIPSE('',#3795,0.1294095225513,0.125);
#40=ELLIPSE('',#3796,0.1294095225513,0.125);
#41=CONICAL_SURFACE('',#3632,0.225,0.01745329251994);
#42=CONICAL_SURFACE('',#3634,0.175,0.01745329251994);
#43=CONICAL_SURFACE('',#3635,0.175,0.01745329251994);
#44=CONICAL_SURFACE('',#3879,0.17,0.785398163397);
#45=CONICAL_SURFACE('',#3901,0.17,0.785398163397);
#46=CONICAL_SURFACE('',#3903,0.125,1.029744258677);
#47=CONICAL_SURFACE('',#3906,0.125,1.029744258677);
#48=B_SPLINE_SURFACE_WITH_KNOTS('',3,1,((#5122,#5123),(#5124,#5125),(#5126,
#5127),(#5128,#5129),(#5130,#5131),(#5132,#5133),(#5134,#5135),(#5136,#5137),
(#5138,#5139),(#5140,#5141),(#5142,#5143),(#5144,#5145),(#5146,#5147),(#5148,
#5149),(#5150,#5151),(#5152,#5153),(#5154,#5155),(#5156,#5157),(#5158,#5159)),
 .UNSPECIFIED.,.F.,.F.,.F.,(4,3,3,3,3,3,4),(2,2),(0.686342880354,0.727924956202,
0.850434631926,0.911757447033,0.973182167026,0.989991996551,0.991804135575),
(0.,6.16902554610538),.UNSPECIFIED.);
#49=B_SPLINE_SURFACE_WITH_KNOTS('',3,5,((#5219,#5220,#5221,#5222,#5223,
#5224,#5225,#5226,#5227,#5228,#5229,#5230,#5231,#5232,#5233,#5234,#5235,
#5236,#5237,#5238,#5239,#5240,#5241,#5242),(#5243,#5244,#5245,#5246,#5247,
#5248,#5249,#5250,#5251,#5252,#5253,#5254,#5255,#5256,#5257,#5258,#5259,
#5260,#5261,#5262,#5263,#5264,#5265,#5266),(#5267,#5268,#5269,#5270,#5271,
#5272,#5273,#5274,#5275,#5276,#5277,#5278,#5279,#5280,#5281,#5282,#5283,
#5284,#5285,#5286,#5287,#5288,#5289,#5290),(#5291,#5292,#5293,#5294,#5295,
#5296,#5297,#5298,#5299,#5300,#5301,#5302,#5303,#5304,#5305,#5306,#5307,
#5308,#5309,#5310,#5311,#5312,#5313,#5314),(#5315,#5316,#5317,#5318,#5319,
#5320,#5321,#5322,#5323,#5324,#5325,#5326,#5327,#5328,#5329,#5330,#5331,
#5332,#5333,#5334,#5335,#5336,#5337,#5338),(#5339,#5340,#5341,#5342,#5343,
#5344,#5345,#5346,#5347,#5348,#5349,#5350,#5351,#5352,#5353,#5354,#5355,
#5356,#5357,#5358,#5359,#5360,#5361,#5362),(#5363,#5364,#5365,#5366,#5367,
#5368,#5369,#5370,#5371,#5372,#5373,#5374,#5375,#5376,#5377,#5378,#5379,
#5380,#5381,#5382,#5383,#5384,#5385,#5386),(#5387,#5388,#5389,#5390,#5391,
#5392,#5393,#5394,#5395,#5396,#5397,#5398,#5399,#5400,#5401,#5402,#5403,
#5404,#5405,#5406,#5407,#5408,#5409,#5410),(#5411,#5412,#5413,#5414,#5415,
#5416,#5417,#5418,#5419,#5420,#5421,#5422,#5423,#5424,#5425,#5426,#5427,
#5428,#5429,#5430,#5431,#5432,#5433,#5434),(#5435,#5436,#5437,#5438,#5439,
#5440,#5441,#5442,#5443,#5444,#5445,#5446,#5447,#5448,#5449,#5450,#5451,
#5452,#5453,#5454,#5455,#5456,#5457,#5458),(#5459,#5460,#5461,#5462,#5463,
#5464,#5465,#5466,#5467,#5468,#5469,#5470,#5471,#5472,#5473,#5474,#5475,
#5476,#5477,#5478,#5479,#5480,#5481,#5482),(#5483,#5484,#5485,#5486,#5487,
#5488,#5489,#5490,#5491,#5492,#5493,#5494,#5495,#5496,#5497,#5498,#5499,
#5500,#5501,#5502,#5503,#5504,#5505,#5506),(#5507,#5508,#5509,#5510,#5511,
#5512,#5513,#5514,#5515,#5516,#5517,#5518,#5519,#5520,#5521,#5522,#5523,
#5524,#5525,#5526,#5527,#5528,#5529,#5530),(#5531,#5532,#5533,#5534,#5535,
#5536,#5537,#5538,#5539,#5540,#5541,#5542,#5543,#5544,#5545,#5546,#5547,
#5548,#5549,#5550,#5551,#5552,#5553,#5554),(#5555,#5556,#5557,#5558,#5559,
#5560,#5561,#5562,#5563,#5564,#5565,#5566,#5567,#5568,#5569,#5570,#5571,
#5572,#5573,#5574,#5575,#5576,#5577,#5578),(#5579,#5580,#5581,#5582,#5583,
#5584,#5585,#5586,#5587,#5588,#5589,#5590,#5591,#5592,#5593,#5594,#5595,
#5596,#5597,#5598,#5599,#5600,#5601,#5602),(#5603,#5604,#5605,#5606,#5607,
#5608,#5609,#5610,#5611,#5612,#5613,#5614,#5615,#5616,#5617,#5618,#5619,
#5620,#5621,#5622,#5623,#5624,#5625,#5626),(#5627,#5628,#5629,#5630,#5631,
#5632,#5633,#5634,#5635,#5636,#5637,#5638,#5639,#5640,#5641,#5642,#5643,
#5644,#5645,#5646,#5647,#5648,#5649,#5650),(#5651,#5652,#5653,#5654,#5655,
#5656,#5657,#5658,#5659,#5660,#5661,#5662,#5663,#5664,#5665,#5666,#5667,
#5668,#5669,#5670,#5671,#5672,#5673,#5674),(#5675,#5676,#5677,#5678,#5679,
#5680,#5681,#5682,#5683,#5684,#5685,#5686,#5687,#5688,#5689,#5690,#5691,
#5692,#5693,#5694,#5695,#5696,#5697,#5698),(#5699,#5700,#5701,#5702,#5703,
#5704,#5705,#5706,#5707,#5708,#5709,#5710,#5711,#5712,#5713,#5714,#5715,
#5716,#5717,#5718,#5719,#5720,#5721,#5722),(#5723,#5724,#5725,#5726,#5727,
#5728,#5729,#5730,#5731,#5732,#5733,#5734,#5735,#5736,#5737,#5738,#5739,
#5740,#5741,#5742,#5743,#5744,#5745,#5746),(#5747,#5748,#5749,#5750,#5751,
#5752,#5753,#5754,#5755,#5756,#5757,#5758,#5759,#5760,#5761,#5762,#5763,
#5764,#5765,#5766,#5767,#5768,#5769,#5770),(#5771,#5772,#5773,#5774,#5775,
#5776,#5777,#5778,#5779,#5780,#5781,#5782,#5783,#5784,#5785,#5786,#5787,
#5788,#5789,#5790,#5791,#5792,#5793,#5794),(#5795,#5796,#5797,#5798,#5799,
#5800,#5801,#5802,#5803,#5804,#5805,#5806,#5807,#5808,#5809,#5810,#5811,
#5812,#5813,#5814,#5815,#5816,#5817,#5818),(#5819,#5820,#5821,#5822,#5823,
#5824,#5825,#5826,#5827,#5828,#5829,#5830,#5831,#5832,#5833,#5834,#5835,
#5836,#5837,#5838,#5839,#5840,#5841,#5842),(#5843,#5844,#5845,#5846,#5847,
#5848,#5849,#5850,#5851,#5852,#5853,#5854,#5855,#5856,#5857,#5858,#5859,
#5860,#5861,#5862,#5863,#5864,#5865,#5866)),.UNSPECIFIED.,.F.,.F.,.F.,(4,
3,2,2,2,2,2,2,2,2,2,2,4),(6,1,1,1,1,1,1,1,1,1,1,1,1,1,1,1,1,1,1,6),(0.,
0.00990099009901,0.07178217137117,0.133663352643,0.257425715186,0.504950440272,
0.628712802815,0.752475165358,0.81435634663,0.876237527902,0.938118709173,
0.969059299809,1.),(0.,0.05263467208304,0.105261405503,0.157888138922,0.210514872342,
0.263141605761,0.315768339181,0.368395072601,0.42102180602,0.47364853944,
0.526275272859,0.578902006279,0.631528739699,0.684155473118,0.736782206538,
0.789408939958,0.842035673377,0.894662406797,0.947289140216,1.),
 .UNSPECIFIED.);
#50=B_SPLINE_SURFACE_WITH_KNOTS('',3,1,((#5906,#5907),(#5908,#5909),(#5910,
#5911),(#5912,#5913),(#5914,#5915),(#5916,#5917),(#5918,#5919),(#5920,#5921),
(#5922,#5923),(#5924,#5925),(#5926,#5927),(#5928,#5929),(#5930,#5931),(#5932,
#5933),(#5934,#5935),(#5936,#5937),(#5938,#5939),(#5940,#5941),(#5942,#5943)),
 .UNSPECIFIED.,.F.,.F.,.F.,(4,3,3,3,3,3,4),(2,2),(0.686342880354,0.727924956202,
0.850434631926,0.911757447033,0.973182167026,0.989991996551,0.991804135575),
(0.,6.16898606837844),.UNSPECIFIED.);
#51=B_SPLINE_SURFACE_WITH_KNOTS('',5,3,((#5966,#5967,#5968,#5969,#5970,
#5971,#5972,#5973,#5974,#5975,#5976,#5977,#5978,#5979,#5980,#5981,#5982,
#5983,#5984,#5985,#5986,#5987,#5988,#5989),(#5990,#5991,#5992,#5993,#5994,
#5995,#5996,#5997,#5998,#5999,#6000,#6001,#6002,#6003,#6004,#6005,#6006,
#6007,#6008,#6009,#6010,#6011,#6012,#6013),(#6014,#6015,#6016,#6017,#6018,
#6019,#6020,#6021,#6022,#6023,#6024,#6025,#6026,#6027,#6028,#6029,#6030,
#6031,#6032,#6033,#6034,#6035,#6036,#6037),(#6038,#6039,#6040,#6041,#6042,
#6043,#6044,#6045,#6046,#6047,#6048,#6049,#6050,#6051,#6052,#6053,#6054,
#6055,#6056,#6057,#6058,#6059,#6060,#6061),(#6062,#6063,#6064,#6065,#6066,
#6067,#6068,#6069,#6070,#6071,#6072,#6073,#6074,#6075,#6076,#6077,#6078,
#6079,#6080,#6081,#6082,#6083,#6084,#6085),(#6086,#6087,#6088,#6089,#6090,
#6091,#6092,#6093,#6094,#6095,#6096,#6097,#6098,#6099,#6100,#6101,#6102,
#6103,#6104,#6105,#6106,#6107,#6108,#6109),(#6110,#6111,#6112,#6113,#6114,
#6115,#6116,#6117,#6118,#6119,#6120,#6121,#6122,#6123,#6124,#6125,#6126,
#6127,#6128,#6129,#6130,#6131,#6132,#6133),(#6134,#6135,#6136,#6137,#6138,
#6139,#6140,#6141,#6142,#6143,#6144,#6145,#6146,#6147,#6148,#6149,#6150,
#6151,#6152,#6153,#6154,#6155,#6156,#6157),(#6158,#6159,#6160,#6161,#6162,
#6163,#6164,#6165,#6166,#6167,#6168,#6169,#6170,#6171,#6172,#6173,#6174,
#6175,#6176,#6177,#6178,#6179,#6180,#6181),(#6182,#6183,#6184,#6185,#6186,
#6187,#6188,#6189,#6190,#6191,#6192,#6193,#6194,#6195,#6196,#6197,#6198,
#6199,#6200,#6201,#6202,#6203,#6204,#6205),(#6206,#6207,#6208,#6209,#6210,
#6211,#6212,#6213,#6214,#6215,#6216,#6217,#6218,#6219,#6220,#6221,#6222,
#6223,#6224,#6225,#6226,#6227,#6228,#6229),(#6230,#6231,#6232,#6233,#6234,
#6235,#6236,#6237,#6238,#6239,#6240,#6241,#6242,#6243,#6244,#6245,#6246,
#6247,#6248,#6249,#6250,#6251,#6252,#6253),(#6254,#6255,#6256,#6257,#6258,
#6259,#6260,#6261,#6262,#6263,#6264,#6265,#6266,#6267,#6268,#6269,#6270,
#6271,#6272,#6273,#6274,#6275,#6276,#6277),(#6278,#6279,#6280,#6281,#6282,
#6283,#6284,#6285,#6286,#6287,#6288,#6289,#6290,#6291,#6292,#6293,#6294,
#6295,#6296,#6297,#6298,#6299,#6300,#6301),(#6302,#6303,#6304,#6305,#6306,
#6307,#6308,#6309,#6310,#6311,#6312,#6313,#6314,#6315,#6316,#6317,#6318,
#6319,#6320,#6321,#6322,#6323,#6324,#6325),(#6326,#6327,#6328,#6329,#6330,
#6331,#6332,#6333,#6334,#6335,#6336,#6337,#6338,#6339,#6340,#6341,#6342,
#6343,#6344,#6345,#6346,#6347,#6348,#6349),(#6350,#6351,#6352,#6353,#6354,
#6355,#6356,#6357,#6358,#6359,#6360,#6361,#6362,#6363,#6364,#6365,#6366,
#6367,#6368,#6369,#6370,#6371,#6372,#6373),(#6374,#6375,#6376,#6377,#6378,
#6379,#6380,#6381,#6382,#6383,#6384,#6385,#6386,#6387,#6388,#6389,#6390,
#6391,#6392,#6393,#6394,#6395,#6396,#6397),(#6398,#6399,#6400,#6401,#6402,
#6403,#6404,#6405,#6406,#6407,#6408,#6409,#6410,#6411,#6412,#6413,#6414,
#6415,#6416,#6417,#6418,#6419,#6420,#6421),(#6422,#6423,#6424,#6425,#6426,
#6427,#6428,#6429,#6430,#6431,#6432,#6433,#6434,#6435,#6436,#6437,#6438,
#6439,#6440,#6441,#6442,#6443,#6444,#6445),(#6446,#6447,#6448,#6449,#6450,
#6451,#6452,#6453,#6454,#6455,#6456,#6457,#6458,#6459,#6460,#6461,#6462,
#6463,#6464,#6465,#6466,#6467,#6468,#6469),(#6470,#6471,#6472,#6473,#6474,
#6475,#6476,#6477,#6478,#6479,#6480,#6481,#6482,#6483,#6484,#6485,#6486,
#6487,#6488,#6489,#6490,#6491,#6492,#6493),(#6494,#6495,#6496,#6497,#6498,
#6499,#6500,#6501,#6502,#6503,#6504,#6505,#6506,#6507,#6508,#6509,#6510,
#6511,#6512,#6513,#6514,#6515,#6516,#6517),(#6518,#6519,#6520,#6521,#6522,
#6523,#6524,#6525,#6526,#6527,#6528,#6529,#6530,#6531,#6532,#6533,#6534,
#6535,#6536,#6537,#6538,#6539,#6540,#6541),(#6542,#6543,#6544,#6545,#6546,
#6547,#6548,#6549,#6550,#6551,#6552,#6553,#6554,#6555,#6556,#6557,#6558,
#6559,#6560,#6561,#6562,#6563,#6564,#6565),(#6566,#6567,#6568,#6569,#6570,
#6571,#6572,#6573,#6574,#6575,#6576,#6577,#6578,#6579,#6580,#6581,#6582,
#6583,#6584,#6585,#6586,#6587,#6588,#6589),(#6590,#6591,#6592,#6593,#6594,
#6595,#6596,#6597,#6598,#6599,#6600,#6601,#6602,#6603,#6604,#6605,#6606,
#6607,#6608,#6609,#6610,#6611,#6612,#6613),(#6614,#6615,#6616,#6617,#6618,
#6619,#6620,#6621,#6622,#6623,#6624,#6625,#6626,#6627,#6628,#6629,#6630,
#6631,#6632,#6633,#6634,#6635,#6636,#6637),(#6638,#6639,#6640,#6641,#6642,
#6643,#6644,#6645,#6646,#6647,#6648,#6649,#6650,#6651,#6652,#6653,#6654,
#6655,#6656,#6657,#6658,#6659,#6660,#6661)),.UNSPECIFIED.,.F.,.F.,.F.,(6,
1,1,1,1,1,1,1,1,1,1,1,1,1,1,1,1,1,1,5,6),(4,2,2,2,2,2,2,2,2,2,2,4),(0.,
0.05211353671589,0.104219213369,0.156324890022,0.208430566675,0.260536243328,
0.312641919981,0.364747596634,0.416853273287,0.46895894994,0.521064626594,
0.573170303247,0.6252759799,0.677381656553,0.729487333206,0.781593009859,
0.833698686512,0.885804363165,0.937910039818,0.990099009901,1.),(0.,0.06249999983663,
0.124999999673,0.249999999345,0.499999998689,0.624999998361,0.749999998033,
0.812499997869,0.874999997705,0.937499997541,0.968749997459,1.00000372957632),
 .UNSPECIFIED.);
#52=B_SPLINE_SURFACE_WITH_KNOTS('',3,1,((#6691,#6692),(#6693,#6694),(#6695,
#6696),(#6697,#6698),(#6699,#6700),(#6701,#6702),(#6703,#6704),(#6705,#6706),
(#6707,#6708),(#6709,#6710),(#6711,#6712),(#6713,#6714),(#6715,#6716),(#6717,
#6718),(#6719,#6720)),.UNSPECIFIED.,.F.,.F.,.F.,(4,3,3,1,1,3,4),(2,2),(0.,
0.12122173812,0.243246172458,0.365861973468,0.427169873973,0.488477774478,
0.69510980597),(0.,5.75240444947477),.UNSPECIFIED.);
#53=B_SPLINE_SURFACE_WITH_KNOTS('',3,1,((#7077,#7078),(#7079,#7080),(#7081,
#7082),(#7083,#7084),(#7085,#7086),(#7087,#7088),(#7089,#7090),(#7091,#7092),
(#7093,#7094),(#7095,#7096),(#7097,#7098),(#7099,#7100),(#7101,#7102),(#7103,
#7104),(#7105,#7106)),.UNSPECIFIED.,.F.,.F.,.F.,(4,3,3,1,1,3,4),(2,2),(0.,
0.12122173812,0.243246172458,0.365861973468,0.427169873973,0.488477774478,
0.695109805929),(0.,5.75240443794286),.UNSPECIFIED.);
#54=B_SPLINE_SURFACE_WITH_KNOTS('',5,3,((#7187,#7188,#7189,#7190,#7191,
#7192,#7193,#7194,#7195,#7196,#7197,#7198,#7199,#7200,#7201,#7202,#7203,
#7204,#7205,#7206,#7207,#7208,#7209,#7210),(#7211,#7212,#7213,#7214,#7215,
#7216,#7217,#7218,#7219,#7220,#7221,#7222,#7223,#7224,#7225,#7226,#7227,
#7228,#7229,#7230,#7231,#7232,#7233,#7234),(#7235,#7236,#7237,#7238,#7239,
#7240,#7241,#7242,#7243,#7244,#7245,#7246,#7247,#7248,#7249,#7250,#7251,
#7252,#7253,#7254,#7255,#7256,#7257,#7258),(#7259,#7260,#7261,#7262,#7263,
#7264,#7265,#7266,#7267,#7268,#7269,#7270,#7271,#7272,#7273,#7274,#7275,
#7276,#7277,#7278,#7279,#7280,#7281,#7282),(#7283,#7284,#7285,#7286,#7287,
#7288,#7289,#7290,#7291,#7292,#7293,#7294,#7295,#7296,#7297,#7298,#7299,
#7300,#7301,#7302,#7303,#7304,#7305,#7306),(#7307,#7308,#7309,#7310,#7311,
#7312,#7313,#7314,#7315,#7316,#7317,#7318,#7319,#7320,#7321,#7322,#7323,
#7324,#7325,#7326,#7327,#7328,#7329,#7330),(#7331,#7332,#7333,#7334,#7335,
#7336,#7337,#7338,#7339,#7340,#7341,#7342,#7343,#7344,#7345,#7346,#7347,
#7348,#7349,#7350,#7351,#7352,#7353,#7354),(#7355,#7356,#7357,#7358,#7359,
#7360,#7361,#7362,#7363,#7364,#7365,#7366,#7367,#7368,#7369,#7370,#7371,
#7372,#7373,#7374,#7375,#7376,#7377,#7378),(#7379,#7380,#7381,#7382,#7383,
#7384,#7385,#7386,#7387,#7388,#7389,#7390,#7391,#7392,#7393,#7394,#7395,
#7396,#7397,#7398,#7399,#7400,#7401,#7402),(#7403,#7404,#7405,#7406,#7407,
#7408,#7409,#7410,#7411,#7412,#7413,#7414,#7415,#7416,#7417,#7418,#7419,
#7420,#7421,#7422,#7423,#7424,#7425,#7426),(#7427,#7428,#7429,#7430,#7431,
#7432,#7433,#7434,#7435,#7436,#7437,#7438,#7439,#7440,#7441,#7442,#7443,
#7444,#7445,#7446,#7447,#7448,#7449,#7450),(#7451,#7452,#7453,#7454,#7455,
#7456,#7457,#7458,#7459,#7460,#7461,#7462,#7463,#7464,#7465,#7466,#7467,
#7468,#7469,#7470,#7471,#7472,#7473,#7474),(#7475,#7476,#7477,#7478,#7479,
#7480,#7481,#7482,#7483,#7484,#7485,#7486,#7487,#7488,#7489,#7490,#7491,
#7492,#7493,#7494,#7495,#7496,#7497,#7498),(#7499,#7500,#7501,#7502,#7503,
#7504,#7505,#7506,#7507,#7508,#7509,#7510,#7511,#7512,#7513,#7514,#7515,
#7516,#7517,#7518,#7519,#7520,#7521,#7522),(#7523,#7524,#7525,#7526,#7527,
#7528,#7529,#7530,#7531,#7532,#7533,#7534,#7535,#7536,#7537,#7538,#7539,
#7540,#7541,#7542,#7543,#7544,#7545,#7546),(#7547,#7548,#7549,#7550,#7551,
#7552,#7553,#7554,#7555,#7556,#7557,#7558,#7559,#7560,#7561,#7562,#7563,
#7564,#7565,#7566,#7567,#7568,#7569,#7570),(#7571,#7572,#7573,#7574,#7575,
#7576,#7577,#7578,#7579,#7580,#7581,#7582,#7583,#7584,#7585,#7586,#7587,
#7588,#7589,#7590,#7591,#7592,#7593,#7594),(#7595,#7596,#7597,#7598,#7599,
#7600,#7601,#7602,#7603,#7604,#7605,#7606,#7607,#7608,#7609,#7610,#7611,
#7612,#7613,#7614,#7615,#7616,#7617,#7618),(#7619,#7620,#7621,#7622,#7623,
#7624,#7625,#7626,#7627,#7628,#7629,#7630,#7631,#7632,#7633,#7634,#7635,
#7636,#7637,#7638,#7639,#7640,#7641,#7642),(#7643,#7644,#7645,#7646,#7647,
#7648,#7649,#7650,#7651,#7652,#7653,#7654,#7655,#7656,#7657,#7658,#7659,
#7660,#7661,#7662,#7663,#7664,#7665,#7666),(#7667,#7668,#7669,#7670,#7671,
#7672,#7673,#7674,#7675,#7676,#7677,#7678,#7679,#7680,#7681,#7682,#7683,
#7684,#7685,#7686,#7687,#7688,#7689,#7690),(#7691,#7692,#7693,#7694,#7695,
#7696,#7697,#7698,#7699,#7700,#7701,#7702,#7703,#7704,#7705,#7706,#7707,
#7708,#7709,#7710,#7711,#7712,#7713,#7714),(#7715,#7716,#7717,#7718,#7719,
#7720,#7721,#7722,#7723,#7724,#7725,#7726,#7727,#7728,#7729,#7730,#7731,
#7732,#7733,#7734,#7735,#7736,#7737,#7738),(#7739,#7740,#7741,#7742,#7743,
#7744,#7745,#7746,#7747,#7748,#7749,#7750,#7751,#7752,#7753,#7754,#7755,
#7756,#7757,#7758,#7759,#7760,#7761,#7762)),.UNSPECIFIED.,.F.,.F.,.F.,(6,
1,1,1,1,1,1,1,1,1,1,1,1,1,1,1,1,1,1,6),(4,2,2,2,2,2,2,2,2,2,2,4),(0.,0.05263467208304,
0.105261405503,0.157888138922,0.210514872342,0.263141605761,0.315768339181,
0.368395072601,0.42102180602,0.47364853944,0.526275272859,0.578902006279,
0.631528739699,0.684155473118,0.736782206538,0.789408939958,0.842035673377,
0.894662406797,0.947289140216,1.00000368109506),(-1.75836255268418E-6,0.06249999308488,
0.124999986169,0.249999972338,0.499999944675,0.624999930843,0.749999917012,
0.812499910096,0.874999903181,0.937499896265,0.968749892807,1.),
 .UNSPECIFIED.);
#55=B_SPLINE_SURFACE_WITH_KNOTS('',3,5,((#7779,#7780,#7781,#7782,#7783,
#7784,#7785,#7786,#7787,#7788,#7789,#7790,#7791,#7792,#7793,#7794,#7795,
#7796,#7797,#7798,#7799,#7800,#7801,#7802,#7803,#7804,#7805,#7806,#7807),
(#7808,#7809,#7810,#7811,#7812,#7813,#7814,#7815,#7816,#7817,#7818,#7819,
#7820,#7821,#7822,#7823,#7824,#7825,#7826,#7827,#7828,#7829,#7830,#7831,
#7832,#7833,#7834,#7835,#7836),(#7837,#7838,#7839,#7840,#7841,#7842,#7843,
#7844,#7845,#7846,#7847,#7848,#7849,#7850,#7851,#7852,#7853,#7854,#7855,
#7856,#7857,#7858,#7859,#7860,#7861,#7862,#7863,#7864,#7865),(#7866,#7867,
#7868,#7869,#7870,#7871,#7872,#7873,#7874,#7875,#7876,#7877,#7878,#7879,
#7880,#7881,#7882,#7883,#7884,#7885,#7886,#7887,#7888,#7889,#7890,#7891,
#7892,#7893,#7894),(#7895,#7896,#7897,#7898,#7899,#7900,#7901,#7902,#7903,
#7904,#7905,#7906,#7907,#7908,#7909,#7910,#7911,#7912,#7913,#7914,#7915,
#7916,#7917,#7918,#7919,#7920,#7921,#7922,#7923),(#7924,#7925,#7926,#7927,
#7928,#7929,#7930,#7931,#7932,#7933,#7934,#7935,#7936,#7937,#7938,#7939,
#7940,#7941,#7942,#7943,#7944,#7945,#7946,#7947,#7948,#7949,#7950,#7951,
#7952),(#7953,#7954,#7955,#7956,#7957,#7958,#7959,#7960,#7961,#7962,#7963,
#7964,#7965,#7966,#7967,#7968,#7969,#7970,#7971,#7972,#7973,#7974,#7975,
#7976,#7977,#7978,#7979,#7980,#7981),(#7982,#7983,#7984,#7985,#7986,#7987,
#7988,#7989,#7990,#7991,#7992,#7993,#7994,#7995,#7996,#7997,#7998,#7999,
#8000,#8001,#8002,#8003,#8004,#8005,#8006,#8007,#8008,#8009,#8010),(#8011,
#8012,#8013,#8014,#8015,#8016,#8017,#8018,#8019,#8020,#8021,#8022,#8023,
#8024,#8025,#8026,#8027,#8028,#8029,#8030,#8031,#8032,#8033,#8034,#8035,
#8036,#8037,#8038,#8039),(#8040,#8041,#8042,#8043,#8044,#8045,#8046,#8047,
#8048,#8049,#8050,#8051,#8052,#8053,#8054,#8055,#8056,#8057,#8058,#8059,
#8060,#8061,#8062,#8063,#8064,#8065,#8066,#8067,#8068),(#8069,#8070,#8071,
#8072,#8073,#8074,#8075,#8076,#8077,#8078,#8079,#8080,#8081,#8082,#8083,
#8084,#8085,#8086,#8087,#8088,#8089,#8090,#8091,#8092,#8093,#8094,#8095,
#8096,#8097),(#8098,#8099,#8100,#8101,#8102,#8103,#8104,#8105,#8106,#8107,
#8108,#8109,#8110,#8111,#8112,#8113,#8114,#8115,#8116,#8117,#8118,#8119,
#8120,#8121,#8122,#8123,#8124,#8125,#8126),(#8127,#8128,#8129,#8130,#8131,
#8132,#8133,#8134,#8135,#8136,#8137,#8138,#8139,#8140,#8141,#8142,#8143,
#8144,#8145,#8146,#8147,#8148,#8149,#8150,#8151,#8152,#8153,#8154,#8155),
(#8156,#8157,#8158,#8159,#8160,#8161,#8162,#8163,#8164,#8165,#8166,#8167,
#8168,#8169,#8170,#8171,#8172,#8173,#8174,#8175,#8176,#8177,#8178,#8179,
#8180,#8181,#8182,#8183,#8184),(#8185,#8186,#8187,#8188,#8189,#8190,#8191,
#8192,#8193,#8194,#8195,#8196,#8197,#8198,#8199,#8200,#8201,#8202,#8203,
#8204,#8205,#8206,#8207,#8208,#8209,#8210,#8211,#8212,#8213),(#8214,#8215,
#8216,#8217,#8218,#8219,#8220,#8221,#8222,#8223,#8224,#8225,#8226,#8227,
#8228,#8229,#8230,#8231,#8232,#8233,#8234,#8235,#8236,#8237,#8238,#8239,
#8240,#8241,#8242),(#8243,#8244,#8245,#8246,#8247,#8248,#8249,#8250,#8251,
#8252,#8253,#8254,#8255,#8256,#8257,#8258,#8259,#8260,#8261,#8262,#8263,
#8264,#8265,#8266,#8267,#8268,#8269,#8270,#8271),(#8272,#8273,#8274,#8275,
#8276,#8277,#8278,#8279,#8280,#8281,#8282,#8283,#8284,#8285,#8286,#8287,
#8288,#8289,#8290,#8291,#8292,#8293,#8294,#8295,#8296,#8297,#8298,#8299,
#8300),(#8301,#8302,#8303,#8304,#8305,#8306,#8307,#8308,#8309,#8310,#8311,
#8312,#8313,#8314,#8315,#8316,#8317,#8318,#8319,#8320,#8321,#8322,#8323,
#8324,#8325,#8326,#8327,#8328,#8329),(#8330,#8331,#8332,#8333,#8334,#8335,
#8336,#8337,#8338,#8339,#8340,#8341,#8342,#8343,#8344,#8345,#8346,#8347,
#8348,#8349,#8350,#8351,#8352,#8353,#8354,#8355,#8356,#8357,#8358),(#8359,
#8360,#8361,#8362,#8363,#8364,#8365,#8366,#8367,#8368,#8369,#8370,#8371,
#8372,#8373,#8374,#8375,#8376,#8377,#8378,#8379,#8380,#8381,#8382,#8383,
#8384,#8385,#8386,#8387),(#8388,#8389,#8390,#8391,#8392,#8393,#8394,#8395,
#8396,#8397,#8398,#8399,#8400,#8401,#8402,#8403,#8404,#8405,#8406,#8407,
#8408,#8409,#8410,#8411,#8412,#8413,#8414,#8415,#8416),(#8417,#8418,#8419,
#8420,#8421,#8422,#8423,#8424,#8425,#8426,#8427,#8428,#8429,#8430,#8431,
#8432,#8433,#8434,#8435,#8436,#8437,#8438,#8439,#8440,#8441,#8442,#8443,
#8444,#8445),(#8446,#8447,#8448,#8449,#8450,#8451,#8452,#8453,#8454,#8455,
#8456,#8457,#8458,#8459,#8460,#8461,#8462,#8463,#8464,#8465,#8466,#8467,
#8468,#8469,#8470,#8471,#8472,#8473,#8474)),.UNSPECIFIED.,.F.,.F.,.F.,(4,
2,2,2,2,2,2,2,2,2,2,4),(6,1,1,1,1,1,1,1,1,1,1,1,1,1,1,1,1,1,1,5,6),(0.,
0.06249999983663,0.124999999673,0.249999999345,0.499999998689,0.624999998361,
0.749999998033,0.812499997869,0.874999997705,0.937499997541,0.968749997459,
1.00001127099728),(-1.14391256144939E-5,0.05211353671589,0.104219213369,
0.156324890022,0.208430566675,0.260536243328,0.312641919981,0.364747596634,
0.416853273287,0.46895894994,0.521064626594,0.573170303247,0.6252759799,
0.677381656553,0.729487333206,0.781593009859,0.833698686512,0.885804363165,
0.937910039818,0.990099009901,1.),.UNSPECIFIED.);
#56=B_SPLINE_SURFACE_WITH_KNOTS('',3,1,((#8626,#8627),(#8628,#8629),(#8630,
#8631),(#8632,#8633)),.UNSPECIFIED.,.F.,.F.,.F.,(4,4),(2,2),(0.578392252023,
0.681986754398),(0.,11.952),.UNSPECIFIED.);
#57=B_SPLINE_SURFACE_WITH_KNOTS('',3,1,((#8728,#8729),(#8730,#8731),(#8732,
#8733),(#8734,#8735)),.UNSPECIFIED.,.F.,.F.,.F.,(4,4),(2,2),(0.578392252023,
0.681986754398),(0.,11.952),.UNSPECIFIED.);
#58=B_SPLINE_SURFACE_WITH_KNOTS('',3,1,((#8762,#8763),(#8764,#8765),(#8766,
#8767),(#8768,#8769)),.UNSPECIFIED.,.F.,.F.,.F.,(4,4),(2,2),(0.578392252023,
0.681986754398),(0.,11.952),.UNSPECIFIED.);
#59=B_SPLINE_SURFACE_WITH_KNOTS('',3,1,((#9364,#9365),(#9366,#9367),(#9368,
#9369),(#9370,#9371)),.UNSPECIFIED.,.F.,.F.,.F.,(4,4),(2,2),(0.578392252023,
0.681986754398),(0.,11.952),.UNSPECIFIED.);
#60=FACE_BOUND('',#364,.T.);
#61=FACE_BOUND('',#366,.T.);
#62=FACE_BOUND('',#369,.T.);
#63=FACE_BOUND('',#372,.T.);
#64=FACE_BOUND('',#374,.T.);
#65=FACE_BOUND('',#385,.T.);
#66=FACE_BOUND('',#389,.T.);
#67=FACE_BOUND('',#396,.T.);
#68=FACE_BOUND('',#401,.T.);
#69=FACE_BOUND('',#402,.T.);
#70=FACE_BOUND('',#404,.T.);
#71=FACE_BOUND('',#411,.T.);
#72=FACE_BOUND('',#412,.T.);
#73=FACE_BOUND('',#413,.T.);
#74=FACE_BOUND('',#414,.T.);
#75=FACE_BOUND('',#415,.T.);
#76=FACE_BOUND('',#416,.T.);
#77=FACE_BOUND('',#419,.T.);
#78=FACE_BOUND('',#422,.T.);
#79=FACE_BOUND('',#425,.T.);
#80=FACE_BOUND('',#433,.T.);
#81=FACE_BOUND('',#434,.T.);
#82=FACE_BOUND('',#435,.T.);
#83=FACE_BOUND('',#436,.T.);
#84=FACE_BOUND('',#437,.T.);
#85=FACE_BOUND('',#438,.T.);
#86=FACE_BOUND('',#439,.T.);
#87=FACE_BOUND('',#440,.T.);
#88=FACE_BOUND('',#441,.T.);
#89=FACE_BOUND('',#442,.T.);
#90=FACE_BOUND('',#443,.T.);
#91=FACE_BOUND('',#444,.T.);
#92=FACE_BOUND('',#445,.T.);
#93=FACE_BOUND('',#448,.T.);
#94=FACE_BOUND('',#449,.T.);
#95=FACE_BOUND('',#450,.T.);
#96=FACE_BOUND('',#451,.T.);
#97=FACE_BOUND('',#463,.T.);
#98=FACE_BOUND('',#466,.T.);
#99=FACE_BOUND('',#467,.T.);
#100=FACE_BOUND('',#468,.T.);
#101=FACE_BOUND('',#469,.T.);
#102=FACE_BOUND('',#470,.T.);
#103=FACE_BOUND('',#471,.T.);
#104=FACE_BOUND('',#474,.T.);
#105=FACE_BOUND('',#554,.T.);
#106=FACE_BOUND('',#565,.T.);
#107=FACE_BOUND('',#566,.T.);
#108=FACE_BOUND('',#572,.T.);
#109=FACE_BOUND('',#574,.T.);
#110=CYLINDRICAL_SURFACE('',#3599,0.17);
#111=CYLINDRICAL_SURFACE('',#3602,0.17);
#112=CYLINDRICAL_SURFACE('',#3637,4.05);
#113=CYLINDRICAL_SURFACE('',#3652,0.3);
#114=CYLINDRICAL_SURFACE('',#3654,0.6);
#115=CYLINDRICAL_SURFACE('',#3656,0.3);
#116=CYLINDRICAL_SURFACE('',#3680,0.325);
#117=CYLINDRICAL_SURFACE('',#3684,0.325);
#118=CYLINDRICAL_SURFACE('',#3725,0.3);
#119=CYLINDRICAL_SURFACE('',#3736,0.3);
#120=CYLINDRICAL_SURFACE('',#3739,0.21);
#121=CYLINDRICAL_SURFACE('',#3741,0.125);
#122=CYLINDRICAL_SURFACE('',#3765,0.21);
#123=CYLINDRICAL_SURFACE('',#3767,0.3);
#124=CYLINDRICAL_SURFACE('',#3769,0.3);
#125=CYLINDRICAL_SURFACE('',#3770,0.34);
#126=CYLINDRICAL_SURFACE('',#3772,0.3);
#127=CYLINDRICAL_SURFACE('',#3776,0.3);
#128=CYLINDRICAL_SURFACE('',#3782,0.3);
#129=CYLINDRICAL_SURFACE('',#3783,0.34);
#130=CYLINDRICAL_SURFACE('',#3786,0.175);
#131=CYLINDRICAL_SURFACE('',#3787,0.175);
#132=CYLINDRICAL_SURFACE('',#3788,0.175);
#133=CYLINDRICAL_SURFACE('',#3789,0.175);
#134=CYLINDRICAL_SURFACE('',#3790,0.21);
#135=CYLINDRICAL_SURFACE('',#3791,0.21);
#136=CYLINDRICAL_SURFACE('',#3792,0.125);
#137=CYLINDRICAL_SURFACE('',#3794,0.125);
#138=CYLINDRICAL_SURFACE('',#3799,0.25);
#139=CYLINDRICAL_SURFACE('',#3802,0.25);
#140=CYLINDRICAL_SURFACE('',#3808,5.3);
#141=CYLINDRICAL_SURFACE('',#3810,0.8);
#142=CYLINDRICAL_SURFACE('',#3813,3.5);
#143=CYLINDRICAL_SURFACE('',#3815,0.3);
#144=CYLINDRICAL_SURFACE('',#3816,0.6);
#145=CYLINDRICAL_SURFACE('',#3817,0.3);
#146=CYLINDRICAL_SURFACE('',#3820,0.8);
#147=CYLINDRICAL_SURFACE('',#3821,0.125);
#148=CYLINDRICAL_SURFACE('',#3822,0.4);
#149=CYLINDRICAL_SURFACE('',#3825,0.125);
#150=CYLINDRICAL_SURFACE('',#3826,0.125);
#151=CYLINDRICAL_SURFACE('',#3827,0.4);
#152=CYLINDRICAL_SURFACE('',#3830,0.125);
#153=CYLINDRICAL_SURFACE('',#3831,5.3);
#154=CYLINDRICAL_SURFACE('',#3837,0.2);
#155=CYLINDRICAL_SURFACE('',#3841,0.5);
#156=CYLINDRICAL_SURFACE('',#3846,5.3);
#157=CYLINDRICAL_SURFACE('',#3850,5.3);
#158=CYLINDRICAL_SURFACE('',#3854,0.35);
#159=CYLINDRICAL_SURFACE('',#3856,0.35);
#160=CYLINDRICAL_SURFACE('',#3858,0.2);
#161=CYLINDRICAL_SURFACE('',#3862,0.3);
#162=CYLINDRICAL_SURFACE('',#3870,0.34);
#163=CYLINDRICAL_SURFACE('',#3871,0.125);
#164=CYLINDRICAL_SURFACE('',#3873,0.125);
#165=CYLINDRICAL_SURFACE('',#3882,0.3);
#166=CYLINDRICAL_SURFACE('',#3884,0.3);
#167=CYLINDRICAL_SURFACE('',#3886,0.16);
#168=CYLINDRICAL_SURFACE('',#3888,0.16);
#169=CYLINDRICAL_SURFACE('',#3891,0.225);
#170=CYLINDRICAL_SURFACE('',#3894,0.225);
#171=CYLINDRICAL_SURFACE('',#3904,0.175);
#172=CYLINDRICAL_SURFACE('',#3905,0.175);
#173=FACE_OUTER_BOUND('',#354,.T.);
#174=FACE_OUTER_BOUND('',#355,.T.);
#175=FACE_OUTER_BOUND('',#356,.T.);
#176=FACE_OUTER_BOUND('',#357,.T.);
#177=FACE_OUTER_BOUND('',#358,.T.);
#178=FACE_OUTER_BOUND('',#359,.T.);
#179=FACE_OUTER_BOUND('',#360,.T.);
#180=FACE_OUTER_BOUND('',#361,.T.);
#181=FACE_OUTER_BOUND('',#362,.T.);
#182=FACE_OUTER_BOUND('',#363,.T.);
#183=FACE_OUTER_BOUND('',#365,.T.);
#184=FACE_OUTER_BOUND('',#367,.T.);
#185=FACE_OUTER_BOUND('',#368,.T.);
#186=FACE_OUTER_BOUND('',#370,.T.);
#187=FACE_OUTER_BOUND('',#371,.T.);
#188=FACE_OUTER_BOUND('',#373,.T.);
#189=FACE_OUTER_BOUND('',#375,.T.);
#190=FACE_OUTER_BOUND('',#376,.T.);
#191=FACE_OUTER_BOUND('',#377,.T.);
#192=FACE_OUTER_BOUND('',#378,.T.);
#193=FACE_OUTER_BOUND('',#379,.T.);
#194=FACE_OUTER_BOUND('',#380,.T.);
#195=FACE_OUTER_BOUND('',#381,.T.);
#196=FACE_OUTER_BOUND('',#382,.T.);
#197=FACE_OUTER_BOUND('',#383,.T.);
#198=FACE_OUTER_BOUND('',#384,.T.);
#199=FACE_OUTER_BOUND('',#386,.T.);
#200=FACE_OUTER_BOUND('',#387,.T.);
#201=FACE_OUTER_BOUND('',#388,.T.);
#202=FACE_OUTER_BOUND('',#390,.T.);
#203=FACE_OUTER_BOUND('',#391,.T.);
#204=FACE_OUTER_BOUND('',#392,.T.);
#205=FACE_OUTER_BOUND('',#393,.T.);
#206=FACE_OUTER_BOUND('',#394,.T.);
#207=FACE_OUTER_BOUND('',#395,.T.);
#208=FACE_OUTER_BOUND('',#397,.T.);
#209=FACE_OUTER_BOUND('',#398,.T.);
#210=FACE_OUTER_BOUND('',#399,.T.);
#211=FACE_OUTER_BOUND('',#400,.T.);
#212=FACE_OUTER_BOUND('',#403,.T.);
#213=FACE_OUTER_BOUND('',#405,.T.);
#214=FACE_OUTER_BOUND('',#406,.T.);
#215=FACE_OUTER_BOUND('',#407,.T.);
#216=FACE_OUTER_BOUND('',#408,.T.);
#217=FACE_OUTER_BOUND('',#409,.T.);
#218=FACE_OUTER_BOUND('',#410,.T.);
#219=FACE_OUTER_BOUND('',#417,.T.);
#220=FACE_OUTER_BOUND('',#418,.T.);
#221=FACE_OUTER_BOUND('',#420,.T.);
#222=FACE_OUTER_BOUND('',#421,.T.);
#223=FACE_OUTER_BOUND('',#423,.T.);
#224=FACE_OUTER_BOUND('',#424,.T.);
#225=FACE_OUTER_BOUND('',#426,.T.);
#226=FACE_OUTER_BOUND('',#427,.T.);
#227=FACE_OUTER_BOUND('',#428,.T.);
#228=FACE_OUTER_BOUND('',#429,.T.);
#229=FACE_OUTER_BOUND('',#430,.T.);
#230=FACE_OUTER_BOUND('',#431,.T.);
#231=FACE_OUTER_BOUND('',#432,.T.);
#232=FACE_OUTER_BOUND('',#446,.T.);
#233=FACE_OUTER_BOUND('',#447,.T.);
#234=FACE_OUTER_BOUND('',#452,.T.);
#235=FACE_OUTER_BOUND('',#453,.T.);
#236=FACE_OUTER_BOUND('',#454,.T.);
#237=FACE_OUTER_BOUND('',#455,.T.);
#238=FACE_OUTER_BOUND('',#456,.T.);
#239=FACE_OUTER_BOUND('',#457,.T.);
#240=FACE_OUTER_BOUND('',#458,.T.);
#241=FACE_OUTER_BOUND('',#459,.T.);
#242=FACE_OUTER_BOUND('',#460,.T.);
#243=FACE_OUTER_BOUND('',#461,.T.);
#244=FACE_OUTER_BOUND('',#462,.T.);
#245=FACE_OUTER_BOUND('',#464,.T.);
#246=FACE_OUTER_BOUND('',#465,.T.);
#247=FACE_OUTER_BOUND('',#472,.T.);
#248=FACE_OUTER_BOUND('',#473,.T.);
#249=FACE_OUTER_BOUND('',#475,.T.);
#250=FACE_OUTER_BOUND('',#476,.T.);
#251=FACE_OUTER_BOUND('',#477,.T.);
#252=FACE_OUTER_BOUND('',#478,.T.);
#253=FACE_OUTER_BOUND('',#479,.T.);
#254=FACE_OUTER_BOUND('',#480,.T.);
#255=FACE_OUTER_BOUND('',#481,.T.);
#256=FACE_OUTER_BOUND('',#482,.T.);
#257=FACE_OUTER_BOUND('',#483,.T.);
#258=FACE_OUTER_BOUND('',#484,.T.);
#259=FACE_OUTER_BOUND('',#485,.T.);
#260=FACE_OUTER_BOUND('',#486,.T.);
#261=FACE_OUTER_BOUND('',#487,.T.);
#262=FACE_OUTER_BOUND('',#488,.T.);
#263=FACE_OUTER_BOUND('',#489,.T.);
#264=FACE_OUTER_BOUND('',#490,.T.);
#265=FACE_OUTER_BOUND('',#491,.T.);
#266=FACE_OUTER_BOUND('',#492,.T.);
#267=FACE_OUTER_BOUND('',#493,.T.);
#268=FACE_OUTER_BOUND('',#494,.T.);
#269=FACE_OUTER_BOUND('',#495,.T.);
#270=FACE_OUTER_BOUND('',#496,.T.);
#271=FACE_OUTER_BOUND('',#497,.T.);
#272=FACE_OUTER_BOUND('',#498,.T.);
#273=FACE_OUTER_BOUND('',#499,.T.);
#274=FACE_OUTER_BOUND('',#500,.T.);
#275=FACE_OUTER_BOUND('',#501,.T.);
#276=FACE_OUTER_BOUND('',#502,.T.);
#277=FACE_OUTER_BOUND('',#503,.T.);
#278=FACE_OUTER_BOUND('',#504,.T.);
#279=FACE_OUTER_BOUND('',#505,.T.);
#280=FACE_OUTER_BOUND('',#506,.T.);
#281=FACE_OUTER_BOUND('',#507,.T.);
#282=FACE_OUTER_BOUND('',#508,.T.);
#283=FACE_OUTER_BOUND('',#509,.T.);
#284=FACE_OUTER_BOUND('',#510,.T.);
#285=FACE_OUTER_BOUND('',#511,.T.);
#286=FACE_OUTER_BOUND('',#512,.T.);
#287=FACE_OUTER_BOUND('',#513,.T.);
#288=FACE_OUTER_BOUND('',#514,.T.);
#289=FACE_OUTER_BOUND('',#515,.T.);
#290=FACE_OUTER_BOUND('',#516,.T.);
#291=FACE_OUTER_BOUND('',#517,.T.);
#292=FACE_OUTER_BOUND('',#518,.T.);
#293=FACE_OUTER_BOUND('',#519,.T.);
#294=FACE_OUTER_BOUND('',#520,.T.);
#295=FACE_OUTER_BOUND('',#521,.T.);
#296=FACE_OUTER_BOUND('',#522,.T.);
#297=FACE_OUTER_BOUND('',#523,.T.);
#298=FACE_OUTER_BOUND('',#524,.T.);
#299=FACE_OUTER_BOUND('',#525,.T.);
#300=FACE_OUTER_BOUND('',#526,.T.);
#301=FACE_OUTER_BOUND('',#527,.T.);
#302=FACE_OUTER_BOUND('',#528,.T.);
#303=FACE_OUTER_BOUND('',#529,.T.);
#304=FACE_OUTER_BOUND('',#530,.T.);
#305=FACE_OUTER_BOUND('',#531,.T.);
#306=FACE_OUTER_BOUND('',#532,.T.);
#307=FACE_OUTER_BOUND('',#533,.T.);
#308=FACE_OUTER_BOUND('',#534,.T.);
#309=FACE_OUTER_BOUND('',#535,.T.);
#310=FACE_OUTER_BOUND('',#536,.T.);
#311=FACE_OUTER_BOUND('',#537,.T.);
#312=FACE_OUTER_BOUND('',#538,.T.);
#313=FACE_OUTER_BOUND('',#539,.T.);
#314=FACE_OUTER_BOUND('',#540,.T.);
#315=FACE_OUTER_BOUND('',#541,.T.);
#316=FACE_OUTER_BOUND('',#542,.T.);
#317=FACE_OUTER_BOUND('',#543,.T.);
#318=FACE_OUTER_BOUND('',#544,.T.);
#319=FACE_OUTER_BOUND('',#545,.T.);
#320=FACE_OUTER_BOUND('',#546,.T.);
#321=FACE_OUTER_BOUND('',#547,.T.);
#322=FACE_OUTER_BOUND('',#548,.T.);
#323=FACE_OUTER_BOUND('',#549,.T.);
#324=FACE_OUTER_BOUND('',#550,.T.);
#325=FACE_OUTER_BOUND('',#551,.T.);
#326=FACE_OUTER_BOUND('',#552,.T.);
#327=FACE_OUTER_BOUND('',#553,.T.);
#328=FACE_OUTER_BOUND('',#555,.T.);
#329=FACE_OUTER_BOUND('',#556,.T.);
#330=FACE_OUTER_BOUND('',#557,.T.);
#331=FACE_OUTER_BOUND('',#558,.T.);
#332=FACE_OUTER_BOUND('',#559,.T.);
#333=FACE_OUTER_BOUND('',#560,.T.);
#334=FACE_OUTER_BOUND('',#561,.T.);
#335=FACE_OUTER_BOUND('',#562,.T.);
#336=FACE_OUTER_BOUND('',#563,.T.);
#337=FACE_OUTER_BOUND('',#564,.T.);
#338=FACE_OUTER_BOUND('',#567,.T.);
#339=FACE_OUTER_BOUND('',#568,.T.);
#340=FACE_OUTER_BOUND('',#569,.T.);
#341=FACE_OUTER_BOUND('',#570,.T.);
#342=FACE_OUTER_BOUND('',#571,.T.);
#343=FACE_OUTER_BOUND('',#573,.T.);
#344=FACE_OUTER_BOUND('',#575,.T.);
#345=FACE_OUTER_BOUND('',#576,.T.);
#346=FACE_OUTER_BOUND('',#577,.T.);
#347=FACE_OUTER_BOUND('',#578,.T.);
#348=FACE_OUTER_BOUND('',#579,.T.);
#349=FACE_OUTER_BOUND('',#580,.T.);
#350=FACE_OUTER_BOUND('',#581,.T.);
#351=FACE_OUTER_BOUND('',#582,.T.);
#352=FACE_OUTER_BOUND('',#583,.T.);
#353=FACE_OUTER_BOUND('',#584,.T.);
#354=EDGE_LOOP('',(#2256,#2257,#2258,#2259,#2260,#2261,#2262));
#355=EDGE_LOOP('',(#2263,#2264,#2265,#2266,#2267,#2268));
#356=EDGE_LOOP('',(#2269,#2270,#2271,#2272));
#357=EDGE_LOOP('',(#2273,#2274,#2275,#2276,#2277,#2278,#2279));
#358=EDGE_LOOP('',(#2280,#2281,#2282,#2283,#2284,#2285,#2286));
#359=EDGE_LOOP('',(#2287,#2288,#2289,#2290));
#360=EDGE_LOOP('',(#2291,#2292,#2293,#2294));
#361=EDGE_LOOP('',(#2295,#2296,#2297,#2298));
#362=EDGE_LOOP('',(#2299,#2300,#2301,#2302,#2303,#2304));
#363=EDGE_LOOP('',(#2305,#2306,#2307,#2308));
#364=EDGE_LOOP('',(#2309));
#365=EDGE_LOOP('',(#2310,#2311,#2312));
#366=EDGE_LOOP('',(#2313));
#367=EDGE_LOOP('',(#2314,#2315,#2316,#2317,#2318));
#368=EDGE_LOOP('',(#2319,#2320,#2321,#2322,#2323,#2324,#2325,#2326,#2327,
#2328,#2329));
#369=EDGE_LOOP('',(#2330));
#370=EDGE_LOOP('',(#2331,#2332,#2333,#2334,#2335,#2336,#2337,#2338,#2339,
#2340,#2341,#2342,#2343,#2344,#2345,#2346,#2347,#2348,#2349,#2350,#2351,
#2352,#2353,#2354,#2355,#2356));
#371=EDGE_LOOP('',(#2357,#2358,#2359,#2360));
#372=EDGE_LOOP('',(#2361));
#373=EDGE_LOOP('',(#2362,#2363,#2364));
#374=EDGE_LOOP('',(#2365));
#375=EDGE_LOOP('',(#2366,#2367,#2368,#2369,#2370,#2371));
#376=EDGE_LOOP('',(#2372,#2373,#2374,#2375,#2376));
#377=EDGE_LOOP('',(#2377,#2378,#2379,#2380,#2381,#2382,#2383,#2384,#2385,
#2386,#2387,#2388,#2389,#2390,#2391,#2392,#2393,#2394,#2395,#2396,#2397,
#2398,#2399,#2400));
#378=EDGE_LOOP('',(#2401,#2402,#2403,#2404));
#379=EDGE_LOOP('',(#2405,#2406,#2407,#2408,#2409,#2410,#2411,#2412));
#380=EDGE_LOOP('',(#2413,#2414,#2415,#2416,#2417));
#381=EDGE_LOOP('',(#2418,#2419,#2420));
#382=EDGE_LOOP('',(#2421,#2422,#2423,#2424,#2425,#2426,#2427,#2428,#2429,
#2430));
#383=EDGE_LOOP('',(#2431,#2432,#2433,#2434,#2435));
#384=EDGE_LOOP('',(#2436,#2437,#2438,#2439,#2440,#2441,#2442,#2443));
#385=EDGE_LOOP('',(#2444,#2445));
#386=EDGE_LOOP('',(#2446,#2447,#2448,#2449,#2450,#2451));
#387=EDGE_LOOP('',(#2452,#2453,#2454,#2455,#2456,#2457));
#388=EDGE_LOOP('',(#2458,#2459,#2460,#2461,#2462,#2463,#2464,#2465));
#389=EDGE_LOOP('',(#2466,#2467));
#390=EDGE_LOOP('',(#2468,#2469,#2470));
#391=EDGE_LOOP('',(#2471,#2472,#2473,#2474,#2475));
#392=EDGE_LOOP('',(#2476,#2477,#2478,#2479,#2480,#2481,#2482,#2483,#2484,
#2485,#2486,#2487,#2488,#2489,#2490,#2491));
#393=EDGE_LOOP('',(#2492,#2493,#2494,#2495,#2496,#2497,#2498,#2499,#2500,
#2501,#2502,#2503,#2504,#2505,#2506,#2507,#2508,#2509,#2510,#2511,#2512,
#2513,#2514,#2515,#2516));
#394=EDGE_LOOP('',(#2517,#2518));
#395=EDGE_LOOP('',(#2519,#2520,#2521,#2522,#2523,#2524,#2525,#2526,#2527,
#2528,#2529));
#396=EDGE_LOOP('',(#2530));
#397=EDGE_LOOP('',(#2531,#2532,#2533,#2534));
#398=EDGE_LOOP('',(#2535,#2536,#2537,#2538));
#399=EDGE_LOOP('',(#2539,#2540,#2541,#2542,#2543,#2544));
#400=EDGE_LOOP('',(#2545,#2546,#2547,#2548,#2549,#2550,#2551,#2552,#2553,
#2554,#2555,#2556,#2557,#2558,#2559));
#401=EDGE_LOOP('',(#2560));
#402=EDGE_LOOP('',(#2561));
#403=EDGE_LOOP('',(#2562,#2563));
#404=EDGE_LOOP('',(#2564,#2565));
#405=EDGE_LOOP('',(#2566,#2567,#2568,#2569,#2570));
#406=EDGE_LOOP('',(#2571,#2572,#2573,#2574,#2575));
#407=EDGE_LOOP('',(#2576,#2577,#2578,#2579));
#408=EDGE_LOOP('',(#2580,#2581,#2582,#2583));
#409=EDGE_LOOP('',(#2584,#2585,#2586,#2587));
#410=EDGE_LOOP('',(#2588,#2589,#2590,#2591,#2592,#2593,#2594,#2595,#2596,
#2597,#2598,#2599,#2600,#2601,#2602,#2603,#2604,#2605,#2606,#2607));
#411=EDGE_LOOP('',(#2608));
#412=EDGE_LOOP('',(#2609));
#413=EDGE_LOOP('',(#2610));
#414=EDGE_LOOP('',(#2611));
#415=EDGE_LOOP('',(#2612));
#416=EDGE_LOOP('',(#2613));
#417=EDGE_LOOP('',(#2614,#2615,#2616,#2617));
#418=EDGE_LOOP('',(#2618));
#419=EDGE_LOOP('',(#2619));
#420=EDGE_LOOP('',(#2620,#2621,#2622,#2623));
#421=EDGE_LOOP('',(#2624));
#422=EDGE_LOOP('',(#2625));
#423=EDGE_LOOP('',(#2626,#2627,#2628,#2629,#2630,#2631,#2632));
#424=EDGE_LOOP('',(#2633,#2634,#2635,#2636,#2637,#2638,#2639,#2640,#2641,
#2642));
#425=EDGE_LOOP('',(#2643));
#426=EDGE_LOOP('',(#2644,#2645,#2646,#2647,#2648));
#427=EDGE_LOOP('',(#2649,#2650,#2651));
#428=EDGE_LOOP('',(#2652,#2653,#2654));
#429=EDGE_LOOP('',(#2655,#2656,#2657,#2658,#2659));
#430=EDGE_LOOP('',(#2660,#2661,#2662,#2663,#2664,#2665,#2666,#2667,#2668,
#2669));
#431=EDGE_LOOP('',(#2670,#2671,#2672,#2673,#2674,#2675,#2676));
#432=EDGE_LOOP('',(#2677,#2678,#2679,#2680,#2681,#2682,#2683,#2684,#2685,
#2686,#2687,#2688,#2689,#2690,#2691,#2692,#2693,#2694,#2695,#2696,#2697,
#2698,#2699,#2700));
#433=EDGE_LOOP('',(#2701));
#434=EDGE_LOOP('',(#2702));
#435=EDGE_LOOP('',(#2703));
#436=EDGE_LOOP('',(#2704));
#437=EDGE_LOOP('',(#2705));
#438=EDGE_LOOP('',(#2706));
#439=EDGE_LOOP('',(#2707));
#440=EDGE_LOOP('',(#2708));
#441=EDGE_LOOP('',(#2709));
#442=EDGE_LOOP('',(#2710));
#443=EDGE_LOOP('',(#2711));
#444=EDGE_LOOP('',(#2712,#2713));
#445=EDGE_LOOP('',(#2714,#2715));
#446=EDGE_LOOP('',(#2716,#2717,#2718,#2719));
#447=EDGE_LOOP('',(#2720,#2721,#2722,#2723,#2724,#2725,#2726,#2727,#2728,
#2729,#2730,#2731));
#448=EDGE_LOOP('',(#2732));
#449=EDGE_LOOP('',(#2733));
#450=EDGE_LOOP('',(#2734));
#451=EDGE_LOOP('',(#2735));
#452=EDGE_LOOP('',(#2736,#2737,#2738,#2739,#2740,#2741));
#453=EDGE_LOOP('',(#2742,#2743,#2744,#2745));
#454=EDGE_LOOP('',(#2746,#2747,#2748,#2749,#2750,#2751,#2752));
#455=EDGE_LOOP('',(#2753,#2754,#2755,#2756,#2757));
#456=EDGE_LOOP('',(#2758,#2759,#2760,#2761,#2762,#2763));
#457=EDGE_LOOP('',(#2764,#2765,#2766,#2767));
#458=EDGE_LOOP('',(#2768,#2769,#2770));
#459=EDGE_LOOP('',(#2771,#2772,#2773));
#460=EDGE_LOOP('',(#2774,#2775,#2776,#2777,#2778));
#461=EDGE_LOOP('',(#2779,#2780,#2781,#2782));
#462=EDGE_LOOP('',(#2783,#2784,#2785,#2786));
#463=EDGE_LOOP('',(#2787));
#464=EDGE_LOOP('',(#2788,#2789,#2790,#2791));
#465=EDGE_LOOP('',(#2792,#2793,#2794,#2795,#2796,#2797,#2798,#2799,#2800,
#2801,#2802,#2803,#2804,#2805,#2806,#2807,#2808,#2809,#2810,#2811,#2812,
#2813));
#466=EDGE_LOOP('',(#2814));
#467=EDGE_LOOP('',(#2815));
#468=EDGE_LOOP('',(#2816,#2817,#2818,#2819,#2820));
#469=EDGE_LOOP('',(#2821,#2822,#2823,#2824,#2825));
#470=EDGE_LOOP('',(#2826));
#471=EDGE_LOOP('',(#2827));
#472=EDGE_LOOP('',(#2828,#2829,#2830,#2831));
#473=EDGE_LOOP('',(#2832,#2833,#2834,#2835));
#474=EDGE_LOOP('',(#2836));
#475=EDGE_LOOP('',(#2837,#2838,#2839,#2840));
#476=EDGE_LOOP('',(#2841,#2842,#2843,#2844,#2845,#2846));
#477=EDGE_LOOP('',(#2847,#2848,#2849,#2850,#2851,#2852,#2853));
#478=EDGE_LOOP('',(#2854,#2855,#2856,#2857));
#479=EDGE_LOOP('',(#2858,#2859,#2860,#2861,#2862,#2863));
#480=EDGE_LOOP('',(#2864,#2865,#2866,#2867));
#481=EDGE_LOOP('',(#2868,#2869));
#482=EDGE_LOOP('',(#2870,#2871,#2872,#2873));
#483=EDGE_LOOP('',(#2874,#2875,#2876,#2877,#2878));
#484=EDGE_LOOP('',(#2879,#2880,#2881,#2882));
#485=EDGE_LOOP('',(#2883,#2884,#2885,#2886,#2887,#2888));
#486=EDGE_LOOP('',(#2889,#2890,#2891,#2892));
#487=EDGE_LOOP('',(#2893,#2894,#2895,#2896));
#488=EDGE_LOOP('',(#2897,#2898,#2899,#2900));
#489=EDGE_LOOP('',(#2901,#2902,#2903,#2904,#2905,#2906));
#490=EDGE_LOOP('',(#2907,#2908,#2909,#2910));
#491=EDGE_LOOP('',(#2911,#2912));
#492=EDGE_LOOP('',(#2913,#2914,#2915,#2916));
#493=EDGE_LOOP('',(#2917,#2918,#2919,#2920));
#494=EDGE_LOOP('',(#2921,#2922,#2923,#2924));
#495=EDGE_LOOP('',(#2925,#2926,#2927,#2928));
#496=EDGE_LOOP('',(#2929,#2930,#2931,#2932));
#497=EDGE_LOOP('',(#2933,#2934,#2935,#2936));
#498=EDGE_LOOP('',(#2937,#2938,#2939,#2940));
#499=EDGE_LOOP('',(#2941,#2942,#2943,#2944));
#500=EDGE_LOOP('',(#2945,#2946,#2947,#2948,#2949,#2950));
#501=EDGE_LOOP('',(#2951,#2952));
#502=EDGE_LOOP('',(#2953,#2954));
#503=EDGE_LOOP('',(#2955,#2956));
#504=EDGE_LOOP('',(#2957,#2958));
#505=EDGE_LOOP('',(#2959,#2960,#2961,#2962,#2963));
#506=EDGE_LOOP('',(#2964,#2965,#2966,#2967));
#507=EDGE_LOOP('',(#2968,#2969,#2970));
#508=EDGE_LOOP('',(#2971,#2972,#2973,#2974,#2975,#2976));
#509=EDGE_LOOP('',(#2977,#2978,#2979,#2980));
#510=EDGE_LOOP('',(#2981,#2982,#2983,#2984,#2985,#2986));
#511=EDGE_LOOP('',(#2987,#2988,#2989,#2990));
#512=EDGE_LOOP('',(#2991,#2992,#2993,#2994));
#513=EDGE_LOOP('',(#2995,#2996,#2997,#2998,#2999));
#514=EDGE_LOOP('',(#3000,#3001,#3002,#3003));
#515=EDGE_LOOP('',(#3004,#3005,#3006,#3007));
#516=EDGE_LOOP('',(#3008,#3009,#3010,#3011,#3012,#3013));
#517=EDGE_LOOP('',(#3014,#3015,#3016,#3017));
#518=EDGE_LOOP('',(#3018,#3019,#3020,#3021,#3022,#3023));
#519=EDGE_LOOP('',(#3024,#3025,#3026,#3027));
#520=EDGE_LOOP('',(#3028,#3029,#3030,#3031));
#521=EDGE_LOOP('',(#3032,#3033,#3034,#3035,#3036,#3037,#3038,#3039));
#522=EDGE_LOOP('',(#3040,#3041,#3042,#3043));
#523=EDGE_LOOP('',(#3044,#3045,#3046,#3047));
#524=EDGE_LOOP('',(#3048,#3049,#3050,#3051,#3052,#3053,#3054,#3055));
#525=EDGE_LOOP('',(#3056,#3057,#3058,#3059));
#526=EDGE_LOOP('',(#3060,#3061,#3062,#3063,#3064,#3065));
#527=EDGE_LOOP('',(#3066,#3067,#3068));
#528=EDGE_LOOP('',(#3069,#3070,#3071,#3072));
#529=EDGE_LOOP('',(#3073,#3074,#3075,#3076));
#530=EDGE_LOOP('',(#3077,#3078,#3079,#3080,#3081));
#531=EDGE_LOOP('',(#3082,#3083,#3084,#3085));
#532=EDGE_LOOP('',(#3086,#3087,#3088,#3089,#3090));
#533=EDGE_LOOP('',(#3091,#3092,#3093,#3094,#3095,#3096));
#534=EDGE_LOOP('',(#3097,#3098,#3099,#3100));
#535=EDGE_LOOP('',(#3101,#3102,#3103,#3104));
#536=EDGE_LOOP('',(#3105,#3106,#3107,#3108,#3109,#3110));
#537=EDGE_LOOP('',(#3111,#3112,#3113,#3114,#3115,#3116));
#538=EDGE_LOOP('',(#3117,#3118,#3119,#3120));
#539=EDGE_LOOP('',(#3121,#3122,#3123,#3124));
#540=EDGE_LOOP('',(#3125,#3126,#3127,#3128,#3129,#3130));
#541=EDGE_LOOP('',(#3131,#3132,#3133,#3134));
#542=EDGE_LOOP('',(#3135,#3136,#3137,#3138));
#543=EDGE_LOOP('',(#3139,#3140,#3141,#3142));
#544=EDGE_LOOP('',(#3143,#3144,#3145,#3146));
#545=EDGE_LOOP('',(#3147,#3148,#3149,#3150));
#546=EDGE_LOOP('',(#3151,#3152,#3153,#3154,#3155));
#547=EDGE_LOOP('',(#3156,#3157,#3158));
#548=EDGE_LOOP('',(#3159,#3160,#3161));
#549=EDGE_LOOP('',(#3162));
#550=EDGE_LOOP('',(#3163,#3164,#3165));
#551=EDGE_LOOP('',(#3166,#3167));
#552=EDGE_LOOP('',(#3168,#3169,#3170,#3171));
#553=EDGE_LOOP('',(#3172,#3173));
#554=EDGE_LOOP('',(#3174,#3175));
#555=EDGE_LOOP('',(#3176,#3177,#3178,#3179));
#556=EDGE_LOOP('',(#3180,#3181,#3182,#3183,#3184));
#557=EDGE_LOOP('',(#3185,#3186,#3187,#3188,#3189));
#558=EDGE_LOOP('',(#3190,#3191,#3192,#3193));
#559=EDGE_LOOP('',(#3194,#3195,#3196,#3197));
#560=EDGE_LOOP('',(#3198,#3199,#3200,#3201));
#561=EDGE_LOOP('',(#3202,#3203,#3204,#3205));
#562=EDGE_LOOP('',(#3206,#3207,#3208,#3209));
#563=EDGE_LOOP('',(#3210,#3211,#3212,#3213));
#564=EDGE_LOOP('',(#3214,#3215,#3216,#3217,#3218,#3219));
#565=EDGE_LOOP('',(#3220));
#566=EDGE_LOOP('',(#3221));
#567=EDGE_LOOP('',(#3222,#3223,#3224,#3225));
#568=EDGE_LOOP('',(#3226,#3227,#3228,#3229,#3230));
#569=EDGE_LOOP('',(#3231,#3232,#3233,#3234));
#570=EDGE_LOOP('',(#3235,#3236,#3237,#3238,#3239));
#571=EDGE_LOOP('',(#3240));
#572=EDGE_LOOP('',(#3241));
#573=EDGE_LOOP('',(#3242));
#574=EDGE_LOOP('',(#3243));
#575=EDGE_LOOP('',(#3244,#3245,#3246,#3247));
#576=EDGE_LOOP('',(#3248,#3249,#3250));
#577=EDGE_LOOP('',(#3251,#3252,#3253,#3254,#3255));
#578=EDGE_LOOP('',(#3256,#3257,#3258,#3259,#3260));
#579=EDGE_LOOP('',(#3261,#3262,#3263));
#580=EDGE_LOOP('',(#3264));
#581=EDGE_LOOP('',(#3265));
#582=EDGE_LOOP('',(#3266,#3267,#3268,#3269,#3270,#3271,#3272,#3273,#3274,
#3275,#3276,#3277,#3278,#3279,#3280,#3281,#3282,#3283));
#583=EDGE_LOOP('',(#3284,#3285,#3286,#3287,#3288,#3289));
#584=EDGE_LOOP('',(#3290,#3291,#3292,#3293,#3294,#3295));
#585=CIRCLE('',#3591,0.1768422212127);
#586=CIRCLE('',#3592,0.1768422212127);
#587=CIRCLE('',#3594,0.176842221696);
#588=CIRCLE('',#3600,0.17);
#589=CIRCLE('',#3601,0.17);
#590=CIRCLE('',#3603,0.17);
#591=CIRCLE('',#3604,0.17);
#592=CIRCLE('',#3608,0.1768422000257);
#593=CIRCLE('',#3611,0.125);
#594=CIRCLE('',#3613,0.125000000000028);
#595=CIRCLE('',#3614,3.50000000000079);
#596=CIRCLE('',#3615,0.125000000000028);
#597=CIRCLE('',#3616,0.1768420767704);
#598=CIRCLE('',#3617,0.1768420767704);
#599=CIRCLE('',#3623,4.05);
#600=CIRCLE('',#3624,5.3);
#601=CIRCLE('',#3625,5.3);
#602=CIRCLE('',#3626,4.05);
#603=CIRCLE('',#3627,0.125);
#604=CIRCLE('',#3628,3.5);
#605=CIRCLE('',#3629,0.125);
#606=CIRCLE('',#3631,569.800440012765);
#607=CIRCLE('',#3633,0.226219094171451);
#608=CIRCLE('',#3638,4.05);
#609=CIRCLE('',#3639,4.05);
#610=CIRCLE('',#3640,4.05);
#611=CIRCLE('',#3641,4.05);
#612=CIRCLE('',#3642,4.05);
#613=CIRCLE('',#3643,4.05);
#614=CIRCLE('',#3644,4.05);
#615=CIRCLE('',#3645,4.05);
#616=CIRCLE('',#3646,4.05);
#617=CIRCLE('',#3647,4.05);
#618=CIRCLE('',#3648,4.05);
#619=CIRCLE('',#3651,0.125);
#620=CIRCLE('',#3653,0.3);
#621=CIRCLE('',#3655,0.6);
#622=CIRCLE('',#3657,0.3);
#623=CIRCLE('',#3659,0.3);
#624=CIRCLE('',#3660,0.3);
#625=CIRCLE('',#3661,0.16);
#626=CIRCLE('',#3662,0.16);
#627=CIRCLE('',#3663,19.008095522226);
#628=CIRCLE('',#3664,19.008095522078);
#629=CIRCLE('',#3669,0.8);
#630=CIRCLE('',#3670,0.3);
#631=CIRCLE('',#3671,0.6);
#632=CIRCLE('',#3672,0.3);
#633=CIRCLE('',#3673,0.8);
#634=CIRCLE('',#3674,0.125);
#635=CIRCLE('',#3675,0.125);
#636=CIRCLE('',#3676,0.325);
#637=CIRCLE('',#3677,0.325);
#638=CIRCLE('',#3678,0.4);
#639=CIRCLE('',#3679,0.4);
#640=CIRCLE('',#3681,0.325);
#641=CIRCLE('',#3685,0.325);
#642=CIRCLE('',#3690,0.3);
#643=CIRCLE('',#3701,0.3);
#644=CIRCLE('',#3712,0.175);
#645=CIRCLE('',#3713,0.175);
#646=CIRCLE('',#3714,0.175);
#647=CIRCLE('',#3715,0.175);
#648=CIRCLE('',#3716,0.21);
#649=CIRCLE('',#3717,0.21);
#650=CIRCLE('',#3718,0.21);
#651=CIRCLE('',#3719,0.21);
#652=CIRCLE('',#3720,0.125);
#653=CIRCLE('',#3721,0.125);
#654=CIRCLE('',#3722,0.125);
#655=CIRCLE('',#3731,0.175);
#656=CIRCLE('',#3732,0.175);
#657=CIRCLE('',#3733,0.175);
#658=CIRCLE('',#3734,0.175);
#659=CIRCLE('',#3748,0.2);
#660=CIRCLE('',#3751,0.8);
#661=CIRCLE('',#3752,0.8);
#662=CIRCLE('',#3753,0.125);
#663=CIRCLE('',#3754,0.125);
#664=CIRCLE('',#3755,5.3);
#665=CIRCLE('',#3756,0.4);
#666=CIRCLE('',#3757,5.3);
#667=CIRCLE('',#3758,0.4);
#668=CIRCLE('',#3759,0.35);
#669=CIRCLE('',#3760,0.35);
#670=CIRCLE('',#3763,0.2);
#671=CIRCLE('',#3771,0.34);
#672=CIRCLE('',#3773,0.3);
#673=CIRCLE('',#3774,0.3);
#674=CIRCLE('',#3784,0.34);
#675=CIRCLE('',#3798,0.25);
#676=CIRCLE('',#3801,0.25);
#677=CIRCLE('',#3805,5.3);
#678=CIRCLE('',#3807,5.3);
#679=CIRCLE('',#3809,5.3);
#680=CIRCLE('',#3823,0.4);
#681=CIRCLE('',#3824,0.4);
#682=CIRCLE('',#3828,0.4);
#683=CIRCLE('',#3829,0.4);
#684=CIRCLE('',#3832,5.3);
#685=CIRCLE('',#3833,5.3);
#686=CIRCLE('',#3834,5.3);
#687=CIRCLE('',#3838,0.2);
#688=CIRCLE('',#3840,0.5);
#689=CIRCLE('',#3842,0.5);
#690=CIRCLE('',#3847,5.3);
#691=CIRCLE('',#3851,5.3);
#692=CIRCLE('',#3855,0.35);
#693=CIRCLE('',#3857,0.35);
#694=CIRCLE('',#3859,0.2);
#695=CIRCLE('',#3861,0.3);
#696=CIRCLE('',#3863,0.3);
#697=CIRCLE('',#3869,0.34);
#698=CIRCLE('',#3872,0.125);
#699=CIRCLE('',#3874,0.125);
#700=CIRCLE('',#3876,0.225);
#701=CIRCLE('',#3878,0.225);
#702=CIRCLE('',#3880,0.17);
#703=CIRCLE('',#3883,0.3);
#704=CIRCLE('',#3885,0.3);
#705=CIRCLE('',#3887,0.16);
#706=CIRCLE('',#3889,0.16);
#707=CIRCLE('',#3892,0.225);
#708=CIRCLE('',#3895,0.225);
#709=CIRCLE('',#3898,0.175);
#710=CIRCLE('',#3900,0.175);
#711=CIRCLE('',#3902,0.17);
#712=B_SPLINE_CURVE_WITH_KNOTS('',3,(#4874,#4875,#4876,#4877),
 .UNSPECIFIED.,.F.,.F.,(4,4),(0.963135336130468,1.),.UNSPECIFIED.);
#713=B_SPLINE_CURVE_WITH_KNOTS('',3,(#4883,#4884,#4885,#4886,#4887,#4888,
#4889,#4890,#4891,#4892,#4893,#4894,#4895,#4896,#4897,#4898,#4899,#4900,
#4901,#4902,#4903,#4904),.UNSPECIFIED.,.F.,.F.,(4,3,3,3,3,3,3,4),(0.,0.24951171875,
0.25,0.4990234375,0.5,0.74951171875,0.75,0.847189841879551),
 .UNSPECIFIED.);
#714=B_SPLINE_CURVE_WITH_KNOTS('',3,(#4913,#4914,#4915,#4916,#4917,#4918,
#4919,#4920,#4921,#4922,#4923,#4924),.UNSPECIFIED.,.F.,.F.,(4,2,2,2,2,4),
(0.30513328649572,0.4990234375,0.5,0.7490234375,0.75,1.),.UNSPECIFIED.);
#715=B_SPLINE_CURVE_WITH_KNOTS('',3,(#4928,#4929,#4930,#4931,#4932),
 .UNSPECIFIED.,.F.,.F.,(4,1,4),(0.,0.03125000000001,0.0365021576646941),
 .UNSPECIFIED.);
#716=B_SPLINE_CURVE_WITH_KNOTS('',3,(#5000,#5001,#5002,#5003,#5004,#5005,
#5006,#5007,#5008,#5009,#5010,#5011,#5012,#5013,#5014,#5015,#5016,#5017,
#5018),.UNSPECIFIED.,.F.,.F.,(4,3,3,3,3,3,4),(6.20744676968138E-6,1.48181358257234E-5,
0.231782303350771,1.2021420331194,1.86215828191206,2.46480878488626,2.51691976257807),
 .UNSPECIFIED.);
#717=B_SPLINE_CURVE_WITH_KNOTS('',3,(#5020,#5021,#5022,#5023),
 .UNSPECIFIED.,.F.,.F.,(4,4),(0.000611359820823984,0.994526427163995),
 .UNSPECIFIED.);
#718=B_SPLINE_CURVE_WITH_KNOTS('',3,(#5068,#5069,#5070,#5071),
 .UNSPECIFIED.,.F.,.F.,(4,4),(0.0255648406683912,1.),.UNSPECIFIED.);
#719=B_SPLINE_CURVE_WITH_KNOTS('',3,(#5162,#5163,#5164,#5165),
 .UNSPECIFIED.,.F.,.F.,(4,4),(0.282395770006409,1.06188254122186),
 .UNSPECIFIED.);
#720=B_SPLINE_CURVE_WITH_KNOTS('',3,(#5166,#5167,#5168,#5169,#5170,#5171,
#5172,#5173,#5174,#5175),.UNSPECIFIED.,.F.,.F.,(4,3,3,4),(0.139001952914005,
0.25,0.5,0.531141511128408),.UNSPECIFIED.);
#721=B_SPLINE_CURVE_WITH_KNOTS('',3,(#5179,#5180,#5181,#5182,#5183,#5184,
#5185,#5186,#5187,#5188),.UNSPECIFIED.,.F.,.F.,(4,3,3,4),(-0.211416883922707,
-0.132768003330874,-0.0598373888989918,-1.00000063435956E-6),
 .UNSPECIFIED.);
#722=B_SPLINE_CURVE_WITH_KNOTS('',3,(#5190,#5191,#5192,#5193),
 .UNSPECIFIED.,.F.,.F.,(4,4),(0.740790052039998,2.53568637177454),
 .UNSPECIFIED.);
#723=B_SPLINE_CURVE_WITH_KNOTS('',3,(#5194,#5195,#5196,#5197,#5198,#5199,
#5200,#5201),.UNSPECIFIED.,.F.,.F.,(4,2,2,4),(0.,1.61334245929689,3.22143129716698,
3.79845358648152),.UNSPECIFIED.);
#724=B_SPLINE_CURVE_WITH_KNOTS('',3,(#5206,#5207,#5208,#5209,#5210,#5211,
#5212,#5213,#5214,#5215),.UNSPECIFIED.,.F.,.F.,(4,3,3,4),(0.501414446892587,
0.580105833646088,0.653070688620989,0.712929486816875),.UNSPECIFIED.);
#725=B_SPLINE_CURVE_WITH_KNOTS('',3,(#5869,#5870,#5871,#5872,#5873,#5874,
#5875,#5876,#5877,#5878,#5879,#5880,#5881),.UNSPECIFIED.,.F.,.F.,(4,3,3,
3,4),(0.000129736109352124,0.0178037592132742,0.0626081892691226,0.069457374445887,
0.148880708022802),.UNSPECIFIED.);
#726=B_SPLINE_CURVE_WITH_KNOTS('',3,(#5883,#5884,#5885,#5886,#5887,#5888,
#5889,#5890,#5891,#5892,#5893,#5894,#5895,#5896,#5897,#5898,#5899,#5900,
#5901),.UNSPECIFIED.,.F.,.F.,(4,3,3,3,3,3,4),(0.0861043478957218,0.125,
0.213614575936413,0.24609375,0.249755859375,0.25,0.337376262690507),
 .UNSPECIFIED.);
#727=B_SPLINE_CURVE_WITH_KNOTS('',3,(#5902,#5903,#5904,#5905),
 .UNSPECIFIED.,.F.,.F.,(4,4),(0.234742959188786,1.457031286944),
 .UNSPECIFIED.);
#728=B_SPLINE_CURVE_WITH_KNOTS('',3,(#5945,#5946,#5947,#5948),
 .UNSPECIFIED.,.F.,.F.,(4,4),(0.181816405637646,1.97669343600604),
 .UNSPECIFIED.);
#729=B_SPLINE_CURVE_WITH_KNOTS('',3,(#5949,#5950,#5951,#5952),
 .UNSPECIFIED.,.F.,.F.,(4,4),(1.69221865584864,2.51503297550692),
 .UNSPECIFIED.);
#730=B_SPLINE_CURVE_WITH_KNOTS('',3,(#5954,#5955,#5956,#5957),
 .UNSPECIFIED.,.F.,.F.,(4,4),(4.01805551421728,4.79753400111585),
 .UNSPECIFIED.);
#731=B_SPLINE_CURVE_WITH_KNOTS('',3,(#5958,#5959,#5960,#5961,#5962,#5963,
#5964,#5965),.UNSPECIFIED.,.F.,.F.,(4,2,2,4),(1.43045906802433,2.97312786375326,
4.10338704729793,5.22650984667722),.UNSPECIFIED.);
#732=B_SPLINE_CURVE_WITH_KNOTS('',3,(#6664,#6665,#6666,#6667,#6668,#6669),
 .UNSPECIFIED.,.F.,.F.,(4,2,4),(9.0033490916429E-5,0.0650749177187648,0.0836858927959198),
 .UNSPECIFIED.);
#733=B_SPLINE_CURVE_WITH_KNOTS('',3,(#6671,#6672,#6673,#6674),
 .UNSPECIFIED.,.F.,.F.,(4,4),(0.60278303996669,0.606310878896774),
 .UNSPECIFIED.);
#734=B_SPLINE_CURVE_WITH_KNOTS('',3,(#6676,#6677,#6678,#6679,#6680,#6681),
 .UNSPECIFIED.,.F.,.F.,(4,2,4),(0.606310878896774,0.625,0.649818879721457),
 .UNSPECIFIED.);
#735=B_SPLINE_CURVE_WITH_KNOTS('',3,(#6683,#6684,#6685,#6686),
 .UNSPECIFIED.,.F.,.F.,(4,4),(0.0802572252611999,0.157303670370614),
 .UNSPECIFIED.);
#736=B_SPLINE_CURVE_WITH_KNOTS('',3,(#6687,#6688,#6689,#6690),
 .UNSPECIFIED.,.F.,.F.,(4,4),(0.688785039497343,1.45521978521552),
 .UNSPECIFIED.);
#737=B_SPLINE_CURVE_WITH_KNOTS('',3,(#6723,#6724,#6725,#6726),
 .UNSPECIFIED.,.F.,.F.,(4,4),(1.44874282706838E-6,2.35138666141663),
 .UNSPECIFIED.);
#738=B_SPLINE_CURVE_WITH_KNOTS('',3,(#6728,#6729,#6730,#6731,#6732,#6733,
#6734),.UNSPECIFIED.,.F.,.F.,(4,3,4),(0.619648625449965,0.6500607956,0.652733122232695),
 .UNSPECIFIED.);
#739=B_SPLINE_CURVE_WITH_KNOTS('',3,(#6735,#6736,#6737,#6738),
 .UNSPECIFIED.,.F.,.F.,(4,4),(0.334482320605187,4.15499512813965),
 .UNSPECIFIED.);
#740=B_SPLINE_CURVE_WITH_KNOTS('',3,(#6740,#6741,#6742,#6743,#6744,#6745,
#6746,#6747,#6748,#6749,#6750,#6751,#6752),.UNSPECIFIED.,.F.,.F.,(4,3,3,
3,4),(2.25254092340347,2.28048794552665,2.34808135267959,2.43765577178984,
2.45751592272062),.UNSPECIFIED.);
#741=B_SPLINE_CURVE_WITH_KNOTS('',3,(#6754,#6755,#6756,#6757,#6758,#6759,
#6760,#6761,#6762,#6763,#6764,#6765,#6766,#6767,#6768,#6769,#6770,#6771,
#6772,#6773,#6774,#6775,#6776,#6777,#6778,#6779),.UNSPECIFIED.,.F.,.F.,
(4,2,2,2,2,2,2,2,2,2,2,2,4),(0.0445926034157869,0.128164360277746,0.268501363708539,
0.463786905488836,0.677603478030683,0.897769533468406,1.12749556032736,
1.36403838504608,1.60117560359532,1.78930530051791,1.92036268897573,1.99050734855572,
2.01402357861822),.UNSPECIFIED.);
#742=B_SPLINE_CURVE_WITH_KNOTS('',3,(#6780,#6781,#6782,#6783,#6784,#6785,
#6786,#6787,#6788,#6789,#6790,#6791,#6792,#6793,#6794,#6795,#6796,#6797,
#6798),.UNSPECIFIED.,.F.,.F.,(4,3,3,3,3,3,4),(0.842870106658933,0.879427095905976,
0.997320560429901,1.11615973006722,1.2149642869472,1.28704999128292,1.33564140180291),
 .UNSPECIFIED.);
#743=B_SPLINE_CURVE_WITH_KNOTS('',3,(#6801,#6802,#6803,#6804,#6805,#6806,
#6807,#6808,#6809,#6810,#6811,#6812,#6813,#6814,#6815,#6816,#6817,#6818,
#6819,#6820,#6821,#6822),.UNSPECIFIED.,.F.,.F.,(4,2,2,2,2,2,2,2,2,2,4),
(-0.561594935721266,-0.555573738865662,-0.507904954524682,-0.448804596327078,
-0.378298799130576,-0.308581464295905,-0.240859741585787,-0.175039747282424,
-0.103428333561445,-0.0468706099908006,-0.000933891410186065),
 .UNSPECIFIED.);
#744=B_SPLINE_CURVE_WITH_KNOTS('',3,(#6823,#6824,#6825,#6826,#6827,#6828,
#6829,#6830,#6831,#6832,#6833,#6834,#6835,#6836,#6837,#6838,#6839,#6840,
#6841,#6842,#6843,#6844,#6845,#6846,#6847),.UNSPECIFIED.,.F.,.F.,(4,3,2,
2,2,2,2,2,2,2,2,4),(-0.000933891410186065,0.,0.0141894062257648,0.0624274201692077,
0.122363460778123,0.192678013011094,0.262389467847997,0.329867605929456,
0.395464079510377,0.466800401508953,0.521270594660816,0.561572398474571),
 .UNSPECIFIED.);
#745=B_SPLINE_CURVE_WITH_KNOTS('',3,(#6852,#6853,#6854,#6855,#6856,#6857,
#6858,#6859,#6860,#6861,#6862,#6863,#6864,#6865,#6866,#6867,#6868,#6869,
#6870,#6871,#6872,#6873,#6874,#6875,#6876,#6877,#6878,#6879,#6880,#6881,
#6882,#6883,#6884,#6885,#6886,#6887,#6888,#6889,#6890,#6891,#6892,#6893,
#6894,#6895,#6896,#6897,#6898,#6899,#6900,#6901,#6902,#6903,#6904,#6905,
#6906,#6907,#6908,#6909,#6910,#6911,#6912,#6913,#6914,#6915,#6916,#6917,
#6918,#6919,#6920,#6921,#6922,#6923,#6924,#6925,#6926,#6927,#6928,#6929,
#6930),.UNSPECIFIED.,.F.,.F.,(4,3,3,3,3,3,3,3,3,3,3,3,3,3,3,3,3,3,3,3,3,
3,3,3,3,3,4),(-1.11985573762329,-1.082171299218,-1.03942366992827,-0.984229219731193,
-0.93836834857564,-0.915937671657227,-0.903412249380772,-0.892886788872736,
-0.88051656005423,-0.859324718688457,-0.789513884644909,-0.722544141457033,
-0.65154495918434,-0.582228568189426,-0.517934255015034,-0.458961417047453,
-0.406282379477339,-0.366198343084223,-0.349669441469296,-0.338124786590306,
-0.326802331285844,-0.310795667908021,-0.273562075590108,-0.209640421128558,
-0.1408775402556,-0.0693677145852934,-0.0581956773290997),.UNSPECIFIED.);
#746=B_SPLINE_CURVE_WITH_KNOTS('',3,(#6931,#6932,#6933,#6934,#6935,#6936,
#6937),.UNSPECIFIED.,.F.,.F.,(4,3,4),(-0.0581956773290997,-0.0343081093265235,
0.),.UNSPECIFIED.);
#747=B_SPLINE_CURVE_WITH_KNOTS('',3,(#6941,#6942,#6943,#6944,#6945,#6946,
#6947,#6948,#6949,#6950,#6951,#6952,#6953,#6954,#6955,#6956,#6957,#6958,
#6959,#6960,#6961,#6962),.UNSPECIFIED.,.F.,.F.,(4,2,2,2,2,2,2,2,2,2,4),
(-0.561631464843817,-0.555609893700943,-0.507937983692724,-0.44883373849672,
-0.378323356720497,-0.308601505744417,-0.240875401142233,-0.175051130954813,
-0.103435056038818,-0.0468736659778735,-0.000933950789143344),
 .UNSPECIFIED.);
#748=B_SPLINE_CURVE_WITH_KNOTS('',3,(#6966,#6967,#6968,#6969,#6970,#6971,
#6972,#6973,#6974,#6975,#6976,#6977,#6978,#6979,#6980,#6981,#6982,#6983,
#6984,#6985,#6986,#6987,#6988,#6989,#6990,#6991,#6992,#6993,#6994,#6995,
#6996,#6997,#6998,#6999,#7000,#7001,#7002,#7003,#7004,#7005,#7006,#7007,
#7008,#7009,#7010,#7011,#7012,#7013,#7014,#7015,#7016,#7017,#7018,#7019,
#7020,#7021,#7022,#7023,#7024,#7025,#7026,#7027,#7028,#7029,#7030,#7031,
#7032,#7033,#7034,#7035,#7036,#7037,#7038,#7039,#7040,#7041,#7042,#7043,
#7044),.UNSPECIFIED.,.F.,.F.,(4,3,3,3,3,3,3,3,3,3,3,3,3,3,3,3,3,3,3,3,3,
3,3,3,3,3,4),(-1.11999014736544,-1.05789457643465,-1.00070220972107,-0.956011721143882,
-0.922614356045522,-0.907786927860798,-0.896970478884452,-0.885819305211814,
-0.869374262548226,-0.829566367652224,-0.766908989604763,-0.697819684135907,
-0.62631626765837,-0.591450714300479,-0.526465509307406,-0.466725014646186,
-0.396226961231114,-0.362969504942393,-0.347729200013254,-0.336438863265223,
-0.324659117101827,-0.307059704916411,-0.273594174330509,-0.20965540016852,
-0.140889724887693,-0.0693747164765081,-0.0581554254696934),
 .UNSPECIFIED.);
#749=B_SPLINE_CURVE_WITH_KNOTS('',3,(#7045,#7046,#7047,#7048,#7049,#7050,
#7051),.UNSPECIFIED.,.F.,.F.,(4,3,4),(-0.0581554254696934,-0.0343114962930115,
0.),.UNSPECIFIED.);
#750=B_SPLINE_CURVE_WITH_KNOTS('',3,(#7052,#7053,#7054,#7055,#7056,#7057,
#7058,#7059,#7060,#7061,#7062,#7063,#7064,#7065,#7066,#7067,#7068,#7069,
#7070,#7071,#7072,#7073,#7074,#7075,#7076),.UNSPECIFIED.,.F.,.F.,(4,3,2,
2,2,2,2,2,2,2,2,4),(-0.000933950789143344,0.,0.0141903111891872,0.0624314836984503,
0.122371452882163,0.192690570095579,0.262406545000324,0.329889057517345,
0.395489791683501,0.466830751737261,0.521304474948023,0.561608925764755),
 .UNSPECIFIED.);
#751=B_SPLINE_CURVE_WITH_KNOTS('',3,(#7108,#7109,#7110,#7111),
 .UNSPECIFIED.,.F.,.F.,(4,4),(0.0049999999999999,2.35639471176627),
 .UNSPECIFIED.);
#752=B_SPLINE_CURVE_WITH_KNOTS('',3,(#7113,#7114,#7115,#7116,#7117,#7118,
#7119,#7120,#7121,#7122,#7123,#7124,#7125,#7126,#7127,#7128,#7129,#7130,
#7131),.UNSPECIFIED.,.F.,.F.,(4,3,3,3,3,3,4),(2.25254092185525,2.28048782804845,
2.34808122574615,2.4376556506765,2.55828259339511,2.66804943703812,2.74533542358304),
 .UNSPECIFIED.);
#753=B_SPLINE_CURVE_WITH_KNOTS('',3,(#7133,#7134,#7135,#7136,#7137,#7138,
#7139,#7140,#7141,#7142,#7143,#7144,#7145,#7146,#7147,#7148,#7149,#7150,
#7151,#7152,#7153,#7154,#7155,#7156,#7157,#7158),.UNSPECIFIED.,.F.,.F.,
(4,2,2,2,2,2,2,2,2,2,2,2,4),(0.0445961355677227,0.128164435744402,0.268500548970967,
0.463783533492314,0.677599966125996,0.897765752153168,1.12749140420965,
1.36403420350574,1.60117138545807,1.78930379003508,1.92036677022966,1.9905138414531,
2.01402708790217),.UNSPECIFIED.);
#754=B_SPLINE_CURVE_WITH_KNOTS('',3,(#7160,#7161,#7162,#7163,#7164,#7165,
#7166,#7167,#7168,#7169),.UNSPECIFIED.,.F.,.F.,(4,3,3,4),(1.13063217086339,
1.21496418088929,1.28704986948963,1.33564142225817),.UNSPECIFIED.);
#755=B_SPLINE_CURVE_WITH_KNOTS('',3,(#7171,#7172,#7173,#7174),
 .UNSPECIFIED.,.F.,.F.,(4,4),(0.603216539707013,0.606495830242965),
 .UNSPECIFIED.);
#756=B_SPLINE_CURVE_WITH_KNOTS('',3,(#7176,#7177,#7178,#7179,#7180,#7181,
#7182),.UNSPECIFIED.,.F.,.F.,(4,3,4),(0.606495830242965,0.647562932353048,
0.650239586194122),.UNSPECIFIED.);
#757=B_SPLINE_CURVE_WITH_KNOTS('',3,(#7183,#7184,#7185,#7186),
 .UNSPECIFIED.,.F.,.F.,(4,4),(1.16643523780102E-6,3.82051035925165),
 .UNSPECIFIED.);
#758=B_SPLINE_CURVE_WITH_KNOTS('',3,(#7763,#7764,#7765,#7766,#7767,#7768,
#7769,#7770,#7771,#7772,#7773,#7774,#7775,#7776,#7777,#7778),
 .UNSPECIFIED.,.F.,.F.,(4,2,2,2,2,2,2,4),(0.959774500268318,0.98029736688458,
1.38516949773782,1.67246441981797,1.74279076773384,1.77299636250702,1.78632404086541,
1.79760985747111),.UNSPECIFIED.);
#759=B_SPLINE_CURVE_WITH_KNOTS('',3,(#8476,#8477,#8478,#8479,#8480,#8481),
 .UNSPECIFIED.,.F.,.F.,(4,2,4),(0.0465577878997809,0.0718688806713957,0.160291566468684),
 .UNSPECIFIED.);
#760=B_SPLINE_CURVE_WITH_KNOTS('',3,(#8483,#8484,#8485,#8486,#8487,#8488),
 .UNSPECIFIED.,.F.,.F.,(4,2,4),(0.,0.224001009377007,0.24402743616869),
 .UNSPECIFIED.);
#761=B_SPLINE_CURVE_WITH_KNOTS('',3,(#8489,#8490,#8491,#8492),
 .UNSPECIFIED.,.F.,.F.,(4,4),(5.5187975289927E-5,0.0313517811323853),
 .UNSPECIFIED.);
#762=B_SPLINE_CURVE_WITH_KNOTS('',3,(#8578,#8579,#8580,#8581,#8582,#8583,
#8584,#8585,#8586,#8587,#8588,#8589,#8590,#8591,#8592,#8593,#8594,#8595,
#8596),.UNSPECIFIED.,.F.,.F.,(4,3,3,3,3,3,4),(-0.491936578484,-0.480301296168,
-0.466937988263,-0.437341103041,-0.384150646116,-0.345543945173,-0.306272756294828),
 .UNSPECIFIED.);
#763=B_SPLINE_CURVE_WITH_KNOTS('',3,(#8636,#8637,#8638,#8639,#8640,#8641,
#8642,#8643,#8644,#8645,#8646,#8647,#8648,#8649,#8650,#8651,#8652,#8653,
#8654,#8655,#8656,#8657,#8658,#8659,#8660,#8661,#8662,#8663,#8664,#8665,
#8666,#8667,#8668,#8669,#8670,#8671,#8672,#8673,#8674,#8675,#8676,#8677,
#8678,#8679,#8680,#8681),.UNSPECIFIED.,.F.,.F.,(4,3,3,3,3,3,3,3,3,3,3,3,
3,3,3,4),(0.553815796265316,0.559972585612637,0.570188639920951,0.591774559498706,
0.638600818092232,0.692527047480569,0.75252342992801,0.817709995074163,
0.852439776517793,0.922914430409134,0.990084979081771,1.05091171999159,
1.08548109744226,1.09799026357948,1.10597137367637,1.10756095020069),
 .UNSPECIFIED.);
#764=B_SPLINE_CURVE_WITH_KNOTS('',3,(#8682,#8683,#8684,#8685,#8686,#8687,
#8688,#8689,#8690,#8691,#8692,#8693,#8694,#8695,#8696,#8697,#8698,#8699,
#8700,#8701,#8702,#8703,#8704,#8705,#8706,#8707,#8708,#8709,#8710,#8711,
#8712,#8713,#8714,#8715,#8716,#8717,#8718,#8719,#8720,#8721,#8722,#8723,
#8724,#8725,#8726,#8727),.UNSPECIFIED.,.F.,.F.,(4,3,3,3,3,3,3,3,3,3,3,3,
3,3,3,4),(1.10756095020069,1.11517173850251,1.12605506000996,1.15290069723778,
1.19014682849437,1.24392841759512,1.30394400376575,1.36934072537904,1.40418542261156,
1.47476008612999,1.54193016696267,1.60269829692039,1.63834223320107,1.65138491155389,
1.65973872753946,1.66135946121259),.UNSPECIFIED.);
#765=B_SPLINE_CURVE_WITH_KNOTS('',3,(#8737,#8738,#8739,#8740,#8741,#8742,
#8743,#8744,#8745,#8746,#8747,#8748,#8749,#8750,#8751,#8752,#8753,#8754,
#8755,#8756,#8757,#8758),.UNSPECIFIED.,.F.,.F.,(4,3,3,3,3,3,3,4),(-0.18560618713199,
-0.175447572944,-0.14654556902,-0.09336240715513,-0.05462382134531,-0.02500748640785,
-0.0116390673721,-1.000000009206E-6),.UNSPECIFIED.);
#766=B_SPLINE_CURVE_WITH_KNOTS('',3,(#9158,#9159,#9160,#9161,#9162,#9163,
#9164,#9165,#9166,#9167,#9168,#9169,#9170,#9171,#9172,#9173,#9174,#9175,
#9176,#9177,#9178,#9179,#9180,#9181,#9182,#9183,#9184,#9185,#9186,#9187,
#9188,#9189),.UNSPECIFIED.,.F.,.F.,(4,2,2,2,2,2,2,2,2,2,2,2,2,2,2,4),(-2.0646478084721,
-1.91305492871282,-1.79814550525967,-1.68323608180652,-1.64945536111079,
-1.63256500076293,-1.61567464041506,-1.60817720766076,-1.60067977490645,
-1.58844316504932,-1.57620655519218,-1.53827318467514,-1.50033981415809,
-1.424473073124,-1.27273959105582,-1.08023379506693),.UNSPECIFIED.);
#767=B_SPLINE_CURVE_WITH_KNOTS('',3,(#9374,#9375,#9376,#9377,#9378,#9379,
#9380,#9381,#9382,#9383,#9384,#9385,#9386,#9387,#9388,#9389,#9390,#9391,
#9392,#9393,#9394,#9395,#9396,#9397,#9398,#9399,#9400,#9401,#9402,#9403,
#9404,#9405,#9406,#9407,#9408,#9409,#9410,#9411,#9412,#9413,#9414,#9415,
#9416,#9417,#9418,#9419),.UNSPECIFIED.,.F.,.F.,(4,3,3,3,3,3,3,3,3,3,3,3,
3,3,3,4),(0.553815792958345,0.559972582773725,0.570188637285309,0.591774558076486,
0.638600819783146,0.692527049189372,0.752523431358925,0.817709996048719,
0.85243977705849,0.922914429538753,0.990084976225164,1.05091171827134,1.08548108772404,
1.09799025245699,1.10597136213539,1.10756093768098),.UNSPECIFIED.);
#768=B_SPLINE_CURVE_WITH_KNOTS('',3,(#9420,#9421,#9422,#9423,#9424,#9425,
#9426,#9427,#9428,#9429,#9430,#9431,#9432,#9433,#9434,#9435,#9436,#9437,
#9438,#9439,#9440,#9441,#9442,#9443,#9444,#9445,#9446,#9447,#9448,#9449,
#9450,#9451,#9452,#9453,#9454,#9455,#9456,#9457,#9458,#9459,#9460,#9461,
#9462,#9463,#9464,#9465),.UNSPECIFIED.,.F.,.F.,(4,3,3,3,3,3,3,3,3,3,3,3,
3,3,3,4),(1.10756093768098,1.11517172619347,1.12605504783915,1.15290068592022,
1.19014681866277,1.24392840796126,1.30394399418576,1.36934071576426,1.40418541287628,
1.47476007585961,1.54193015584442,1.60269828638411,1.638342218905,1.65138489659411,
1.65973871238344,1.6613594455684),.UNSPECIFIED.);
#769=LINE('',#4872,#1079);
#770=LINE('',#4906,#1080);
#771=LINE('',#4907,#1081);
#772=LINE('',#4911,#1082);
#773=LINE('',#4934,#1083);
#774=LINE('',#4935,#1084);
#775=LINE('',#4938,#1085);
#776=LINE('',#4940,#1086);
#777=LINE('',#4941,#1087);
#778=LINE('',#4944,#1088);
#779=LINE('',#4946,#1089);
#780=LINE('',#4948,#1090);
#781=LINE('',#4950,#1091);
#782=LINE('',#4951,#1092);
#783=LINE('',#4954,#1093);
#784=LINE('',#4956,#1094);
#785=LINE('',#4958,#1095);
#786=LINE('',#4960,#1096);
#787=LINE('',#4962,#1097);
#788=LINE('',#4963,#1098);
#789=LINE('',#4966,#1099);
#790=LINE('',#4967,#1100);
#791=LINE('',#4972,#1101);
#792=LINE('',#4978,#1102);
#793=LINE('',#4983,#1103);
#794=LINE('',#4985,#1104);
#795=LINE('',#4986,#1105);
#796=LINE('',#4988,#1106);
#797=LINE('',#4989,#1107);
#798=LINE('',#4991,#1108);
#799=LINE('',#4995,#1109);
#800=LINE('',#4998,#1110);
#801=LINE('',#5025,#1111);
#802=LINE('',#5027,#1112);
#803=LINE('',#5029,#1113);
#804=LINE('',#5031,#1114);
#805=LINE('',#5033,#1115);
#806=LINE('',#5035,#1116);
#807=LINE('',#5036,#1117);
#808=LINE('',#5041,#1118);
#809=LINE('',#5045,#1119);
#810=LINE('',#5049,#1120);
#811=LINE('',#5053,#1121);
#812=LINE('',#5055,#1122);
#813=LINE('',#5056,#1123);
#814=LINE('',#5061,#1124);
#815=LINE('',#5063,#1125);
#816=LINE('',#5065,#1126);
#817=LINE('',#5067,#1127);
#818=LINE('',#5074,#1128);
#819=LINE('',#5075,#1129);
#820=LINE('',#5079,#1130);
#821=LINE('',#5080,#1131);
#822=LINE('',#5081,#1132);
#823=LINE('',#5085,#1133);
#824=LINE('',#5089,#1134);
#825=LINE('',#5093,#1135);
#826=LINE('',#5095,#1136);
#827=LINE('',#5097,#1137);
#828=LINE('',#5101,#1138);
#829=LINE('',#5105,#1139);
#830=LINE('',#5106,#1140);
#831=LINE('',#5108,#1141);
#832=LINE('',#5112,#1142);
#833=LINE('',#5116,#1143);
#834=LINE('',#5119,#1144);
#835=LINE('',#5121,#1145);
#836=LINE('',#5204,#1146);
#837=LINE('',#5217,#1147);
#838=LINE('',#6850,#1148);
#839=LINE('',#6964,#1149);
#840=LINE('',#8494,#1150);
#841=LINE('',#8496,#1151);
#842=LINE('',#8498,#1152);
#843=LINE('',#8500,#1153);
#844=LINE('',#8502,#1154);
#845=LINE('',#8504,#1155);
#846=LINE('',#8506,#1156);
#847=LINE('',#8508,#1157);
#848=LINE('',#8510,#1158);
#849=LINE('',#8512,#1159);
#850=LINE('',#8514,#1160);
#851=LINE('',#8515,#1161);
#852=LINE('',#8520,#1162);
#853=LINE('',#8525,#1163);
#854=LINE('',#8527,#1164);
#855=LINE('',#8531,#1165);
#856=LINE('',#8537,#1166);
#857=LINE('',#8540,#1167);
#858=LINE('',#8542,#1168);
#859=LINE('',#8548,#1169);
#860=LINE('',#8554,#1170);
#861=LINE('',#8556,#1171);
#862=LINE('',#8558,#1172);
#863=LINE('',#8560,#1173);
#864=LINE('',#8562,#1174);
#865=LINE('',#8563,#1175);
#866=LINE('',#8568,#1176);
#867=LINE('',#8571,#1177);
#868=LINE('',#8574,#1178);
#869=LINE('',#8598,#1179);
#870=LINE('',#8602,#1180);
#871=LINE('',#8604,#1181);
#872=LINE('',#8606,#1182);
#873=LINE('',#8608,#1183);
#874=LINE('',#8612,#1184);
#875=LINE('',#8616,#1185);
#876=LINE('',#8618,#1186);
#877=LINE('',#8620,#1187);
#878=LINE('',#8621,#1188);
#879=LINE('',#8760,#1189);
#880=LINE('',#8772,#1190);
#881=LINE('',#8774,#1191);
#882=LINE('',#8776,#1192);
#883=LINE('',#8777,#1193);
#884=LINE('',#8779,#1194);
#885=LINE('',#8780,#1195);
#886=LINE('',#8785,#1196);
#887=LINE('',#8787,#1197);
#888=LINE('',#8794,#1198);
#889=LINE('',#8796,#1199);
#890=LINE('',#8798,#1200);
#891=LINE('',#8815,#1201);
#892=LINE('',#8822,#1202);
#893=LINE('',#8828,#1203);
#894=LINE('',#8830,#1204);
#895=LINE('',#8832,#1205);
#896=LINE('',#8834,#1206);
#897=LINE('',#8836,#1207);
#898=LINE('',#8837,#1208);
#899=LINE('',#8840,#1209);
#900=LINE('',#8844,#1210);
#901=LINE('',#8845,#1211);
#902=LINE('',#8850,#1212);
#903=LINE('',#8854,#1213);
#904=LINE('',#8855,#1214);
#905=LINE('',#8858,#1215);
#906=LINE('',#8861,#1216);
#907=LINE('',#8862,#1217);
#908=LINE('',#8868,#1218);
#909=LINE('',#8870,#1219);
#910=LINE('',#8874,#1220);
#911=LINE('',#8875,#1221);
#912=LINE('',#8878,#1222);
#913=LINE('',#8880,#1223);
#914=LINE('',#8882,#1224);
#915=LINE('',#8884,#1225);
#916=LINE('',#8885,#1226);
#917=LINE('',#8891,#1227);
#918=LINE('',#8893,#1228);
#919=LINE('',#8897,#1229);
#920=LINE('',#8901,#1230);
#921=LINE('',#8903,#1231);
#922=LINE('',#8905,#1232);
#923=LINE('',#8907,#1233);
#924=LINE('',#8909,#1234);
#925=LINE('',#8913,#1235);
#926=LINE('',#8917,#1236);
#927=LINE('',#8919,#1237);
#928=LINE('',#8922,#1238);
#929=LINE('',#8926,#1239);
#930=LINE('',#8928,#1240);
#931=LINE('',#8953,#1241);
#932=LINE('',#8957,#1242);
#933=LINE('',#8961,#1243);
#934=LINE('',#8965,#1244);
#935=LINE('',#8967,#1245);
#936=LINE('',#8970,#1246);
#937=LINE('',#8974,#1247);
#938=LINE('',#8976,#1248);
#939=LINE('',#8978,#1249);
#940=LINE('',#8989,#1250);
#941=LINE('',#8990,#1251);
#942=LINE('',#8992,#1252);
#943=LINE('',#8995,#1253);
#944=LINE('',#8997,#1254);
#945=LINE('',#8999,#1255);
#946=LINE('',#9000,#1256);
#947=LINE('',#9003,#1257);
#948=LINE('',#9004,#1258);
#949=LINE('',#9006,#1259);
#950=LINE('',#9009,#1260);
#951=LINE('',#9015,#1261);
#952=LINE('',#9016,#1262);
#953=LINE('',#9018,#1263);
#954=LINE('',#9020,#1264);
#955=LINE('',#9024,#1265);
#956=LINE('',#9026,#1266);
#957=LINE('',#9029,#1267);
#958=LINE('',#9031,#1268);
#959=LINE('',#9033,#1269);
#960=LINE('',#9034,#1270);
#961=LINE('',#9036,#1271);
#962=LINE('',#9039,#1272);
#963=LINE('',#9041,#1273);
#964=LINE('',#9043,#1274);
#965=LINE('',#9045,#1275);
#966=LINE('',#9047,#1276);
#967=LINE('',#9049,#1277);
#968=LINE('',#9050,#1278);
#969=LINE('',#9057,#1279);
#970=LINE('',#9059,#1280);
#971=LINE('',#9063,#1281);
#972=LINE('',#9067,#1282);
#973=LINE('',#9071,#1283);
#974=LINE('',#9073,#1284);
#975=LINE('',#9080,#1285);
#976=LINE('',#9082,#1286);
#977=LINE('',#9087,#1287);
#978=LINE('',#9089,#1288);
#979=LINE('',#9091,#1289);
#980=LINE('',#9093,#1290);
#981=LINE('',#9095,#1291);
#982=LINE('',#9096,#1292);
#983=LINE('',#9098,#1293);
#984=LINE('',#9100,#1294);
#985=LINE('',#9102,#1295);
#986=LINE('',#9110,#1296);
#987=LINE('',#9114,#1297);
#988=LINE('',#9116,#1298);
#989=LINE('',#9117,#1299);
#990=LINE('',#9118,#1300);
#991=LINE('',#9120,#1301);
#992=LINE('',#9122,#1302);
#993=LINE('',#9123,#1303);
#994=LINE('',#9125,#1304);
#995=LINE('',#9127,#1305);
#996=LINE('',#9129,#1306);
#997=LINE('',#9131,#1307);
#998=LINE('',#9132,#1308);
#999=LINE('',#9138,#1309);
#1000=LINE('',#9140,#1310);
#1001=LINE('',#9142,#1311);
#1002=LINE('',#9144,#1312);
#1003=LINE('',#9146,#1313);
#1004=LINE('',#9148,#1314);
#1005=LINE('',#9152,#1315);
#1006=LINE('',#9191,#1316);
#1007=LINE('',#9205,#1317);
#1008=LINE('',#9208,#1318);
#1009=LINE('',#9210,#1319);
#1010=LINE('',#9214,#1320);
#1011=LINE('',#9216,#1321);
#1012=LINE('',#9218,#1322);
#1013=LINE('',#9220,#1323);
#1014=LINE('',#9222,#1324);
#1015=LINE('',#9224,#1325);
#1016=LINE('',#9231,#1326);
#1017=LINE('',#9233,#1327);
#1018=LINE('',#9235,#1328);
#1019=LINE('',#9237,#1329);
#1020=LINE('',#9243,#1330);
#1021=LINE('',#9245,#1331);
#1022=LINE('',#9247,#1332);
#1023=LINE('',#9249,#1333);
#1024=LINE('',#9252,#1334);
#1025=LINE('',#9260,#1335);
#1026=LINE('',#9262,#1336);
#1027=LINE('',#9263,#1337);
#1028=LINE('',#9266,#1338);
#1029=LINE('',#9270,#1339);
#1030=LINE('',#9272,#1340);
#1031=LINE('',#9276,#1341);
#1032=LINE('',#9280,#1342);
#1033=LINE('',#9281,#1343);
#1034=LINE('',#9284,#1344);
#1035=LINE('',#9286,#1345);
#1036=LINE('',#9288,#1346);
#1037=LINE('',#9289,#1347);
#1038=LINE('',#9292,#1348);
#1039=LINE('',#9293,#1349);
#1040=LINE('',#9296,#1350);
#1041=LINE('',#9300,#1351);
#1042=LINE('',#9302,#1352);
#1043=LINE('',#9303,#1353);
#1044=LINE('',#9306,#1354);
#1045=LINE('',#9308,#1355);
#1046=LINE('',#9310,#1356);
#1047=LINE('',#9311,#1357);
#1048=LINE('',#9315,#1358);
#1049=LINE('',#9318,#1359);
#1050=LINE('',#9319,#1360);
#1051=LINE('',#9322,#1361);
#1052=LINE('',#9324,#1362);
#1053=LINE('',#9325,#1363);
#1054=LINE('',#9329,#1364);
#1055=LINE('',#9333,#1365);
#1056=LINE('',#9336,#1366);
#1057=LINE('',#9340,#1367);
#1058=LINE('',#9344,#1368);
#1059=LINE('',#9349,#1369);
#1060=LINE('',#9350,#1370);
#1061=LINE('',#9351,#1371);
#1062=LINE('',#9353,#1372);
#1063=LINE('',#9355,#1373);
#1064=LINE('',#9363,#1374);
#1065=LINE('',#9469,#1375);
#1066=LINE('',#9476,#1376);
#1067=LINE('',#9481,#1377);
#1068=LINE('',#9482,#1378);
#1069=LINE('',#9483,#1379);
#1070=LINE('',#9491,#1380);
#1071=LINE('',#9495,#1381);
#1072=LINE('',#9511,#1382);
#1073=LINE('',#9515,#1383);
#1074=LINE('',#9517,#1384);
#1075=LINE('',#9519,#1385);
#1076=LINE('',#9522,#1386);
#1077=LINE('',#9526,#1387);
#1078=LINE('',#9527,#1388);
#1079=VECTOR('',#3916,1.);
#1080=VECTOR('',#3921,1.);
#1081=VECTOR('',#3922,1.);
#1082=VECTOR('',#3925,1.);
#1083=VECTOR('',#3928,1.);
#1084=VECTOR('',#3929,1.);
#1085=VECTOR('',#3932,1.);
#1086=VECTOR('',#3933,1.);
#1087=VECTOR('',#3934,1.);
#1088=VECTOR('',#3937,1.);
#1089=VECTOR('',#3938,1.);
#1090=VECTOR('',#3939,1.);
#1091=VECTOR('',#3940,1.);
#1092=VECTOR('',#3941,1.);
#1093=VECTOR('',#3944,1.);
#1094=VECTOR('',#3945,1.);
#1095=VECTOR('',#3946,1.);
#1096=VECTOR('',#3947,1.);
#1097=VECTOR('',#3948,1.);
#1098=VECTOR('',#3949,1.);
#1099=VECTOR('',#3952,1.);
#1100=VECTOR('',#3953,1.);
#1101=VECTOR('',#3958,0.17);
#1102=VECTOR('',#3965,0.17);
#1103=VECTOR('',#3970,1.);
#1104=VECTOR('',#3971,1.);
#1105=VECTOR('',#3972,1.);
#1106=VECTOR('',#3973,1.);
#1107=VECTOR('',#3974,1.);
#1108=VECTOR('',#3977,1.);
#1109=VECTOR('',#3984,1.);
#1110=VECTOR('',#3987,1.);
#1111=VECTOR('',#3988,0.1);
#1112=VECTOR('',#3989,0.1);
#1113=VECTOR('',#3990,0.1);
#1114=VECTOR('',#3991,0.1);
#1115=VECTOR('',#3992,0.1);
#1116=VECTOR('',#3993,0.1);
#1117=VECTOR('',#3994,0.1);
#1118=VECTOR('',#3999,1.);
#1119=VECTOR('',#4002,1.);
#1120=VECTOR('',#4005,1.);
#1121=VECTOR('',#4008,1.);
#1122=VECTOR('',#4009,1.);
#1123=VECTOR('',#4010,1.);
#1124=VECTOR('',#4015,1.);
#1125=VECTOR('',#4016,1.);
#1126=VECTOR('',#4017,1.);
#1127=VECTOR('',#4018,1.);
#1128=VECTOR('',#4021,1.);
#1129=VECTOR('',#4022,1.);
#1130=VECTOR('',#4027,1.);
#1131=VECTOR('',#4028,1.);
#1132=VECTOR('',#4029,1.);
#1133=VECTOR('',#4034,0.1);
#1134=VECTOR('',#4037,0.0999999999999984);
#1135=VECTOR('',#4040,0.1);
#1136=VECTOR('',#4041,0.1);
#1137=VECTOR('',#4042,0.1);
#1138=VECTOR('',#4045,0.0999999999999984);
#1139=VECTOR('',#4048,0.1);
#1140=VECTOR('',#4049,0.1);
#1141=VECTOR('',#4050,1.);
#1142=VECTOR('',#4053,1.);
#1143=VECTOR('',#4056,1.);
#1144=VECTOR('',#4059,1.);
#1145=VECTOR('',#4062,1.);
#1146=VECTOR('',#4067,1.);
#1147=VECTOR('',#4068,1.);
#1148=VECTOR('',#4073,0.175);
#1149=VECTOR('',#4076,0.175);
#1150=VECTOR('',#4079,0.1);
#1151=VECTOR('',#4080,0.1);
#1152=VECTOR('',#4081,0.1);
#1153=VECTOR('',#4082,0.1);
#1154=VECTOR('',#4083,0.1);
#1155=VECTOR('',#4084,0.1);
#1156=VECTOR('',#4085,0.1);
#1157=VECTOR('',#4086,0.1);
#1158=VECTOR('',#4087,0.1);
#1159=VECTOR('',#4088,0.1);
#1160=VECTOR('',#4089,0.1);
#1161=VECTOR('',#4090,0.1);
#1162=VECTOR('',#4095,0.1);
#1163=VECTOR('',#4100,0.1);
#1164=VECTOR('',#4101,0.1);
#1165=VECTOR('',#4104,0.1);
#1166=VECTOR('',#4109,0.1);
#1167=VECTOR('',#4112,0.1);
#1168=VECTOR('',#4113,0.1);
#1169=VECTOR('',#4118,0.1);
#1170=VECTOR('',#4127,0.1);
#1171=VECTOR('',#4128,0.1);
#1172=VECTOR('',#4129,0.1);
#1173=VECTOR('',#4130,0.1);
#1174=VECTOR('',#4131,0.1);
#1175=VECTOR('',#4132,0.1);
#1176=VECTOR('',#4137,0.1);
#1177=VECTOR('',#4140,0.1);
#1178=VECTOR('',#4143,0.1);
#1179=VECTOR('',#4148,0.1);
#1180=VECTOR('',#4153,0.1);
#1181=VECTOR('',#4154,0.10000000000002);
#1182=VECTOR('',#4155,0.1);
#1183=VECTOR('',#4156,0.10000000000002);
#1184=VECTOR('',#4159,0.1);
#1185=VECTOR('',#4162,0.10000000000002);
#1186=VECTOR('',#4163,0.1);
#1187=VECTOR('',#4164,0.10000000000002);
#1188=VECTOR('',#4165,0.1);
#1189=VECTOR('',#4170,0.1);
#1190=VECTOR('',#4175,0.1);
#1191=VECTOR('',#4178,1.);
#1192=VECTOR('',#4181,1.);
#1193=VECTOR('',#4182,1.);
#1194=VECTOR('',#4185,1.);
#1195=VECTOR('',#4186,1.);
#1196=VECTOR('',#4191,0.1);
#1197=VECTOR('',#4192,0.1);
#1198=VECTOR('',#4199,0.1);
#1199=VECTOR('',#4200,0.1);
#1200=VECTOR('',#4201,0.1);
#1201=VECTOR('',#4220,0.325);
#1202=VECTOR('',#4229,0.325);
#1203=VECTOR('',#4236,0.1);
#1204=VECTOR('',#4237,0.100000000000006);
#1205=VECTOR('',#4238,0.1);
#1206=VECTOR('',#4239,0.100000000000006);
#1207=VECTOR('',#4240,0.1);
#1208=VECTOR('',#4241,0.1);
#1209=VECTOR('',#4244,0.1);
#1210=VECTOR('',#4247,0.1);
#1211=VECTOR('',#4248,0.0999999999999984);
#1212=VECTOR('',#4253,0.0999999999999984);
#1213=VECTOR('',#4258,0.0999999999999984);
#1214=VECTOR('',#4259,0.0999999999999984);
#1215=VECTOR('',#4264,0.0999999999999984);
#1216=VECTOR('',#4267,0.0999999999999984);
#1217=VECTOR('',#4268,0.0999999999999984);
#1218=VECTOR('',#4275,0.0999999999999984);
#1219=VECTOR('',#4276,0.1);
#1220=VECTOR('',#4279,0.1);
#1221=VECTOR('',#4280,0.1);
#1222=VECTOR('',#4283,0.1);
#1223=VECTOR('',#4284,0.100000000000006);
#1224=VECTOR('',#4285,0.1);
#1225=VECTOR('',#4286,0.100000000000006);
#1226=VECTOR('',#4287,0.1);
#1227=VECTOR('',#4292,0.1);
#1228=VECTOR('',#4293,0.100000000000006);
#1229=VECTOR('',#4296,0.1);
#1230=VECTOR('',#4299,0.100000000000006);
#1231=VECTOR('',#4300,0.100000000000011);
#1232=VECTOR('',#4301,0.1);
#1233=VECTOR('',#4302,0.100000000000011);
#1234=VECTOR('',#4303,0.100000000000006);
#1235=VECTOR('',#4306,0.1);
#1236=VECTOR('',#4309,0.100000000000006);
#1237=VECTOR('',#4310,0.1);
#1238=VECTOR('',#4313,0.1);
#1239=VECTOR('',#4316,0.1);
#1240=VECTOR('',#4319,0.1);
#1241=VECTOR('',#4342,0.1);
#1242=VECTOR('',#4345,0.1);
#1243=VECTOR('',#4350,0.1);
#1244=VECTOR('',#4355,0.1);
#1245=VECTOR('',#4356,0.1);
#1246=VECTOR('',#4359,0.1);
#1247=VECTOR('',#4362,0.100000000000006);
#1248=VECTOR('',#4363,0.1);
#1249=VECTOR('',#4364,0.100000000000006);
#1250=VECTOR('',#4377,0.1);
#1251=VECTOR('',#4378,0.1);
#1252=VECTOR('',#4381,0.1);
#1253=VECTOR('',#4384,0.1);
#1254=VECTOR('',#4385,0.1);
#1255=VECTOR('',#4386,0.1);
#1256=VECTOR('',#4387,0.1);
#1257=VECTOR('',#4390,0.1);
#1258=VECTOR('',#4391,0.0999999999999984);
#1259=VECTOR('',#4394,0.21);
#1260=VECTOR('',#4399,0.125);
#1261=VECTOR('',#4408,0.1);
#1262=VECTOR('',#4409,0.0999999999999984);
#1263=VECTOR('',#4412,0.1);
#1264=VECTOR('',#4415,0.1);
#1265=VECTOR('',#4420,0.1);
#1266=VECTOR('',#4423,0.1);
#1267=VECTOR('',#4426,0.1);
#1268=VECTOR('',#4427,0.1);
#1269=VECTOR('',#4428,0.1);
#1270=VECTOR('',#4429,0.1);
#1271=VECTOR('',#4430,0.1);
#1272=VECTOR('',#4433,0.1);
#1273=VECTOR('',#4434,0.1);
#1274=VECTOR('',#4435,0.100000000000064);
#1275=VECTOR('',#4436,0.1);
#1276=VECTOR('',#4437,0.100000000000064);
#1277=VECTOR('',#4438,0.1);
#1278=VECTOR('',#4439,0.1);
#1279=VECTOR('',#4444,0.1);
#1280=VECTOR('',#4445,0.0999999999999984);
#1281=VECTOR('',#4448,0.1);
#1282=VECTOR('',#4451,0.1);
#1283=VECTOR('',#4454,0.0999999999999984);
#1284=VECTOR('',#4455,0.1);
#1285=VECTOR('',#4464,0.1);
#1286=VECTOR('',#4467,0.1);
#1287=VECTOR('',#4474,0.21);
#1288=VECTOR('',#4477,0.1);
#1289=VECTOR('',#4478,0.1);
#1290=VECTOR('',#4479,0.1);
#1291=VECTOR('',#4480,0.1);
#1292=VECTOR('',#4481,0.1);
#1293=VECTOR('',#4484,0.1);
#1294=VECTOR('',#4487,0.1);
#1295=VECTOR('',#4490,0.1);
#1296=VECTOR('',#4501,0.1);
#1297=VECTOR('',#4504,0.1);
#1298=VECTOR('',#4505,0.1);
#1299=VECTOR('',#4506,0.1);
#1300=VECTOR('',#4507,0.1);
#1301=VECTOR('',#4510,0.1);
#1302=VECTOR('',#4513,0.1);
#1303=VECTOR('',#4514,0.1);
#1304=VECTOR('',#4517,0.1);
#1305=VECTOR('',#4520,0.1);
#1306=VECTOR('',#4523,0.1);
#1307=VECTOR('',#4526,0.1);
#1308=VECTOR('',#4527,0.1);
#1309=VECTOR('',#4538,0.175);
#1310=VECTOR('',#4541,0.175);
#1311=VECTOR('',#4544,0.175);
#1312=VECTOR('',#4547,0.175);
#1313=VECTOR('',#4550,0.21);
#1314=VECTOR('',#4553,0.21);
#1315=VECTOR('',#4558,0.125);
#1316=VECTOR('',#4565,0.125);
#1317=VECTOR('',#4590,0.1);
#1318=VECTOR('',#4595,0.1);
#1319=VECTOR('',#4598,0.1);
#1320=VECTOR('',#4605,0.1);
#1321=VECTOR('',#4608,0.1);
#1322=VECTOR('',#4611,0.1);
#1323=VECTOR('',#4614,0.1);
#1324=VECTOR('',#4617,0.1);
#1325=VECTOR('',#4620,0.1);
#1326=VECTOR('',#4629,0.1);
#1327=VECTOR('',#4630,0.1);
#1328=VECTOR('',#4633,0.4);
#1329=VECTOR('',#4636,0.125);
#1330=VECTOR('',#4643,0.1);
#1331=VECTOR('',#4644,0.1);
#1332=VECTOR('',#4647,0.4);
#1333=VECTOR('',#4650,0.125);
#1334=VECTOR('',#4653,0.1);
#1335=VECTOR('',#4664,0.1);
#1336=VECTOR('',#4665,0.1);
#1337=VECTOR('',#4666,0.1);
#1338=VECTOR('',#4669,0.2);
#1339=VECTOR('',#4674,0.10000000000002);
#1340=VECTOR('',#4675,0.10000000000002);
#1341=VECTOR('',#4680,0.1);
#1342=VECTOR('',#4685,0.10000000000002);
#1343=VECTOR('',#4686,0.10000000000002);
#1344=VECTOR('',#4689,0.1);
#1345=VECTOR('',#4690,0.1);
#1346=VECTOR('',#4691,0.1);
#1347=VECTOR('',#4692,0.1);
#1348=VECTOR('',#4695,0.0999999999999984);
#1349=VECTOR('',#4696,0.1);
#1350=VECTOR('',#4699,0.1);
#1351=VECTOR('',#4704,0.1);
#1352=VECTOR('',#4705,0.1);
#1353=VECTOR('',#4706,0.1);
#1354=VECTOR('',#4709,0.1);
#1355=VECTOR('',#4710,0.1);
#1356=VECTOR('',#4711,0.1);
#1357=VECTOR('',#4712,0.1);
#1358=VECTOR('',#4717,0.1);
#1359=VECTOR('',#4720,0.0999999999999984);
#1360=VECTOR('',#4721,0.1);
#1361=VECTOR('',#4724,0.1);
#1362=VECTOR('',#4725,0.1);
#1363=VECTOR('',#4726,0.1);
#1364=VECTOR('',#4731,0.35);
#1365=VECTOR('',#4736,0.35);
#1366=VECTOR('',#4739,0.2);
#1367=VECTOR('',#4744,0.1);
#1368=VECTOR('',#4749,0.1);
#1369=VECTOR('',#4754,0.1);
#1370=VECTOR('',#4755,0.1);
#1371=VECTOR('',#4756,0.1);
#1372=VECTOR('',#4759,0.1);
#1373=VECTOR('',#4762,0.1);
#1374=VECTOR('',#4775,0.125);
#1375=VECTOR('',#4780,0.125);
#1376=VECTOR('',#4791,0.17);
#1377=VECTOR('',#4796,0.1);
#1378=VECTOR('',#4797,0.10000000000002);
#1379=VECTOR('',#4798,0.10000000000002);
#1380=VECTOR('',#4811,0.16);
#1381=VECTOR('',#4816,0.16);
#1382=VECTOR('',#4841,0.17);
#1383=VECTOR('',#4846,0.125);
#1384=VECTOR('',#4849,0.175);
#1385=VECTOR('',#4852,0.175);
#1386=VECTOR('',#4855,0.125);
#1387=VECTOR('',#4862,0.1);
#1388=VECTOR('',#4863,0.1);
#1389=VERTEX_POINT('',#4870);
#1390=VERTEX_POINT('',#4871);
#1391=VERTEX_POINT('',#4873);
#1392=VERTEX_POINT('',#4878);
#1393=VERTEX_POINT('',#4880);
#1394=VERTEX_POINT('',#4882);
#1395=VERTEX_POINT('',#4905);
#1396=VERTEX_POINT('',#4909);
#1397=VERTEX_POINT('',#4910);
#1398=VERTEX_POINT('',#4912);
#1399=VERTEX_POINT('',#4925);
#1400=VERTEX_POINT('',#4927);
#1401=VERTEX_POINT('',#4933);
#1402=VERTEX_POINT('',#4937);
#1403=VERTEX_POINT('',#4939);
#1404=VERTEX_POINT('',#4943);
#1405=VERTEX_POINT('',#4945);
#1406=VERTEX_POINT('',#4947);
#1407=VERTEX_POINT('',#4949);
#1408=VERTEX_POINT('',#4953);
#1409=VERTEX_POINT('',#4955);
#1410=VERTEX_POINT('',#4957);
#1411=VERTEX_POINT('',#4959);
#1412=VERTEX_POINT('',#4961);
#1413=VERTEX_POINT('',#4965);
#1414=VERTEX_POINT('',#4969);
#1415=VERTEX_POINT('',#4971);
#1416=VERTEX_POINT('',#4975);
#1417=VERTEX_POINT('',#4977);
#1418=VERTEX_POINT('',#4981);
#1419=VERTEX_POINT('',#4982);
#1420=VERTEX_POINT('',#4984);
#1421=VERTEX_POINT('',#4987);
#1422=VERTEX_POINT('',#4997);
#1423=VERTEX_POINT('',#4999);
#1424=VERTEX_POINT('',#5019);
#1425=VERTEX_POINT('',#5024);
#1426=VERTEX_POINT('',#5026);
#1427=VERTEX_POINT('',#5028);
#1428=VERTEX_POINT('',#5030);
#1429=VERTEX_POINT('',#5032);
#1430=VERTEX_POINT('',#5034);
#1431=VERTEX_POINT('',#5037);
#1432=VERTEX_POINT('',#5040);
#1433=VERTEX_POINT('',#5042);
#1434=VERTEX_POINT('',#5044);
#1435=VERTEX_POINT('',#5046);
#1436=VERTEX_POINT('',#5048);
#1437=VERTEX_POINT('',#5050);
#1438=VERTEX_POINT('',#5052);
#1439=VERTEX_POINT('',#5054);
#1440=VERTEX_POINT('',#5057);
#1441=VERTEX_POINT('',#5060);
#1442=VERTEX_POINT('',#5062);
#1443=VERTEX_POINT('',#5064);
#1444=VERTEX_POINT('',#5066);
#1445=VERTEX_POINT('',#5073);
#1446=VERTEX_POINT('',#5078);
#1447=VERTEX_POINT('',#5084);
#1448=VERTEX_POINT('',#5086);
#1449=VERTEX_POINT('',#5088);
#1450=VERTEX_POINT('',#5090);
#1451=VERTEX_POINT('',#5092);
#1452=VERTEX_POINT('',#5094);
#1453=VERTEX_POINT('',#5096);
#1454=VERTEX_POINT('',#5098);
#1455=VERTEX_POINT('',#5100);
#1456=VERTEX_POINT('',#5102);
#1457=VERTEX_POINT('',#5104);
#1458=VERTEX_POINT('',#5107);
#1459=VERTEX_POINT('',#5109);
#1460=VERTEX_POINT('',#5111);
#1461=VERTEX_POINT('',#5113);
#1462=VERTEX_POINT('',#5115);
#1463=VERTEX_POINT('',#5117);
#1464=VERTEX_POINT('',#5160);
#1465=VERTEX_POINT('',#5161);
#1466=VERTEX_POINT('',#5176);
#1467=VERTEX_POINT('',#5178);
#1468=VERTEX_POINT('',#5189);
#1469=VERTEX_POINT('',#5203);
#1470=VERTEX_POINT('',#5205);
#1471=VERTEX_POINT('',#5216);
#1472=VERTEX_POINT('',#5867);
#1473=VERTEX_POINT('',#5868);
#1474=VERTEX_POINT('',#5882);
#1475=VERTEX_POINT('',#5944);
#1476=VERTEX_POINT('',#5953);
#1477=VERTEX_POINT('',#6662);
#1478=VERTEX_POINT('',#6663);
#1479=VERTEX_POINT('',#6670);
#1480=VERTEX_POINT('',#6675);
#1481=VERTEX_POINT('',#6682);
#1482=VERTEX_POINT('',#6721);
#1483=VERTEX_POINT('',#6722);
#1484=VERTEX_POINT('',#6727);
#1485=VERTEX_POINT('',#6739);
#1486=VERTEX_POINT('',#6753);
#1487=VERTEX_POINT('',#6799);
#1488=VERTEX_POINT('',#6800);
#1489=VERTEX_POINT('',#6849);
#1490=VERTEX_POINT('',#6851);
#1491=VERTEX_POINT('',#6939);
#1492=VERTEX_POINT('',#6940);
#1493=VERTEX_POINT('',#6963);
#1494=VERTEX_POINT('',#6965);
#1495=VERTEX_POINT('',#7107);
#1496=VERTEX_POINT('',#7112);
#1497=VERTEX_POINT('',#7132);
#1498=VERTEX_POINT('',#7159);
#1499=VERTEX_POINT('',#7170);
#1500=VERTEX_POINT('',#7175);
#1501=VERTEX_POINT('',#8475);
#1502=VERTEX_POINT('',#8482);
#1503=VERTEX_POINT('',#8495);
#1504=VERTEX_POINT('',#8497);
#1505=VERTEX_POINT('',#8499);
#1506=VERTEX_POINT('',#8501);
#1507=VERTEX_POINT('',#8503);
#1508=VERTEX_POINT('',#8505);
#1509=VERTEX_POINT('',#8507);
#1510=VERTEX_POINT('',#8509);
#1511=VERTEX_POINT('',#8511);
#1512=VERTEX_POINT('',#8513);
#1513=VERTEX_POINT('',#8517);
#1514=VERTEX_POINT('',#8519);
#1515=VERTEX_POINT('',#8521);
#1516=VERTEX_POINT('',#8523);
#1517=VERTEX_POINT('',#8526);
#1518=VERTEX_POINT('',#8528);
#1519=VERTEX_POINT('',#8530);
#1520=VERTEX_POINT('',#8532);
#1521=VERTEX_POINT('',#8534);
#1522=VERTEX_POINT('',#8536);
#1523=VERTEX_POINT('',#8538);
#1524=VERTEX_POINT('',#8541);
#1525=VERTEX_POINT('',#8543);
#1526=VERTEX_POINT('',#8545);
#1527=VERTEX_POINT('',#8547);
#1528=VERTEX_POINT('',#8553);
#1529=VERTEX_POINT('',#8555);
#1530=VERTEX_POINT('',#8557);
#1531=VERTEX_POINT('',#8559);
#1532=VERTEX_POINT('',#8561);
#1533=VERTEX_POINT('',#8564);
#1534=VERTEX_POINT('',#8567);
#1535=VERTEX_POINT('',#8569);
#1536=VERTEX_POINT('',#8573);
#1537=VERTEX_POINT('',#8577);
#1538=VERTEX_POINT('',#8597);
#1539=VERTEX_POINT('',#8601);
#1540=VERTEX_POINT('',#8603);
#1541=VERTEX_POINT('',#8605);
#1542=VERTEX_POINT('',#8607);
#1543=VERTEX_POINT('',#8609);
#1544=VERTEX_POINT('',#8611);
#1545=VERTEX_POINT('',#8613);
#1546=VERTEX_POINT('',#8615);
#1547=VERTEX_POINT('',#8617);
#1548=VERTEX_POINT('',#8619);
#1549=VERTEX_POINT('',#8622);
#1550=VERTEX_POINT('',#8624);
#1551=VERTEX_POINT('',#8634);
#1552=VERTEX_POINT('',#8635);
#1553=VERTEX_POINT('',#8736);
#1554=VERTEX_POINT('',#8759);
#1555=VERTEX_POINT('',#8770);
#1556=VERTEX_POINT('',#8782);
#1557=VERTEX_POINT('',#8784);
#1558=VERTEX_POINT('',#8786);
#1559=VERTEX_POINT('',#8788);
#1560=VERTEX_POINT('',#8790);
#1561=VERTEX_POINT('',#8792);
#1562=VERTEX_POINT('',#8795);
#1563=VERTEX_POINT('',#8797);
#1564=VERTEX_POINT('',#8800);
#1565=VERTEX_POINT('',#8802);
#1566=VERTEX_POINT('',#8804);
#1567=VERTEX_POINT('',#8806);
#1568=VERTEX_POINT('',#8808);
#1569=VERTEX_POINT('',#8810);
#1570=VERTEX_POINT('',#8813);
#1571=VERTEX_POINT('',#8817);
#1572=VERTEX_POINT('',#8820);
#1573=VERTEX_POINT('',#8824);
#1574=VERTEX_POINT('',#8827);
#1575=VERTEX_POINT('',#8829);
#1576=VERTEX_POINT('',#8831);
#1577=VERTEX_POINT('',#8833);
#1578=VERTEX_POINT('',#8835);
#1579=VERTEX_POINT('',#8839);
#1580=VERTEX_POINT('',#8841);
#1581=VERTEX_POINT('',#8843);
#1582=VERTEX_POINT('',#8846);
#1583=VERTEX_POINT('',#8848);
#1584=VERTEX_POINT('',#8851);
#1585=VERTEX_POINT('',#8860);
#1586=VERTEX_POINT('',#8864);
#1587=VERTEX_POINT('',#8867);
#1588=VERTEX_POINT('',#8869);
#1589=VERTEX_POINT('',#8871);
#1590=VERTEX_POINT('',#8873);
#1591=VERTEX_POINT('',#8877);
#1592=VERTEX_POINT('',#8879);
#1593=VERTEX_POINT('',#8881);
#1594=VERTEX_POINT('',#8883);
#1595=VERTEX_POINT('',#8887);
#1596=VERTEX_POINT('',#8888);
#1597=VERTEX_POINT('',#8890);
#1598=VERTEX_POINT('',#8892);
#1599=VERTEX_POINT('',#8894);
#1600=VERTEX_POINT('',#8896);
#1601=VERTEX_POINT('',#8898);
#1602=VERTEX_POINT('',#8900);
#1603=VERTEX_POINT('',#8902);
#1604=VERTEX_POINT('',#8904);
#1605=VERTEX_POINT('',#8906);
#1606=VERTEX_POINT('',#8908);
#1607=VERTEX_POINT('',#8910);
#1608=VERTEX_POINT('',#8912);
#1609=VERTEX_POINT('',#8914);
#1610=VERTEX_POINT('',#8916);
#1611=VERTEX_POINT('',#8918);
#1612=VERTEX_POINT('',#8920);
#1613=VERTEX_POINT('',#8923);
#1614=VERTEX_POINT('',#8925);
#1615=VERTEX_POINT('',#8929);
#1616=VERTEX_POINT('',#8931);
#1617=VERTEX_POINT('',#8933);
#1618=VERTEX_POINT('',#8935);
#1619=VERTEX_POINT('',#8937);
#1620=VERTEX_POINT('',#8939);
#1621=VERTEX_POINT('',#8941);
#1622=VERTEX_POINT('',#8943);
#1623=VERTEX_POINT('',#8945);
#1624=VERTEX_POINT('',#8947);
#1625=VERTEX_POINT('',#8949);
#1626=VERTEX_POINT('',#8951);
#1627=VERTEX_POINT('',#8952);
#1628=VERTEX_POINT('',#8955);
#1629=VERTEX_POINT('',#8956);
#1630=VERTEX_POINT('',#8960);
#1631=VERTEX_POINT('',#8964);
#1632=VERTEX_POINT('',#8966);
#1633=VERTEX_POINT('',#8969);
#1634=VERTEX_POINT('',#8971);
#1635=VERTEX_POINT('',#8973);
#1636=VERTEX_POINT('',#8975);
#1637=VERTEX_POINT('',#8977);
#1638=VERTEX_POINT('',#8980);
#1639=VERTEX_POINT('',#8982);
#1640=VERTEX_POINT('',#8984);
#1641=VERTEX_POINT('',#8986);
#1642=VERTEX_POINT('',#8994);
#1643=VERTEX_POINT('',#8996);
#1644=VERTEX_POINT('',#8998);
#1645=VERTEX_POINT('',#9002);
#1646=VERTEX_POINT('',#9014);
#1647=VERTEX_POINT('',#9021);
#1648=VERTEX_POINT('',#9027);
#1649=VERTEX_POINT('',#9030);
#1650=VERTEX_POINT('',#9032);
#1651=VERTEX_POINT('',#9035);
#1652=VERTEX_POINT('',#9038);
#1653=VERTEX_POINT('',#9040);
#1654=VERTEX_POINT('',#9042);
#1655=VERTEX_POINT('',#9044);
#1656=VERTEX_POINT('',#9046);
#1657=VERTEX_POINT('',#9048);
#1658=VERTEX_POINT('',#9051);
#1659=VERTEX_POINT('',#9053);
#1660=VERTEX_POINT('',#9055);
#1661=VERTEX_POINT('',#9056);
#1662=VERTEX_POINT('',#9058);
#1663=VERTEX_POINT('',#9060);
#1664=VERTEX_POINT('',#9062);
#1665=VERTEX_POINT('',#9065);
#1666=VERTEX_POINT('',#9066);
#1667=VERTEX_POINT('',#9068);
#1668=VERTEX_POINT('',#9070);
#1669=VERTEX_POINT('',#9072);
#1670=VERTEX_POINT('',#9075);
#1671=VERTEX_POINT('',#9077);
#1672=VERTEX_POINT('',#9083);
#1673=VERTEX_POINT('',#9090);
#1674=VERTEX_POINT('',#9092);
#1675=VERTEX_POINT('',#9094);
#1676=VERTEX_POINT('',#9106);
#1677=VERTEX_POINT('',#9108);
#1678=VERTEX_POINT('',#9112);
#1679=VERTEX_POINT('',#9113);
#1680=VERTEX_POINT('',#9115);
#1681=VERTEX_POINT('',#9150);
#1682=VERTEX_POINT('',#9154);
#1683=VERTEX_POINT('',#9155);
#1684=VERTEX_POINT('',#9157);
#1685=VERTEX_POINT('',#9204);
#1686=VERTEX_POINT('',#9228);
#1687=VERTEX_POINT('',#9229);
#1688=VERTEX_POINT('',#9232);
#1689=VERTEX_POINT('',#9240);
#1690=VERTEX_POINT('',#9241);
#1691=VERTEX_POINT('',#9244);
#1692=VERTEX_POINT('',#9251);
#1693=VERTEX_POINT('',#9253);
#1694=VERTEX_POINT('',#9259);
#1695=VERTEX_POINT('',#9261);
#1696=VERTEX_POINT('',#9265);
#1697=VERTEX_POINT('',#9269);
#1698=VERTEX_POINT('',#9271);
#1699=VERTEX_POINT('',#9275);
#1700=VERTEX_POINT('',#9279);
#1701=VERTEX_POINT('',#9283);
#1702=VERTEX_POINT('',#9285);
#1703=VERTEX_POINT('',#9287);
#1704=VERTEX_POINT('',#9291);
#1705=VERTEX_POINT('',#9295);
#1706=VERTEX_POINT('',#9299);
#1707=VERTEX_POINT('',#9301);
#1708=VERTEX_POINT('',#9305);
#1709=VERTEX_POINT('',#9307);
#1710=VERTEX_POINT('',#9309);
#1711=VERTEX_POINT('',#9313);
#1712=VERTEX_POINT('',#9317);
#1713=VERTEX_POINT('',#9321);
#1714=VERTEX_POINT('',#9323);
#1715=VERTEX_POINT('',#9327);
#1716=VERTEX_POINT('',#9331);
#1717=VERTEX_POINT('',#9335);
#1718=VERTEX_POINT('',#9339);
#1719=VERTEX_POINT('',#9343);
#1720=VERTEX_POINT('',#9347);
#1721=VERTEX_POINT('',#9348);
#1722=VERTEX_POINT('',#9361);
#1723=VERTEX_POINT('',#9372);
#1724=VERTEX_POINT('',#9373);
#1725=VERTEX_POINT('',#9467);
#1726=VERTEX_POINT('',#9475);
#1727=VERTEX_POINT('',#9479);
#1728=VERTEX_POINT('',#9480);
#1729=VERTEX_POINT('',#9489);
#1730=VERTEX_POINT('',#9493);
#1731=VERTEX_POINT('',#9504);
#1732=VERTEX_POINT('',#9507);
#1733=VERTEX_POINT('',#9510);
#1734=VERTEX_POINT('',#9514);
#1735=VERTEX_POINT('',#9521);
#1736=EDGE_CURVE('',#1389,#1390,#769,.T.);
#1737=EDGE_CURVE('',#1389,#1391,#712,.T.);
#1738=EDGE_CURVE('',#1392,#1391,#585,.T.);
#1739=EDGE_CURVE('',#1393,#1392,#586,.T.);
#1740=EDGE_CURVE('',#1393,#1394,#713,.T.);
#1741=EDGE_CURVE('',#1395,#1394,#770,.T.);
#1742=EDGE_CURVE('',#1390,#1395,#771,.T.);
#1743=EDGE_CURVE('',#1396,#1397,#772,.T.);
#1744=EDGE_CURVE('',#1396,#1398,#714,.T.);
#1745=EDGE_CURVE('',#1399,#1398,#587,.T.);
#1746=EDGE_CURVE('',#1399,#1400,#715,.T.);
#1747=EDGE_CURVE('',#1401,#1400,#773,.T.);
#1748=EDGE_CURVE('',#1397,#1401,#774,.T.);
#1749=EDGE_CURVE('',#1402,#1395,#775,.T.);
#1750=EDGE_CURVE('',#1403,#1402,#776,.T.);
#1751=EDGE_CURVE('',#1403,#1390,#777,.T.);
#1752=EDGE_CURVE('',#1394,#1404,#778,.T.);
#1753=EDGE_CURVE('',#1405,#1404,#779,.T.);
#1754=EDGE_CURVE('',#1406,#1405,#780,.T.);
#1755=EDGE_CURVE('',#1407,#1406,#781,.T.);
#1756=EDGE_CURVE('',#1402,#1407,#782,.T.);
#1757=EDGE_CURVE('',#1408,#1396,#783,.T.);
#1758=EDGE_CURVE('',#1409,#1397,#784,.T.);
#1759=EDGE_CURVE('',#1410,#1409,#785,.T.);
#1760=EDGE_CURVE('',#1410,#1411,#786,.T.);
#1761=EDGE_CURVE('',#1412,#1411,#787,.T.);
#1762=EDGE_CURVE('',#1408,#1412,#788,.T.);
#1763=EDGE_CURVE('',#1413,#1401,#789,.T.);
#1764=EDGE_CURVE('',#1409,#1413,#790,.T.);
#1765=EDGE_CURVE('',#1414,#1414,#588,.T.);
#1766=EDGE_CURVE('',#1414,#1415,#791,.T.);
#1767=EDGE_CURVE('',#1415,#1415,#589,.T.);
#1768=EDGE_CURVE('',#1416,#1416,#590,.T.);
#1769=EDGE_CURVE('',#1416,#1417,#792,.T.);
#1770=EDGE_CURVE('',#1417,#1417,#591,.T.);
#1771=EDGE_CURVE('',#1418,#1419,#793,.T.);
#1772=EDGE_CURVE('',#1420,#1419,#794,.T.);
#1773=EDGE_CURVE('',#1407,#1420,#795,.T.);
#1774=EDGE_CURVE('',#1421,#1406,#796,.T.);
#1775=EDGE_CURVE('',#1418,#1421,#797,.T.);
#1776=EDGE_CURVE('',#1420,#1403,#798,.T.);
#1777=EDGE_CURVE('',#1391,#1393,#592,.T.);
#1778=EDGE_CURVE('',#1419,#1389,#799,.T.);
#1779=EDGE_CURVE('',#1404,#1422,#800,.T.);
#1780=EDGE_CURVE('',#1422,#1423,#716,.T.);
#1781=EDGE_CURVE('',#1423,#1424,#717,.T.);
#1782=EDGE_CURVE('',#1424,#1425,#801,.T.);
#1783=EDGE_CURVE('',#1425,#1426,#802,.T.);
#1784=EDGE_CURVE('',#1427,#1426,#803,.T.);
#1785=EDGE_CURVE('',#1428,#1427,#804,.T.);
#1786=EDGE_CURVE('',#1429,#1428,#805,.T.);
#1787=EDGE_CURVE('',#1430,#1429,#806,.T.);
#1788=EDGE_CURVE('',#1405,#1430,#807,.T.);
#1789=EDGE_CURVE('',#1431,#1431,#593,.T.);
#1790=EDGE_CURVE('',#1432,#1418,#808,.T.);
#1791=EDGE_CURVE('',#1433,#1432,#594,.T.);
#1792=EDGE_CURVE('',#1434,#1433,#809,.T.);
#1793=EDGE_CURVE('',#1435,#1434,#595,.T.);
#1794=EDGE_CURVE('',#1436,#1435,#810,.T.);
#1795=EDGE_CURVE('',#1437,#1436,#596,.T.);
#1796=EDGE_CURVE('',#1438,#1437,#811,.T.);
#1797=EDGE_CURVE('',#1439,#1438,#812,.T.);
#1798=EDGE_CURVE('',#1400,#1439,#813,.T.);
#1799=EDGE_CURVE('',#1440,#1399,#597,.T.);
#1800=EDGE_CURVE('',#1398,#1440,#598,.T.);
#1801=EDGE_CURVE('',#1441,#1408,#814,.T.);
#1802=EDGE_CURVE('',#1441,#1442,#815,.T.);
#1803=EDGE_CURVE('',#1442,#1443,#816,.T.);
#1804=EDGE_CURVE('',#1443,#1444,#817,.T.);
#1805=EDGE_CURVE('',#1422,#1444,#718,.T.);
#1806=EDGE_CURVE('',#1413,#1445,#818,.T.);
#1807=EDGE_CURVE('',#1445,#1410,#819,.T.);
#1808=EDGE_CURVE('',#1446,#1438,#820,.T.);
#1809=EDGE_CURVE('',#1411,#1446,#821,.T.);
#1810=EDGE_CURVE('',#1445,#1439,#822,.T.);
#1811=EDGE_CURVE('',#1430,#1447,#823,.T.);
#1812=EDGE_CURVE('',#1448,#1447,#599,.T.);
#1813=EDGE_CURVE('',#1448,#1449,#824,.T.);
#1814=EDGE_CURVE('',#1450,#1449,#600,.T.);
#1815=EDGE_CURVE('',#1450,#1451,#825,.T.);
#1816=EDGE_CURVE('',#1451,#1452,#826,.T.);
#1817=EDGE_CURVE('',#1453,#1452,#827,.T.);
#1818=EDGE_CURVE('',#1454,#1453,#601,.T.);
#1819=EDGE_CURVE('',#1454,#1455,#828,.T.);
#1820=EDGE_CURVE('',#1456,#1455,#602,.T.);
#1821=EDGE_CURVE('',#1457,#1456,#829,.T.);
#1822=EDGE_CURVE('',#1412,#1457,#830,.T.);
#1823=EDGE_CURVE('',#1446,#1458,#831,.T.);
#1824=EDGE_CURVE('',#1459,#1458,#603,.T.);
#1825=EDGE_CURVE('',#1459,#1460,#832,.T.);
#1826=EDGE_CURVE('',#1461,#1460,#604,.T.);
#1827=EDGE_CURVE('',#1461,#1462,#833,.T.);
#1828=EDGE_CURVE('',#1463,#1462,#605,.T.);
#1829=EDGE_CURVE('',#1463,#1421,#834,.T.);
#1830=EDGE_CURVE('',#1458,#1437,#835,.T.);
#1831=EDGE_CURVE('',#1464,#1465,#719,.T.);
#1832=EDGE_CURVE('',#1464,#1423,#720,.T.);
#1833=EDGE_CURVE('',#1466,#1444,#606,.T.);
#1834=EDGE_CURVE('',#1467,#1466,#721,.T.);
#1835=EDGE_CURVE('',#1468,#1467,#722,.T.);
#1836=EDGE_CURVE('',#1465,#1468,#723,.T.);
#1837=EDGE_CURVE('',#1467,#1469,#836,.T.);
#1838=EDGE_CURVE('',#1466,#1470,#724,.F.);
#1839=EDGE_CURVE('',#1471,#1470,#837,.T.);
#1840=EDGE_CURVE('',#1469,#1471,#607,.T.);
#1841=EDGE_CURVE('',#1472,#1473,#725,.T.);
#1842=EDGE_CURVE('',#1472,#1474,#726,.T.);
#1843=EDGE_CURVE('',#1473,#1474,#727,.T.);
#1844=EDGE_CURVE('',#1470,#1475,#728,.T.);
#1845=EDGE_CURVE('',#1474,#1441,#729,.T.);
#1846=EDGE_CURVE('',#1476,#1472,#730,.T.);
#1847=EDGE_CURVE('',#1475,#1476,#731,.T.);
#1848=EDGE_CURVE('',#1477,#1478,#732,.T.);
#1849=EDGE_CURVE('',#1477,#1479,#733,.T.);
#1850=EDGE_CURVE('',#1479,#1480,#734,.T.);
#1851=EDGE_CURVE('',#1481,#1480,#735,.T.);
#1852=EDGE_CURVE('',#1478,#1481,#736,.T.);
#1853=EDGE_CURVE('',#1482,#1483,#737,.T.);
#1854=EDGE_CURVE('',#1482,#1484,#738,.T.);
#1855=EDGE_CURVE('',#1480,#1484,#739,.T.);
#1856=EDGE_CURVE('',#1485,#1477,#740,.T.);
#1857=EDGE_CURVE('',#1486,#1485,#741,.T.);
#1858=EDGE_CURVE('',#1483,#1486,#742,.T.);
#1859=EDGE_CURVE('',#1487,#1488,#743,.T.);
#1860=EDGE_CURVE('',#1488,#1487,#744,.T.);
#1861=EDGE_CURVE('',#1488,#1489,#838,.T.);
#1862=EDGE_CURVE('',#1490,#1489,#745,.T.);
#1863=EDGE_CURVE('',#1489,#1490,#746,.T.);
#1864=EDGE_CURVE('',#1491,#1492,#747,.T.);
#1865=EDGE_CURVE('',#1492,#1493,#839,.T.);
#1866=EDGE_CURVE('',#1494,#1493,#748,.T.);
#1867=EDGE_CURVE('',#1493,#1494,#749,.T.);
#1868=EDGE_CURVE('',#1492,#1491,#750,.T.);
#1869=EDGE_CURVE('',#1495,#1482,#751,.T.);
#1870=EDGE_CURVE('',#1496,#1495,#752,.T.);
#1871=EDGE_CURVE('',#1497,#1496,#753,.T.);
#1872=EDGE_CURVE('',#1498,#1497,#754,.T.);
#1873=EDGE_CURVE('',#1498,#1499,#755,.T.);
#1874=EDGE_CURVE('',#1499,#1500,#756,.T.);
#1875=EDGE_CURVE('',#1484,#1500,#757,.T.);
#1876=EDGE_CURVE('',#1424,#1464,#758,.T.);
#1877=EDGE_CURVE('',#1501,#1498,#759,.T.);
#1878=EDGE_CURVE('',#1502,#1501,#760,.T.);
#1879=EDGE_CURVE('',#1500,#1502,#761,.T.);
#1880=EDGE_CURVE('',#1469,#1471,#840,.T.);
#1881=EDGE_CURVE('',#1503,#1475,#841,.T.);
#1882=EDGE_CURVE('',#1504,#1503,#842,.T.);
#1883=EDGE_CURVE('',#1505,#1504,#843,.T.);
#1884=EDGE_CURVE('',#1506,#1505,#844,.T.);
#1885=EDGE_CURVE('',#1507,#1506,#845,.T.);
#1886=EDGE_CURVE('',#1507,#1508,#846,.T.);
#1887=EDGE_CURVE('',#1509,#1508,#847,.T.);
#1888=EDGE_CURVE('',#1510,#1509,#848,.T.);
#1889=EDGE_CURVE('',#1511,#1510,#849,.T.);
#1890=EDGE_CURVE('',#1512,#1511,#850,.T.);
#1891=EDGE_CURVE('',#1468,#1512,#851,.T.);
#1892=EDGE_CURVE('',#1512,#1513,#608,.T.);
#1893=EDGE_CURVE('',#1513,#1514,#852,.T.);
#1894=EDGE_CURVE('',#1514,#1515,#609,.T.);
#1895=EDGE_CURVE('',#1515,#1516,#610,.T.);
#1896=EDGE_CURVE('',#1516,#1448,#853,.T.);
#1897=EDGE_CURVE('',#1517,#1447,#854,.T.);
#1898=EDGE_CURVE('',#1517,#1518,#611,.T.);
#1899=EDGE_CURVE('',#1518,#1519,#855,.T.);
#1900=EDGE_CURVE('',#1519,#1520,#612,.T.);
#1901=EDGE_CURVE('',#1520,#1521,#613,.T.);
#1902=EDGE_CURVE('',#1522,#1521,#856,.T.);
#1903=EDGE_CURVE('',#1523,#1522,#614,.T.);
#1904=EDGE_CURVE('',#1523,#1456,#857,.T.);
#1905=EDGE_CURVE('',#1455,#1524,#858,.T.);
#1906=EDGE_CURVE('',#1524,#1525,#615,.T.);
#1907=EDGE_CURVE('',#1525,#1526,#616,.T.);
#1908=EDGE_CURVE('',#1526,#1527,#859,.T.);
#1909=EDGE_CURVE('',#1527,#1503,#617,.T.);
#1910=EDGE_CURVE('',#1465,#1476,#618,.T.);
#1911=EDGE_CURVE('',#1528,#1457,#860,.T.);
#1912=EDGE_CURVE('',#1528,#1529,#861,.T.);
#1913=EDGE_CURVE('',#1530,#1529,#862,.T.);
#1914=EDGE_CURVE('',#1530,#1531,#863,.T.);
#1915=EDGE_CURVE('',#1531,#1532,#864,.T.);
#1916=EDGE_CURVE('',#1473,#1532,#865,.T.);
#1917=EDGE_CURVE('',#1533,#1533,#619,.T.);
#1918=EDGE_CURVE('',#1534,#1486,#866,.T.);
#1919=EDGE_CURVE('',#1535,#1534,#620,.T.);
#1920=EDGE_CURVE('',#1483,#1535,#867,.T.);
#1921=EDGE_CURVE('',#1485,#1536,#868,.T.);
#1922=EDGE_CURVE('',#1536,#1534,#621,.T.);
#1923=EDGE_CURVE('',#1537,#1478,#762,.T.);
#1924=EDGE_CURVE('',#1538,#1537,#869,.T.);
#1925=EDGE_CURVE('',#1536,#1538,#622,.T.);
#1926=EDGE_CURVE('',#1539,#1502,#870,.T.);
#1927=EDGE_CURVE('',#1540,#1539,#871,.T.);
#1928=EDGE_CURVE('',#1540,#1541,#872,.T.);
#1929=EDGE_CURVE('',#1542,#1541,#873,.T.);
#1930=EDGE_CURVE('',#1542,#1543,#623,.T.);
#1931=EDGE_CURVE('',#1543,#1544,#874,.T.);
#1932=EDGE_CURVE('',#1544,#1545,#624,.T.);
#1933=EDGE_CURVE('',#1546,#1545,#875,.T.);
#1934=EDGE_CURVE('',#1547,#1546,#876,.T.);
#1935=EDGE_CURVE('',#1547,#1548,#877,.T.);
#1936=EDGE_CURVE('',#1481,#1548,#878,.T.);
#1937=EDGE_CURVE('',#1549,#1549,#625,.T.);
#1938=EDGE_CURVE('',#1550,#1550,#626,.T.);
#1939=EDGE_CURVE('',#1551,#1552,#763,.T.);
#1940=EDGE_CURVE('',#1552,#1551,#764,.T.);
#1941=EDGE_CURVE('',#1501,#1553,#765,.T.);
#1942=EDGE_CURVE('',#1553,#1554,#879,.T.);
#1943=EDGE_CURVE('',#1554,#1539,#627,.T.);
#1944=EDGE_CURVE('',#1548,#1555,#628,.T.);
#1945=EDGE_CURVE('',#1555,#1537,#880,.T.);
#1946=EDGE_CURVE('',#1432,#1463,#881,.T.);
#1947=EDGE_CURVE('',#1462,#1433,#882,.T.);
#1948=EDGE_CURVE('',#1434,#1461,#883,.T.);
#1949=EDGE_CURVE('',#1460,#1435,#884,.T.);
#1950=EDGE_CURVE('',#1436,#1459,#885,.T.);
#1951=EDGE_CURVE('',#1532,#1556,#629,.T.);
#1952=EDGE_CURVE('',#1557,#1556,#886,.T.);
#1953=EDGE_CURVE('',#1558,#1557,#887,.T.);
#1954=EDGE_CURVE('',#1558,#1559,#630,.T.);
#1955=EDGE_CURVE('',#1560,#1559,#631,.T.);
#1956=EDGE_CURVE('',#1560,#1561,#632,.T.);
#1957=EDGE_CURVE('',#1535,#1561,#888,.T.);
#1958=EDGE_CURVE('',#1562,#1538,#889,.T.);
#1959=EDGE_CURVE('',#1563,#1562,#890,.T.);
#1960=EDGE_CURVE('',#1563,#1425,#633,.T.);
#1961=EDGE_CURVE('',#1564,#1564,#634,.T.);
#1962=EDGE_CURVE('',#1565,#1565,#635,.T.);
#1963=EDGE_CURVE('',#1566,#1566,#636,.T.);
#1964=EDGE_CURVE('',#1567,#1567,#637,.T.);
#1965=EDGE_CURVE('',#1568,#1568,#638,.T.);
#1966=EDGE_CURVE('',#1569,#1569,#639,.T.);
#1967=EDGE_CURVE('',#1570,#1570,#640,.T.);
#1968=EDGE_CURVE('',#1570,#1567,#891,.T.);
#1969=EDGE_CURVE('',#1571,#1571,#15,.T.);
#1970=EDGE_CURVE('',#1572,#1572,#641,.T.);
#1971=EDGE_CURVE('',#1572,#1566,#892,.T.);
#1972=EDGE_CURVE('',#1573,#1573,#16,.T.);
#1973=EDGE_CURVE('',#1508,#1574,#893,.T.);
#1974=EDGE_CURVE('',#1575,#1574,#894,.T.);
#1975=EDGE_CURVE('',#1575,#1576,#895,.T.);
#1976=EDGE_CURVE('',#1577,#1576,#896,.T.);
#1977=EDGE_CURVE('',#1578,#1577,#897,.T.);
#1978=EDGE_CURVE('',#1578,#1509,#898,.T.);
#1979=EDGE_CURVE('',#1579,#1578,#899,.T.);
#1980=EDGE_CURVE('',#1579,#1580,#642,.T.);
#1981=EDGE_CURVE('',#1580,#1581,#900,.T.);
#1982=EDGE_CURVE('',#1581,#1516,#901,.T.);
#1983=EDGE_CURVE('',#1582,#1515,#17,.T.);
#1984=EDGE_CURVE('',#1583,#1582,#18,.T.);
#1985=EDGE_CURVE('',#1583,#1510,#902,.T.);
#1986=EDGE_CURVE('',#1584,#1584,#19,.T.);
#1987=EDGE_CURVE('',#1514,#1583,#903,.T.);
#1988=EDGE_CURVE('',#1511,#1513,#904,.T.);
#1989=EDGE_CURVE('',#1527,#1504,#905,.T.);
#1990=EDGE_CURVE('',#1585,#1526,#906,.T.);
#1991=EDGE_CURVE('',#1505,#1585,#907,.T.);
#1992=EDGE_CURVE('',#1586,#1585,#20,.T.);
#1993=EDGE_CURVE('',#1525,#1586,#21,.T.);
#1994=EDGE_CURVE('',#1524,#1587,#908,.T.);
#1995=EDGE_CURVE('',#1588,#1587,#909,.T.);
#1996=EDGE_CURVE('',#1588,#1589,#643,.T.);
#1997=EDGE_CURVE('',#1590,#1589,#910,.T.);
#1998=EDGE_CURVE('',#1506,#1590,#911,.T.);
#1999=EDGE_CURVE('',#1591,#1590,#912,.T.);
#2000=EDGE_CURVE('',#1592,#1591,#913,.T.);
#2001=EDGE_CURVE('',#1592,#1593,#914,.T.);
#2002=EDGE_CURVE('',#1594,#1593,#915,.T.);
#2003=EDGE_CURVE('',#1594,#1507,#916,.T.);
#2004=EDGE_CURVE('',#1595,#1596,#22,.T.);
#2005=EDGE_CURVE('',#1597,#1595,#917,.T.);
#2006=EDGE_CURVE('',#1597,#1598,#918,.T.);
#2007=EDGE_CURVE('',#1598,#1599,#23,.T.);
#2008=EDGE_CURVE('',#1599,#1600,#919,.T.);
#2009=EDGE_CURVE('',#1600,#1601,#24,.T.);
#2010=EDGE_CURVE('',#1602,#1601,#920,.T.);
#2011=EDGE_CURVE('',#1602,#1603,#921,.T.);
#2012=EDGE_CURVE('',#1603,#1604,#922,.T.);
#2013=EDGE_CURVE('',#1604,#1605,#923,.T.);
#2014=EDGE_CURVE('',#1605,#1606,#924,.T.);
#2015=EDGE_CURVE('',#1606,#1607,#25,.T.);
#2016=EDGE_CURVE('',#1608,#1607,#925,.T.);
#2017=EDGE_CURVE('',#1608,#1609,#26,.T.);
#2018=EDGE_CURVE('',#1610,#1609,#926,.T.);
#2019=EDGE_CURVE('',#1611,#1610,#927,.T.);
#2020=EDGE_CURVE('',#1612,#1611,#27,.T.);
#2021=EDGE_CURVE('',#1594,#1612,#928,.T.);
#2022=EDGE_CURVE('',#1593,#1613,#28,.T.);
#2023=EDGE_CURVE('',#1613,#1614,#929,.T.);
#2024=EDGE_CURVE('',#1614,#1575,#29,.T.);
#2025=EDGE_CURVE('',#1596,#1574,#930,.T.);
#2026=EDGE_CURVE('',#1615,#1615,#644,.T.);
#2027=EDGE_CURVE('',#1616,#1616,#645,.T.);
#2028=EDGE_CURVE('',#1617,#1617,#646,.T.);
#2029=EDGE_CURVE('',#1618,#1618,#647,.T.);
#2030=EDGE_CURVE('',#1619,#1619,#648,.T.);
#2031=EDGE_CURVE('',#1620,#1620,#649,.T.);
#2032=EDGE_CURVE('',#1621,#1621,#650,.T.);
#2033=EDGE_CURVE('',#1622,#1622,#651,.T.);
#2034=EDGE_CURVE('',#1623,#1623,#652,.T.);
#2035=EDGE_CURVE('',#1624,#1624,#653,.T.);
#2036=EDGE_CURVE('',#1625,#1625,#654,.T.);
#2037=EDGE_CURVE('',#1626,#1627,#931,.T.);
#2038=EDGE_CURVE('',#1627,#1626,#30,.T.);
#2039=EDGE_CURVE('',#1628,#1629,#932,.T.);
#2040=EDGE_CURVE('',#1629,#1628,#31,.T.);
#2041=EDGE_CURVE('',#1630,#1614,#933,.T.);
#2042=EDGE_CURVE('',#1576,#1630,#32,.T.);
#2043=EDGE_CURVE('',#1577,#1631,#934,.T.);
#2044=EDGE_CURVE('',#1630,#1632,#935,.T.);
#2045=EDGE_CURVE('',#1632,#1592,#33,.T.);
#2046=EDGE_CURVE('',#1633,#1591,#936,.T.);
#2047=EDGE_CURVE('',#1633,#1634,#34,.T.);
#2048=EDGE_CURVE('',#1634,#1635,#937,.T.);
#2049=EDGE_CURVE('',#1636,#1635,#938,.T.);
#2050=EDGE_CURVE('',#1637,#1636,#939,.T.);
#2051=EDGE_CURVE('',#1637,#1631,#35,.T.);
#2052=EDGE_CURVE('',#1638,#1638,#655,.T.);
#2053=EDGE_CURVE('',#1639,#1639,#656,.T.);
#2054=EDGE_CURVE('',#1640,#1640,#657,.T.);
#2055=EDGE_CURVE('',#1641,#1641,#658,.T.);
#2056=EDGE_CURVE('',#1631,#1600,#940,.T.);
#2057=EDGE_CURVE('',#1599,#1579,#941,.T.);
#2058=EDGE_CURVE('',#1580,#1598,#942,.T.);
#2059=EDGE_CURVE('',#1642,#1597,#943,.T.);
#2060=EDGE_CURVE('',#1642,#1643,#944,.T.);
#2061=EDGE_CURVE('',#1644,#1643,#945,.T.);
#2062=EDGE_CURVE('',#1581,#1644,#946,.T.);
#2063=EDGE_CURVE('',#1645,#1449,#947,.T.);
#2064=EDGE_CURVE('',#1645,#1581,#948,.T.);
#2065=EDGE_CURVE('',#1582,#1620,#949,.T.);
#2066=EDGE_CURVE('',#1583,#1515,#36,.T.);
#2067=EDGE_CURVE('',#1584,#1624,#950,.T.);
#2068=EDGE_CURVE('',#1525,#1585,#37,.T.);
#2069=EDGE_CURVE('',#1646,#1454,#951,.T.);
#2070=EDGE_CURVE('',#1587,#1646,#952,.T.);
#2071=EDGE_CURVE('',#1528,#1523,#953,.T.);
#2072=EDGE_CURVE('',#1522,#1529,#954,.T.);
#2073=EDGE_CURVE('',#1647,#1647,#659,.T.);
#2074=EDGE_CURVE('',#1521,#1530,#955,.T.);
#2075=EDGE_CURVE('',#1519,#1427,#956,.T.);
#2076=EDGE_CURVE('',#1426,#1648,#660,.T.);
#2077=EDGE_CURVE('',#1648,#1547,#957,.T.);
#2078=EDGE_CURVE('',#1546,#1649,#958,.T.);
#2079=EDGE_CURVE('',#1649,#1650,#959,.T.);
#2080=EDGE_CURVE('',#1650,#1541,#960,.T.);
#2081=EDGE_CURVE('',#1651,#1540,#961,.T.);
#2082=EDGE_CURVE('',#1651,#1531,#661,.T.);
#2083=EDGE_CURVE('',#1520,#1652,#962,.T.);
#2084=EDGE_CURVE('',#1652,#1653,#963,.T.);
#2085=EDGE_CURVE('',#1653,#1654,#964,.T.);
#2086=EDGE_CURVE('',#1654,#1655,#965,.T.);
#2087=EDGE_CURVE('',#1655,#1656,#966,.T.);
#2088=EDGE_CURVE('',#1656,#1657,#967,.T.);
#2089=EDGE_CURVE('',#1657,#1520,#968,.T.);
#2090=EDGE_CURVE('',#1658,#1658,#662,.T.);
#2091=EDGE_CURVE('',#1659,#1659,#663,.T.);
#2092=EDGE_CURVE('',#1660,#1661,#969,.T.);
#2093=EDGE_CURVE('',#1661,#1662,#970,.T.);
#2094=EDGE_CURVE('',#1663,#1662,#664,.T.);
#2095=EDGE_CURVE('',#1663,#1664,#971,.T.);
#2096=EDGE_CURVE('',#1660,#1664,#665,.T.);
#2097=EDGE_CURVE('',#1665,#1666,#972,.T.);
#2098=EDGE_CURVE('',#1667,#1666,#666,.T.);
#2099=EDGE_CURVE('',#1667,#1668,#973,.T.);
#2100=EDGE_CURVE('',#1668,#1669,#974,.T.);
#2101=EDGE_CURVE('',#1665,#1669,#667,.T.);
#2102=EDGE_CURVE('',#1670,#1670,#668,.T.);
#2103=EDGE_CURVE('',#1671,#1671,#669,.T.);
#2104=EDGE_CURVE('',#1518,#1428,#975,.T.);
#2105=EDGE_CURVE('',#1429,#1517,#976,.T.);
#2106=EDGE_CURVE('',#1672,#1672,#670,.T.);
#2107=EDGE_CURVE('',#1586,#1619,#977,.T.);
#2108=EDGE_CURVE('',#1609,#1588,#978,.T.);
#2109=EDGE_CURVE('',#1673,#1587,#979,.T.);
#2110=EDGE_CURVE('',#1673,#1674,#980,.T.);
#2111=EDGE_CURVE('',#1674,#1675,#981,.T.);
#2112=EDGE_CURVE('',#1675,#1610,#982,.T.);
#2113=EDGE_CURVE('',#1589,#1608,#983,.T.);
#2114=EDGE_CURVE('',#1607,#1633,#984,.T.);
#2115=EDGE_CURVE('',#1613,#1632,#985,.T.);
#2116=EDGE_CURVE('',#1595,#1596,#671,.T.);
#2117=EDGE_CURVE('',#1643,#1676,#672,.T.);
#2118=EDGE_CURVE('',#1677,#1642,#673,.T.);
#2119=EDGE_CURVE('',#1676,#1677,#986,.T.);
#2120=EDGE_CURVE('',#1678,#1679,#987,.T.);
#2121=EDGE_CURVE('',#1680,#1679,#988,.T.);
#2122=EDGE_CURVE('',#1680,#1676,#989,.T.);
#2123=EDGE_CURVE('',#1678,#1677,#990,.T.);
#2124=EDGE_CURVE('',#1601,#1637,#991,.T.);
#2125=EDGE_CURVE('',#1636,#1657,#992,.T.);
#2126=EDGE_CURVE('',#1656,#1602,#993,.T.);
#2127=EDGE_CURVE('',#1603,#1655,#994,.T.);
#2128=EDGE_CURVE('',#1654,#1604,#995,.T.);
#2129=EDGE_CURVE('',#1605,#1653,#996,.T.);
#2130=EDGE_CURVE('',#1634,#1606,#997,.T.);
#2131=EDGE_CURVE('',#1635,#1652,#998,.T.);
#2132=EDGE_CURVE('',#1612,#1611,#674,.T.);
#2133=EDGE_CURVE('',#1640,#1615,#999,.T.);
#2134=EDGE_CURVE('',#1641,#1616,#1000,.T.);
#2135=EDGE_CURVE('',#1639,#1617,#1001,.T.);
#2136=EDGE_CURVE('',#1638,#1618,#1002,.T.);
#2137=EDGE_CURVE('',#1573,#1621,#1003,.T.);
#2138=EDGE_CURVE('',#1571,#1622,#1004,.T.);
#2139=EDGE_CURVE('',#1681,#1681,#38,.T.);
#2140=EDGE_CURVE('',#1681,#1623,#1005,.T.);
#2141=EDGE_CURVE('',#1682,#1683,#39,.T.);
#2142=EDGE_CURVE('',#1684,#1682,#766,.T.);
#2143=EDGE_CURVE('',#1683,#1684,#40,.T.);
#2144=EDGE_CURVE('',#1683,#1625,#1006,.T.);
#2145=EDGE_CURVE('',#1627,#1626,#675,.T.);
#2146=EDGE_CURVE('',#1629,#1628,#676,.T.);
#2147=EDGE_CURVE('',#1680,#1644,#677,.T.);
#2148=EDGE_CURVE('',#1644,#1645,#678,.T.);
#2149=EDGE_CURVE('',#1685,#1450,#1007,.T.);
#2150=EDGE_CURVE('',#1685,#1680,#679,.T.);
#2151=EDGE_CURVE('',#1563,#1648,#1008,.T.);
#2152=EDGE_CURVE('',#1555,#1562,#1009,.T.);
#2153=EDGE_CURVE('',#1561,#1495,#1010,.T.);
#2154=EDGE_CURVE('',#1496,#1560,#1011,.T.);
#2155=EDGE_CURVE('',#1559,#1497,#1012,.T.);
#2156=EDGE_CURVE('',#1553,#1558,#1013,.T.);
#2157=EDGE_CURVE('',#1554,#1557,#1014,.T.);
#2158=EDGE_CURVE('',#1556,#1651,#1015,.T.);
#2159=EDGE_CURVE('',#1686,#1687,#680,.T.);
#2160=EDGE_CURVE('',#1665,#1686,#1016,.T.);
#2161=EDGE_CURVE('',#1688,#1669,#1017,.T.);
#2162=EDGE_CURVE('',#1687,#1688,#681,.T.);
#2163=EDGE_CURVE('',#1687,#1569,#1018,.T.);
#2164=EDGE_CURVE('',#1565,#1658,#1019,.T.);
#2165=EDGE_CURVE('',#1689,#1690,#682,.T.);
#2166=EDGE_CURVE('',#1660,#1689,#1020,.T.);
#2167=EDGE_CURVE('',#1691,#1664,#1021,.T.);
#2168=EDGE_CURVE('',#1690,#1691,#683,.T.);
#2169=EDGE_CURVE('',#1690,#1568,#1022,.T.);
#2170=EDGE_CURVE('',#1564,#1659,#1023,.T.);
#2171=EDGE_CURVE('',#1453,#1692,#1024,.T.);
#2172=EDGE_CURVE('',#1693,#1692,#684,.T.);
#2173=EDGE_CURVE('',#1673,#1693,#685,.T.);
#2174=EDGE_CURVE('',#1646,#1673,#686,.T.);
#2175=EDGE_CURVE('',#1451,#1694,#1025,.T.);
#2176=EDGE_CURVE('',#1694,#1695,#1026,.T.);
#2177=EDGE_CURVE('',#1452,#1695,#1027,.T.);
#2178=EDGE_CURVE('',#1647,#1696,#1028,.T.);
#2179=EDGE_CURVE('',#1696,#1696,#687,.T.);
#2180=EDGE_CURVE('',#1545,#1697,#1029,.T.);
#2181=EDGE_CURVE('',#1697,#1698,#1030,.T.);
#2182=EDGE_CURVE('',#1698,#1649,#688,.T.);
#2183=EDGE_CURVE('',#1699,#1698,#1031,.T.);
#2184=EDGE_CURVE('',#1650,#1699,#689,.T.);
#2185=EDGE_CURVE('',#1699,#1700,#1032,.T.);
#2186=EDGE_CURVE('',#1700,#1542,#1033,.T.);
#2187=EDGE_CURVE('',#1701,#1689,#1034,.T.);
#2188=EDGE_CURVE('',#1701,#1702,#1035,.T.);
#2189=EDGE_CURVE('',#1703,#1702,#1036,.T.);
#2190=EDGE_CURVE('',#1661,#1703,#1037,.T.);
#2191=EDGE_CURVE('',#1704,#1703,#1038,.T.);
#2192=EDGE_CURVE('',#1704,#1662,#1039,.T.);
#2193=EDGE_CURVE('',#1663,#1705,#1040,.T.);
#2194=EDGE_CURVE('',#1705,#1704,#690,.T.);
#2195=EDGE_CURVE('',#1706,#1705,#1041,.T.);
#2196=EDGE_CURVE('',#1706,#1707,#1042,.T.);
#2197=EDGE_CURVE('',#1691,#1707,#1043,.T.);
#2198=EDGE_CURVE('',#1708,#1666,#1044,.T.);
#2199=EDGE_CURVE('',#1709,#1686,#1045,.T.);
#2200=EDGE_CURVE('',#1709,#1710,#1046,.T.);
#2201=EDGE_CURVE('',#1708,#1710,#1047,.T.);
#2202=EDGE_CURVE('',#1711,#1708,#691,.T.);
#2203=EDGE_CURVE('',#1711,#1667,#1048,.T.);
#2204=EDGE_CURVE('',#1712,#1711,#1049,.T.);
#2205=EDGE_CURVE('',#1712,#1668,#1050,.T.);
#2206=EDGE_CURVE('',#1713,#1712,#1051,.T.);
#2207=EDGE_CURVE('',#1713,#1714,#1052,.T.);
#2208=EDGE_CURVE('',#1688,#1714,#1053,.T.);
#2209=EDGE_CURVE('',#1715,#1715,#692,.T.);
#2210=EDGE_CURVE('',#1715,#1670,#1054,.T.);
#2211=EDGE_CURVE('',#1716,#1716,#693,.T.);
#2212=EDGE_CURVE('',#1716,#1671,#1055,.T.);
#2213=EDGE_CURVE('',#1672,#1717,#1056,.T.);
#2214=EDGE_CURVE('',#1717,#1717,#694,.T.);
#2215=EDGE_CURVE('',#1718,#1693,#1057,.T.);
#2216=EDGE_CURVE('',#1718,#1674,#695,.T.);
#2217=EDGE_CURVE('',#1719,#1718,#1058,.T.);
#2218=EDGE_CURVE('',#1675,#1719,#696,.T.);
#2219=EDGE_CURVE('',#1720,#1721,#1059,.T.);
#2220=EDGE_CURVE('',#1719,#1721,#1060,.T.);
#2221=EDGE_CURVE('',#1720,#1693,#1061,.T.);
#2222=EDGE_CURVE('',#1679,#1685,#1062,.T.);
#2223=EDGE_CURVE('',#1692,#1720,#1063,.T.);
#2224=EDGE_CURVE('',#1684,#1682,#697,.T.);
#2225=EDGE_CURVE('',#1722,#1722,#698,.T.);
#2226=EDGE_CURVE('',#1722,#1431,#1064,.T.);
#2227=EDGE_CURVE('',#1723,#1724,#767,.T.);
#2228=EDGE_CURVE('',#1724,#1723,#768,.T.);
#2229=EDGE_CURVE('',#1725,#1725,#699,.T.);
#2230=EDGE_CURVE('',#1725,#1533,#1065,.T.);
#2231=EDGE_CURVE('',#1714,#1709,#700,.T.);
#2232=EDGE_CURVE('',#1707,#1701,#701,.T.);
#2233=EDGE_CURVE('',#1696,#1726,#1066,.T.);
#2234=EDGE_CURVE('',#1726,#1726,#702,.T.);
#2235=EDGE_CURVE('',#1727,#1728,#1067,.T.);
#2236=EDGE_CURVE('',#1728,#1544,#1068,.T.);
#2237=EDGE_CURVE('',#1543,#1727,#1069,.T.);
#2238=EDGE_CURVE('',#1697,#1728,#703,.T.);
#2239=EDGE_CURVE('',#1727,#1700,#704,.T.);
#2240=EDGE_CURVE('',#1729,#1729,#705,.T.);
#2241=EDGE_CURVE('',#1729,#1550,#1070,.T.);
#2242=EDGE_CURVE('',#1730,#1730,#706,.T.);
#2243=EDGE_CURVE('',#1730,#1549,#1071,.T.);
#2244=EDGE_CURVE('',#1706,#1702,#707,.T.);
#2245=EDGE_CURVE('',#1713,#1710,#708,.T.);
#2246=EDGE_CURVE('',#1731,#1731,#709,.T.);
#2247=EDGE_CURVE('',#1732,#1732,#710,.T.);
#2248=EDGE_CURVE('',#1717,#1733,#1072,.T.);
#2249=EDGE_CURVE('',#1733,#1733,#711,.T.);
#2250=EDGE_CURVE('',#1734,#1722,#1073,.T.);
#2251=EDGE_CURVE('',#1552,#1731,#1074,.T.);
#2252=EDGE_CURVE('',#1724,#1732,#1075,.T.);
#2253=EDGE_CURVE('',#1735,#1725,#1076,.T.);
#2254=EDGE_CURVE('',#1721,#1695,#1077,.T.);
#2255=EDGE_CURVE('',#1694,#1678,#1078,.T.);
#2256=ORIENTED_EDGE('',*,*,#1736,.F.);
#2257=ORIENTED_EDGE('',*,*,#1737,.T.);
#2258=ORIENTED_EDGE('',*,*,#1738,.F.);
#2259=ORIENTED_EDGE('',*,*,#1739,.F.);
#2260=ORIENTED_EDGE('',*,*,#1740,.T.);
#2261=ORIENTED_EDGE('',*,*,#1741,.F.);
#2262=ORIENTED_EDGE('',*,*,#1742,.F.);
#2263=ORIENTED_EDGE('',*,*,#1743,.F.);
#2264=ORIENTED_EDGE('',*,*,#1744,.T.);
#2265=ORIENTED_EDGE('',*,*,#1745,.F.);
#2266=ORIENTED_EDGE('',*,*,#1746,.T.);
#2267=ORIENTED_EDGE('',*,*,#1747,.F.);
#2268=ORIENTED_EDGE('',*,*,#1748,.F.);
#2269=ORIENTED_EDGE('',*,*,#1742,.T.);
#2270=ORIENTED_EDGE('',*,*,#1749,.F.);
#2271=ORIENTED_EDGE('',*,*,#1750,.F.);
#2272=ORIENTED_EDGE('',*,*,#1751,.T.);
#2273=ORIENTED_EDGE('',*,*,#1741,.T.);
#2274=ORIENTED_EDGE('',*,*,#1752,.T.);
#2275=ORIENTED_EDGE('',*,*,#1753,.F.);
#2276=ORIENTED_EDGE('',*,*,#1754,.F.);
#2277=ORIENTED_EDGE('',*,*,#1755,.F.);
#2278=ORIENTED_EDGE('',*,*,#1756,.F.);
#2279=ORIENTED_EDGE('',*,*,#1749,.T.);
#2280=ORIENTED_EDGE('',*,*,#1757,.T.);
#2281=ORIENTED_EDGE('',*,*,#1743,.T.);
#2282=ORIENTED_EDGE('',*,*,#1758,.F.);
#2283=ORIENTED_EDGE('',*,*,#1759,.F.);
#2284=ORIENTED_EDGE('',*,*,#1760,.T.);
#2285=ORIENTED_EDGE('',*,*,#1761,.F.);
#2286=ORIENTED_EDGE('',*,*,#1762,.F.);
#2287=ORIENTED_EDGE('',*,*,#1748,.T.);
#2288=ORIENTED_EDGE('',*,*,#1763,.F.);
#2289=ORIENTED_EDGE('',*,*,#1764,.F.);
#2290=ORIENTED_EDGE('',*,*,#1758,.T.);
#2291=ORIENTED_EDGE('',*,*,#1765,.F.);
#2292=ORIENTED_EDGE('',*,*,#1766,.T.);
#2293=ORIENTED_EDGE('',*,*,#1767,.F.);
#2294=ORIENTED_EDGE('',*,*,#1766,.F.);
#2295=ORIENTED_EDGE('',*,*,#1768,.F.);
#2296=ORIENTED_EDGE('',*,*,#1769,.T.);
#2297=ORIENTED_EDGE('',*,*,#1770,.F.);
#2298=ORIENTED_EDGE('',*,*,#1769,.F.);
#2299=ORIENTED_EDGE('',*,*,#1771,.T.);
#2300=ORIENTED_EDGE('',*,*,#1772,.F.);
#2301=ORIENTED_EDGE('',*,*,#1773,.F.);
#2302=ORIENTED_EDGE('',*,*,#1755,.T.);
#2303=ORIENTED_EDGE('',*,*,#1774,.F.);
#2304=ORIENTED_EDGE('',*,*,#1775,.F.);
#2305=ORIENTED_EDGE('',*,*,#1756,.T.);
#2306=ORIENTED_EDGE('',*,*,#1773,.T.);
#2307=ORIENTED_EDGE('',*,*,#1776,.T.);
#2308=ORIENTED_EDGE('',*,*,#1750,.T.);
#2309=ORIENTED_EDGE('',*,*,#1767,.T.);
#2310=ORIENTED_EDGE('',*,*,#1738,.T.);
#2311=ORIENTED_EDGE('',*,*,#1777,.T.);
#2312=ORIENTED_EDGE('',*,*,#1739,.T.);
#2313=ORIENTED_EDGE('',*,*,#1765,.T.);
#2314=ORIENTED_EDGE('',*,*,#1736,.T.);
#2315=ORIENTED_EDGE('',*,*,#1751,.F.);
#2316=ORIENTED_EDGE('',*,*,#1776,.F.);
#2317=ORIENTED_EDGE('',*,*,#1772,.T.);
#2318=ORIENTED_EDGE('',*,*,#1778,.T.);
#2319=ORIENTED_EDGE('',*,*,#1753,.T.);
#2320=ORIENTED_EDGE('',*,*,#1779,.T.);
#2321=ORIENTED_EDGE('',*,*,#1780,.T.);
#2322=ORIENTED_EDGE('',*,*,#1781,.T.);
#2323=ORIENTED_EDGE('',*,*,#1782,.T.);
#2324=ORIENTED_EDGE('',*,*,#1783,.T.);
#2325=ORIENTED_EDGE('',*,*,#1784,.F.);
#2326=ORIENTED_EDGE('',*,*,#1785,.F.);
#2327=ORIENTED_EDGE('',*,*,#1786,.F.);
#2328=ORIENTED_EDGE('',*,*,#1787,.F.);
#2329=ORIENTED_EDGE('',*,*,#1788,.F.);
#2330=ORIENTED_EDGE('',*,*,#1789,.F.);
#2331=ORIENTED_EDGE('',*,*,#1790,.F.);
#2332=ORIENTED_EDGE('',*,*,#1791,.F.);
#2333=ORIENTED_EDGE('',*,*,#1792,.F.);
#2334=ORIENTED_EDGE('',*,*,#1793,.F.);
#2335=ORIENTED_EDGE('',*,*,#1794,.F.);
#2336=ORIENTED_EDGE('',*,*,#1795,.F.);
#2337=ORIENTED_EDGE('',*,*,#1796,.F.);
#2338=ORIENTED_EDGE('',*,*,#1797,.F.);
#2339=ORIENTED_EDGE('',*,*,#1798,.F.);
#2340=ORIENTED_EDGE('',*,*,#1746,.F.);
#2341=ORIENTED_EDGE('',*,*,#1799,.F.);
#2342=ORIENTED_EDGE('',*,*,#1800,.F.);
#2343=ORIENTED_EDGE('',*,*,#1744,.F.);
#2344=ORIENTED_EDGE('',*,*,#1757,.F.);
#2345=ORIENTED_EDGE('',*,*,#1801,.F.);
#2346=ORIENTED_EDGE('',*,*,#1802,.T.);
#2347=ORIENTED_EDGE('',*,*,#1803,.T.);
#2348=ORIENTED_EDGE('',*,*,#1804,.T.);
#2349=ORIENTED_EDGE('',*,*,#1805,.F.);
#2350=ORIENTED_EDGE('',*,*,#1779,.F.);
#2351=ORIENTED_EDGE('',*,*,#1752,.F.);
#2352=ORIENTED_EDGE('',*,*,#1740,.F.);
#2353=ORIENTED_EDGE('',*,*,#1777,.F.);
#2354=ORIENTED_EDGE('',*,*,#1737,.F.);
#2355=ORIENTED_EDGE('',*,*,#1778,.F.);
#2356=ORIENTED_EDGE('',*,*,#1771,.F.);
#2357=ORIENTED_EDGE('',*,*,#1759,.T.);
#2358=ORIENTED_EDGE('',*,*,#1764,.T.);
#2359=ORIENTED_EDGE('',*,*,#1806,.T.);
#2360=ORIENTED_EDGE('',*,*,#1807,.T.);
#2361=ORIENTED_EDGE('',*,*,#1770,.T.);
#2362=ORIENTED_EDGE('',*,*,#1799,.T.);
#2363=ORIENTED_EDGE('',*,*,#1745,.T.);
#2364=ORIENTED_EDGE('',*,*,#1800,.T.);
#2365=ORIENTED_EDGE('',*,*,#1768,.T.);
#2366=ORIENTED_EDGE('',*,*,#1797,.T.);
#2367=ORIENTED_EDGE('',*,*,#1808,.F.);
#2368=ORIENTED_EDGE('',*,*,#1809,.F.);
#2369=ORIENTED_EDGE('',*,*,#1760,.F.);
#2370=ORIENTED_EDGE('',*,*,#1807,.F.);
#2371=ORIENTED_EDGE('',*,*,#1810,.T.);
#2372=ORIENTED_EDGE('',*,*,#1798,.T.);
#2373=ORIENTED_EDGE('',*,*,#1810,.F.);
#2374=ORIENTED_EDGE('',*,*,#1806,.F.);
#2375=ORIENTED_EDGE('',*,*,#1763,.T.);
#2376=ORIENTED_EDGE('',*,*,#1747,.T.);
#2377=ORIENTED_EDGE('',*,*,#1754,.T.);
#2378=ORIENTED_EDGE('',*,*,#1788,.T.);
#2379=ORIENTED_EDGE('',*,*,#1811,.T.);
#2380=ORIENTED_EDGE('',*,*,#1812,.F.);
#2381=ORIENTED_EDGE('',*,*,#1813,.T.);
#2382=ORIENTED_EDGE('',*,*,#1814,.F.);
#2383=ORIENTED_EDGE('',*,*,#1815,.T.);
#2384=ORIENTED_EDGE('',*,*,#1816,.T.);
#2385=ORIENTED_EDGE('',*,*,#1817,.F.);
#2386=ORIENTED_EDGE('',*,*,#1818,.F.);
#2387=ORIENTED_EDGE('',*,*,#1819,.T.);
#2388=ORIENTED_EDGE('',*,*,#1820,.F.);
#2389=ORIENTED_EDGE('',*,*,#1821,.F.);
#2390=ORIENTED_EDGE('',*,*,#1822,.F.);
#2391=ORIENTED_EDGE('',*,*,#1761,.T.);
#2392=ORIENTED_EDGE('',*,*,#1809,.T.);
#2393=ORIENTED_EDGE('',*,*,#1823,.T.);
#2394=ORIENTED_EDGE('',*,*,#1824,.F.);
#2395=ORIENTED_EDGE('',*,*,#1825,.T.);
#2396=ORIENTED_EDGE('',*,*,#1826,.F.);
#2397=ORIENTED_EDGE('',*,*,#1827,.T.);
#2398=ORIENTED_EDGE('',*,*,#1828,.F.);
#2399=ORIENTED_EDGE('',*,*,#1829,.T.);
#2400=ORIENTED_EDGE('',*,*,#1774,.T.);
#2401=ORIENTED_EDGE('',*,*,#1808,.T.);
#2402=ORIENTED_EDGE('',*,*,#1796,.T.);
#2403=ORIENTED_EDGE('',*,*,#1830,.F.);
#2404=ORIENTED_EDGE('',*,*,#1823,.F.);
#2405=ORIENTED_EDGE('',*,*,#1831,.F.);
#2406=ORIENTED_EDGE('',*,*,#1832,.T.);
#2407=ORIENTED_EDGE('',*,*,#1780,.F.);
#2408=ORIENTED_EDGE('',*,*,#1805,.T.);
#2409=ORIENTED_EDGE('',*,*,#1833,.F.);
#2410=ORIENTED_EDGE('',*,*,#1834,.F.);
#2411=ORIENTED_EDGE('',*,*,#1835,.F.);
#2412=ORIENTED_EDGE('',*,*,#1836,.F.);
#2413=ORIENTED_EDGE('',*,*,#1837,.F.);
#2414=ORIENTED_EDGE('',*,*,#1834,.T.);
#2415=ORIENTED_EDGE('',*,*,#1838,.T.);
#2416=ORIENTED_EDGE('',*,*,#1839,.F.);
#2417=ORIENTED_EDGE('',*,*,#1840,.F.);
#2418=ORIENTED_EDGE('',*,*,#1841,.F.);
#2419=ORIENTED_EDGE('',*,*,#1842,.T.);
#2420=ORIENTED_EDGE('',*,*,#1843,.F.);
#2421=ORIENTED_EDGE('',*,*,#1844,.F.);
#2422=ORIENTED_EDGE('',*,*,#1838,.F.);
#2423=ORIENTED_EDGE('',*,*,#1833,.T.);
#2424=ORIENTED_EDGE('',*,*,#1804,.F.);
#2425=ORIENTED_EDGE('',*,*,#1803,.F.);
#2426=ORIENTED_EDGE('',*,*,#1802,.F.);
#2427=ORIENTED_EDGE('',*,*,#1845,.F.);
#2428=ORIENTED_EDGE('',*,*,#1842,.F.);
#2429=ORIENTED_EDGE('',*,*,#1846,.F.);
#2430=ORIENTED_EDGE('',*,*,#1847,.F.);
#2431=ORIENTED_EDGE('',*,*,#1848,.F.);
#2432=ORIENTED_EDGE('',*,*,#1849,.T.);
#2433=ORIENTED_EDGE('',*,*,#1850,.T.);
#2434=ORIENTED_EDGE('',*,*,#1851,.F.);
#2435=ORIENTED_EDGE('',*,*,#1852,.F.);
#2436=ORIENTED_EDGE('',*,*,#1853,.F.);
#2437=ORIENTED_EDGE('',*,*,#1854,.T.);
#2438=ORIENTED_EDGE('',*,*,#1855,.F.);
#2439=ORIENTED_EDGE('',*,*,#1850,.F.);
#2440=ORIENTED_EDGE('',*,*,#1849,.F.);
#2441=ORIENTED_EDGE('',*,*,#1856,.F.);
#2442=ORIENTED_EDGE('',*,*,#1857,.F.);
#2443=ORIENTED_EDGE('',*,*,#1858,.F.);
#2444=ORIENTED_EDGE('',*,*,#1859,.F.);
#2445=ORIENTED_EDGE('',*,*,#1860,.F.);
#2446=ORIENTED_EDGE('',*,*,#1859,.T.);
#2447=ORIENTED_EDGE('',*,*,#1861,.T.);
#2448=ORIENTED_EDGE('',*,*,#1862,.F.);
#2449=ORIENTED_EDGE('',*,*,#1863,.F.);
#2450=ORIENTED_EDGE('',*,*,#1861,.F.);
#2451=ORIENTED_EDGE('',*,*,#1860,.T.);
#2452=ORIENTED_EDGE('',*,*,#1864,.T.);
#2453=ORIENTED_EDGE('',*,*,#1865,.T.);
#2454=ORIENTED_EDGE('',*,*,#1866,.F.);
#2455=ORIENTED_EDGE('',*,*,#1867,.F.);
#2456=ORIENTED_EDGE('',*,*,#1865,.F.);
#2457=ORIENTED_EDGE('',*,*,#1868,.T.);
#2458=ORIENTED_EDGE('',*,*,#1869,.F.);
#2459=ORIENTED_EDGE('',*,*,#1870,.F.);
#2460=ORIENTED_EDGE('',*,*,#1871,.F.);
#2461=ORIENTED_EDGE('',*,*,#1872,.F.);
#2462=ORIENTED_EDGE('',*,*,#1873,.T.);
#2463=ORIENTED_EDGE('',*,*,#1874,.T.);
#2464=ORIENTED_EDGE('',*,*,#1875,.F.);
#2465=ORIENTED_EDGE('',*,*,#1854,.F.);
#2466=ORIENTED_EDGE('',*,*,#1864,.F.);
#2467=ORIENTED_EDGE('',*,*,#1868,.F.);
#2468=ORIENTED_EDGE('',*,*,#1876,.F.);
#2469=ORIENTED_EDGE('',*,*,#1781,.F.);
#2470=ORIENTED_EDGE('',*,*,#1832,.F.);
#2471=ORIENTED_EDGE('',*,*,#1877,.F.);
#2472=ORIENTED_EDGE('',*,*,#1878,.F.);
#2473=ORIENTED_EDGE('',*,*,#1879,.F.);
#2474=ORIENTED_EDGE('',*,*,#1874,.F.);
#2475=ORIENTED_EDGE('',*,*,#1873,.F.);
#2476=ORIENTED_EDGE('',*,*,#1835,.T.);
#2477=ORIENTED_EDGE('',*,*,#1837,.T.);
#2478=ORIENTED_EDGE('',*,*,#1880,.T.);
#2479=ORIENTED_EDGE('',*,*,#1839,.T.);
#2480=ORIENTED_EDGE('',*,*,#1844,.T.);
#2481=ORIENTED_EDGE('',*,*,#1881,.F.);
#2482=ORIENTED_EDGE('',*,*,#1882,.F.);
#2483=ORIENTED_EDGE('',*,*,#1883,.F.);
#2484=ORIENTED_EDGE('',*,*,#1884,.F.);
#2485=ORIENTED_EDGE('',*,*,#1885,.F.);
#2486=ORIENTED_EDGE('',*,*,#1886,.T.);
#2487=ORIENTED_EDGE('',*,*,#1887,.F.);
#2488=ORIENTED_EDGE('',*,*,#1888,.F.);
#2489=ORIENTED_EDGE('',*,*,#1889,.F.);
#2490=ORIENTED_EDGE('',*,*,#1890,.F.);
#2491=ORIENTED_EDGE('',*,*,#1891,.F.);
#2492=ORIENTED_EDGE('',*,*,#1836,.T.);
#2493=ORIENTED_EDGE('',*,*,#1891,.T.);
#2494=ORIENTED_EDGE('',*,*,#1892,.T.);
#2495=ORIENTED_EDGE('',*,*,#1893,.T.);
#2496=ORIENTED_EDGE('',*,*,#1894,.T.);
#2497=ORIENTED_EDGE('',*,*,#1895,.T.);
#2498=ORIENTED_EDGE('',*,*,#1896,.T.);
#2499=ORIENTED_EDGE('',*,*,#1812,.T.);
#2500=ORIENTED_EDGE('',*,*,#1897,.F.);
#2501=ORIENTED_EDGE('',*,*,#1898,.T.);
#2502=ORIENTED_EDGE('',*,*,#1899,.T.);
#2503=ORIENTED_EDGE('',*,*,#1900,.T.);
#2504=ORIENTED_EDGE('',*,*,#1901,.T.);
#2505=ORIENTED_EDGE('',*,*,#1902,.F.);
#2506=ORIENTED_EDGE('',*,*,#1903,.F.);
#2507=ORIENTED_EDGE('',*,*,#1904,.T.);
#2508=ORIENTED_EDGE('',*,*,#1820,.T.);
#2509=ORIENTED_EDGE('',*,*,#1905,.T.);
#2510=ORIENTED_EDGE('',*,*,#1906,.T.);
#2511=ORIENTED_EDGE('',*,*,#1907,.T.);
#2512=ORIENTED_EDGE('',*,*,#1908,.T.);
#2513=ORIENTED_EDGE('',*,*,#1909,.T.);
#2514=ORIENTED_EDGE('',*,*,#1881,.T.);
#2515=ORIENTED_EDGE('',*,*,#1847,.T.);
#2516=ORIENTED_EDGE('',*,*,#1910,.F.);
#2517=ORIENTED_EDGE('',*,*,#1840,.T.);
#2518=ORIENTED_EDGE('',*,*,#1880,.F.);
#2519=ORIENTED_EDGE('',*,*,#1762,.T.);
#2520=ORIENTED_EDGE('',*,*,#1822,.T.);
#2521=ORIENTED_EDGE('',*,*,#1911,.F.);
#2522=ORIENTED_EDGE('',*,*,#1912,.T.);
#2523=ORIENTED_EDGE('',*,*,#1913,.F.);
#2524=ORIENTED_EDGE('',*,*,#1914,.T.);
#2525=ORIENTED_EDGE('',*,*,#1915,.T.);
#2526=ORIENTED_EDGE('',*,*,#1916,.F.);
#2527=ORIENTED_EDGE('',*,*,#1843,.T.);
#2528=ORIENTED_EDGE('',*,*,#1845,.T.);
#2529=ORIENTED_EDGE('',*,*,#1801,.T.);
#2530=ORIENTED_EDGE('',*,*,#1917,.F.);
#2531=ORIENTED_EDGE('',*,*,#1858,.T.);
#2532=ORIENTED_EDGE('',*,*,#1918,.F.);
#2533=ORIENTED_EDGE('',*,*,#1919,.F.);
#2534=ORIENTED_EDGE('',*,*,#1920,.F.);
#2535=ORIENTED_EDGE('',*,*,#1857,.T.);
#2536=ORIENTED_EDGE('',*,*,#1921,.T.);
#2537=ORIENTED_EDGE('',*,*,#1922,.T.);
#2538=ORIENTED_EDGE('',*,*,#1918,.T.);
#2539=ORIENTED_EDGE('',*,*,#1856,.T.);
#2540=ORIENTED_EDGE('',*,*,#1848,.T.);
#2541=ORIENTED_EDGE('',*,*,#1923,.F.);
#2542=ORIENTED_EDGE('',*,*,#1924,.F.);
#2543=ORIENTED_EDGE('',*,*,#1925,.F.);
#2544=ORIENTED_EDGE('',*,*,#1921,.F.);
#2545=ORIENTED_EDGE('',*,*,#1851,.T.);
#2546=ORIENTED_EDGE('',*,*,#1855,.T.);
#2547=ORIENTED_EDGE('',*,*,#1875,.T.);
#2548=ORIENTED_EDGE('',*,*,#1879,.T.);
#2549=ORIENTED_EDGE('',*,*,#1926,.F.);
#2550=ORIENTED_EDGE('',*,*,#1927,.F.);
#2551=ORIENTED_EDGE('',*,*,#1928,.T.);
#2552=ORIENTED_EDGE('',*,*,#1929,.F.);
#2553=ORIENTED_EDGE('',*,*,#1930,.T.);
#2554=ORIENTED_EDGE('',*,*,#1931,.T.);
#2555=ORIENTED_EDGE('',*,*,#1932,.T.);
#2556=ORIENTED_EDGE('',*,*,#1933,.F.);
#2557=ORIENTED_EDGE('',*,*,#1934,.F.);
#2558=ORIENTED_EDGE('',*,*,#1935,.T.);
#2559=ORIENTED_EDGE('',*,*,#1936,.F.);
#2560=ORIENTED_EDGE('',*,*,#1937,.F.);
#2561=ORIENTED_EDGE('',*,*,#1938,.F.);
#2562=ORIENTED_EDGE('',*,*,#1866,.T.);
#2563=ORIENTED_EDGE('',*,*,#1867,.T.);
#2564=ORIENTED_EDGE('',*,*,#1939,.F.);
#2565=ORIENTED_EDGE('',*,*,#1940,.F.);
#2566=ORIENTED_EDGE('',*,*,#1878,.T.);
#2567=ORIENTED_EDGE('',*,*,#1941,.T.);
#2568=ORIENTED_EDGE('',*,*,#1942,.T.);
#2569=ORIENTED_EDGE('',*,*,#1943,.T.);
#2570=ORIENTED_EDGE('',*,*,#1926,.T.);
#2571=ORIENTED_EDGE('',*,*,#1852,.T.);
#2572=ORIENTED_EDGE('',*,*,#1936,.T.);
#2573=ORIENTED_EDGE('',*,*,#1944,.T.);
#2574=ORIENTED_EDGE('',*,*,#1945,.T.);
#2575=ORIENTED_EDGE('',*,*,#1923,.T.);
#2576=ORIENTED_EDGE('',*,*,#1775,.T.);
#2577=ORIENTED_EDGE('',*,*,#1829,.F.);
#2578=ORIENTED_EDGE('',*,*,#1946,.F.);
#2579=ORIENTED_EDGE('',*,*,#1790,.T.);
#2580=ORIENTED_EDGE('',*,*,#1792,.T.);
#2581=ORIENTED_EDGE('',*,*,#1947,.F.);
#2582=ORIENTED_EDGE('',*,*,#1827,.F.);
#2583=ORIENTED_EDGE('',*,*,#1948,.F.);
#2584=ORIENTED_EDGE('',*,*,#1794,.T.);
#2585=ORIENTED_EDGE('',*,*,#1949,.F.);
#2586=ORIENTED_EDGE('',*,*,#1825,.F.);
#2587=ORIENTED_EDGE('',*,*,#1950,.F.);
#2588=ORIENTED_EDGE('',*,*,#1831,.T.);
#2589=ORIENTED_EDGE('',*,*,#1910,.T.);
#2590=ORIENTED_EDGE('',*,*,#1846,.T.);
#2591=ORIENTED_EDGE('',*,*,#1841,.T.);
#2592=ORIENTED_EDGE('',*,*,#1916,.T.);
#2593=ORIENTED_EDGE('',*,*,#1951,.T.);
#2594=ORIENTED_EDGE('',*,*,#1952,.F.);
#2595=ORIENTED_EDGE('',*,*,#1953,.F.);
#2596=ORIENTED_EDGE('',*,*,#1954,.T.);
#2597=ORIENTED_EDGE('',*,*,#1955,.F.);
#2598=ORIENTED_EDGE('',*,*,#1956,.T.);
#2599=ORIENTED_EDGE('',*,*,#1957,.F.);
#2600=ORIENTED_EDGE('',*,*,#1919,.T.);
#2601=ORIENTED_EDGE('',*,*,#1922,.F.);
#2602=ORIENTED_EDGE('',*,*,#1925,.T.);
#2603=ORIENTED_EDGE('',*,*,#1958,.F.);
#2604=ORIENTED_EDGE('',*,*,#1959,.F.);
#2605=ORIENTED_EDGE('',*,*,#1960,.T.);
#2606=ORIENTED_EDGE('',*,*,#1782,.F.);
#2607=ORIENTED_EDGE('',*,*,#1876,.T.);
#2608=ORIENTED_EDGE('',*,*,#1961,.T.);
#2609=ORIENTED_EDGE('',*,*,#1962,.T.);
#2610=ORIENTED_EDGE('',*,*,#1963,.F.);
#2611=ORIENTED_EDGE('',*,*,#1964,.F.);
#2612=ORIENTED_EDGE('',*,*,#1965,.F.);
#2613=ORIENTED_EDGE('',*,*,#1966,.F.);
#2614=ORIENTED_EDGE('',*,*,#1967,.T.);
#2615=ORIENTED_EDGE('',*,*,#1968,.T.);
#2616=ORIENTED_EDGE('',*,*,#1964,.T.);
#2617=ORIENTED_EDGE('',*,*,#1968,.F.);
#2618=ORIENTED_EDGE('',*,*,#1967,.F.);
#2619=ORIENTED_EDGE('',*,*,#1969,.T.);
#2620=ORIENTED_EDGE('',*,*,#1970,.T.);
#2621=ORIENTED_EDGE('',*,*,#1971,.T.);
#2622=ORIENTED_EDGE('',*,*,#1963,.T.);
#2623=ORIENTED_EDGE('',*,*,#1971,.F.);
#2624=ORIENTED_EDGE('',*,*,#1970,.F.);
#2625=ORIENTED_EDGE('',*,*,#1972,.T.);
#2626=ORIENTED_EDGE('',*,*,#1887,.T.);
#2627=ORIENTED_EDGE('',*,*,#1973,.T.);
#2628=ORIENTED_EDGE('',*,*,#1974,.F.);
#2629=ORIENTED_EDGE('',*,*,#1975,.T.);
#2630=ORIENTED_EDGE('',*,*,#1976,.F.);
#2631=ORIENTED_EDGE('',*,*,#1977,.F.);
#2632=ORIENTED_EDGE('',*,*,#1978,.T.);
#2633=ORIENTED_EDGE('',*,*,#1888,.T.);
#2634=ORIENTED_EDGE('',*,*,#1978,.F.);
#2635=ORIENTED_EDGE('',*,*,#1979,.F.);
#2636=ORIENTED_EDGE('',*,*,#1980,.T.);
#2637=ORIENTED_EDGE('',*,*,#1981,.T.);
#2638=ORIENTED_EDGE('',*,*,#1982,.T.);
#2639=ORIENTED_EDGE('',*,*,#1895,.F.);
#2640=ORIENTED_EDGE('',*,*,#1983,.F.);
#2641=ORIENTED_EDGE('',*,*,#1984,.F.);
#2642=ORIENTED_EDGE('',*,*,#1985,.T.);
#2643=ORIENTED_EDGE('',*,*,#1986,.F.);
#2644=ORIENTED_EDGE('',*,*,#1889,.T.);
#2645=ORIENTED_EDGE('',*,*,#1985,.F.);
#2646=ORIENTED_EDGE('',*,*,#1987,.F.);
#2647=ORIENTED_EDGE('',*,*,#1893,.F.);
#2648=ORIENTED_EDGE('',*,*,#1988,.F.);
#2649=ORIENTED_EDGE('',*,*,#1890,.T.);
#2650=ORIENTED_EDGE('',*,*,#1988,.T.);
#2651=ORIENTED_EDGE('',*,*,#1892,.F.);
#2652=ORIENTED_EDGE('',*,*,#1882,.T.);
#2653=ORIENTED_EDGE('',*,*,#1909,.F.);
#2654=ORIENTED_EDGE('',*,*,#1989,.T.);
#2655=ORIENTED_EDGE('',*,*,#1883,.T.);
#2656=ORIENTED_EDGE('',*,*,#1989,.F.);
#2657=ORIENTED_EDGE('',*,*,#1908,.F.);
#2658=ORIENTED_EDGE('',*,*,#1990,.F.);
#2659=ORIENTED_EDGE('',*,*,#1991,.F.);
#2660=ORIENTED_EDGE('',*,*,#1884,.T.);
#2661=ORIENTED_EDGE('',*,*,#1991,.T.);
#2662=ORIENTED_EDGE('',*,*,#1992,.F.);
#2663=ORIENTED_EDGE('',*,*,#1993,.F.);
#2664=ORIENTED_EDGE('',*,*,#1906,.F.);
#2665=ORIENTED_EDGE('',*,*,#1994,.T.);
#2666=ORIENTED_EDGE('',*,*,#1995,.F.);
#2667=ORIENTED_EDGE('',*,*,#1996,.T.);
#2668=ORIENTED_EDGE('',*,*,#1997,.F.);
#2669=ORIENTED_EDGE('',*,*,#1998,.F.);
#2670=ORIENTED_EDGE('',*,*,#1885,.T.);
#2671=ORIENTED_EDGE('',*,*,#1998,.T.);
#2672=ORIENTED_EDGE('',*,*,#1999,.F.);
#2673=ORIENTED_EDGE('',*,*,#2000,.F.);
#2674=ORIENTED_EDGE('',*,*,#2001,.T.);
#2675=ORIENTED_EDGE('',*,*,#2002,.F.);
#2676=ORIENTED_EDGE('',*,*,#2003,.T.);
#2677=ORIENTED_EDGE('',*,*,#2004,.F.);
#2678=ORIENTED_EDGE('',*,*,#2005,.F.);
#2679=ORIENTED_EDGE('',*,*,#2006,.T.);
#2680=ORIENTED_EDGE('',*,*,#2007,.T.);
#2681=ORIENTED_EDGE('',*,*,#2008,.T.);
#2682=ORIENTED_EDGE('',*,*,#2009,.T.);
#2683=ORIENTED_EDGE('',*,*,#2010,.F.);
#2684=ORIENTED_EDGE('',*,*,#2011,.T.);
#2685=ORIENTED_EDGE('',*,*,#2012,.T.);
#2686=ORIENTED_EDGE('',*,*,#2013,.T.);
#2687=ORIENTED_EDGE('',*,*,#2014,.T.);
#2688=ORIENTED_EDGE('',*,*,#2015,.T.);
#2689=ORIENTED_EDGE('',*,*,#2016,.F.);
#2690=ORIENTED_EDGE('',*,*,#2017,.T.);
#2691=ORIENTED_EDGE('',*,*,#2018,.F.);
#2692=ORIENTED_EDGE('',*,*,#2019,.F.);
#2693=ORIENTED_EDGE('',*,*,#2020,.F.);
#2694=ORIENTED_EDGE('',*,*,#2021,.F.);
#2695=ORIENTED_EDGE('',*,*,#2002,.T.);
#2696=ORIENTED_EDGE('',*,*,#2022,.T.);
#2697=ORIENTED_EDGE('',*,*,#2023,.T.);
#2698=ORIENTED_EDGE('',*,*,#2024,.T.);
#2699=ORIENTED_EDGE('',*,*,#1974,.T.);
#2700=ORIENTED_EDGE('',*,*,#2025,.F.);
#2701=ORIENTED_EDGE('',*,*,#2026,.F.);
#2702=ORIENTED_EDGE('',*,*,#2027,.F.);
#2703=ORIENTED_EDGE('',*,*,#2028,.F.);
#2704=ORIENTED_EDGE('',*,*,#2029,.F.);
#2705=ORIENTED_EDGE('',*,*,#2030,.F.);
#2706=ORIENTED_EDGE('',*,*,#2031,.F.);
#2707=ORIENTED_EDGE('',*,*,#2032,.F.);
#2708=ORIENTED_EDGE('',*,*,#2033,.F.);
#2709=ORIENTED_EDGE('',*,*,#2034,.F.);
#2710=ORIENTED_EDGE('',*,*,#2035,.F.);
#2711=ORIENTED_EDGE('',*,*,#2036,.F.);
#2712=ORIENTED_EDGE('',*,*,#2037,.F.);
#2713=ORIENTED_EDGE('',*,*,#2038,.F.);
#2714=ORIENTED_EDGE('',*,*,#2039,.F.);
#2715=ORIENTED_EDGE('',*,*,#2040,.F.);
#2716=ORIENTED_EDGE('',*,*,#2041,.F.);
#2717=ORIENTED_EDGE('',*,*,#2042,.F.);
#2718=ORIENTED_EDGE('',*,*,#1975,.F.);
#2719=ORIENTED_EDGE('',*,*,#2024,.F.);
#2720=ORIENTED_EDGE('',*,*,#2043,.F.);
#2721=ORIENTED_EDGE('',*,*,#1976,.T.);
#2722=ORIENTED_EDGE('',*,*,#2042,.T.);
#2723=ORIENTED_EDGE('',*,*,#2044,.T.);
#2724=ORIENTED_EDGE('',*,*,#2045,.T.);
#2725=ORIENTED_EDGE('',*,*,#2000,.T.);
#2726=ORIENTED_EDGE('',*,*,#2046,.F.);
#2727=ORIENTED_EDGE('',*,*,#2047,.T.);
#2728=ORIENTED_EDGE('',*,*,#2048,.T.);
#2729=ORIENTED_EDGE('',*,*,#2049,.F.);
#2730=ORIENTED_EDGE('',*,*,#2050,.F.);
#2731=ORIENTED_EDGE('',*,*,#2051,.T.);
#2732=ORIENTED_EDGE('',*,*,#2052,.T.);
#2733=ORIENTED_EDGE('',*,*,#2053,.T.);
#2734=ORIENTED_EDGE('',*,*,#2054,.T.);
#2735=ORIENTED_EDGE('',*,*,#2055,.T.);
#2736=ORIENTED_EDGE('',*,*,#2043,.T.);
#2737=ORIENTED_EDGE('',*,*,#2056,.T.);
#2738=ORIENTED_EDGE('',*,*,#2008,.F.);
#2739=ORIENTED_EDGE('',*,*,#2057,.T.);
#2740=ORIENTED_EDGE('',*,*,#1979,.T.);
#2741=ORIENTED_EDGE('',*,*,#1977,.T.);
#2742=ORIENTED_EDGE('',*,*,#2007,.F.);
#2743=ORIENTED_EDGE('',*,*,#2058,.F.);
#2744=ORIENTED_EDGE('',*,*,#1980,.F.);
#2745=ORIENTED_EDGE('',*,*,#2057,.F.);
#2746=ORIENTED_EDGE('',*,*,#2059,.F.);
#2747=ORIENTED_EDGE('',*,*,#2060,.T.);
#2748=ORIENTED_EDGE('',*,*,#2061,.F.);
#2749=ORIENTED_EDGE('',*,*,#2062,.F.);
#2750=ORIENTED_EDGE('',*,*,#1981,.F.);
#2751=ORIENTED_EDGE('',*,*,#2058,.T.);
#2752=ORIENTED_EDGE('',*,*,#2006,.F.);
#2753=ORIENTED_EDGE('',*,*,#2063,.T.);
#2754=ORIENTED_EDGE('',*,*,#1813,.F.);
#2755=ORIENTED_EDGE('',*,*,#1896,.F.);
#2756=ORIENTED_EDGE('',*,*,#1982,.F.);
#2757=ORIENTED_EDGE('',*,*,#2064,.F.);
#2758=ORIENTED_EDGE('',*,*,#1984,.T.);
#2759=ORIENTED_EDGE('',*,*,#2065,.T.);
#2760=ORIENTED_EDGE('',*,*,#2031,.T.);
#2761=ORIENTED_EDGE('',*,*,#2065,.F.);
#2762=ORIENTED_EDGE('',*,*,#1983,.T.);
#2763=ORIENTED_EDGE('',*,*,#2066,.F.);
#2764=ORIENTED_EDGE('',*,*,#1986,.T.);
#2765=ORIENTED_EDGE('',*,*,#2067,.T.);
#2766=ORIENTED_EDGE('',*,*,#2035,.T.);
#2767=ORIENTED_EDGE('',*,*,#2067,.F.);
#2768=ORIENTED_EDGE('',*,*,#2066,.T.);
#2769=ORIENTED_EDGE('',*,*,#1894,.F.);
#2770=ORIENTED_EDGE('',*,*,#1987,.T.);
#2771=ORIENTED_EDGE('',*,*,#2068,.T.);
#2772=ORIENTED_EDGE('',*,*,#1990,.T.);
#2773=ORIENTED_EDGE('',*,*,#1907,.F.);
#2774=ORIENTED_EDGE('',*,*,#1905,.F.);
#2775=ORIENTED_EDGE('',*,*,#1819,.F.);
#2776=ORIENTED_EDGE('',*,*,#2069,.F.);
#2777=ORIENTED_EDGE('',*,*,#2070,.F.);
#2778=ORIENTED_EDGE('',*,*,#1994,.F.);
#2779=ORIENTED_EDGE('',*,*,#2071,.F.);
#2780=ORIENTED_EDGE('',*,*,#1911,.T.);
#2781=ORIENTED_EDGE('',*,*,#1821,.T.);
#2782=ORIENTED_EDGE('',*,*,#1904,.F.);
#2783=ORIENTED_EDGE('',*,*,#1912,.F.);
#2784=ORIENTED_EDGE('',*,*,#2071,.T.);
#2785=ORIENTED_EDGE('',*,*,#1903,.T.);
#2786=ORIENTED_EDGE('',*,*,#2072,.T.);
#2787=ORIENTED_EDGE('',*,*,#2073,.F.);
#2788=ORIENTED_EDGE('',*,*,#2074,.T.);
#2789=ORIENTED_EDGE('',*,*,#1913,.T.);
#2790=ORIENTED_EDGE('',*,*,#2072,.F.);
#2791=ORIENTED_EDGE('',*,*,#1902,.T.);
#2792=ORIENTED_EDGE('',*,*,#1900,.F.);
#2793=ORIENTED_EDGE('',*,*,#2075,.T.);
#2794=ORIENTED_EDGE('',*,*,#1784,.T.);
#2795=ORIENTED_EDGE('',*,*,#2076,.T.);
#2796=ORIENTED_EDGE('',*,*,#2077,.T.);
#2797=ORIENTED_EDGE('',*,*,#1934,.T.);
#2798=ORIENTED_EDGE('',*,*,#2078,.T.);
#2799=ORIENTED_EDGE('',*,*,#2079,.T.);
#2800=ORIENTED_EDGE('',*,*,#2080,.T.);
#2801=ORIENTED_EDGE('',*,*,#1928,.F.);
#2802=ORIENTED_EDGE('',*,*,#2081,.F.);
#2803=ORIENTED_EDGE('',*,*,#2082,.T.);
#2804=ORIENTED_EDGE('',*,*,#1914,.F.);
#2805=ORIENTED_EDGE('',*,*,#2074,.F.);
#2806=ORIENTED_EDGE('',*,*,#1901,.F.);
#2807=ORIENTED_EDGE('',*,*,#2083,.T.);
#2808=ORIENTED_EDGE('',*,*,#2084,.T.);
#2809=ORIENTED_EDGE('',*,*,#2085,.T.);
#2810=ORIENTED_EDGE('',*,*,#2086,.T.);
#2811=ORIENTED_EDGE('',*,*,#2087,.T.);
#2812=ORIENTED_EDGE('',*,*,#2088,.T.);
#2813=ORIENTED_EDGE('',*,*,#2089,.T.);
#2814=ORIENTED_EDGE('',*,*,#2090,.F.);
#2815=ORIENTED_EDGE('',*,*,#2091,.F.);
#2816=ORIENTED_EDGE('',*,*,#2092,.T.);
#2817=ORIENTED_EDGE('',*,*,#2093,.T.);
#2818=ORIENTED_EDGE('',*,*,#2094,.F.);
#2819=ORIENTED_EDGE('',*,*,#2095,.T.);
#2820=ORIENTED_EDGE('',*,*,#2096,.F.);
#2821=ORIENTED_EDGE('',*,*,#2097,.T.);
#2822=ORIENTED_EDGE('',*,*,#2098,.F.);
#2823=ORIENTED_EDGE('',*,*,#2099,.T.);
#2824=ORIENTED_EDGE('',*,*,#2100,.T.);
#2825=ORIENTED_EDGE('',*,*,#2101,.F.);
#2826=ORIENTED_EDGE('',*,*,#2102,.F.);
#2827=ORIENTED_EDGE('',*,*,#2103,.F.);
#2828=ORIENTED_EDGE('',*,*,#2104,.T.);
#2829=ORIENTED_EDGE('',*,*,#1785,.T.);
#2830=ORIENTED_EDGE('',*,*,#2075,.F.);
#2831=ORIENTED_EDGE('',*,*,#1899,.F.);
#2832=ORIENTED_EDGE('',*,*,#2105,.F.);
#2833=ORIENTED_EDGE('',*,*,#1786,.T.);
#2834=ORIENTED_EDGE('',*,*,#2104,.F.);
#2835=ORIENTED_EDGE('',*,*,#1898,.F.);
#2836=ORIENTED_EDGE('',*,*,#2106,.F.);
#2837=ORIENTED_EDGE('',*,*,#1811,.F.);
#2838=ORIENTED_EDGE('',*,*,#1787,.T.);
#2839=ORIENTED_EDGE('',*,*,#2105,.T.);
#2840=ORIENTED_EDGE('',*,*,#1897,.T.);
#2841=ORIENTED_EDGE('',*,*,#1993,.T.);
#2842=ORIENTED_EDGE('',*,*,#2107,.T.);
#2843=ORIENTED_EDGE('',*,*,#2030,.T.);
#2844=ORIENTED_EDGE('',*,*,#2107,.F.);
#2845=ORIENTED_EDGE('',*,*,#1992,.T.);
#2846=ORIENTED_EDGE('',*,*,#2068,.F.);
#2847=ORIENTED_EDGE('',*,*,#2018,.T.);
#2848=ORIENTED_EDGE('',*,*,#2108,.T.);
#2849=ORIENTED_EDGE('',*,*,#1995,.T.);
#2850=ORIENTED_EDGE('',*,*,#2109,.F.);
#2851=ORIENTED_EDGE('',*,*,#2110,.T.);
#2852=ORIENTED_EDGE('',*,*,#2111,.T.);
#2853=ORIENTED_EDGE('',*,*,#2112,.T.);
#2854=ORIENTED_EDGE('',*,*,#2017,.F.);
#2855=ORIENTED_EDGE('',*,*,#2113,.F.);
#2856=ORIENTED_EDGE('',*,*,#1996,.F.);
#2857=ORIENTED_EDGE('',*,*,#2108,.F.);
#2858=ORIENTED_EDGE('',*,*,#1997,.T.);
#2859=ORIENTED_EDGE('',*,*,#2113,.T.);
#2860=ORIENTED_EDGE('',*,*,#2016,.T.);
#2861=ORIENTED_EDGE('',*,*,#2114,.T.);
#2862=ORIENTED_EDGE('',*,*,#2046,.T.);
#2863=ORIENTED_EDGE('',*,*,#1999,.T.);
#2864=ORIENTED_EDGE('',*,*,#2001,.F.);
#2865=ORIENTED_EDGE('',*,*,#2045,.F.);
#2866=ORIENTED_EDGE('',*,*,#2115,.F.);
#2867=ORIENTED_EDGE('',*,*,#2022,.F.);
#2868=ORIENTED_EDGE('',*,*,#2004,.T.);
#2869=ORIENTED_EDGE('',*,*,#2116,.F.);
#2870=ORIENTED_EDGE('',*,*,#2117,.F.);
#2871=ORIENTED_EDGE('',*,*,#2060,.F.);
#2872=ORIENTED_EDGE('',*,*,#2118,.F.);
#2873=ORIENTED_EDGE('',*,*,#2119,.F.);
#2874=ORIENTED_EDGE('',*,*,#2120,.T.);
#2875=ORIENTED_EDGE('',*,*,#2121,.F.);
#2876=ORIENTED_EDGE('',*,*,#2122,.T.);
#2877=ORIENTED_EDGE('',*,*,#2119,.T.);
#2878=ORIENTED_EDGE('',*,*,#2123,.F.);
#2879=ORIENTED_EDGE('',*,*,#2124,.F.);
#2880=ORIENTED_EDGE('',*,*,#2009,.F.);
#2881=ORIENTED_EDGE('',*,*,#2056,.F.);
#2882=ORIENTED_EDGE('',*,*,#2051,.F.);
#2883=ORIENTED_EDGE('',*,*,#2010,.T.);
#2884=ORIENTED_EDGE('',*,*,#2124,.T.);
#2885=ORIENTED_EDGE('',*,*,#2050,.T.);
#2886=ORIENTED_EDGE('',*,*,#2125,.T.);
#2887=ORIENTED_EDGE('',*,*,#2088,.F.);
#2888=ORIENTED_EDGE('',*,*,#2126,.T.);
#2889=ORIENTED_EDGE('',*,*,#2087,.F.);
#2890=ORIENTED_EDGE('',*,*,#2127,.F.);
#2891=ORIENTED_EDGE('',*,*,#2011,.F.);
#2892=ORIENTED_EDGE('',*,*,#2126,.F.);
#2893=ORIENTED_EDGE('',*,*,#2086,.F.);
#2894=ORIENTED_EDGE('',*,*,#2128,.T.);
#2895=ORIENTED_EDGE('',*,*,#2012,.F.);
#2896=ORIENTED_EDGE('',*,*,#2127,.T.);
#2897=ORIENTED_EDGE('',*,*,#2085,.F.);
#2898=ORIENTED_EDGE('',*,*,#2129,.F.);
#2899=ORIENTED_EDGE('',*,*,#2013,.F.);
#2900=ORIENTED_EDGE('',*,*,#2128,.F.);
#2901=ORIENTED_EDGE('',*,*,#2048,.F.);
#2902=ORIENTED_EDGE('',*,*,#2130,.T.);
#2903=ORIENTED_EDGE('',*,*,#2014,.F.);
#2904=ORIENTED_EDGE('',*,*,#2129,.T.);
#2905=ORIENTED_EDGE('',*,*,#2084,.F.);
#2906=ORIENTED_EDGE('',*,*,#2131,.F.);
#2907=ORIENTED_EDGE('',*,*,#2114,.F.);
#2908=ORIENTED_EDGE('',*,*,#2015,.F.);
#2909=ORIENTED_EDGE('',*,*,#2130,.F.);
#2910=ORIENTED_EDGE('',*,*,#2047,.F.);
#2911=ORIENTED_EDGE('',*,*,#2020,.T.);
#2912=ORIENTED_EDGE('',*,*,#2132,.F.);
#2913=ORIENTED_EDGE('',*,*,#2044,.F.);
#2914=ORIENTED_EDGE('',*,*,#2041,.T.);
#2915=ORIENTED_EDGE('',*,*,#2023,.F.);
#2916=ORIENTED_EDGE('',*,*,#2115,.T.);
#2917=ORIENTED_EDGE('',*,*,#2054,.F.);
#2918=ORIENTED_EDGE('',*,*,#2133,.T.);
#2919=ORIENTED_EDGE('',*,*,#2026,.T.);
#2920=ORIENTED_EDGE('',*,*,#2133,.F.);
#2921=ORIENTED_EDGE('',*,*,#2055,.F.);
#2922=ORIENTED_EDGE('',*,*,#2134,.T.);
#2923=ORIENTED_EDGE('',*,*,#2027,.T.);
#2924=ORIENTED_EDGE('',*,*,#2134,.F.);
#2925=ORIENTED_EDGE('',*,*,#2053,.F.);
#2926=ORIENTED_EDGE('',*,*,#2135,.T.);
#2927=ORIENTED_EDGE('',*,*,#2028,.T.);
#2928=ORIENTED_EDGE('',*,*,#2135,.F.);
#2929=ORIENTED_EDGE('',*,*,#2052,.F.);
#2930=ORIENTED_EDGE('',*,*,#2136,.T.);
#2931=ORIENTED_EDGE('',*,*,#2029,.T.);
#2932=ORIENTED_EDGE('',*,*,#2136,.F.);
#2933=ORIENTED_EDGE('',*,*,#1972,.F.);
#2934=ORIENTED_EDGE('',*,*,#2137,.T.);
#2935=ORIENTED_EDGE('',*,*,#2032,.T.);
#2936=ORIENTED_EDGE('',*,*,#2137,.F.);
#2937=ORIENTED_EDGE('',*,*,#1969,.F.);
#2938=ORIENTED_EDGE('',*,*,#2138,.T.);
#2939=ORIENTED_EDGE('',*,*,#2033,.T.);
#2940=ORIENTED_EDGE('',*,*,#2138,.F.);
#2941=ORIENTED_EDGE('',*,*,#2139,.F.);
#2942=ORIENTED_EDGE('',*,*,#2140,.T.);
#2943=ORIENTED_EDGE('',*,*,#2034,.T.);
#2944=ORIENTED_EDGE('',*,*,#2140,.F.);
#2945=ORIENTED_EDGE('',*,*,#2141,.F.);
#2946=ORIENTED_EDGE('',*,*,#2142,.F.);
#2947=ORIENTED_EDGE('',*,*,#2143,.F.);
#2948=ORIENTED_EDGE('',*,*,#2144,.T.);
#2949=ORIENTED_EDGE('',*,*,#2036,.T.);
#2950=ORIENTED_EDGE('',*,*,#2144,.F.);
#2951=ORIENTED_EDGE('',*,*,#2037,.T.);
#2952=ORIENTED_EDGE('',*,*,#2145,.T.);
#2953=ORIENTED_EDGE('',*,*,#2038,.T.);
#2954=ORIENTED_EDGE('',*,*,#2145,.F.);
#2955=ORIENTED_EDGE('',*,*,#2039,.T.);
#2956=ORIENTED_EDGE('',*,*,#2146,.T.);
#2957=ORIENTED_EDGE('',*,*,#2040,.T.);
#2958=ORIENTED_EDGE('',*,*,#2146,.F.);
#2959=ORIENTED_EDGE('',*,*,#2131,.T.);
#2960=ORIENTED_EDGE('',*,*,#2083,.F.);
#2961=ORIENTED_EDGE('',*,*,#2089,.F.);
#2962=ORIENTED_EDGE('',*,*,#2125,.F.);
#2963=ORIENTED_EDGE('',*,*,#2049,.T.);
#2964=ORIENTED_EDGE('',*,*,#2147,.T.);
#2965=ORIENTED_EDGE('',*,*,#2061,.T.);
#2966=ORIENTED_EDGE('',*,*,#2117,.T.);
#2967=ORIENTED_EDGE('',*,*,#2122,.F.);
#2968=ORIENTED_EDGE('',*,*,#2062,.T.);
#2969=ORIENTED_EDGE('',*,*,#2148,.T.);
#2970=ORIENTED_EDGE('',*,*,#2064,.T.);
#2971=ORIENTED_EDGE('',*,*,#2149,.T.);
#2972=ORIENTED_EDGE('',*,*,#1814,.T.);
#2973=ORIENTED_EDGE('',*,*,#2063,.F.);
#2974=ORIENTED_EDGE('',*,*,#2148,.F.);
#2975=ORIENTED_EDGE('',*,*,#2147,.F.);
#2976=ORIENTED_EDGE('',*,*,#2150,.F.);
#2977=ORIENTED_EDGE('',*,*,#2076,.F.);
#2978=ORIENTED_EDGE('',*,*,#1783,.F.);
#2979=ORIENTED_EDGE('',*,*,#1960,.F.);
#2980=ORIENTED_EDGE('',*,*,#2151,.T.);
#2981=ORIENTED_EDGE('',*,*,#1935,.F.);
#2982=ORIENTED_EDGE('',*,*,#2077,.F.);
#2983=ORIENTED_EDGE('',*,*,#2151,.F.);
#2984=ORIENTED_EDGE('',*,*,#1959,.T.);
#2985=ORIENTED_EDGE('',*,*,#2152,.F.);
#2986=ORIENTED_EDGE('',*,*,#1944,.F.);
#2987=ORIENTED_EDGE('',*,*,#1958,.T.);
#2988=ORIENTED_EDGE('',*,*,#1924,.T.);
#2989=ORIENTED_EDGE('',*,*,#1945,.F.);
#2990=ORIENTED_EDGE('',*,*,#2152,.T.);
#2991=ORIENTED_EDGE('',*,*,#1793,.T.);
#2992=ORIENTED_EDGE('',*,*,#1948,.T.);
#2993=ORIENTED_EDGE('',*,*,#1826,.T.);
#2994=ORIENTED_EDGE('',*,*,#1949,.T.);
#2995=ORIENTED_EDGE('',*,*,#1853,.T.);
#2996=ORIENTED_EDGE('',*,*,#1920,.T.);
#2997=ORIENTED_EDGE('',*,*,#1957,.T.);
#2998=ORIENTED_EDGE('',*,*,#2153,.T.);
#2999=ORIENTED_EDGE('',*,*,#1869,.T.);
#3000=ORIENTED_EDGE('',*,*,#1870,.T.);
#3001=ORIENTED_EDGE('',*,*,#2153,.F.);
#3002=ORIENTED_EDGE('',*,*,#1956,.F.);
#3003=ORIENTED_EDGE('',*,*,#2154,.F.);
#3004=ORIENTED_EDGE('',*,*,#1871,.T.);
#3005=ORIENTED_EDGE('',*,*,#2154,.T.);
#3006=ORIENTED_EDGE('',*,*,#1955,.T.);
#3007=ORIENTED_EDGE('',*,*,#2155,.T.);
#3008=ORIENTED_EDGE('',*,*,#1872,.T.);
#3009=ORIENTED_EDGE('',*,*,#2155,.F.);
#3010=ORIENTED_EDGE('',*,*,#1954,.F.);
#3011=ORIENTED_EDGE('',*,*,#2156,.F.);
#3012=ORIENTED_EDGE('',*,*,#1941,.F.);
#3013=ORIENTED_EDGE('',*,*,#1877,.T.);
#3014=ORIENTED_EDGE('',*,*,#1942,.F.);
#3015=ORIENTED_EDGE('',*,*,#2156,.T.);
#3016=ORIENTED_EDGE('',*,*,#1953,.T.);
#3017=ORIENTED_EDGE('',*,*,#2157,.F.);
#3018=ORIENTED_EDGE('',*,*,#2081,.T.);
#3019=ORIENTED_EDGE('',*,*,#1927,.T.);
#3020=ORIENTED_EDGE('',*,*,#1943,.F.);
#3021=ORIENTED_EDGE('',*,*,#2157,.T.);
#3022=ORIENTED_EDGE('',*,*,#1952,.T.);
#3023=ORIENTED_EDGE('',*,*,#2158,.T.);
#3024=ORIENTED_EDGE('',*,*,#2082,.F.);
#3025=ORIENTED_EDGE('',*,*,#2158,.F.);
#3026=ORIENTED_EDGE('',*,*,#1951,.F.);
#3027=ORIENTED_EDGE('',*,*,#1915,.F.);
#3028=ORIENTED_EDGE('',*,*,#1791,.T.);
#3029=ORIENTED_EDGE('',*,*,#1946,.T.);
#3030=ORIENTED_EDGE('',*,*,#1828,.T.);
#3031=ORIENTED_EDGE('',*,*,#1947,.T.);
#3032=ORIENTED_EDGE('',*,*,#2159,.F.);
#3033=ORIENTED_EDGE('',*,*,#2160,.F.);
#3034=ORIENTED_EDGE('',*,*,#2101,.T.);
#3035=ORIENTED_EDGE('',*,*,#2161,.F.);
#3036=ORIENTED_EDGE('',*,*,#2162,.F.);
#3037=ORIENTED_EDGE('',*,*,#2163,.T.);
#3038=ORIENTED_EDGE('',*,*,#1966,.T.);
#3039=ORIENTED_EDGE('',*,*,#2163,.F.);
#3040=ORIENTED_EDGE('',*,*,#1962,.F.);
#3041=ORIENTED_EDGE('',*,*,#2164,.T.);
#3042=ORIENTED_EDGE('',*,*,#2090,.T.);
#3043=ORIENTED_EDGE('',*,*,#2164,.F.);
#3044=ORIENTED_EDGE('',*,*,#1795,.T.);
#3045=ORIENTED_EDGE('',*,*,#1950,.T.);
#3046=ORIENTED_EDGE('',*,*,#1824,.T.);
#3047=ORIENTED_EDGE('',*,*,#1830,.T.);
#3048=ORIENTED_EDGE('',*,*,#2165,.F.);
#3049=ORIENTED_EDGE('',*,*,#2166,.F.);
#3050=ORIENTED_EDGE('',*,*,#2096,.T.);
#3051=ORIENTED_EDGE('',*,*,#2167,.F.);
#3052=ORIENTED_EDGE('',*,*,#2168,.F.);
#3053=ORIENTED_EDGE('',*,*,#2169,.T.);
#3054=ORIENTED_EDGE('',*,*,#1965,.T.);
#3055=ORIENTED_EDGE('',*,*,#2169,.F.);
#3056=ORIENTED_EDGE('',*,*,#1961,.F.);
#3057=ORIENTED_EDGE('',*,*,#2170,.T.);
#3058=ORIENTED_EDGE('',*,*,#2091,.T.);
#3059=ORIENTED_EDGE('',*,*,#2170,.F.);
#3060=ORIENTED_EDGE('',*,*,#2171,.T.);
#3061=ORIENTED_EDGE('',*,*,#2172,.F.);
#3062=ORIENTED_EDGE('',*,*,#2173,.F.);
#3063=ORIENTED_EDGE('',*,*,#2174,.F.);
#3064=ORIENTED_EDGE('',*,*,#2069,.T.);
#3065=ORIENTED_EDGE('',*,*,#1818,.T.);
#3066=ORIENTED_EDGE('',*,*,#2109,.T.);
#3067=ORIENTED_EDGE('',*,*,#2070,.T.);
#3068=ORIENTED_EDGE('',*,*,#2174,.T.);
#3069=ORIENTED_EDGE('',*,*,#2175,.T.);
#3070=ORIENTED_EDGE('',*,*,#2176,.T.);
#3071=ORIENTED_EDGE('',*,*,#2177,.F.);
#3072=ORIENTED_EDGE('',*,*,#1816,.F.);
#3073=ORIENTED_EDGE('',*,*,#2073,.T.);
#3074=ORIENTED_EDGE('',*,*,#2178,.T.);
#3075=ORIENTED_EDGE('',*,*,#2179,.T.);
#3076=ORIENTED_EDGE('',*,*,#2178,.F.);
#3077=ORIENTED_EDGE('',*,*,#1933,.T.);
#3078=ORIENTED_EDGE('',*,*,#2180,.T.);
#3079=ORIENTED_EDGE('',*,*,#2181,.T.);
#3080=ORIENTED_EDGE('',*,*,#2182,.T.);
#3081=ORIENTED_EDGE('',*,*,#2078,.F.);
#3082=ORIENTED_EDGE('',*,*,#2183,.F.);
#3083=ORIENTED_EDGE('',*,*,#2184,.F.);
#3084=ORIENTED_EDGE('',*,*,#2079,.F.);
#3085=ORIENTED_EDGE('',*,*,#2182,.F.);
#3086=ORIENTED_EDGE('',*,*,#2080,.F.);
#3087=ORIENTED_EDGE('',*,*,#2184,.T.);
#3088=ORIENTED_EDGE('',*,*,#2185,.T.);
#3089=ORIENTED_EDGE('',*,*,#2186,.T.);
#3090=ORIENTED_EDGE('',*,*,#1929,.T.);
#3091=ORIENTED_EDGE('',*,*,#2092,.F.);
#3092=ORIENTED_EDGE('',*,*,#2166,.T.);
#3093=ORIENTED_EDGE('',*,*,#2187,.F.);
#3094=ORIENTED_EDGE('',*,*,#2188,.T.);
#3095=ORIENTED_EDGE('',*,*,#2189,.F.);
#3096=ORIENTED_EDGE('',*,*,#2190,.F.);
#3097=ORIENTED_EDGE('',*,*,#2093,.F.);
#3098=ORIENTED_EDGE('',*,*,#2190,.T.);
#3099=ORIENTED_EDGE('',*,*,#2191,.F.);
#3100=ORIENTED_EDGE('',*,*,#2192,.T.);
#3101=ORIENTED_EDGE('',*,*,#2193,.F.);
#3102=ORIENTED_EDGE('',*,*,#2094,.T.);
#3103=ORIENTED_EDGE('',*,*,#2192,.F.);
#3104=ORIENTED_EDGE('',*,*,#2194,.F.);
#3105=ORIENTED_EDGE('',*,*,#2193,.T.);
#3106=ORIENTED_EDGE('',*,*,#2195,.F.);
#3107=ORIENTED_EDGE('',*,*,#2196,.T.);
#3108=ORIENTED_EDGE('',*,*,#2197,.F.);
#3109=ORIENTED_EDGE('',*,*,#2167,.T.);
#3110=ORIENTED_EDGE('',*,*,#2095,.F.);
#3111=ORIENTED_EDGE('',*,*,#2198,.T.);
#3112=ORIENTED_EDGE('',*,*,#2097,.F.);
#3113=ORIENTED_EDGE('',*,*,#2160,.T.);
#3114=ORIENTED_EDGE('',*,*,#2199,.F.);
#3115=ORIENTED_EDGE('',*,*,#2200,.T.);
#3116=ORIENTED_EDGE('',*,*,#2201,.F.);
#3117=ORIENTED_EDGE('',*,*,#2198,.F.);
#3118=ORIENTED_EDGE('',*,*,#2202,.F.);
#3119=ORIENTED_EDGE('',*,*,#2203,.T.);
#3120=ORIENTED_EDGE('',*,*,#2098,.T.);
#3121=ORIENTED_EDGE('',*,*,#2204,.F.);
#3122=ORIENTED_EDGE('',*,*,#2205,.T.);
#3123=ORIENTED_EDGE('',*,*,#2099,.F.);
#3124=ORIENTED_EDGE('',*,*,#2203,.F.);
#3125=ORIENTED_EDGE('',*,*,#2206,.F.);
#3126=ORIENTED_EDGE('',*,*,#2207,.T.);
#3127=ORIENTED_EDGE('',*,*,#2208,.F.);
#3128=ORIENTED_EDGE('',*,*,#2161,.T.);
#3129=ORIENTED_EDGE('',*,*,#2100,.F.);
#3130=ORIENTED_EDGE('',*,*,#2205,.F.);
#3131=ORIENTED_EDGE('',*,*,#2209,.F.);
#3132=ORIENTED_EDGE('',*,*,#2210,.T.);
#3133=ORIENTED_EDGE('',*,*,#2102,.T.);
#3134=ORIENTED_EDGE('',*,*,#2210,.F.);
#3135=ORIENTED_EDGE('',*,*,#2211,.F.);
#3136=ORIENTED_EDGE('',*,*,#2212,.T.);
#3137=ORIENTED_EDGE('',*,*,#2103,.T.);
#3138=ORIENTED_EDGE('',*,*,#2212,.F.);
#3139=ORIENTED_EDGE('',*,*,#2106,.T.);
#3140=ORIENTED_EDGE('',*,*,#2213,.T.);
#3141=ORIENTED_EDGE('',*,*,#2214,.T.);
#3142=ORIENTED_EDGE('',*,*,#2213,.F.);
#3143=ORIENTED_EDGE('',*,*,#2173,.T.);
#3144=ORIENTED_EDGE('',*,*,#2215,.F.);
#3145=ORIENTED_EDGE('',*,*,#2216,.T.);
#3146=ORIENTED_EDGE('',*,*,#2110,.F.);
#3147=ORIENTED_EDGE('',*,*,#2216,.F.);
#3148=ORIENTED_EDGE('',*,*,#2217,.F.);
#3149=ORIENTED_EDGE('',*,*,#2218,.F.);
#3150=ORIENTED_EDGE('',*,*,#2111,.F.);
#3151=ORIENTED_EDGE('',*,*,#2219,.T.);
#3152=ORIENTED_EDGE('',*,*,#2220,.F.);
#3153=ORIENTED_EDGE('',*,*,#2217,.T.);
#3154=ORIENTED_EDGE('',*,*,#2215,.T.);
#3155=ORIENTED_EDGE('',*,*,#2221,.F.);
#3156=ORIENTED_EDGE('',*,*,#2222,.T.);
#3157=ORIENTED_EDGE('',*,*,#2150,.T.);
#3158=ORIENTED_EDGE('',*,*,#2121,.T.);
#3159=ORIENTED_EDGE('',*,*,#2223,.T.);
#3160=ORIENTED_EDGE('',*,*,#2221,.T.);
#3161=ORIENTED_EDGE('',*,*,#2172,.T.);
#3162=ORIENTED_EDGE('',*,*,#2139,.T.);
#3163=ORIENTED_EDGE('',*,*,#2141,.T.);
#3164=ORIENTED_EDGE('',*,*,#2143,.T.);
#3165=ORIENTED_EDGE('',*,*,#2224,.T.);
#3166=ORIENTED_EDGE('',*,*,#2142,.T.);
#3167=ORIENTED_EDGE('',*,*,#2224,.F.);
#3168=ORIENTED_EDGE('',*,*,#2225,.F.);
#3169=ORIENTED_EDGE('',*,*,#2226,.T.);
#3170=ORIENTED_EDGE('',*,*,#1789,.T.);
#3171=ORIENTED_EDGE('',*,*,#2226,.F.);
#3172=ORIENTED_EDGE('',*,*,#1862,.T.);
#3173=ORIENTED_EDGE('',*,*,#1863,.T.);
#3174=ORIENTED_EDGE('',*,*,#2227,.F.);
#3175=ORIENTED_EDGE('',*,*,#2228,.F.);
#3176=ORIENTED_EDGE('',*,*,#2229,.F.);
#3177=ORIENTED_EDGE('',*,*,#2230,.T.);
#3178=ORIENTED_EDGE('',*,*,#1917,.T.);
#3179=ORIENTED_EDGE('',*,*,#2230,.F.);
#3180=ORIENTED_EDGE('',*,*,#2159,.T.);
#3181=ORIENTED_EDGE('',*,*,#2162,.T.);
#3182=ORIENTED_EDGE('',*,*,#2208,.T.);
#3183=ORIENTED_EDGE('',*,*,#2231,.T.);
#3184=ORIENTED_EDGE('',*,*,#2199,.T.);
#3185=ORIENTED_EDGE('',*,*,#2165,.T.);
#3186=ORIENTED_EDGE('',*,*,#2168,.T.);
#3187=ORIENTED_EDGE('',*,*,#2197,.T.);
#3188=ORIENTED_EDGE('',*,*,#2232,.T.);
#3189=ORIENTED_EDGE('',*,*,#2187,.T.);
#3190=ORIENTED_EDGE('',*,*,#2179,.F.);
#3191=ORIENTED_EDGE('',*,*,#2233,.T.);
#3192=ORIENTED_EDGE('',*,*,#2234,.F.);
#3193=ORIENTED_EDGE('',*,*,#2233,.F.);
#3194=ORIENTED_EDGE('',*,*,#2235,.T.);
#3195=ORIENTED_EDGE('',*,*,#2236,.T.);
#3196=ORIENTED_EDGE('',*,*,#1931,.F.);
#3197=ORIENTED_EDGE('',*,*,#2237,.T.);
#3198=ORIENTED_EDGE('',*,*,#1932,.F.);
#3199=ORIENTED_EDGE('',*,*,#2236,.F.);
#3200=ORIENTED_EDGE('',*,*,#2238,.F.);
#3201=ORIENTED_EDGE('',*,*,#2180,.F.);
#3202=ORIENTED_EDGE('',*,*,#2239,.F.);
#3203=ORIENTED_EDGE('',*,*,#2237,.F.);
#3204=ORIENTED_EDGE('',*,*,#1930,.F.);
#3205=ORIENTED_EDGE('',*,*,#2186,.F.);
#3206=ORIENTED_EDGE('',*,*,#2240,.F.);
#3207=ORIENTED_EDGE('',*,*,#2241,.T.);
#3208=ORIENTED_EDGE('',*,*,#1938,.T.);
#3209=ORIENTED_EDGE('',*,*,#2241,.F.);
#3210=ORIENTED_EDGE('',*,*,#2242,.F.);
#3211=ORIENTED_EDGE('',*,*,#2243,.T.);
#3212=ORIENTED_EDGE('',*,*,#1937,.T.);
#3213=ORIENTED_EDGE('',*,*,#2243,.F.);
#3214=ORIENTED_EDGE('',*,*,#2185,.F.);
#3215=ORIENTED_EDGE('',*,*,#2183,.T.);
#3216=ORIENTED_EDGE('',*,*,#2181,.F.);
#3217=ORIENTED_EDGE('',*,*,#2238,.T.);
#3218=ORIENTED_EDGE('',*,*,#2235,.F.);
#3219=ORIENTED_EDGE('',*,*,#2239,.T.);
#3220=ORIENTED_EDGE('',*,*,#2240,.T.);
#3221=ORIENTED_EDGE('',*,*,#2242,.T.);
#3222=ORIENTED_EDGE('',*,*,#2188,.F.);
#3223=ORIENTED_EDGE('',*,*,#2232,.F.);
#3224=ORIENTED_EDGE('',*,*,#2196,.F.);
#3225=ORIENTED_EDGE('',*,*,#2244,.T.);
#3226=ORIENTED_EDGE('',*,*,#2191,.T.);
#3227=ORIENTED_EDGE('',*,*,#2189,.T.);
#3228=ORIENTED_EDGE('',*,*,#2244,.F.);
#3229=ORIENTED_EDGE('',*,*,#2195,.T.);
#3230=ORIENTED_EDGE('',*,*,#2194,.T.);
#3231=ORIENTED_EDGE('',*,*,#2200,.F.);
#3232=ORIENTED_EDGE('',*,*,#2231,.F.);
#3233=ORIENTED_EDGE('',*,*,#2207,.F.);
#3234=ORIENTED_EDGE('',*,*,#2245,.T.);
#3235=ORIENTED_EDGE('',*,*,#2202,.T.);
#3236=ORIENTED_EDGE('',*,*,#2201,.T.);
#3237=ORIENTED_EDGE('',*,*,#2245,.F.);
#3238=ORIENTED_EDGE('',*,*,#2206,.T.);
#3239=ORIENTED_EDGE('',*,*,#2204,.T.);
#3240=ORIENTED_EDGE('',*,*,#2209,.T.);
#3241=ORIENTED_EDGE('',*,*,#2246,.T.);
#3242=ORIENTED_EDGE('',*,*,#2211,.T.);
#3243=ORIENTED_EDGE('',*,*,#2247,.T.);
#3244=ORIENTED_EDGE('',*,*,#2214,.F.);
#3245=ORIENTED_EDGE('',*,*,#2248,.T.);
#3246=ORIENTED_EDGE('',*,*,#2249,.F.);
#3247=ORIENTED_EDGE('',*,*,#2248,.F.);
#3248=ORIENTED_EDGE('',*,*,#2250,.T.);
#3249=ORIENTED_EDGE('',*,*,#2225,.T.);
#3250=ORIENTED_EDGE('',*,*,#2250,.F.);
#3251=ORIENTED_EDGE('',*,*,#1939,.T.);
#3252=ORIENTED_EDGE('',*,*,#2251,.T.);
#3253=ORIENTED_EDGE('',*,*,#2246,.F.);
#3254=ORIENTED_EDGE('',*,*,#2251,.F.);
#3255=ORIENTED_EDGE('',*,*,#1940,.T.);
#3256=ORIENTED_EDGE('',*,*,#2227,.T.);
#3257=ORIENTED_EDGE('',*,*,#2252,.T.);
#3258=ORIENTED_EDGE('',*,*,#2247,.F.);
#3259=ORIENTED_EDGE('',*,*,#2252,.F.);
#3260=ORIENTED_EDGE('',*,*,#2228,.T.);
#3261=ORIENTED_EDGE('',*,*,#2253,.T.);
#3262=ORIENTED_EDGE('',*,*,#2229,.T.);
#3263=ORIENTED_EDGE('',*,*,#2253,.F.);
#3264=ORIENTED_EDGE('',*,*,#2234,.T.);
#3265=ORIENTED_EDGE('',*,*,#2249,.T.);
#3266=ORIENTED_EDGE('',*,*,#2123,.T.);
#3267=ORIENTED_EDGE('',*,*,#2118,.T.);
#3268=ORIENTED_EDGE('',*,*,#2059,.T.);
#3269=ORIENTED_EDGE('',*,*,#2005,.T.);
#3270=ORIENTED_EDGE('',*,*,#2116,.T.);
#3271=ORIENTED_EDGE('',*,*,#2025,.T.);
#3272=ORIENTED_EDGE('',*,*,#1973,.F.);
#3273=ORIENTED_EDGE('',*,*,#1886,.F.);
#3274=ORIENTED_EDGE('',*,*,#2003,.F.);
#3275=ORIENTED_EDGE('',*,*,#2021,.T.);
#3276=ORIENTED_EDGE('',*,*,#2132,.T.);
#3277=ORIENTED_EDGE('',*,*,#2019,.T.);
#3278=ORIENTED_EDGE('',*,*,#2112,.F.);
#3279=ORIENTED_EDGE('',*,*,#2218,.T.);
#3280=ORIENTED_EDGE('',*,*,#2220,.T.);
#3281=ORIENTED_EDGE('',*,*,#2254,.T.);
#3282=ORIENTED_EDGE('',*,*,#2176,.F.);
#3283=ORIENTED_EDGE('',*,*,#2255,.T.);
#3284=ORIENTED_EDGE('',*,*,#2120,.F.);
#3285=ORIENTED_EDGE('',*,*,#2255,.F.);
#3286=ORIENTED_EDGE('',*,*,#2175,.F.);
#3287=ORIENTED_EDGE('',*,*,#1815,.F.);
#3288=ORIENTED_EDGE('',*,*,#2149,.F.);
#3289=ORIENTED_EDGE('',*,*,#2222,.F.);
#3290=ORIENTED_EDGE('',*,*,#1817,.T.);
#3291=ORIENTED_EDGE('',*,*,#2177,.T.);
#3292=ORIENTED_EDGE('',*,*,#2254,.F.);
#3293=ORIENTED_EDGE('',*,*,#2219,.F.);
#3294=ORIENTED_EDGE('',*,*,#2223,.F.);
#3295=ORIENTED_EDGE('',*,*,#2171,.F.);
#3296=PLANE('',#3590);
#3297=PLANE('',#3593);
#3298=PLANE('',#3595);
#3299=PLANE('',#3596);
#3300=PLANE('',#3597);
#3301=PLANE('',#3598);
#3302=PLANE('',#3605);
#3303=PLANE('',#3606);
#3304=PLANE('',#3607);
#3305=PLANE('',#3609);
#3306=PLANE('',#3610);
#3307=PLANE('',#3612);
#3308=PLANE('',#3618);
#3309=PLANE('',#3619);
#3310=PLANE('',#3620);
#3311=PLANE('',#3621);
#3312=PLANE('',#3622);
#3313=PLANE('',#3630);
#3314=PLANE('',#3636);
#3315=PLANE('',#3649);
#3316=PLANE('',#3650);
#3317=PLANE('',#3658);
#3318=PLANE('',#3665);
#3319=PLANE('',#3666);
#3320=PLANE('',#3667);
#3321=PLANE('',#3668);
#3322=PLANE('',#3682);
#3323=PLANE('',#3686);
#3324=PLANE('',#3688);
#3325=PLANE('',#3689);
#3326=PLANE('',#3694);
#3327=PLANE('',#3695);
#3328=PLANE('',#3696);
#3329=PLANE('',#3697);
#3330=PLANE('',#3698);
#3331=PLANE('',#3702);
#3332=PLANE('',#3703);
#3333=PLANE('',#3727);
#3334=PLANE('',#3735);
#3335=PLANE('',#3737);
#3336=PLANE('',#3738);
#3337=PLANE('',#3742);
#3338=PLANE('',#3743);
#3339=PLANE('',#3745);
#3340=PLANE('',#3746);
#3341=PLANE('',#3747);
#3342=PLANE('',#3749);
#3343=PLANE('',#3750);
#3344=PLANE('',#3761);
#3345=PLANE('',#3762);
#3346=PLANE('',#3764);
#3347=PLANE('',#3766);
#3348=PLANE('',#3768);
#3349=PLANE('',#3775);
#3350=PLANE('',#3777);
#3351=PLANE('',#3778);
#3352=PLANE('',#3779);
#3353=PLANE('',#3780);
#3354=PLANE('',#3781);
#3355=PLANE('',#3785);
#3356=PLANE('',#3797);
#3357=PLANE('',#3800);
#3358=PLANE('',#3803);
#3359=PLANE('',#3804);
#3360=PLANE('',#3806);
#3361=PLANE('',#3811);
#3362=PLANE('',#3812);
#3363=PLANE('',#3814);
#3364=PLANE('',#3818);
#3365=PLANE('',#3819);
#3366=PLANE('',#3835);
#3367=PLANE('',#3836);
#3368=PLANE('',#3839);
#3369=PLANE('',#3843);
#3370=PLANE('',#3844);
#3371=PLANE('',#3845);
#3372=PLANE('',#3848);
#3373=PLANE('',#3849);
#3374=PLANE('',#3852);
#3375=PLANE('',#3853);
#3376=PLANE('',#3860);
#3377=PLANE('',#3864);
#3378=PLANE('',#3865);
#3379=PLANE('',#3866);
#3380=PLANE('',#3867);
#3381=PLANE('',#3868);
#3382=PLANE('',#3875);
#3383=PLANE('',#3877);
#3384=PLANE('',#3881);
#3385=PLANE('',#3890);
#3386=PLANE('',#3893);
#3387=PLANE('',#3896);
#3388=PLANE('',#3897);
#3389=PLANE('',#3899);
#3390=PLANE('',#3907);
#3391=PLANE('',#3908);
#3392=PLANE('',#3909);
#3393=PLANE('',#3910);
#3394=PLANE('',#3911);
#3395=ADVANCED_FACE('',(#173),#3296,.F.);
#3396=ADVANCED_FACE('',(#174),#3297,.F.);
#3397=ADVANCED_FACE('',(#175),#3298,.F.);
#3398=ADVANCED_FACE('',(#176),#3299,.F.);
#3399=ADVANCED_FACE('',(#177),#3300,.F.);
#3400=ADVANCED_FACE('',(#178),#3301,.F.);
#3401=ADVANCED_FACE('',(#179),#110,.F.);
#3402=ADVANCED_FACE('',(#180),#111,.F.);
#3403=ADVANCED_FACE('',(#181),#3302,.F.);
#3404=ADVANCED_FACE('',(#182,#60),#3303,.T.);
#3405=ADVANCED_FACE('',(#183,#61),#3304,.F.);
#3406=ADVANCED_FACE('',(#184),#3305,.F.);
#3407=ADVANCED_FACE('',(#185,#62),#3306,.T.);
#3408=ADVANCED_FACE('',(#186),#3307,.F.);
#3409=ADVANCED_FACE('',(#187,#63),#3308,.T.);
#3410=ADVANCED_FACE('',(#188,#64),#3309,.F.);
#3411=ADVANCED_FACE('',(#189),#3310,.F.);
#3412=ADVANCED_FACE('',(#190),#3311,.F.);
#3413=ADVANCED_FACE('',(#191),#3312,.T.);
#3414=ADVANCED_FACE('',(#192),#3313,.T.);
#3415=ADVANCED_FACE('',(#193),#48,.F.);
#3416=ADVANCED_FACE('',(#194),#41,.T.);
#3417=ADVANCED_FACE('',(#195),#49,.F.);
#3418=ADVANCED_FACE('',(#196),#50,.F.);
#3419=ADVANCED_FACE('',(#197),#51,.F.);
#3420=ADVANCED_FACE('',(#198,#65),#52,.F.);
#3421=ADVANCED_FACE('',(#199),#42,.T.);
#3422=ADVANCED_FACE('',(#200),#43,.T.);
#3423=ADVANCED_FACE('',(#201,#66),#53,.F.);
#3424=ADVANCED_FACE('',(#202),#54,.F.);
#3425=ADVANCED_FACE('',(#203),#55,.F.);
#3426=ADVANCED_FACE('',(#204),#3314,.T.);
#3427=ADVANCED_FACE('',(#205),#112,.F.);
#3428=ADVANCED_FACE('',(#206),#3315,.T.);
#3429=ADVANCED_FACE('',(#207,#67),#3316,.F.);
#3430=ADVANCED_FACE('',(#208),#113,.F.);
#3431=ADVANCED_FACE('',(#209),#114,.T.);
#3432=ADVANCED_FACE('',(#210),#115,.F.);
#3433=ADVANCED_FACE('',(#211,#68,#69),#3317,.F.);
#3434=ADVANCED_FACE('',(#212,#70),#56,.T.);
#3435=ADVANCED_FACE('',(#213),#57,.T.);
#3436=ADVANCED_FACE('',(#214),#58,.T.);
#3437=ADVANCED_FACE('',(#215),#3318,.T.);
#3438=ADVANCED_FACE('',(#216),#3319,.T.);
#3439=ADVANCED_FACE('',(#217),#3320,.T.);
#3440=ADVANCED_FACE('',(#218,#71,#72,#73,#74,#75,#76),#3321,.T.);
#3441=ADVANCED_FACE('',(#219),#116,.F.);
#3442=ADVANCED_FACE('',(#220,#77),#3322,.F.);
#3443=ADVANCED_FACE('',(#221),#117,.F.);
#3444=ADVANCED_FACE('',(#222,#78),#3323,.F.);
#3445=ADVANCED_FACE('',(#223),#3324,.F.);
#3446=ADVANCED_FACE('',(#224,#79),#3325,.T.);
#3447=ADVANCED_FACE('',(#225),#3326,.T.);
#3448=ADVANCED_FACE('',(#226),#3327,.T.);
#3449=ADVANCED_FACE('',(#227),#3328,.T.);
#3450=ADVANCED_FACE('',(#228),#3329,.T.);
#3451=ADVANCED_FACE('',(#229),#3330,.T.);
#3452=ADVANCED_FACE('',(#230),#3331,.F.);
#3453=ADVANCED_FACE('',(#231,#80,#81,#82,#83,#84,#85,#86,#87,#88,#89,#90,
#91,#92),#3332,.F.);
#3454=ADVANCED_FACE('',(#232),#118,.F.);
#3455=ADVANCED_FACE('',(#233,#93,#94,#95,#96),#3333,.F.);
#3456=ADVANCED_FACE('',(#234),#3334,.F.);
#3457=ADVANCED_FACE('',(#235),#119,.T.);
#3458=ADVANCED_FACE('',(#236),#3335,.F.);
#3459=ADVANCED_FACE('',(#237),#3336,.T.);
#3460=ADVANCED_FACE('',(#238),#120,.F.);
#3461=ADVANCED_FACE('',(#239),#121,.F.);
#3462=ADVANCED_FACE('',(#240),#3337,.T.);
#3463=ADVANCED_FACE('',(#241),#3338,.T.);
#3464=ADVANCED_FACE('',(#242),#3339,.T.);
#3465=ADVANCED_FACE('',(#243),#3340,.F.);
#3466=ADVANCED_FACE('',(#244,#97),#3341,.T.);
#3467=ADVANCED_FACE('',(#245),#3342,.F.);
#3468=ADVANCED_FACE('',(#246,#98,#99,#100,#101,#102,#103),#3343,.T.);
#3469=ADVANCED_FACE('',(#247),#3344,.T.);
#3470=ADVANCED_FACE('',(#248,#104),#3345,.T.);
#3471=ADVANCED_FACE('',(#249),#3346,.T.);
#3472=ADVANCED_FACE('',(#250),#122,.F.);
#3473=ADVANCED_FACE('',(#251),#3347,.F.);
#3474=ADVANCED_FACE('',(#252),#123,.T.);
#3475=ADVANCED_FACE('',(#253),#3348,.F.);
#3476=ADVANCED_FACE('',(#254),#124,.F.);
#3477=ADVANCED_FACE('',(#255),#125,.T.);
#3478=ADVANCED_FACE('',(#256),#126,.T.);
#3479=ADVANCED_FACE('',(#257),#3349,.T.);
#3480=ADVANCED_FACE('',(#258),#127,.F.);
#3481=ADVANCED_FACE('',(#259),#3350,.T.);
#3482=ADVANCED_FACE('',(#260),#3351,.T.);
#3483=ADVANCED_FACE('',(#261),#3352,.F.);
#3484=ADVANCED_FACE('',(#262),#3353,.F.);
#3485=ADVANCED_FACE('',(#263),#3354,.F.);
#3486=ADVANCED_FACE('',(#264),#128,.F.);
#3487=ADVANCED_FACE('',(#265),#129,.T.);
#3488=ADVANCED_FACE('',(#266),#3355,.F.);
#3489=ADVANCED_FACE('',(#267),#130,.F.);
#3490=ADVANCED_FACE('',(#268),#131,.F.);
#3491=ADVANCED_FACE('',(#269),#132,.F.);
#3492=ADVANCED_FACE('',(#270),#133,.F.);
#3493=ADVANCED_FACE('',(#271),#134,.F.);
#3494=ADVANCED_FACE('',(#272),#135,.F.);
#3495=ADVANCED_FACE('',(#273),#136,.F.);
#3496=ADVANCED_FACE('',(#274),#137,.F.);
#3497=ADVANCED_FACE('',(#275),#3356,.T.);
#3498=ADVANCED_FACE('',(#276),#138,.T.);
#3499=ADVANCED_FACE('',(#277),#3357,.T.);
#3500=ADVANCED_FACE('',(#278),#139,.T.);
#3501=ADVANCED_FACE('',(#279),#3358,.F.);
#3502=ADVANCED_FACE('',(#280),#3359,.T.);
#3503=ADVANCED_FACE('',(#281),#3360,.T.);
#3504=ADVANCED_FACE('',(#282),#140,.T.);
#3505=ADVANCED_FACE('',(#283),#141,.T.);
#3506=ADVANCED_FACE('',(#284),#3361,.F.);
#3507=ADVANCED_FACE('',(#285),#3362,.F.);
#3508=ADVANCED_FACE('',(#286),#142,.F.);
#3509=ADVANCED_FACE('',(#287),#3363,.F.);
#3510=ADVANCED_FACE('',(#288),#143,.F.);
#3511=ADVANCED_FACE('',(#289),#144,.T.);
#3512=ADVANCED_FACE('',(#290),#145,.F.);
#3513=ADVANCED_FACE('',(#291),#3364,.F.);
#3514=ADVANCED_FACE('',(#292),#3365,.F.);
#3515=ADVANCED_FACE('',(#293),#146,.T.);
#3516=ADVANCED_FACE('',(#294),#147,.F.);
#3517=ADVANCED_FACE('',(#295),#148,.F.);
#3518=ADVANCED_FACE('',(#296),#149,.F.);
#3519=ADVANCED_FACE('',(#297),#150,.F.);
#3520=ADVANCED_FACE('',(#298),#151,.F.);
#3521=ADVANCED_FACE('',(#299),#152,.F.);
#3522=ADVANCED_FACE('',(#300),#153,.T.);
#3523=ADVANCED_FACE('',(#301),#3366,.T.);
#3524=ADVANCED_FACE('',(#302),#3367,.F.);
#3525=ADVANCED_FACE('',(#303),#154,.T.);
#3526=ADVANCED_FACE('',(#304),#3368,.T.);
#3527=ADVANCED_FACE('',(#305),#155,.F.);
#3528=ADVANCED_FACE('',(#306),#3369,.T.);
#3529=ADVANCED_FACE('',(#307),#3370,.T.);
#3530=ADVANCED_FACE('',(#308),#3371,.T.);
#3531=ADVANCED_FACE('',(#309),#156,.T.);
#3532=ADVANCED_FACE('',(#310),#3372,.T.);
#3533=ADVANCED_FACE('',(#311),#3373,.T.);
#3534=ADVANCED_FACE('',(#312),#157,.T.);
#3535=ADVANCED_FACE('',(#313),#3374,.T.);
#3536=ADVANCED_FACE('',(#314),#3375,.T.);
#3537=ADVANCED_FACE('',(#315),#158,.F.);
#3538=ADVANCED_FACE('',(#316),#159,.F.);
#3539=ADVANCED_FACE('',(#317),#160,.T.);
#3540=ADVANCED_FACE('',(#318),#3376,.T.);
#3541=ADVANCED_FACE('',(#319),#161,.T.);
#3542=ADVANCED_FACE('',(#320),#3377,.T.);
#3543=ADVANCED_FACE('',(#321),#3378,.T.);
#3544=ADVANCED_FACE('',(#322),#3379,.T.);
#3545=ADVANCED_FACE('',(#323),#3380,.T.);
#3546=ADVANCED_FACE('',(#324),#3381,.T.);
#3547=ADVANCED_FACE('',(#325),#162,.T.);
#3548=ADVANCED_FACE('',(#326),#163,.F.);
#3549=ADVANCED_FACE('',(#327,#105),#59,.T.);
#3550=ADVANCED_FACE('',(#328),#164,.F.);
#3551=ADVANCED_FACE('',(#329),#3382,.T.);
#3552=ADVANCED_FACE('',(#330),#3383,.T.);
#3553=ADVANCED_FACE('',(#331),#44,.T.);
#3554=ADVANCED_FACE('',(#332),#3384,.F.);
#3555=ADVANCED_FACE('',(#333),#165,.T.);
#3556=ADVANCED_FACE('',(#334),#166,.T.);
#3557=ADVANCED_FACE('',(#335),#167,.F.);
#3558=ADVANCED_FACE('',(#336),#168,.F.);
#3559=ADVANCED_FACE('',(#337,#106,#107),#3385,.F.);
#3560=ADVANCED_FACE('',(#338),#169,.F.);
#3561=ADVANCED_FACE('',(#339),#3386,.T.);
#3562=ADVANCED_FACE('',(#340),#170,.F.);
#3563=ADVANCED_FACE('',(#341),#3387,.T.);
#3564=ADVANCED_FACE('',(#342,#108),#3388,.T.);
#3565=ADVANCED_FACE('',(#343,#109),#3389,.T.);
#3566=ADVANCED_FACE('',(#344),#45,.T.);
#3567=ADVANCED_FACE('',(#345),#46,.F.);
#3568=ADVANCED_FACE('',(#346),#171,.F.);
#3569=ADVANCED_FACE('',(#347),#172,.F.);
#3570=ADVANCED_FACE('',(#348),#47,.F.);
#3571=ADVANCED_FACE('',(#349),#3390,.T.);
#3572=ADVANCED_FACE('',(#350),#3391,.T.);
#3573=ADVANCED_FACE('',(#351),#3392,.T.);
#3574=ADVANCED_FACE('',(#352),#3393,.T.);
#3575=ADVANCED_FACE('',(#353),#3394,.T.);
#3576=CLOSED_SHELL('',(#3395,#3396,#3397,#3398,#3399,#3400,#3401,#3402,
#3403,#3404,#3405,#3406,#3407,#3408,#3409,#3410,#3411,#3412,#3413,#3414,
#3415,#3416,#3417,#3418,#3419,#3420,#3421,#3422,#3423,#3424,#3425,#3426,
#3427,#3428,#3429,#3430,#3431,#3432,#3433,#3434,#3435,#3436,#3437,#3438,
#3439,#3440,#3441,#3442,#3443,#3444,#3445,#3446,#3447,#3448,#3449,#3450,
#3451,#3452,#3453,#3454,#3455,#3456,#3457,#3458,#3459,#3460,#3461,#3462,
#3463,#3464,#3465,#3466,#3467,#3468,#3469,#3470,#3471,#3472,#3473,#3474,
#3475,#3476,#3477,#3478,#3479,#3480,#3481,#3482,#3483,#3484,#3485,#3486,
#3487,#3488,#3489,#3490,#3491,#3492,#3493,#3494,#3495,#3496,#3497,#3498,
#3499,#3500,#3501,#3502,#3503,#3504,#3505,#3506,#3507,#3508,#3509,#3510,
#3511,#3512,#3513,#3514,#3515,#3516,#3517,#3518,#3519,#3520,#3521,#3522,
#3523,#3524,#3525,#3526,#3527,#3528,#3529,#3530,#3531,#3532,#3533,#3534,
#3535,#3536,#3537,#3538,#3539,#3540,#3541,#3542,#3543,#3544,#3545,#3546,
#3547,#3548,#3549,#3550,#3551,#3552,#3553,#3554,#3555,#3556,#3557,#3558,
#3559,#3560,#3561,#3562,#3563,#3564,#3565,#3566,#3567,#3568,#3569,#3570,
#3571,#3572,#3573,#3574,#3575));
#3577=DERIVED_UNIT_ELEMENT(#3579,1.);
#3578=DERIVED_UNIT_ELEMENT(#9535,-3.);
#3579=(
MASS_UNIT()
NAMED_UNIT(*)
SI_UNIT(.KILO.,.GRAM.)
);
#3580=DERIVED_UNIT((#3577,#3578));
#3581=MEASURE_REPRESENTATION_ITEM('density measure',
POSITIVE_RATIO_MEASURE(7850.),#3580);
#3582=PROPERTY_DEFINITION_REPRESENTATION(#3587,#3584);
#3583=PROPERTY_DEFINITION_REPRESENTATION(#3588,#3585);
#3584=REPRESENTATION('material name',(#3586),#9532);
#3585=REPRESENTATION('density',(#3581),#9532);
#3586=DESCRIPTIVE_REPRESENTATION_ITEM('Steel','Steel');
#3587=PROPERTY_DEFINITION('material property','material name',#9542);
#3588=PROPERTY_DEFINITION('material property','density of part',#9542);
#3589=AXIS2_PLACEMENT_3D('',#4868,#3912,#3913);
#3590=AXIS2_PLACEMENT_3D('',#4869,#3914,#3915);
#3591=AXIS2_PLACEMENT_3D('',#4879,#3917,#3918);
#3592=AXIS2_PLACEMENT_3D('',#4881,#3919,#3920);
#3593=AXIS2_PLACEMENT_3D('',#4908,#3923,#3924);
#3594=AXIS2_PLACEMENT_3D('',#4926,#3926,#3927);
#3595=AXIS2_PLACEMENT_3D('',#4936,#3930,#3931);
#3596=AXIS2_PLACEMENT_3D('',#4942,#3935,#3936);
#3597=AXIS2_PLACEMENT_3D('',#4952,#3942,#3943);
#3598=AXIS2_PLACEMENT_3D('',#4964,#3950,#3951);
#3599=AXIS2_PLACEMENT_3D('',#4968,#3954,#3955);
#3600=AXIS2_PLACEMENT_3D('',#4970,#3956,#3957);
#3601=AXIS2_PLACEMENT_3D('',#4973,#3959,#3960);
#3602=AXIS2_PLACEMENT_3D('',#4974,#3961,#3962);
#3603=AXIS2_PLACEMENT_3D('',#4976,#3963,#3964);
#3604=AXIS2_PLACEMENT_3D('',#4979,#3966,#3967);
#3605=AXIS2_PLACEMENT_3D('',#4980,#3968,#3969);
#3606=AXIS2_PLACEMENT_3D('',#4990,#3975,#3976);
#3607=AXIS2_PLACEMENT_3D('',#4992,#3978,#3979);
#3608=AXIS2_PLACEMENT_3D('',#4993,#3980,#3981);
#3609=AXIS2_PLACEMENT_3D('',#4994,#3982,#3983);
#3610=AXIS2_PLACEMENT_3D('',#4996,#3985,#3986);
#3611=AXIS2_PLACEMENT_3D('',#5038,#3995,#3996);
#3612=AXIS2_PLACEMENT_3D('',#5039,#3997,#3998);
#3613=AXIS2_PLACEMENT_3D('',#5043,#4000,#4001);
#3614=AXIS2_PLACEMENT_3D('',#5047,#4003,#4004);
#3615=AXIS2_PLACEMENT_3D('',#5051,#4006,#4007);
#3616=AXIS2_PLACEMENT_3D('',#5058,#4011,#4012);
#3617=AXIS2_PLACEMENT_3D('',#5059,#4013,#4014);
#3618=AXIS2_PLACEMENT_3D('',#5072,#4019,#4020);
#3619=AXIS2_PLACEMENT_3D('',#5076,#4023,#4024);
#3620=AXIS2_PLACEMENT_3D('',#5077,#4025,#4026);
#3621=AXIS2_PLACEMENT_3D('',#5082,#4030,#4031);
#3622=AXIS2_PLACEMENT_3D('',#5083,#4032,#4033);
#3623=AXIS2_PLACEMENT_3D('',#5087,#4035,#4036);
#3624=AXIS2_PLACEMENT_3D('',#5091,#4038,#4039);
#3625=AXIS2_PLACEMENT_3D('',#5099,#4043,#4044);
#3626=AXIS2_PLACEMENT_3D('',#5103,#4046,#4047);
#3627=AXIS2_PLACEMENT_3D('',#5110,#4051,#4052);
#3628=AXIS2_PLACEMENT_3D('',#5114,#4054,#4055);
#3629=AXIS2_PLACEMENT_3D('',#5118,#4057,#4058);
#3630=AXIS2_PLACEMENT_3D('',#5120,#4060,#4061);
#3631=AXIS2_PLACEMENT_3D('',#5177,#4063,#4064);
#3632=AXIS2_PLACEMENT_3D('',#5202,#4065,#4066);
#3633=AXIS2_PLACEMENT_3D('',#5218,#4069,#4070);
#3634=AXIS2_PLACEMENT_3D('',#6848,#4071,#4072);
#3635=AXIS2_PLACEMENT_3D('',#6938,#4074,#4075);
#3636=AXIS2_PLACEMENT_3D('',#8493,#4077,#4078);
#3637=AXIS2_PLACEMENT_3D('',#8516,#4091,#4092);
#3638=AXIS2_PLACEMENT_3D('',#8518,#4093,#4094);
#3639=AXIS2_PLACEMENT_3D('',#8522,#4096,#4097);
#3640=AXIS2_PLACEMENT_3D('',#8524,#4098,#4099);
#3641=AXIS2_PLACEMENT_3D('',#8529,#4102,#4103);
#3642=AXIS2_PLACEMENT_3D('',#8533,#4105,#4106);
#3643=AXIS2_PLACEMENT_3D('',#8535,#4107,#4108);
#3644=AXIS2_PLACEMENT_3D('',#8539,#4110,#4111);
#3645=AXIS2_PLACEMENT_3D('',#8544,#4114,#4115);
#3646=AXIS2_PLACEMENT_3D('',#8546,#4116,#4117);
#3647=AXIS2_PLACEMENT_3D('',#8549,#4119,#4120);
#3648=AXIS2_PLACEMENT_3D('',#8550,#4121,#4122);
#3649=AXIS2_PLACEMENT_3D('',#8551,#4123,#4124);
#3650=AXIS2_PLACEMENT_3D('',#8552,#4125,#4126);
#3651=AXIS2_PLACEMENT_3D('',#8565,#4133,#4134);
#3652=AXIS2_PLACEMENT_3D('',#8566,#4135,#4136);
#3653=AXIS2_PLACEMENT_3D('',#8570,#4138,#4139);
#3654=AXIS2_PLACEMENT_3D('',#8572,#4141,#4142);
#3655=AXIS2_PLACEMENT_3D('',#8575,#4144,#4145);
#3656=AXIS2_PLACEMENT_3D('',#8576,#4146,#4147);
#3657=AXIS2_PLACEMENT_3D('',#8599,#4149,#4150);
#3658=AXIS2_PLACEMENT_3D('',#8600,#4151,#4152);
#3659=AXIS2_PLACEMENT_3D('',#8610,#4157,#4158);
#3660=AXIS2_PLACEMENT_3D('',#8614,#4160,#4161);
#3661=AXIS2_PLACEMENT_3D('',#8623,#4166,#4167);
#3662=AXIS2_PLACEMENT_3D('',#8625,#4168,#4169);
#3663=AXIS2_PLACEMENT_3D('',#8761,#4171,#4172);
#3664=AXIS2_PLACEMENT_3D('',#8771,#4173,#4174);
#3665=AXIS2_PLACEMENT_3D('',#8773,#4176,#4177);
#3666=AXIS2_PLACEMENT_3D('',#8775,#4179,#4180);
#3667=AXIS2_PLACEMENT_3D('',#8778,#4183,#4184);
#3668=AXIS2_PLACEMENT_3D('',#8781,#4187,#4188);
#3669=AXIS2_PLACEMENT_3D('',#8783,#4189,#4190);
#3670=AXIS2_PLACEMENT_3D('',#8789,#4193,#4194);
#3671=AXIS2_PLACEMENT_3D('',#8791,#4195,#4196);
#3672=AXIS2_PLACEMENT_3D('',#8793,#4197,#4198);
#3673=AXIS2_PLACEMENT_3D('',#8799,#4202,#4203);
#3674=AXIS2_PLACEMENT_3D('',#8801,#4204,#4205);
#3675=AXIS2_PLACEMENT_3D('',#8803,#4206,#4207);
#3676=AXIS2_PLACEMENT_3D('',#8805,#4208,#4209);
#3677=AXIS2_PLACEMENT_3D('',#8807,#4210,#4211);
#3678=AXIS2_PLACEMENT_3D('',#8809,#4212,#4213);
#3679=AXIS2_PLACEMENT_3D('',#8811,#4214,#4215);
#3680=AXIS2_PLACEMENT_3D('',#8812,#4216,#4217);
#3681=AXIS2_PLACEMENT_3D('',#8814,#4218,#4219);
#3682=AXIS2_PLACEMENT_3D('',#8816,#4221,#4222);
#3683=AXIS2_PLACEMENT_3D('',#8818,#4223,#4224);
#3684=AXIS2_PLACEMENT_3D('',#8819,#4225,#4226);
#3685=AXIS2_PLACEMENT_3D('',#8821,#4227,#4228);
#3686=AXIS2_PLACEMENT_3D('',#8823,#4230,#4231);
#3687=AXIS2_PLACEMENT_3D('',#8825,#4232,#4233);
#3688=AXIS2_PLACEMENT_3D('',#8826,#4234,#4235);
#3689=AXIS2_PLACEMENT_3D('',#8838,#4242,#4243);
#3690=AXIS2_PLACEMENT_3D('',#8842,#4245,#4246);
#3691=AXIS2_PLACEMENT_3D('',#8847,#4249,#4250);
#3692=AXIS2_PLACEMENT_3D('',#8849,#4251,#4252);
#3693=AXIS2_PLACEMENT_3D('',#8852,#4254,#4255);
#3694=AXIS2_PLACEMENT_3D('',#8853,#4256,#4257);
#3695=AXIS2_PLACEMENT_3D('',#8856,#4260,#4261);
#3696=AXIS2_PLACEMENT_3D('',#8857,#4262,#4263);
#3697=AXIS2_PLACEMENT_3D('',#8859,#4265,#4266);
#3698=AXIS2_PLACEMENT_3D('',#8863,#4269,#4270);
#3699=AXIS2_PLACEMENT_3D('',#8865,#4271,#4272);
#3700=AXIS2_PLACEMENT_3D('',#8866,#4273,#4274);
#3701=AXIS2_PLACEMENT_3D('',#8872,#4277,#4278);
#3702=AXIS2_PLACEMENT_3D('',#8876,#4281,#4282);
#3703=AXIS2_PLACEMENT_3D('',#8886,#4288,#4289);
#3704=AXIS2_PLACEMENT_3D('',#8889,#4290,#4291);
#3705=AXIS2_PLACEMENT_3D('',#8895,#4294,#4295);
#3706=AXIS2_PLACEMENT_3D('',#8899,#4297,#4298);
#3707=AXIS2_PLACEMENT_3D('',#8911,#4304,#4305);
#3708=AXIS2_PLACEMENT_3D('',#8915,#4307,#4308);
#3709=AXIS2_PLACEMENT_3D('',#8921,#4311,#4312);
#3710=AXIS2_PLACEMENT_3D('',#8924,#4314,#4315);
#3711=AXIS2_PLACEMENT_3D('',#8927,#4317,#4318);
#3712=AXIS2_PLACEMENT_3D('',#8930,#4320,#4321);
#3713=AXIS2_PLACEMENT_3D('',#8932,#4322,#4323);
#3714=AXIS2_PLACEMENT_3D('',#8934,#4324,#4325);
#3715=AXIS2_PLACEMENT_3D('',#8936,#4326,#4327);
#3716=AXIS2_PLACEMENT_3D('',#8938,#4328,#4329);
#3717=AXIS2_PLACEMENT_3D('',#8940,#4330,#4331);
#3718=AXIS2_PLACEMENT_3D('',#8942,#4332,#4333);
#3719=AXIS2_PLACEMENT_3D('',#8944,#4334,#4335);
#3720=AXIS2_PLACEMENT_3D('',#8946,#4336,#4337);
#3721=AXIS2_PLACEMENT_3D('',#8948,#4338,#4339);
#3722=AXIS2_PLACEMENT_3D('',#8950,#4340,#4341);
#3723=AXIS2_PLACEMENT_3D('',#8954,#4343,#4344);
#3724=AXIS2_PLACEMENT_3D('',#8958,#4346,#4347);
#3725=AXIS2_PLACEMENT_3D('',#8959,#4348,#4349);
#3726=AXIS2_PLACEMENT_3D('',#8962,#4351,#4352);
#3727=AXIS2_PLACEMENT_3D('',#8963,#4353,#4354);
#3728=AXIS2_PLACEMENT_3D('',#8968,#4357,#4358);
#3729=AXIS2_PLACEMENT_3D('',#8972,#4360,#4361);
#3730=AXIS2_PLACEMENT_3D('',#8979,#4365,#4366);
#3731=AXIS2_PLACEMENT_3D('',#8981,#4367,#4368);
#3732=AXIS2_PLACEMENT_3D('',#8983,#4369,#4370);
#3733=AXIS2_PLACEMENT_3D('',#8985,#4371,#4372);
#3734=AXIS2_PLACEMENT_3D('',#8987,#4373,#4374);
#3735=AXIS2_PLACEMENT_3D('',#8988,#4375,#4376);
#3736=AXIS2_PLACEMENT_3D('',#8991,#4379,#4380);
#3737=AXIS2_PLACEMENT_3D('',#8993,#4382,#4383);
#3738=AXIS2_PLACEMENT_3D('',#9001,#4388,#4389);
#3739=AXIS2_PLACEMENT_3D('',#9005,#4392,#4393);
#3740=AXIS2_PLACEMENT_3D('',#9007,#4395,#4396);
#3741=AXIS2_PLACEMENT_3D('',#9008,#4397,#4398);
#3742=AXIS2_PLACEMENT_3D('',#9010,#4400,#4401);
#3743=AXIS2_PLACEMENT_3D('',#9011,#4402,#4403);
#3744=AXIS2_PLACEMENT_3D('',#9012,#4404,#4405);
#3745=AXIS2_PLACEMENT_3D('',#9013,#4406,#4407);
#3746=AXIS2_PLACEMENT_3D('',#9017,#4410,#4411);
#3747=AXIS2_PLACEMENT_3D('',#9019,#4413,#4414);
#3748=AXIS2_PLACEMENT_3D('',#9022,#4416,#4417);
#3749=AXIS2_PLACEMENT_3D('',#9023,#4418,#4419);
#3750=AXIS2_PLACEMENT_3D('',#9025,#4421,#4422);
#3751=AXIS2_PLACEMENT_3D('',#9028,#4424,#4425);
#3752=AXIS2_PLACEMENT_3D('',#9037,#4431,#4432);
#3753=AXIS2_PLACEMENT_3D('',#9052,#4440,#4441);
#3754=AXIS2_PLACEMENT_3D('',#9054,#4442,#4443);
#3755=AXIS2_PLACEMENT_3D('',#9061,#4446,#4447);
#3756=AXIS2_PLACEMENT_3D('',#9064,#4449,#4450);
#3757=AXIS2_PLACEMENT_3D('',#9069,#4452,#4453);
#3758=AXIS2_PLACEMENT_3D('',#9074,#4456,#4457);
#3759=AXIS2_PLACEMENT_3D('',#9076,#4458,#4459);
#3760=AXIS2_PLACEMENT_3D('',#9078,#4460,#4461);
#3761=AXIS2_PLACEMENT_3D('',#9079,#4462,#4463);
#3762=AXIS2_PLACEMENT_3D('',#9081,#4465,#4466);
#3763=AXIS2_PLACEMENT_3D('',#9084,#4468,#4469);
#3764=AXIS2_PLACEMENT_3D('',#9085,#4470,#4471);
#3765=AXIS2_PLACEMENT_3D('',#9086,#4472,#4473);
#3766=AXIS2_PLACEMENT_3D('',#9088,#4475,#4476);
#3767=AXIS2_PLACEMENT_3D('',#9097,#4482,#4483);
#3768=AXIS2_PLACEMENT_3D('',#9099,#4485,#4486);
#3769=AXIS2_PLACEMENT_3D('',#9101,#4488,#4489);
#3770=AXIS2_PLACEMENT_3D('',#9103,#4491,#4492);
#3771=AXIS2_PLACEMENT_3D('',#9104,#4493,#4494);
#3772=AXIS2_PLACEMENT_3D('',#9105,#4495,#4496);
#3773=AXIS2_PLACEMENT_3D('',#9107,#4497,#4498);
#3774=AXIS2_PLACEMENT_3D('',#9109,#4499,#4500);
#3775=AXIS2_PLACEMENT_3D('',#9111,#4502,#4503);
#3776=AXIS2_PLACEMENT_3D('',#9119,#4508,#4509);
#3777=AXIS2_PLACEMENT_3D('',#9121,#4511,#4512);
#3778=AXIS2_PLACEMENT_3D('',#9124,#4515,#4516);
#3779=AXIS2_PLACEMENT_3D('',#9126,#4518,#4519);
#3780=AXIS2_PLACEMENT_3D('',#9128,#4521,#4522);
#3781=AXIS2_PLACEMENT_3D('',#9130,#4524,#4525);
#3782=AXIS2_PLACEMENT_3D('',#9133,#4528,#4529);
#3783=AXIS2_PLACEMENT_3D('',#9134,#4530,#4531);
#3784=AXIS2_PLACEMENT_3D('',#9135,#4532,#4533);
#3785=AXIS2_PLACEMENT_3D('',#9136,#4534,#4535);
#3786=AXIS2_PLACEMENT_3D('',#9137,#4536,#4537);
#3787=AXIS2_PLACEMENT_3D('',#9139,#4539,#4540);
#3788=AXIS2_PLACEMENT_3D('',#9141,#4542,#4543);
#3789=AXIS2_PLACEMENT_3D('',#9143,#4545,#4546);
#3790=AXIS2_PLACEMENT_3D('',#9145,#4548,#4549);
#3791=AXIS2_PLACEMENT_3D('',#9147,#4551,#4552);
#3792=AXIS2_PLACEMENT_3D('',#9149,#4554,#4555);
#3793=AXIS2_PLACEMENT_3D('',#9151,#4556,#4557);
#3794=AXIS2_PLACEMENT_3D('',#9153,#4559,#4560);
#3795=AXIS2_PLACEMENT_3D('',#9156,#4561,#4562);
#3796=AXIS2_PLACEMENT_3D('',#9190,#4563,#4564);
#3797=AXIS2_PLACEMENT_3D('',#9192,#4566,#4567);
#3798=AXIS2_PLACEMENT_3D('',#9193,#4568,#4569);
#3799=AXIS2_PLACEMENT_3D('',#9194,#4570,#4571);
#3800=AXIS2_PLACEMENT_3D('',#9195,#4572,#4573);
#3801=AXIS2_PLACEMENT_3D('',#9196,#4574,#4575);
#3802=AXIS2_PLACEMENT_3D('',#9197,#4576,#4577);
#3803=AXIS2_PLACEMENT_3D('',#9198,#4578,#4579);
#3804=AXIS2_PLACEMENT_3D('',#9199,#4580,#4581);
#3805=AXIS2_PLACEMENT_3D('',#9200,#4582,#4583);
#3806=AXIS2_PLACEMENT_3D('',#9201,#4584,#4585);
#3807=AXIS2_PLACEMENT_3D('',#9202,#4586,#4587);
#3808=AXIS2_PLACEMENT_3D('',#9203,#4588,#4589);
#3809=AXIS2_PLACEMENT_3D('',#9206,#4591,#4592);
#3810=AXIS2_PLACEMENT_3D('',#9207,#4593,#4594);
#3811=AXIS2_PLACEMENT_3D('',#9209,#4596,#4597);
#3812=AXIS2_PLACEMENT_3D('',#9211,#4599,#4600);
#3813=AXIS2_PLACEMENT_3D('',#9212,#4601,#4602);
#3814=AXIS2_PLACEMENT_3D('',#9213,#4603,#4604);
#3815=AXIS2_PLACEMENT_3D('',#9215,#4606,#4607);
#3816=AXIS2_PLACEMENT_3D('',#9217,#4609,#4610);
#3817=AXIS2_PLACEMENT_3D('',#9219,#4612,#4613);
#3818=AXIS2_PLACEMENT_3D('',#9221,#4615,#4616);
#3819=AXIS2_PLACEMENT_3D('',#9223,#4618,#4619);
#3820=AXIS2_PLACEMENT_3D('',#9225,#4621,#4622);
#3821=AXIS2_PLACEMENT_3D('',#9226,#4623,#4624);
#3822=AXIS2_PLACEMENT_3D('',#9227,#4625,#4626);
#3823=AXIS2_PLACEMENT_3D('',#9230,#4627,#4628);
#3824=AXIS2_PLACEMENT_3D('',#9234,#4631,#4632);
#3825=AXIS2_PLACEMENT_3D('',#9236,#4634,#4635);
#3826=AXIS2_PLACEMENT_3D('',#9238,#4637,#4638);
#3827=AXIS2_PLACEMENT_3D('',#9239,#4639,#4640);
#3828=AXIS2_PLACEMENT_3D('',#9242,#4641,#4642);
#3829=AXIS2_PLACEMENT_3D('',#9246,#4645,#4646);
#3830=AXIS2_PLACEMENT_3D('',#9248,#4648,#4649);
#3831=AXIS2_PLACEMENT_3D('',#9250,#4651,#4652);
#3832=AXIS2_PLACEMENT_3D('',#9254,#4654,#4655);
#3833=AXIS2_PLACEMENT_3D('',#9255,#4656,#4657);
#3834=AXIS2_PLACEMENT_3D('',#9256,#4658,#4659);
#3835=AXIS2_PLACEMENT_3D('',#9257,#4660,#4661);
#3836=AXIS2_PLACEMENT_3D('',#9258,#4662,#4663);
#3837=AXIS2_PLACEMENT_3D('',#9264,#4667,#4668);
#3838=AXIS2_PLACEMENT_3D('',#9267,#4670,#4671);
#3839=AXIS2_PLACEMENT_3D('',#9268,#4672,#4673);
#3840=AXIS2_PLACEMENT_3D('',#9273,#4676,#4677);
#3841=AXIS2_PLACEMENT_3D('',#9274,#4678,#4679);
#3842=AXIS2_PLACEMENT_3D('',#9277,#4681,#4682);
#3843=AXIS2_PLACEMENT_3D('',#9278,#4683,#4684);
#3844=AXIS2_PLACEMENT_3D('',#9282,#4687,#4688);
#3845=AXIS2_PLACEMENT_3D('',#9290,#4693,#4694);
#3846=AXIS2_PLACEMENT_3D('',#9294,#4697,#4698);
#3847=AXIS2_PLACEMENT_3D('',#9297,#4700,#4701);
#3848=AXIS2_PLACEMENT_3D('',#9298,#4702,#4703);
#3849=AXIS2_PLACEMENT_3D('',#9304,#4707,#4708);
#3850=AXIS2_PLACEMENT_3D('',#9312,#4713,#4714);
#3851=AXIS2_PLACEMENT_3D('',#9314,#4715,#4716);
#3852=AXIS2_PLACEMENT_3D('',#9316,#4718,#4719);
#3853=AXIS2_PLACEMENT_3D('',#9320,#4722,#4723);
#3854=AXIS2_PLACEMENT_3D('',#9326,#4727,#4728);
#3855=AXIS2_PLACEMENT_3D('',#9328,#4729,#4730);
#3856=AXIS2_PLACEMENT_3D('',#9330,#4732,#4733);
#3857=AXIS2_PLACEMENT_3D('',#9332,#4734,#4735);
#3858=AXIS2_PLACEMENT_3D('',#9334,#4737,#4738);
#3859=AXIS2_PLACEMENT_3D('',#9337,#4740,#4741);
#3860=AXIS2_PLACEMENT_3D('',#9338,#4742,#4743);
#3861=AXIS2_PLACEMENT_3D('',#9341,#4745,#4746);
#3862=AXIS2_PLACEMENT_3D('',#9342,#4747,#4748);
#3863=AXIS2_PLACEMENT_3D('',#9345,#4750,#4751);
#3864=AXIS2_PLACEMENT_3D('',#9346,#4752,#4753);
#3865=AXIS2_PLACEMENT_3D('',#9352,#4757,#4758);
#3866=AXIS2_PLACEMENT_3D('',#9354,#4760,#4761);
#3867=AXIS2_PLACEMENT_3D('',#9356,#4763,#4764);
#3868=AXIS2_PLACEMENT_3D('',#9357,#4765,#4766);
#3869=AXIS2_PLACEMENT_3D('',#9358,#4767,#4768);
#3870=AXIS2_PLACEMENT_3D('',#9359,#4769,#4770);
#3871=AXIS2_PLACEMENT_3D('',#9360,#4771,#4772);
#3872=AXIS2_PLACEMENT_3D('',#9362,#4773,#4774);
#3873=AXIS2_PLACEMENT_3D('',#9466,#4776,#4777);
#3874=AXIS2_PLACEMENT_3D('',#9468,#4778,#4779);
#3875=AXIS2_PLACEMENT_3D('',#9470,#4781,#4782);
#3876=AXIS2_PLACEMENT_3D('',#9471,#4783,#4784);
#3877=AXIS2_PLACEMENT_3D('',#9472,#4785,#4786);
#3878=AXIS2_PLACEMENT_3D('',#9473,#4787,#4788);
#3879=AXIS2_PLACEMENT_3D('',#9474,#4789,#4790);
#3880=AXIS2_PLACEMENT_3D('',#9477,#4792,#4793);
#3881=AXIS2_PLACEMENT_3D('',#9478,#4794,#4795);
#3882=AXIS2_PLACEMENT_3D('',#9484,#4799,#4800);
#3883=AXIS2_PLACEMENT_3D('',#9485,#4801,#4802);
#3884=AXIS2_PLACEMENT_3D('',#9486,#4803,#4804);
#3885=AXIS2_PLACEMENT_3D('',#9487,#4805,#4806);
#3886=AXIS2_PLACEMENT_3D('',#9488,#4807,#4808);
#3887=AXIS2_PLACEMENT_3D('',#9490,#4809,#4810);
#3888=AXIS2_PLACEMENT_3D('',#9492,#4812,#4813);
#3889=AXIS2_PLACEMENT_3D('',#9494,#4814,#4815);
#3890=AXIS2_PLACEMENT_3D('',#9496,#4817,#4818);
#3891=AXIS2_PLACEMENT_3D('',#9497,#4819,#4820);
#3892=AXIS2_PLACEMENT_3D('',#9498,#4821,#4822);
#3893=AXIS2_PLACEMENT_3D('',#9499,#4823,#4824);
#3894=AXIS2_PLACEMENT_3D('',#9500,#4825,#4826);
#3895=AXIS2_PLACEMENT_3D('',#9501,#4827,#4828);
#3896=AXIS2_PLACEMENT_3D('',#9502,#4829,#4830);
#3897=AXIS2_PLACEMENT_3D('',#9503,#4831,#4832);
#3898=AXIS2_PLACEMENT_3D('',#9505,#4833,#4834);
#3899=AXIS2_PLACEMENT_3D('',#9506,#4835,#4836);
#3900=AXIS2_PLACEMENT_3D('',#9508,#4837,#4838);
#3901=AXIS2_PLACEMENT_3D('',#9509,#4839,#4840);
#3902=AXIS2_PLACEMENT_3D('',#9512,#4842,#4843);
#3903=AXIS2_PLACEMENT_3D('',#9513,#4844,#4845);
#3904=AXIS2_PLACEMENT_3D('',#9516,#4847,#4848);
#3905=AXIS2_PLACEMENT_3D('',#9518,#4850,#4851);
#3906=AXIS2_PLACEMENT_3D('',#9520,#4853,#4854);
#3907=AXIS2_PLACEMENT_3D('',#9523,#4856,#4857);
#3908=AXIS2_PLACEMENT_3D('',#9524,#4858,#4859);
#3909=AXIS2_PLACEMENT_3D('',#9525,#4860,#4861);
#3910=AXIS2_PLACEMENT_3D('',#9528,#4864,#4865);
#3911=AXIS2_PLACEMENT_3D('',#9529,#4866,#4867);
#3912=DIRECTION('axis',(0.,0.,1.));
#3913=DIRECTION('refdir',(1.,0.,0.));
#3914=DIRECTION('center_axis',(-4.53758262973895E-7,-2.71600431550957E-6,
0.999999999996209));
#3915=DIRECTION('ref_axis',(-0.98632960684602,0.164784424807003,-2.17591690239327E-16));
#3916=DIRECTION('',(0.,-0.999999999996312,-2.71600431550985E-6));
#3917=DIRECTION('center_axis',(4.53758262973895E-7,2.71600429403457E-6,
-0.999999999996209));
#3918=DIRECTION('ref_axis',(6.61146171073862E-7,0.999999999996093,2.71600459403479E-6));
#3919=DIRECTION('center_axis',(4.53758262973895E-7,2.71600429403457E-6,
-0.999999999996209));
#3920=DIRECTION('ref_axis',(6.61146171073862E-7,0.999999999996093,2.71600459403479E-6));
#3921=DIRECTION('',(0.,0.999999999996312,2.71600431550985E-6));
#3922=DIRECTION('',(0.999999999999897,0.,4.53758262975568E-7));
#3923=DIRECTION('center_axis',(-4.56660559855008E-7,2.78479683159105E-6,
0.999999999996018));
#3924=DIRECTION('ref_axis',(0.986819942609584,0.161822127250932,2.18461112699399E-16));
#3925=DIRECTION('',(0.,0.999999999996122,-2.78479683159134E-6));
#3926=DIRECTION('center_axis',(4.56660559855108E-7,-2.78479679288905E-6,
-0.999999999996018));
#3927=DIRECTION('ref_axis',(6.61146174997337E-7,0.999999999995904,-2.78479649096935E-6));
#3928=DIRECTION('',(0.,-0.999999999996122,2.78479683159134E-6));
#3929=DIRECTION('',(-0.999999999999896,0.,-4.56660559856779E-7));
#3930=DIRECTION('center_axis',(0.,1.,0.));
#3931=DIRECTION('ref_axis',(0.,0.,1.));
#3932=DIRECTION('',(0.,0.,-1.));
#3933=DIRECTION('',(1.,0.,0.));
#3934=DIRECTION('',(0.,0.,-1.));
#3935=DIRECTION('center_axis',(-1.,0.,0.));
#3936=DIRECTION('ref_axis',(0.,0.,1.));
#3937=DIRECTION('',(0.,0.999999999999774,-6.72475733356348E-7));
#3938=DIRECTION('',(0.,0.,-1.));
#3939=DIRECTION('',(0.,-1.,0.));
#3940=DIRECTION('',(0.,0.,-1.));
#3941=DIRECTION('',(0.,1.,0.));
#3942=DIRECTION('center_axis',(-1.,0.,0.));
#3943=DIRECTION('ref_axis',(0.,0.,1.));
#3944=DIRECTION('',(0.,0.999999999999774,-6.72475733356348E-7));
#3945=DIRECTION('',(0.,0.,-1.));
#3946=DIRECTION('',(0.,1.,0.));
#3947=DIRECTION('',(0.,0.,-1.));
#3948=DIRECTION('',(0.,-1.,0.));
#3949=DIRECTION('',(0.,0.,1.));
#3950=DIRECTION('center_axis',(0.,-1.,0.));
#3951=DIRECTION('ref_axis',(0.,0.,-1.));
#3952=DIRECTION('',(0.,0.,-1.));
#3953=DIRECTION('',(-1.,0.,0.));
#3954=DIRECTION('center_axis',(0.,0.,1.));
#3955=DIRECTION('ref_axis',(1.,0.,0.));
#3956=DIRECTION('center_axis',(0.,0.,1.));
#3957=DIRECTION('ref_axis',(1.,0.,0.));
#3958=DIRECTION('',(0.,0.,1.));
#3959=DIRECTION('center_axis',(0.,0.,-1.));
#3960=DIRECTION('ref_axis',(1.,0.,0.));
#3961=DIRECTION('center_axis',(0.,0.,1.));
#3962=DIRECTION('ref_axis',(1.,0.,0.));
#3963=DIRECTION('center_axis',(0.,0.,1.));
#3964=DIRECTION('ref_axis',(1.,0.,0.));
#3965=DIRECTION('',(0.,0.,1.));
#3966=DIRECTION('center_axis',(0.,0.,-1.));
#3967=DIRECTION('ref_axis',(1.,0.,0.));
#3968=DIRECTION('center_axis',(0.,-1.,0.));
#3969=DIRECTION('ref_axis',(0.,0.,-1.));
#3970=DIRECTION('',(-0.999999999999987,0.,-1.62157104485898E-7));
#3971=DIRECTION('',(0.,0.,-1.));
#3972=DIRECTION('',(-1.,0.,0.));
#3973=DIRECTION('',(1.,0.,0.));
#3974=DIRECTION('',(0.,0.,1.));
#3975=DIRECTION('center_axis',(0.,0.,1.));
#3976=DIRECTION('ref_axis',(1.,0.,0.));
#3977=DIRECTION('',(0.,-1.,0.));
#3978=DIRECTION('center_axis',(0.,0.,1.));
#3979=DIRECTION('ref_axis',(1.,0.,0.));
#3980=DIRECTION('center_axis',(1.62157104485861E-7,-6.72475750311139E-7,
-0.999999999999761));
#3981=DIRECTION('ref_axis',(6.61146174999606E-7,0.999999999999555,-6.72475643101452E-7));
#3982=DIRECTION('center_axis',(1.,0.,0.));
#3983=DIRECTION('ref_axis',(0.,0.,-1.));
#3984=DIRECTION('',(0.,-0.999999999999774,6.72475733356348E-7));
#3985=DIRECTION('center_axis',(0.,-1.,0.));
#3986=DIRECTION('ref_axis',(0.,0.,-1.));
#3987=DIRECTION('',(0.999999999999987,0.,1.62157104485898E-7));
#3988=DIRECTION('',(1.,0.,0.));
#3989=DIRECTION('',(0.,0.,1.));
#3990=DIRECTION('',(1.,0.,0.));
#3991=DIRECTION('',(0.,0.,-1.));
#3992=DIRECTION('',(1.,0.,0.));
#3993=DIRECTION('',(0.,0.,1.));
#3994=DIRECTION('',(1.,0.,0.));
#3995=DIRECTION('center_axis',(0.,-1.,0.));
#3996=DIRECTION('ref_axis',(0.,0.,-1.));
#3997=DIRECTION('center_axis',(-1.62157104485861E-7,6.72475733356339E-7,
0.999999999999761));
#3998=DIRECTION('ref_axis',(0.972136463963639,0.234415646730913,2.15896237061029E-16));
#3999=DIRECTION('',(0.,-0.999999999999774,6.72475733356348E-7));
#4000=DIRECTION('center_axis',(1.62157104485861E-7,-6.72475733356339E-7,
-0.999999999999761));
#4001=DIRECTION('ref_axis',(0.,0.999999999999774,-6.72475733356348E-7));
#4002=DIRECTION('',(0.,-0.999999999999774,6.72475733356348E-7));
#4003=DIRECTION('center_axis',(1.62157104485861E-7,-6.72475733356339E-7,
-0.999999999999761));
#4004=DIRECTION('ref_axis',(0.,0.999999999999774,-6.72475733356348E-7));
#4005=DIRECTION('',(0.,-0.999999999999774,6.72475733356348E-7));
#4006=DIRECTION('center_axis',(1.62157104485861E-7,-6.72475733356339E-7,
-0.999999999999761));
#4007=DIRECTION('ref_axis',(0.,0.999999999999774,-6.72475733356348E-7));
#4008=DIRECTION('',(0.,-0.999999999999774,6.72475733356348E-7));
#4009=DIRECTION('',(0.999999999999987,0.,1.62157104485898E-7));
#4010=DIRECTION('',(0.,-0.999999999999774,6.72475733356348E-7));
#4011=DIRECTION('center_axis',(1.62157104485861E-7,-6.72475716769039E-7,
-0.999999999999761));
#4012=DIRECTION('ref_axis',(6.61146174999606E-7,0.999999999999555,-6.72475609559352E-7));
#4013=DIRECTION('center_axis',(1.62157104485861E-7,-6.72475716769039E-7,
-0.999999999999761));
#4014=DIRECTION('ref_axis',(6.61146174999606E-7,0.999999999999555,-6.72475609559352E-7));
#4015=DIRECTION('',(-0.999999999999987,0.,-1.62157104485898E-7));
#4016=DIRECTION('',(-1.32515041744353E-5,-0.999999999912196,7.6866625440638E-8));
#4017=DIRECTION('',(-1.32515041744353E-5,-0.999999999912196,7.6866625440638E-8));
#4018=DIRECTION('',(-1.32515041744353E-5,-0.999999999912196,7.6866625440638E-8));
#4019=DIRECTION('center_axis',(0.,0.,1.));
#4020=DIRECTION('ref_axis',(1.,0.,0.));
#4021=DIRECTION('',(0.,-1.,0.));
#4022=DIRECTION('',(1.,0.,0.));
#4023=DIRECTION('center_axis',(0.,0.,1.));
#4024=DIRECTION('ref_axis',(1.,0.,0.));
#4025=DIRECTION('center_axis',(0.,1.,0.));
#4026=DIRECTION('ref_axis',(0.,0.,1.));
#4027=DIRECTION('',(0.,0.,-1.));
#4028=DIRECTION('',(-1.,0.,0.));
#4029=DIRECTION('',(0.,0.,-1.));
#4030=DIRECTION('center_axis',(1.,0.,0.));
#4031=DIRECTION('ref_axis',(0.,0.,-1.));
#4032=DIRECTION('center_axis',(0.,0.,1.));
#4033=DIRECTION('ref_axis',(1.,0.,0.));
#4034=DIRECTION('',(0.,1.,0.));
#4035=DIRECTION('center_axis',(0.,0.,1.));
#4036=DIRECTION('ref_axis',(1.,0.,0.));
#4037=DIRECTION('',(-0.60876142900901,-0.793353340291013,0.));
#4038=DIRECTION('center_axis',(0.,0.,1.));
#4039=DIRECTION('ref_axis',(1.,0.,0.));
#4040=DIRECTION('',(-1.,0.,0.));
#4041=DIRECTION('',(0.,1.,0.));
#4042=DIRECTION('',(-1.,0.,0.));
#4043=DIRECTION('center_axis',(0.,0.,1.));
#4044=DIRECTION('ref_axis',(1.,0.,0.));
#4045=DIRECTION('',(0.60876142900901,-0.793353340291013,0.));
#4046=DIRECTION('center_axis',(0.,0.,1.));
#4047=DIRECTION('ref_axis',(1.,0.,0.));
#4048=DIRECTION('',(0.,-1.,0.));
#4049=DIRECTION('',(1.,0.,0.));
#4050=DIRECTION('',(0.,-1.,0.));
#4051=DIRECTION('center_axis',(0.,0.,1.));
#4052=DIRECTION('ref_axis',(1.,0.,0.));
#4053=DIRECTION('',(0.,-1.,0.));
#4054=DIRECTION('center_axis',(0.,0.,1.));
#4055=DIRECTION('ref_axis',(1.,0.,0.));
#4056=DIRECTION('',(0.,-1.,0.));
#4057=DIRECTION('center_axis',(0.,0.,1.));
#4058=DIRECTION('ref_axis',(1.,0.,0.));
#4059=DIRECTION('',(0.,-1.,0.));
#4060=DIRECTION('center_axis',(-1.,0.,0.));
#4061=DIRECTION('ref_axis',(0.,0.,1.));
#4062=DIRECTION('',(0.,0.,-1.));
#4063=DIRECTION('center_axis',(-5.65179743003883E-6,-0.004270167020721,
-0.999990882779274));
#4064=DIRECTION('ref_axis',(-0.000437889188975839,-0.999990786912076,0.00427016908623188));
#4065=DIRECTION('center_axis',(-2.22044604925E-16,1.754935854342E-22,1.));
#4066=DIRECTION('ref_axis',(6.61146174999856E-7,0.999999999999781,-2.86896442086438E-23));
#4067=DIRECTION('',(0.,0.0217447787399101,-0.999763554345502));
#4068=DIRECTION('',(0.,0.0217447787399101,0.999763554345502));
#4069=DIRECTION('center_axis',(0.,0.,-1.));
#4070=DIRECTION('ref_axis',(6.61146174999855E-7,0.999999999999781,-2.86896442086438E-23));
#4071=DIRECTION('center_axis',(-6.75737527841333E-11,0.00010220664492529,
0.999999994776901));
#4072=DIRECTION('ref_axis',(6.6114617154659E-7,0.999999994776682,-0.000102206644925223));
#4073=DIRECTION('',(1.16061551591199E-8,0.0173502152677625,-0.999849473685996));
#4074=DIRECTION('center_axis',(-6.75737527841333E-11,0.00010220664492529,
0.999999994776901));
#4075=DIRECTION('ref_axis',(6.6114617154659E-7,0.999999994776682,-0.000102206644925223));
#4076=DIRECTION('',(1.16061551591199E-8,0.0173502152677625,-0.999849473685996));
#4077=DIRECTION('center_axis',(1.,0.,0.));
#4078=DIRECTION('ref_axis',(0.,1.,0.));
#4079=DIRECTION('',(0.,1.,0.));
#4080=DIRECTION('',(0.,0.,-1.));
#4081=DIRECTION('',(0.,-1.,0.));
#4082=DIRECTION('',(0.,0.,-1.));
#4083=DIRECTION('',(0.,1.,0.));
#4084=DIRECTION('',(0.,0.,-1.));
#4085=DIRECTION('',(0.,-1.,0.));
#4086=DIRECTION('',(0.,0.,1.));
#4087=DIRECTION('',(0.,1.,0.));
#4088=DIRECTION('',(0.,0.,1.));
#4089=DIRECTION('',(0.,-1.,0.));
#4090=DIRECTION('',(0.,0.,1.));
#4091=DIRECTION('center_axis',(0.,0.,-1.));
#4092=DIRECTION('ref_axis',(1.,-1.224646799147E-16,0.));
#4093=DIRECTION('center_axis',(0.,0.,1.));
#4094=DIRECTION('ref_axis',(1.,0.,0.));
#4095=DIRECTION('',(0.,0.,1.));
#4096=DIRECTION('center_axis',(0.,0.,1.));
#4097=DIRECTION('ref_axis',(1.,0.,0.));
#4098=DIRECTION('center_axis',(0.,0.,1.));
#4099=DIRECTION('ref_axis',(1.,0.,0.));
#4100=DIRECTION('',(0.,0.,-1.));
#4101=DIRECTION('',(0.,0.,-1.));
#4102=DIRECTION('center_axis',(0.,0.,1.));
#4103=DIRECTION('ref_axis',(1.,0.,0.));
#4104=DIRECTION('',(0.,0.,-1.));
#4105=DIRECTION('center_axis',(0.,0.,1.));
#4106=DIRECTION('ref_axis',(1.,0.,0.));
#4107=DIRECTION('center_axis',(0.,0.,1.));
#4108=DIRECTION('ref_axis',(1.,0.,0.));
#4109=DIRECTION('',(0.,0.,-1.));
#4110=DIRECTION('center_axis',(0.,0.,-1.));
#4111=DIRECTION('ref_axis',(1.,-1.59872115546E-14,0.));
#4112=DIRECTION('',(0.,0.,-1.));
#4113=DIRECTION('',(0.,0.,1.));
#4114=DIRECTION('center_axis',(0.,0.,1.));
#4115=DIRECTION('ref_axis',(1.,0.,0.));
#4116=DIRECTION('center_axis',(0.,0.,1.));
#4117=DIRECTION('ref_axis',(1.,0.,0.));
#4118=DIRECTION('',(0.,0.,-1.));
#4119=DIRECTION('center_axis',(0.,0.,1.));
#4120=DIRECTION('ref_axis',(1.,0.,0.));
#4121=DIRECTION('center_axis',(0.,0.,1.));
#4122=DIRECTION('ref_axis',(1.,0.,0.));
#4123=DIRECTION('center_axis',(0.,0.,-1.));
#4124=DIRECTION('ref_axis',(-1.,0.,0.));
#4125=DIRECTION('center_axis',(0.,-1.,0.));
#4126=DIRECTION('ref_axis',(0.,0.,-1.));
#4127=DIRECTION('',(0.,0.,-1.));
#4128=DIRECTION('',(1.,0.,0.));
#4129=DIRECTION('',(0.,0.,1.));
#4130=DIRECTION('',(1.,0.,0.));
#4131=DIRECTION('',(0.,0.,-1.));
#4132=DIRECTION('',(1.,0.,0.));
#4133=DIRECTION('center_axis',(0.,1.,0.));
#4134=DIRECTION('ref_axis',(0.,0.,1.));
#4135=DIRECTION('center_axis',(0.,0.,1.));
#4136=DIRECTION('ref_axis',(1.,0.,0.));
#4137=DIRECTION('',(0.,0.,-1.));
#4138=DIRECTION('center_axis',(0.,0.,-1.));
#4139=DIRECTION('ref_axis',(1.,0.,0.));
#4140=DIRECTION('',(0.,0.,1.));
#4141=DIRECTION('center_axis',(0.,0.,1.));
#4142=DIRECTION('ref_axis',(-1.,1.224646799147E-16,0.));
#4143=DIRECTION('',(0.,0.,1.));
#4144=DIRECTION('center_axis',(0.,0.,-1.));
#4145=DIRECTION('ref_axis',(1.,0.,0.));
#4146=DIRECTION('center_axis',(0.,0.,1.));
#4147=DIRECTION('ref_axis',(1.,0.,0.));
#4148=DIRECTION('',(0.,0.,-1.));
#4149=DIRECTION('center_axis',(0.,0.,-1.));
#4150=DIRECTION('ref_axis',(1.,0.,0.));
#4151=DIRECTION('center_axis',(-0.939692620785813,0.,0.342020143325932));
#4152=DIRECTION('ref_axis',(0.342020143325932,0.,0.939692620785813));
#4153=DIRECTION('',(2.441416615786E-16,-1.,9.529120656611E-22));
#4154=DIRECTION('',(-0.342020143325932,0.,-0.939692620785813));
#4155=DIRECTION('',(0.,-1.,0.));
#4156=DIRECTION('',(-0.342020143325932,0.,-0.939692620785813));
#4157=DIRECTION('center_axis',(0.939692620785813,4.86602127639303E-32,-0.342020143325932));
#4158=DIRECTION('ref_axis',(0.342020143325932,-1.15648231731777E-15,0.939692620785813));
#4159=DIRECTION('',(0.,-1.,0.));
#4160=DIRECTION('center_axis',(0.939692620785813,0.,-0.342020143325932));
#4161=DIRECTION('ref_axis',(0.342020143325932,0.,0.939692620785813));
#4162=DIRECTION('',(0.342020143325932,4.32987200739014E-17,0.939692620785813));
#4163=DIRECTION('',(0.,1.,0.));
#4164=DIRECTION('',(-0.342020143325932,0.,-0.939692620785813));
#4165=DIRECTION('',(2.441416615786E-16,-1.,9.529120656611E-22));
#4166=DIRECTION('center_axis',(0.939692620785813,0.,-0.342020143325932));
#4167=DIRECTION('ref_axis',(-0.342020143325932,0.,-0.939692620785813));
#4168=DIRECTION('center_axis',(0.939692620785813,0.,-0.342020143325932));
#4169=DIRECTION('ref_axis',(-0.342020143325932,0.,-0.939692620785813));
#4170=DIRECTION('',(-2.441416615786E-16,1.,-9.529120656611E-22));
#4171=DIRECTION('center_axis',(1.303762685008E-13,1.,7.239316932317E-13));
#4172=DIRECTION('ref_axis',(0.18122653491506,-7.35572021006648E-13,0.983441377532327));
#4173=DIRECTION('center_axis',(2.523360885149E-13,-1.,1.433686189613E-12));
#4174=DIRECTION('ref_axis',(0.165443785946929,1.45567631621766E-12,0.986219221923578));
#4175=DIRECTION('',(-2.441416615786E-16,1.,-9.529120656611E-22));
#4176=DIRECTION('center_axis',(-1.,0.,0.));
#4177=DIRECTION('ref_axis',(0.,0.,1.));
#4178=DIRECTION('',(0.,0.,1.));
#4179=DIRECTION('center_axis',(-1.,0.,0.));
#4180=DIRECTION('ref_axis',(0.,0.,1.));
#4181=DIRECTION('',(0.,0.,-1.));
#4182=DIRECTION('',(0.,0.,1.));
#4183=DIRECTION('center_axis',(-1.,0.,0.));
#4184=DIRECTION('ref_axis',(0.,0.,1.));
#4185=DIRECTION('',(0.,0.,-1.));
#4186=DIRECTION('',(0.,0.,1.));
#4187=DIRECTION('center_axis',(0.,0.,-1.));
#4188=DIRECTION('ref_axis',(-1.,0.,0.));
#4189=DIRECTION('center_axis',(0.,0.,-1.));
#4190=DIRECTION('ref_axis',(1.,-2.602085213965E-15,0.));
#4191=DIRECTION('',(1.,0.,0.));
#4192=DIRECTION('',(0.,1.,0.));
#4193=DIRECTION('center_axis',(0.,0.,-1.));
#4194=DIRECTION('ref_axis',(1.,0.,0.));
#4195=DIRECTION('center_axis',(0.,0.,-1.));
#4196=DIRECTION('ref_axis',(1.,0.,0.));
#4197=DIRECTION('center_axis',(0.,0.,-1.));
#4198=DIRECTION('ref_axis',(1.,2.312964634636E-15,0.));
#4199=DIRECTION('',(-2.511671068357E-16,1.,0.));
#4200=DIRECTION('',(0.,1.,0.));
#4201=DIRECTION('',(-1.,0.,0.));
#4202=DIRECTION('center_axis',(0.,0.,-1.));
#4203=DIRECTION('ref_axis',(1.,0.,0.));
#4204=DIRECTION('center_axis',(0.,0.,1.));
#4205=DIRECTION('ref_axis',(1.,0.,0.));
#4206=DIRECTION('center_axis',(0.,0.,1.));
#4207=DIRECTION('ref_axis',(1.,0.,0.));
#4208=DIRECTION('center_axis',(0.,0.,-1.));
#4209=DIRECTION('ref_axis',(-1.,0.,0.));
#4210=DIRECTION('center_axis',(0.,0.,-1.));
#4211=DIRECTION('ref_axis',(-1.,0.,0.));
#4212=DIRECTION('center_axis',(0.,0.,-1.));
#4213=DIRECTION('ref_axis',(-1.,0.,0.));
#4214=DIRECTION('center_axis',(0.,0.,-1.));
#4215=DIRECTION('ref_axis',(-1.040834085586E-14,1.,0.));
#4216=DIRECTION('center_axis',(0.,0.,-1.));
#4217=DIRECTION('ref_axis',(-1.,0.,0.));
#4218=DIRECTION('center_axis',(0.,0.,1.));
#4219=DIRECTION('ref_axis',(1.,0.,0.));
#4220=DIRECTION('',(0.,0.,-1.));
#4221=DIRECTION('center_axis',(0.,0.,1.));
#4222=DIRECTION('ref_axis',(0.,-1.,0.));
#4223=DIRECTION('center_axis',(0.,0.,1.));
#4224=DIRECTION('ref_axis',(1.,-1.951473097163E-13,0.));
#4225=DIRECTION('center_axis',(0.,0.,-1.));
#4226=DIRECTION('ref_axis',(-1.,0.,0.));
#4227=DIRECTION('center_axis',(0.,0.,1.));
#4228=DIRECTION('ref_axis',(1.,0.,0.));
#4229=DIRECTION('',(0.,0.,-1.));
#4230=DIRECTION('center_axis',(0.,0.,1.));
#4231=DIRECTION('ref_axis',(0.,-1.,0.));
#4232=DIRECTION('center_axis',(0.,0.,1.));
#4233=DIRECTION('ref_axis',(1.,-1.951473097163E-13,0.));
#4234=DIRECTION('center_axis',(0.,-1.,0.));
#4235=DIRECTION('ref_axis',(1.,0.,0.));
#4236=DIRECTION('',(1.,0.,0.));
#4237=DIRECTION('',(-0.965925826288944,0.,0.258819045102985));
#4238=DIRECTION('',(0.,0.,-1.));
#4239=DIRECTION('',(0.965925826288944,0.,-0.258819045102985));
#4240=DIRECTION('',(0.,0.,1.));
#4241=DIRECTION('',(-1.,0.,0.));
#4242=DIRECTION('center_axis',(0.,0.,-1.));
#4243=DIRECTION('ref_axis',(0.,1.,0.));
#4244=DIRECTION('',(0.,1.,0.));
#4245=DIRECTION('center_axis',(0.,0.,-1.));
#4246=DIRECTION('ref_axis',(0.,1.,0.));
#4247=DIRECTION('',(-1.,0.,0.));
#4248=DIRECTION('',(0.60876142900901,0.793353340291013,0.));
#4249=DIRECTION('center_axis',(-4.820549444035E-46,1.057355261548E-15,-1.));
#4250=DIRECTION('ref_axis',(1.,8.268953801539E-15,8.7432218095546E-30));
#4251=DIRECTION('center_axis',(-4.820549444035E-46,1.057355261548E-15,-1.));
#4252=DIRECTION('ref_axis',(1.,8.268953801539E-15,8.7432218095546E-30));
#4253=DIRECTION('',(-0.793353340291013,-0.60876142900901,0.));
#4254=DIRECTION('center_axis',(5.960429117137E-47,1.7763568394E-15,-1.));
#4255=DIRECTION('ref_axis',(1.,-6.223545389191E-15,-1.10552374174058E-29));
#4256=DIRECTION('center_axis',(-0.60876142900901,0.793353340291013,0.));
#4257=DIRECTION('ref_axis',(-0.793353340291013,-0.60876142900901,0.));
#4258=DIRECTION('',(-0.793353340291013,-0.60876142900901,0.));
#4259=DIRECTION('',(0.793353340291013,0.60876142900901,0.));
#4260=DIRECTION('center_axis',(0.,0.,1.));
#4261=DIRECTION('ref_axis',(1.,0.,0.));
#4262=DIRECTION('center_axis',(0.,0.,1.));
#4263=DIRECTION('ref_axis',(1.,0.,0.));
#4264=DIRECTION('',(-0.793353340291013,0.60876142900901,0.));
#4265=DIRECTION('center_axis',(-0.60876142900901,-0.793353340291013,0.));
#4266=DIRECTION('ref_axis',(0.793353340291013,-0.60876142900901,0.));
#4267=DIRECTION('',(0.793353340291013,-0.60876142900901,0.));
#4268=DIRECTION('',(0.793353340291013,-0.60876142900901,0.));
#4269=DIRECTION('center_axis',(0.,0.,-1.));
#4270=DIRECTION('ref_axis',(0.,1.,0.));
#4271=DIRECTION('center_axis',(-1.484124529001E-46,1.057355261548E-15,-1.));
#4272=DIRECTION('ref_axis',(1.,8.26895380154E-15,8.74322180955566E-30));
#4273=DIRECTION('center_axis',(-1.484124529001E-46,1.057355261548E-15,-1.));
#4274=DIRECTION('ref_axis',(1.,8.26895380154E-15,8.74322180955566E-30));
#4275=DIRECTION('',(-0.60876142900901,0.793353340291013,0.));
#4276=DIRECTION('',(-1.,0.,0.));
#4277=DIRECTION('center_axis',(0.,0.,-1.));
#4278=DIRECTION('ref_axis',(0.,1.,0.));
#4279=DIRECTION('',(0.,1.,0.));
#4280=DIRECTION('',(1.,0.,0.));
#4281=DIRECTION('center_axis',(0.,1.,0.));
#4282=DIRECTION('ref_axis',(-1.,0.,0.));
#4283=DIRECTION('',(0.,0.,-1.));
#4284=DIRECTION('',(-0.965925826288944,0.,0.258819045102985));
#4285=DIRECTION('',(0.,0.,1.));
#4286=DIRECTION('',(0.965925826288944,0.,-0.258819045102985));
#4287=DIRECTION('',(-1.,0.,0.));
#4288=DIRECTION('center_axis',(-0.258819045102985,0.,-0.965925826288944));
#4289=DIRECTION('ref_axis',(0.965925826288944,0.,-0.258819045102985));
#4290=DIRECTION('center_axis',(0.258819045102985,0.,0.965925826288944));
#4291=DIRECTION('ref_axis',(-0.965925826288944,0.,0.258819045102985));
#4292=DIRECTION('',(0.,1.,0.));
#4293=DIRECTION('',(0.965925826288944,0.,-0.258819045102985));
#4294=DIRECTION('center_axis',(0.258819045102985,3.4159751930028E-15,0.965925826288944));
#4295=DIRECTION('ref_axis',(0.965925826288944,1.96716513467089E-12,-0.258819045102985));
#4296=DIRECTION('',(0.,1.,0.));
#4297=DIRECTION('center_axis',(-0.258819045102985,3.76533629228678E-15,
-0.965925826288944));
#4298=DIRECTION('ref_axis',(0.965925826288944,-3.95600447913677E-13,-0.258819045102985));
#4299=DIRECTION('',(-0.965925826288944,0.,0.258819045102985));
#4300=DIRECTION('',(0.69474659060692,0.69474659060692,-0.186156787896979));
#4301=DIRECTION('',(0.,1.,0.));
#4302=DIRECTION('',(-0.69474659060692,0.69474659060692,0.186156787896979));
#4303=DIRECTION('',(-0.965925826288944,0.,0.258819045102985));
#4304=DIRECTION('center_axis',(-0.258819045102985,-4.26996899125375E-15,
-0.965925826288944));
#4305=DIRECTION('ref_axis',(0.965925826288944,7.80849805323754E-13,-0.258819045102985));
#4306=DIRECTION('',(0.,-1.,0.));
#4307=DIRECTION('center_axis',(0.258819045102985,-3.4936109928438E-15,0.965925826288944));
#4308=DIRECTION('ref_axis',(0.965925826288944,-1.22256637014693E-12,-0.258819045102985));
#4309=DIRECTION('',(0.965925826288944,0.,-0.258819045102985));
#4310=DIRECTION('',(0.,1.,0.));
#4311=DIRECTION('center_axis',(0.258819045102985,0.,0.965925826288944));
#4312=DIRECTION('ref_axis',(-0.965925826288944,0.,0.258819045102985));
#4313=DIRECTION('',(0.,1.,0.));
#4314=DIRECTION('center_axis',(-0.258819045102985,3.4936109928438E-15,-0.965925826288944));
#4315=DIRECTION('ref_axis',(0.965925826288944,-3.5077408289578E-13,-0.258819045102985));
#4316=DIRECTION('',(0.,-1.,0.));
#4317=DIRECTION('center_axis',(-0.258819045102985,-3.57124679268479E-15,
-0.965925826288944));
#4318=DIRECTION('ref_axis',(0.965925826288944,-7.30568483569658E-13,-0.258819045102985));
#4319=DIRECTION('',(0.,1.,0.));
#4320=DIRECTION('center_axis',(0.258819045102985,0.,0.965925826288944));
#4321=DIRECTION('ref_axis',(-0.965925826288944,0.,0.258819045102985));
#4322=DIRECTION('center_axis',(0.258819045102985,0.,0.965925826288944));
#4323=DIRECTION('ref_axis',(-0.965925826288944,0.,0.258819045102985));
#4324=DIRECTION('center_axis',(0.258819045102985,0.,0.965925826288944));
#4325=DIRECTION('ref_axis',(-0.965925826288944,0.,0.258819045102985));
#4326=DIRECTION('center_axis',(0.258819045102985,0.,0.965925826288944));
#4327=DIRECTION('ref_axis',(-0.965925826288944,0.,0.258819045102985));
#4328=DIRECTION('center_axis',(0.258819045102985,0.,0.965925826288944));
#4329=DIRECTION('ref_axis',(-0.965925826288944,0.,0.258819045102985));
#4330=DIRECTION('center_axis',(0.258819045102985,0.,0.965925826288944));
#4331=DIRECTION('ref_axis',(-0.965925826288944,0.,0.258819045102985));
#4332=DIRECTION('center_axis',(0.258819045102985,0.,0.965925826288944));
#4333=DIRECTION('ref_axis',(-0.965925826288944,0.,0.258819045102985));
#4334=DIRECTION('center_axis',(0.258819045102985,0.,0.965925826288944));
#4335=DIRECTION('ref_axis',(-0.965925826288944,0.,0.258819045102985));
#4336=DIRECTION('center_axis',(0.258819045102985,0.,0.965925826288944));
#4337=DIRECTION('ref_axis',(-0.965925826288944,0.,0.258819045102985));
#4338=DIRECTION('center_axis',(0.258819045102985,0.,0.965925826288944));
#4339=DIRECTION('ref_axis',(-0.965925826288944,0.,0.258819045102985));
#4340=DIRECTION('center_axis',(0.258819045102985,0.,0.965925826288944));
#4341=DIRECTION('ref_axis',(-0.965925826288944,0.,0.258819045102985));
#4342=DIRECTION('',(0.,-1.,0.));
#4343=DIRECTION('center_axis',(0.258819045102985,0.,0.965925826288944));
#4344=DIRECTION('ref_axis',(-0.965925826288944,0.,0.258819045102985));
#4345=DIRECTION('',(0.,-1.,0.));
#4346=DIRECTION('center_axis',(0.258819045102985,0.,0.965925826288944));
#4347=DIRECTION('ref_axis',(-0.965925826288944,0.,0.258819045102985));
#4348=DIRECTION('center_axis',(0.,0.,-1.));
#4349=DIRECTION('ref_axis',(0.,1.,0.));
#4350=DIRECTION('',(0.,0.,1.));
#4351=DIRECTION('center_axis',(0.258819045102985,3.4936109928438E-15,0.965925826288944));
#4352=DIRECTION('ref_axis',(0.965925826288944,-3.15230325390582E-13,-0.258819045102985));
#4353=DIRECTION('center_axis',(0.258819045102985,0.,0.965925826288944));
#4354=DIRECTION('ref_axis',(-0.965925826288944,0.,0.258819045102985));
#4355=DIRECTION('',(0.,-1.,0.));
#4356=DIRECTION('',(0.,1.,0.));
#4357=DIRECTION('center_axis',(0.258819045102985,-2.63961719459285E-15,
0.965925826288944));
#4358=DIRECTION('ref_axis',(0.965925826288944,-1.10306406751594E-12,-0.258819045102985));
#4359=DIRECTION('',(0.,-1.,0.));
#4360=DIRECTION('center_axis',(0.258819045102985,8.07412318346053E-15,0.965925826288944));
#4361=DIRECTION('ref_axis',(0.965925826288944,-3.68840039124079E-13,-0.258819045102985));
#4362=DIRECTION('',(0.965925826288944,0.,-0.258819045102985));
#4363=DIRECTION('',(0.,1.,0.));
#4364=DIRECTION('',(0.965925826288944,0.,-0.258819045102985));
#4365=DIRECTION('center_axis',(0.258819045102985,-8.85048118187049E-15,
0.965925826288944));
#4366=DIRECTION('ref_axis',(0.965925826288944,4.70071204205773E-13,-0.258819045102985));
#4367=DIRECTION('center_axis',(0.258819045102985,0.,0.965925826288944));
#4368=DIRECTION('ref_axis',(-0.965925826288944,0.,0.258819045102985));
#4369=DIRECTION('center_axis',(0.258819045102985,0.,0.965925826288944));
#4370=DIRECTION('ref_axis',(-0.965925826288944,0.,0.258819045102985));
#4371=DIRECTION('center_axis',(0.258819045102985,0.,0.965925826288944));
#4372=DIRECTION('ref_axis',(-0.965925826288944,0.,0.258819045102985));
#4373=DIRECTION('center_axis',(0.258819045102985,0.,0.965925826288944));
#4374=DIRECTION('ref_axis',(-0.965925826288944,0.,0.258819045102985));
#4375=DIRECTION('center_axis',(-1.,0.,0.));
#4376=DIRECTION('ref_axis',(0.,-1.,0.));
#4377=DIRECTION('',(0.,0.,1.));
#4378=DIRECTION('',(0.,0.,-1.));
#4379=DIRECTION('center_axis',(0.,0.,-1.));
#4380=DIRECTION('ref_axis',(0.,1.,0.));
#4381=DIRECTION('',(0.,0.,1.));
#4382=DIRECTION('center_axis',(0.,1.,0.));
#4383=DIRECTION('ref_axis',(1.,0.,0.));
#4384=DIRECTION('',(1.,0.,-9.260553031211E-16));
#4385=DIRECTION('',(1.445602896647E-16,0.,-1.));
#4386=DIRECTION('',(-1.,0.,0.));
#4387=DIRECTION('',(-1.,0.,0.));
#4388=DIRECTION('center_axis',(0.793353340291013,-0.60876142900901,0.));
#4389=DIRECTION('ref_axis',(0.60876142900901,0.793353340291013,0.));
#4390=DIRECTION('',(0.,0.,-1.));
#4391=DIRECTION('',(0.60876142900901,0.793353340291013,0.));
#4392=DIRECTION('center_axis',(0.258819045102985,0.,0.965925826288944));
#4393=DIRECTION('ref_axis',(-0.965925826288944,0.,0.258819045102985));
#4394=DIRECTION('',(0.258819045102985,0.,0.965925826288944));
#4395=DIRECTION('center_axis',(0.,0.,1.));
#4396=DIRECTION('ref_axis',(-1.,0.,0.));
#4397=DIRECTION('center_axis',(0.258819045102985,0.,0.965925826288944));
#4398=DIRECTION('ref_axis',(-0.965925826288944,0.,0.258819045102985));
#4399=DIRECTION('',(0.258819045102985,0.,0.965925826288944));
#4400=DIRECTION('center_axis',(0.,0.,1.));
#4401=DIRECTION('ref_axis',(1.,0.,0.));
#4402=DIRECTION('center_axis',(0.,0.,1.));
#4403=DIRECTION('ref_axis',(1.,0.,0.));
#4404=DIRECTION('center_axis',(0.,0.,1.));
#4405=DIRECTION('ref_axis',(-1.,0.,0.));
#4406=DIRECTION('center_axis',(0.793353340291013,0.60876142900901,0.));
#4407=DIRECTION('ref_axis',(-0.60876142900901,0.793353340291013,0.));
#4408=DIRECTION('',(0.,0.,-1.));
#4409=DIRECTION('',(-0.60876142900901,0.793353340291013,0.));
#4410=DIRECTION('center_axis',(1.,0.,0.));
#4411=DIRECTION('ref_axis',(0.,0.,-1.));
#4412=DIRECTION('',(0.,-1.,0.));
#4413=DIRECTION('center_axis',(0.,0.,1.));
#4414=DIRECTION('ref_axis',(1.,0.,0.));
#4415=DIRECTION('',(4.034706289787E-15,1.,0.));
#4416=DIRECTION('center_axis',(0.,0.,1.));
#4417=DIRECTION('ref_axis',(1.,0.,0.));
#4418=DIRECTION('center_axis',(-1.,4.034706289787E-15,0.));
#4419=DIRECTION('ref_axis',(-4.034706289787E-15,-1.,0.));
#4420=DIRECTION('',(4.034706289787E-15,1.,0.));
#4421=DIRECTION('center_axis',(0.,0.,1.));
#4422=DIRECTION('ref_axis',(1.,0.,0.));
#4423=DIRECTION('',(4.034706289787E-15,-1.,0.));
#4424=DIRECTION('center_axis',(0.,0.,1.));
#4425=DIRECTION('ref_axis',(1.,0.,0.));
#4426=DIRECTION('',(1.,0.,-2.391386920477E-16));
#4427=DIRECTION('',(-1.,-1.265969882735E-16,0.));
#4428=DIRECTION('',(0.,1.,0.));
#4429=DIRECTION('',(1.,0.,0.));
#4430=DIRECTION('',(1.,0.,-2.391386920477E-16));
#4431=DIRECTION('center_axis',(0.,0.,1.));
#4432=DIRECTION('ref_axis',(1.,0.,0.));
#4433=DIRECTION('',(0.,1.,0.));
#4434=DIRECTION('',(1.,0.,0.));
#4435=DIRECTION('',(0.707106781186547,-0.707106781186547,0.));
#4436=DIRECTION('',(0.,-1.,0.));
#4437=DIRECTION('',(-0.707106781186547,-0.707106781186547,0.));
#4438=DIRECTION('',(-1.,0.,0.));
#4439=DIRECTION('',(0.,1.,0.));
#4440=DIRECTION('center_axis',(0.,0.,1.));
#4441=DIRECTION('ref_axis',(1.,0.,0.));
#4442=DIRECTION('center_axis',(0.,0.,1.));
#4443=DIRECTION('ref_axis',(1.,0.,0.));
#4444=DIRECTION('',(-1.,-1.611655194212E-16,0.));
#4445=DIRECTION('',(0.60876142900901,0.793353340291013,0.));
#4446=DIRECTION('center_axis',(0.,0.,1.));
#4447=DIRECTION('ref_axis',(1.,0.,0.));
#4448=DIRECTION('',(-1.,-1.611655194212E-16,0.));
#4449=DIRECTION('center_axis',(0.,0.,1.));
#4450=DIRECTION('ref_axis',(-1.,0.,0.));
#4451=DIRECTION('',(1.,1.611655194212E-16,0.));
#4452=DIRECTION('center_axis',(0.,0.,1.));
#4453=DIRECTION('ref_axis',(1.,0.,0.));
#4454=DIRECTION('',(-0.60876142900901,0.793353340291013,0.));
#4455=DIRECTION('',(1.,1.611655194212E-16,0.));
#4456=DIRECTION('center_axis',(0.,0.,1.));
#4457=DIRECTION('ref_axis',(-1.,0.,0.));
#4458=DIRECTION('center_axis',(0.,0.,1.));
#4459=DIRECTION('ref_axis',(1.,0.,0.));
#4460=DIRECTION('center_axis',(0.,0.,1.));
#4461=DIRECTION('ref_axis',(1.,0.,0.));
#4462=DIRECTION('center_axis',(1.,4.034706289787E-15,0.));
#4463=DIRECTION('ref_axis',(-4.034706289787E-15,1.,0.));
#4464=DIRECTION('',(4.034706289787E-15,-1.,0.));
#4465=DIRECTION('center_axis',(0.,0.,1.));
#4466=DIRECTION('ref_axis',(1.,0.,0.));
#4467=DIRECTION('',(0.,1.,0.));
#4468=DIRECTION('center_axis',(0.,0.,1.));
#4469=DIRECTION('ref_axis',(1.,0.,0.));
#4470=DIRECTION('center_axis',(-1.,0.,0.));
#4471=DIRECTION('ref_axis',(0.,0.,1.));
#4472=DIRECTION('center_axis',(0.258819045102985,0.,0.965925826288944));
#4473=DIRECTION('ref_axis',(-0.965925826288944,0.,0.258819045102985));
#4474=DIRECTION('',(0.258819045102985,0.,0.965925826288944));
#4475=DIRECTION('center_axis',(0.,-1.,0.));
#4476=DIRECTION('ref_axis',(1.,0.,0.));
#4477=DIRECTION('',(0.,0.,-1.));
#4478=DIRECTION('',(1.,0.,0.));
#4479=DIRECTION('',(-1.,0.,0.));
#4480=DIRECTION('',(-1.445602896647E-16,0.,1.));
#4481=DIRECTION('',(1.,0.,-9.260553031211E-16));
#4482=DIRECTION('center_axis',(0.,0.,-1.));
#4483=DIRECTION('ref_axis',(0.,1.,0.));
#4484=DIRECTION('',(0.,0.,1.));
#4485=DIRECTION('center_axis',(-1.,0.,0.));
#4486=DIRECTION('ref_axis',(0.,-1.,0.));
#4487=DIRECTION('',(0.,0.,-1.));
#4488=DIRECTION('center_axis',(0.,0.,-1.));
#4489=DIRECTION('ref_axis',(0.,1.,0.));
#4490=DIRECTION('',(0.,0.,-1.));
#4491=DIRECTION('center_axis',(0.,0.,1.));
#4492=DIRECTION('ref_axis',(0.,1.,0.));
#4493=DIRECTION('center_axis',(0.,0.,1.));
#4494=DIRECTION('ref_axis',(0.,1.,0.));
#4495=DIRECTION('center_axis',(1.445602896647E-16,0.,-1.));
#4496=DIRECTION('ref_axis',(1.,0.,1.445602896647E-16));
#4497=DIRECTION('center_axis',(0.,0.,-1.));
#4498=DIRECTION('ref_axis',(0.,1.,0.));
#4499=DIRECTION('center_axis',(0.,0.,1.));
#4500=DIRECTION('ref_axis',(0.,-1.,0.));
#4501=DIRECTION('',(-1.445602896647E-16,0.,1.));
#4502=DIRECTION('center_axis',(-1.,0.,-1.445602896647E-16));
#4503=DIRECTION('ref_axis',(1.445602896647E-16,0.,-1.));
#4504=DIRECTION('',(1.445602896647E-16,0.,-1.));
#4505=DIRECTION('',(0.,1.,0.));
#4506=DIRECTION('',(0.,-1.,0.));
#4507=DIRECTION('',(0.,-1.,0.));
#4508=DIRECTION('center_axis',(0.,0.,-1.));
#4509=DIRECTION('ref_axis',(0.,1.,0.));
#4510=DIRECTION('',(0.,0.,-1.));
#4511=DIRECTION('center_axis',(0.,-1.,0.));
#4512=DIRECTION('ref_axis',(1.,0.,0.));
#4513=DIRECTION('',(0.,0.,-1.));
#4514=DIRECTION('',(0.,0.,1.));
#4515=DIRECTION('center_axis',(0.707106781186548,-0.707106781186548,0.));
#4516=DIRECTION('ref_axis',(0.,0.,-1.));
#4517=DIRECTION('',(0.,0.,-1.));
#4518=DIRECTION('center_axis',(-1.,0.,0.));
#4519=DIRECTION('ref_axis',(0.,-1.,0.));
#4520=DIRECTION('',(0.,0.,1.));
#4521=DIRECTION('center_axis',(-0.707106781186548,-0.707106781186548,0.));
#4522=DIRECTION('ref_axis',(0.,0.,1.));
#4523=DIRECTION('',(0.,0.,-1.));
#4524=DIRECTION('center_axis',(0.,-1.,0.));
#4525=DIRECTION('ref_axis',(1.,0.,0.));
#4526=DIRECTION('',(0.,0.,1.));
#4527=DIRECTION('',(0.,0.,-1.));
#4528=DIRECTION('center_axis',(0.,0.,1.));
#4529=DIRECTION('ref_axis',(0.,-1.,0.));
#4530=DIRECTION('center_axis',(0.,0.,1.));
#4531=DIRECTION('ref_axis',(0.,1.,0.));
#4532=DIRECTION('center_axis',(0.,0.,1.));
#4533=DIRECTION('ref_axis',(0.,1.,0.));
#4534=DIRECTION('center_axis',(1.,0.,0.));
#4535=DIRECTION('ref_axis',(0.,1.,0.));
#4536=DIRECTION('center_axis',(0.258819045102985,0.,0.965925826288944));
#4537=DIRECTION('ref_axis',(-0.965925826288944,0.,0.258819045102985));
#4538=DIRECTION('',(0.258819045102985,0.,0.965925826288944));
#4539=DIRECTION('center_axis',(0.258819045102985,0.,0.965925826288944));
#4540=DIRECTION('ref_axis',(-0.965925826288944,0.,0.258819045102985));
#4541=DIRECTION('',(0.258819045102985,0.,0.965925826288944));
#4542=DIRECTION('center_axis',(0.258819045102985,0.,0.965925826288944));
#4543=DIRECTION('ref_axis',(-0.965925826288944,0.,0.258819045102985));
#4544=DIRECTION('',(0.258819045102985,0.,0.965925826288944));
#4545=DIRECTION('center_axis',(0.258819045102985,0.,0.965925826288944));
#4546=DIRECTION('ref_axis',(-0.965925826288944,0.,0.258819045102985));
#4547=DIRECTION('',(0.258819045102985,0.,0.965925826288944));
#4548=DIRECTION('center_axis',(0.258819045102985,0.,0.965925826288944));
#4549=DIRECTION('ref_axis',(-0.965925826288944,0.,0.258819045102985));
#4550=DIRECTION('',(0.258819045102985,0.,0.965925826288944));
#4551=DIRECTION('center_axis',(0.258819045102985,0.,0.965925826288944));
#4552=DIRECTION('ref_axis',(-0.965925826288944,0.,0.258819045102985));
#4553=DIRECTION('',(0.258819045102985,0.,0.965925826288944));
#4554=DIRECTION('center_axis',(0.258819045102985,0.,0.965925826288944));
#4555=DIRECTION('ref_axis',(-0.965925826288944,0.,0.258819045102985));
#4556=DIRECTION('center_axis',(0.,0.,1.));
#4557=DIRECTION('ref_axis',(-1.,0.,0.));
#4558=DIRECTION('',(0.258819045102985,0.,0.965925826288944));
#4559=DIRECTION('center_axis',(0.258819045102985,0.,0.965925826288944));
#4560=DIRECTION('ref_axis',(-0.965925826288944,0.,0.258819045102985));
#4561=DIRECTION('center_axis',(0.,0.,1.));
#4562=DIRECTION('ref_axis',(-1.,0.,0.));
#4563=DIRECTION('center_axis',(0.,0.,1.));
#4564=DIRECTION('ref_axis',(-1.,0.,0.));
#4565=DIRECTION('',(0.258819045102985,0.,0.965925826288944));
#4566=DIRECTION('center_axis',(0.,0.,1.));
#4567=DIRECTION('ref_axis',(0.,1.,0.));
#4568=DIRECTION('center_axis',(0.,0.,1.));
#4569=DIRECTION('ref_axis',(0.,1.,0.));
#4570=DIRECTION('center_axis',(0.,0.,1.));
#4571=DIRECTION('ref_axis',(1.,-1.836970198721E-16,0.));
#4572=DIRECTION('center_axis',(0.,0.,1.));
#4573=DIRECTION('ref_axis',(0.,1.,0.));
#4574=DIRECTION('center_axis',(0.,0.,1.));
#4575=DIRECTION('ref_axis',(0.,1.,0.));
#4576=DIRECTION('center_axis',(0.,0.,1.));
#4577=DIRECTION('ref_axis',(1.,-1.836970198721E-16,0.));
#4578=DIRECTION('center_axis',(1.,0.,0.));
#4579=DIRECTION('ref_axis',(0.,1.,0.));
#4580=DIRECTION('center_axis',(0.,0.,-1.));
#4581=DIRECTION('ref_axis',(0.,1.,0.));
#4582=DIRECTION('center_axis',(0.,0.,1.));
#4583=DIRECTION('ref_axis',(1.,0.,0.));
#4584=DIRECTION('center_axis',(0.,0.,1.));
#4585=DIRECTION('ref_axis',(1.,0.,0.));
#4586=DIRECTION('center_axis',(0.,0.,1.));
#4587=DIRECTION('ref_axis',(1.,0.,0.));
#4588=DIRECTION('center_axis',(0.,0.,-1.));
#4589=DIRECTION('ref_axis',(-1.,0.,0.));
#4590=DIRECTION('',(0.,0.,-1.));
#4591=DIRECTION('center_axis',(0.,0.,1.));
#4592=DIRECTION('ref_axis',(1.,0.,0.));
#4593=DIRECTION('center_axis',(0.,0.,1.));
#4594=DIRECTION('ref_axis',(1.,0.,0.));
#4595=DIRECTION('',(0.,0.,1.));
#4596=DIRECTION('center_axis',(0.,1.,0.));
#4597=DIRECTION('ref_axis',(0.,0.,1.));
#4598=DIRECTION('',(0.,0.,1.));
#4599=DIRECTION('center_axis',(1.,0.,0.));
#4600=DIRECTION('ref_axis',(0.,0.,-1.));
#4601=DIRECTION('center_axis',(0.,0.,1.));
#4602=DIRECTION('ref_axis',(1.,0.,0.));
#4603=DIRECTION('center_axis',(1.,2.511671068357E-16,0.));
#4604=DIRECTION('ref_axis',(-2.511671068357E-16,1.,0.));
#4605=DIRECTION('',(0.,0.,-1.));
#4606=DIRECTION('center_axis',(0.,0.,1.));
#4607=DIRECTION('ref_axis',(1.,0.,0.));
#4608=DIRECTION('',(0.,0.,1.));
#4609=DIRECTION('center_axis',(0.,0.,1.));
#4610=DIRECTION('ref_axis',(-1.,1.224646799147E-16,0.));
#4611=DIRECTION('',(0.,0.,-1.));
#4612=DIRECTION('center_axis',(0.,0.,1.));
#4613=DIRECTION('ref_axis',(1.,0.,0.));
#4614=DIRECTION('',(0.,0.,1.));
#4615=DIRECTION('center_axis',(1.,0.,0.));
#4616=DIRECTION('ref_axis',(0.,0.,-1.));
#4617=DIRECTION('',(0.,0.,1.));
#4618=DIRECTION('center_axis',(0.,-1.,0.));
#4619=DIRECTION('ref_axis',(0.,0.,-1.));
#4620=DIRECTION('',(0.,0.,1.));
#4621=DIRECTION('center_axis',(0.,0.,-1.));
#4622=DIRECTION('ref_axis',(-1.,0.,0.));
#4623=DIRECTION('center_axis',(0.,0.,1.));
#4624=DIRECTION('ref_axis',(1.,0.,0.));
#4625=DIRECTION('center_axis',(0.,0.,-1.));
#4626=DIRECTION('ref_axis',(-1.,0.,0.));
#4627=DIRECTION('center_axis',(0.,0.,-1.));
#4628=DIRECTION('ref_axis',(-1.040834085586E-14,1.,0.));
#4629=DIRECTION('',(0.,0.,1.));
#4630=DIRECTION('',(0.,0.,-1.));
#4631=DIRECTION('center_axis',(0.,0.,-1.));
#4632=DIRECTION('ref_axis',(-1.040834085586E-14,1.,0.));
#4633=DIRECTION('',(0.,0.,-1.));
#4634=DIRECTION('center_axis',(0.,0.,1.));
#4635=DIRECTION('ref_axis',(1.,0.,0.));
#4636=DIRECTION('',(0.,0.,1.));
#4637=DIRECTION('center_axis',(0.,0.,1.));
#4638=DIRECTION('ref_axis',(1.,0.,0.));
#4639=DIRECTION('center_axis',(0.,0.,-1.));
#4640=DIRECTION('ref_axis',(-1.,0.,0.));
#4641=DIRECTION('center_axis',(0.,0.,-1.));
#4642=DIRECTION('ref_axis',(-1.,0.,0.));
#4643=DIRECTION('',(0.,0.,1.));
#4644=DIRECTION('',(0.,0.,-1.));
#4645=DIRECTION('center_axis',(0.,0.,-1.));
#4646=DIRECTION('ref_axis',(-1.,0.,0.));
#4647=DIRECTION('',(0.,0.,-1.));
#4648=DIRECTION('center_axis',(0.,0.,1.));
#4649=DIRECTION('ref_axis',(1.,0.,0.));
#4650=DIRECTION('',(0.,0.,1.));
#4651=DIRECTION('center_axis',(0.,0.,-1.));
#4652=DIRECTION('ref_axis',(-1.,0.,0.));
#4653=DIRECTION('',(0.,0.,1.));
#4654=DIRECTION('center_axis',(0.,0.,1.));
#4655=DIRECTION('ref_axis',(1.,0.,0.));
#4656=DIRECTION('center_axis',(0.,0.,1.));
#4657=DIRECTION('ref_axis',(1.,0.,0.));
#4658=DIRECTION('center_axis',(0.,0.,1.));
#4659=DIRECTION('ref_axis',(1.,0.,0.));
#4660=DIRECTION('center_axis',(0.,0.,1.));
#4661=DIRECTION('ref_axis',(1.,0.,0.));
#4662=DIRECTION('center_axis',(1.,0.,0.));
#4663=DIRECTION('ref_axis',(0.,1.,0.));
#4664=DIRECTION('',(0.,0.,1.));
#4665=DIRECTION('',(0.,1.,0.));
#4666=DIRECTION('',(0.,0.,1.));
#4667=DIRECTION('center_axis',(0.,0.,-1.));
#4668=DIRECTION('ref_axis',(-1.,0.,0.));
#4669=DIRECTION('',(0.,0.,1.));
#4670=DIRECTION('center_axis',(0.,0.,-1.));
#4671=DIRECTION('ref_axis',(1.,0.,0.));
#4672=DIRECTION('center_axis',(1.265969882735E-16,-1.,0.));
#4673=DIRECTION('ref_axis',(1.,1.265969882735E-16,0.));
#4674=DIRECTION('',(-0.939692620785813,-1.18962255694376E-16,0.342020143325932));
#4675=DIRECTION('',(-0.342020143325932,-4.32987200739014E-17,-0.939692620785813));
#4676=DIRECTION('center_axis',(-1.265969882735E-16,1.,0.));
#4677=DIRECTION('ref_axis',(1.,1.265969882735E-16,0.));
#4678=DIRECTION('center_axis',(0.,-1.,0.));
#4679=DIRECTION('ref_axis',(0.,0.,-1.));
#4680=DIRECTION('',(0.,-1.,0.));
#4681=DIRECTION('center_axis',(0.,-1.,0.));
#4682=DIRECTION('ref_axis',(-2.775557561563E-15,0.,1.));
#4683=DIRECTION('center_axis',(0.,1.,0.));
#4684=DIRECTION('ref_axis',(0.,0.,1.));
#4685=DIRECTION('',(0.342020143325932,0.,0.939692620785813));
#4686=DIRECTION('',(0.939692620785813,0.,-0.342020143325932));
#4687=DIRECTION('center_axis',(1.611655194212E-16,-1.,0.));
#4688=DIRECTION('ref_axis',(1.,1.611655194212E-16,0.));
#4689=DIRECTION('',(-1.,-1.611655194212E-16,0.));
#4690=DIRECTION('',(0.,0.,1.));
#4691=DIRECTION('',(1.,1.611655194212E-16,0.));
#4692=DIRECTION('',(0.,0.,1.));
#4693=DIRECTION('center_axis',(-0.793353340291013,0.60876142900901,0.));
#4694=DIRECTION('ref_axis',(-0.60876142900901,-0.793353340291013,0.));
#4695=DIRECTION('',(-0.60876142900901,-0.793353340291013,0.));
#4696=DIRECTION('',(0.,0.,-1.));
#4697=DIRECTION('center_axis',(0.,0.,-1.));
#4698=DIRECTION('ref_axis',(-1.,0.,0.));
#4699=DIRECTION('',(0.,0.,1.));
#4700=DIRECTION('center_axis',(0.,0.,1.));
#4701=DIRECTION('ref_axis',(1.,0.,0.));
#4702=DIRECTION('center_axis',(1.611655194212E-16,-1.,0.));
#4703=DIRECTION('ref_axis',(1.,1.611655194212E-16,0.));
#4704=DIRECTION('',(1.,1.611655194212E-16,0.));
#4705=DIRECTION('',(0.,0.,-1.));
#4706=DIRECTION('',(-1.,-1.611655194212E-16,0.));
#4707=DIRECTION('center_axis',(-1.611655194212E-16,1.,0.));
#4708=DIRECTION('ref_axis',(-1.,-1.611655194212E-16,0.));
#4709=DIRECTION('',(0.,0.,-1.));
#4710=DIRECTION('',(1.,1.611655194212E-16,0.));
#4711=DIRECTION('',(0.,0.,1.));
#4712=DIRECTION('',(-1.,-1.611655194212E-16,0.));
#4713=DIRECTION('center_axis',(0.,0.,-1.));
#4714=DIRECTION('ref_axis',(-1.,0.,0.));
#4715=DIRECTION('center_axis',(0.,0.,1.));
#4716=DIRECTION('ref_axis',(1.,0.,0.));
#4717=DIRECTION('',(0.,0.,-1.));
#4718=DIRECTION('center_axis',(-0.793353340291013,-0.60876142900901,0.));
#4719=DIRECTION('ref_axis',(0.60876142900901,-0.793353340291013,0.));
#4720=DIRECTION('',(0.60876142900901,-0.793353340291013,0.));
#4721=DIRECTION('',(0.,0.,-1.));
#4722=DIRECTION('center_axis',(-1.611655194212E-16,1.,0.));
#4723=DIRECTION('ref_axis',(-1.,-1.611655194212E-16,0.));
#4724=DIRECTION('',(-1.,-1.611655194212E-16,0.));
#4725=DIRECTION('',(0.,0.,-1.));
#4726=DIRECTION('',(1.,1.611655194212E-16,0.));
#4727=DIRECTION('center_axis',(0.,0.,1.));
#4728=DIRECTION('ref_axis',(1.,0.,0.));
#4729=DIRECTION('center_axis',(0.,0.,1.));
#4730=DIRECTION('ref_axis',(1.,0.,0.));
#4731=DIRECTION('',(0.,0.,1.));
#4732=DIRECTION('center_axis',(0.,0.,1.));
#4733=DIRECTION('ref_axis',(1.,0.,0.));
#4734=DIRECTION('center_axis',(0.,0.,1.));
#4735=DIRECTION('ref_axis',(1.,0.,0.));
#4736=DIRECTION('',(0.,0.,1.));
#4737=DIRECTION('center_axis',(0.,0.,-1.));
#4738=DIRECTION('ref_axis',(-1.,0.,0.));
#4739=DIRECTION('',(0.,0.,1.));
#4740=DIRECTION('center_axis',(0.,0.,-1.));
#4741=DIRECTION('ref_axis',(1.,0.,0.));
#4742=DIRECTION('center_axis',(0.,0.,-1.));
#4743=DIRECTION('ref_axis',(0.,1.,0.));
#4744=DIRECTION('',(0.,-1.,0.));
#4745=DIRECTION('center_axis',(0.,0.,-1.));
#4746=DIRECTION('ref_axis',(0.,1.,0.));
#4747=DIRECTION('center_axis',(1.445602896647E-16,0.,-1.));
#4748=DIRECTION('ref_axis',(1.,0.,1.445602896647E-16));
#4749=DIRECTION('',(1.445602896647E-16,0.,-1.));
#4750=DIRECTION('center_axis',(0.,0.,1.));
#4751=DIRECTION('ref_axis',(0.,-1.,0.));
#4752=DIRECTION('center_axis',(-1.,0.,-1.445602896647E-16));
#4753=DIRECTION('ref_axis',(1.445602896647E-16,0.,-1.));
#4754=DIRECTION('',(-1.445602896647E-16,0.,1.));
#4755=DIRECTION('',(0.,-1.,0.));
#4756=DIRECTION('',(0.,1.,0.));
#4757=DIRECTION('center_axis',(0.,0.,1.));
#4758=DIRECTION('ref_axis',(1.,0.,0.));
#4759=DIRECTION('',(-1.,0.,0.));
#4760=DIRECTION('center_axis',(0.,0.,1.));
#4761=DIRECTION('ref_axis',(1.,0.,0.));
#4762=DIRECTION('',(1.,0.,0.));
#4763=DIRECTION('center_axis',(0.,0.,1.));
#4764=DIRECTION('ref_axis',(1.,0.,0.));
#4765=DIRECTION('center_axis',(0.,0.,1.));
#4766=DIRECTION('ref_axis',(1.,0.,0.));
#4767=DIRECTION('center_axis',(0.,0.,-1.));
#4768=DIRECTION('ref_axis',(0.,1.,0.));
#4769=DIRECTION('center_axis',(0.,0.,1.));
#4770=DIRECTION('ref_axis',(0.,1.,0.));
#4771=DIRECTION('center_axis',(0.,-1.,0.));
#4772=DIRECTION('ref_axis',(0.,0.,-1.));
#4773=DIRECTION('center_axis',(0.,-1.,0.));
#4774=DIRECTION('ref_axis',(0.,0.,-1.));
#4775=DIRECTION('',(0.,-1.,0.));
#4776=DIRECTION('center_axis',(0.,1.,0.));
#4777=DIRECTION('ref_axis',(0.,0.,1.));
#4778=DIRECTION('center_axis',(0.,1.,0.));
#4779=DIRECTION('ref_axis',(0.,0.,1.));
#4780=DIRECTION('',(0.,1.,0.));
#4781=DIRECTION('center_axis',(0.,0.,-1.));
#4782=DIRECTION('ref_axis',(-1.047444401653E-14,1.,0.));
#4783=DIRECTION('center_axis',(0.,0.,1.));
#4784=DIRECTION('ref_axis',(-1.,0.,0.));
#4785=DIRECTION('center_axis',(0.,0.,-1.));
#4786=DIRECTION('ref_axis',(-1.,0.,0.));
#4787=DIRECTION('center_axis',(0.,0.,1.));
#4788=DIRECTION('ref_axis',(-1.,0.,0.));
#4789=DIRECTION('center_axis',(0.,0.,-1.));
#4790=DIRECTION('ref_axis',(-1.,0.,0.));
#4791=DIRECTION('',(-0.70710678118623,8.65956056235105E-17,0.707106781186865));
#4792=DIRECTION('center_axis',(0.,0.,1.));
#4793=DIRECTION('ref_axis',(1.,0.,0.));
#4794=DIRECTION('center_axis',(-0.342020143325932,0.,-0.939692620785813));
#4795=DIRECTION('ref_axis',(-0.939692620785813,0.,0.342020143325932));
#4796=DIRECTION('',(0.,-1.,0.));
#4797=DIRECTION('',(0.939692620785813,1.18962255694376E-16,-0.342020143325932));
#4798=DIRECTION('',(-0.939692620785813,0.,0.342020143325932));
#4799=DIRECTION('center_axis',(0.939692620785813,1.18962255694376E-16,-0.342020143325932));
#4800=DIRECTION('ref_axis',(-0.342020143325932,1.6951343374659E-31,-0.939692620785813));
#4801=DIRECTION('center_axis',(-0.939692620785813,-4.86602127639303E-32,
0.342020143325932));
#4802=DIRECTION('ref_axis',(-0.342020143325932,1.15648231731777E-15,-0.939692620785813));
#4803=DIRECTION('center_axis',(-0.939692620785813,0.,0.342020143325932));
#4804=DIRECTION('ref_axis',(0.342020143325932,0.,0.939692620785813));
#4805=DIRECTION('center_axis',(-0.939692620785813,0.,0.342020143325932));
#4806=DIRECTION('ref_axis',(-0.342020143325932,0.,-0.939692620785813));
#4807=DIRECTION('center_axis',(0.939692620785813,0.,-0.342020143325932));
#4808=DIRECTION('ref_axis',(-0.342020143325932,0.,-0.939692620785813));
#4809=DIRECTION('center_axis',(0.939692620785813,0.,-0.342020143325932));
#4810=DIRECTION('ref_axis',(-0.342020143325932,0.,-0.939692620785813));
#4811=DIRECTION('',(0.939692620785813,0.,-0.342020143325932));
#4812=DIRECTION('center_axis',(0.939692620785813,0.,-0.342020143325932));
#4813=DIRECTION('ref_axis',(-0.342020143325932,0.,-0.939692620785813));
#4814=DIRECTION('center_axis',(0.939692620785813,0.,-0.342020143325932));
#4815=DIRECTION('ref_axis',(-0.342020143325932,0.,-0.939692620785813));
#4816=DIRECTION('',(0.939692620785813,0.,-0.342020143325932));
#4817=DIRECTION('center_axis',(0.939692620785813,0.,-0.342020143325932));
#4818=DIRECTION('ref_axis',(-0.342020143325932,0.,-0.939692620785813));
#4819=DIRECTION('center_axis',(0.,0.,1.));
#4820=DIRECTION('ref_axis',(6.123233995737E-17,1.,0.));
#4821=DIRECTION('center_axis',(0.,0.,1.));
#4822=DIRECTION('ref_axis',(1.,0.,0.));
#4823=DIRECTION('center_axis',(0.,0.,1.));
#4824=DIRECTION('ref_axis',(1.,0.,0.));
#4825=DIRECTION('center_axis',(0.,0.,1.));
#4826=DIRECTION('ref_axis',(-1.836970198721E-16,-1.,0.));
#4827=DIRECTION('center_axis',(0.,0.,1.));
#4828=DIRECTION('ref_axis',(9.251858538543E-15,-1.,0.));
#4829=DIRECTION('center_axis',(0.,0.,1.));
#4830=DIRECTION('ref_axis',(1.,0.,0.));
#4831=DIRECTION('center_axis',(0.,0.,1.));
#4832=DIRECTION('ref_axis',(1.,0.,0.));
#4833=DIRECTION('center_axis',(0.,0.,-1.));
#4834=DIRECTION('ref_axis',(1.,0.,0.));
#4835=DIRECTION('center_axis',(0.,0.,1.));
#4836=DIRECTION('ref_axis',(1.,0.,0.));
#4837=DIRECTION('center_axis',(0.,0.,-1.));
#4838=DIRECTION('ref_axis',(1.,0.,0.));
#4839=DIRECTION('center_axis',(0.,0.,-1.));
#4840=DIRECTION('ref_axis',(-1.,0.,0.));
#4841=DIRECTION('',(-0.70710678118623,8.65956056235105E-17,0.707106781186865));
#4842=DIRECTION('center_axis',(0.,0.,1.));
#4843=DIRECTION('ref_axis',(1.,0.,0.));
#4844=DIRECTION('center_axis',(0.,-1.,0.));
#4845=DIRECTION('ref_axis',(0.,0.,-1.));
#4846=DIRECTION('',(-1.04972719113884E-16,-0.515038074909758,0.85716730070229));
#4847=DIRECTION('center_axis',(0.,0.,1.));
#4848=DIRECTION('ref_axis',(1.,0.,0.));
#4849=DIRECTION('',(0.,0.,1.));
#4850=DIRECTION('center_axis',(0.,0.,1.));
#4851=DIRECTION('ref_axis',(1.,0.,0.));
#4852=DIRECTION('',(0.,0.,1.));
#4853=DIRECTION('center_axis',(0.,1.,0.));
#4854=DIRECTION('ref_axis',(0.,0.,1.));
#4855=DIRECTION('',(-1.04972719113884E-16,0.515038074909758,-0.85716730070229));
#4856=DIRECTION('center_axis',(0.,0.,1.));
#4857=DIRECTION('ref_axis',(1.,0.,0.));
#4858=DIRECTION('center_axis',(0.,0.,1.));
#4859=DIRECTION('ref_axis',(1.,0.,0.));
#4860=DIRECTION('center_axis',(-1.10554357864E-14,0.,1.));
#4861=DIRECTION('ref_axis',(1.,0.,1.10554357864E-14));
#4862=DIRECTION('',(-1.,0.,0.));
#4863=DIRECTION('',(1.,0.,0.));
#4864=DIRECTION('center_axis',(2.063896208378E-14,-1.,0.));
#4865=DIRECTION('ref_axis',(-1.,-2.063896208378E-14,0.));
#4866=DIRECTION('center_axis',(6.191688625135E-14,1.,-6.532948862699E-16));
#4867=DIRECTION('ref_axis',(1.,-6.191688625135E-14,0.));
#4868=CARTESIAN_POINT('',(0.,0.,0.));
#4869=CARTESIAN_POINT('Origin',(-21.8455434005713,-5.488379651743,0.6168363040853));
#4870=CARTESIAN_POINT('',(-14.1999999999997,-5.07791058614037,0.616839323006102));
#4871=CARTESIAN_POINT('',(-14.2,-5.8,0.616838926951582));
#4872=CARTESIAN_POINT('',(-14.2,-5.34418955433086,0.61684016493472));
#4873=CARTESIAN_POINT('',(-13.4733935452467,-5.08962540760136,0.616841186035597));
#4874=CARTESIAN_POINT('Ctrl Pts',(-14.1999999999997,-5.07791058614037,0.616839323006102));
#4875=CARTESIAN_POINT('Ctrl Pts',(-13.948636103191,-5.08232776996047,0.616839366736992));
#4876=CARTESIAN_POINT('Ctrl Pts',(-13.7064339534105,-5.08623270650071,0.616839408637767));
#4877=CARTESIAN_POINT('Ctrl Pts',(-13.4733935506579,-5.08962539576159,0.616839448708425));
#4878=CARTESIAN_POINT('',(-13.3998689144176,-5.42730071765401,0.616840302270414));
#4879=CARTESIAN_POINT('Origin',(-13.3998687960988,-5.250458496442,0.6168407825747));
#4880=CARTESIAN_POINT('',(-13.3218056214921,-5.09177859231567,0.616841248971811));
#4881=CARTESIAN_POINT('Origin',(-13.3998687960988,-5.250458496442,0.6168407825747));
#4882=CARTESIAN_POINT('',(-10.5999999999997,-5.1047049039067,0.616839924790206));
#4883=CARTESIAN_POINT('Ctrl Pts',(-13.3218056214952,-5.09177859231519,0.616839474737457));
#4884=CARTESIAN_POINT('Ctrl Pts',(-13.063990761014,-5.09535117905732,0.616839518946446));
#4885=CARTESIAN_POINT('Ctrl Pts',(-12.8132092771121,-5.09836787558328,0.616839561641101));
#4886=CARTESIAN_POINT('Ctrl Pts',(-12.5694611697901,-5.10082868189607,0.61683960282142));
#4887=CARTESIAN_POINT('Ctrl Pts',(-12.5689841676231,-5.100833497564,0.616839602902008));
#4888=CARTESIAN_POINT('Ctrl Pts',(-12.5687075955343,-5.100836289454,0.616839602948734));
#4889=CARTESIAN_POINT('Ctrl Pts',(-12.5680302440951,-5.10084312251254,0.616839603063166));
#4890=CARTESIAN_POINT('Ctrl Pts',(-12.2225810101013,-5.10432798236838,0.616839661423697));
#4891=CARTESIAN_POINT('Ctrl Pts',(-11.9111704898285,-5.1065310200742,0.616839713402615));
#4892=CARTESIAN_POINT('Ctrl Pts',(-11.6337986832777,-5.10745223563396,0.616839758999919));
#4893=CARTESIAN_POINT('Ctrl Pts',(-11.632710950703,-5.107455848244,0.616839759178732));
#4894=CARTESIAN_POINT('Ctrl Pts',(-11.631479353257,-5.107459915911,0.61683975938118));
#4895=CARTESIAN_POINT('Ctrl Pts',(-11.6305370559666,-5.10746301432511,0.616839759536064));
#4896=CARTESIAN_POINT('Ctrl Pts',(-11.3897800982726,-5.10825465912984,0.616839799108877));
#4897=CARTESIAN_POINT('Ctrl Pts',(-11.1550231374508,-5.10806389013177,0.616839837048098));
#4898=CARTESIAN_POINT('Ctrl Pts',(-10.9262661735065,-5.10689070733275,0.616839873353728));
#4899=CARTESIAN_POINT('Ctrl Pts',(-10.925818508215,-5.106888411476,0.616839873424776));
#4900=CARTESIAN_POINT('Ctrl Pts',(-10.925504996328,-5.106886802071,0.616839873474532));
#4901=CARTESIAN_POINT('Ctrl Pts',(-10.9249232465658,-5.1068838084748,0.616839873566854));
#4902=CARTESIAN_POINT('Ctrl Pts',(-10.8091289837296,-5.10628794872904,0.616839891943015));
#4903=CARTESIAN_POINT('Ctrl Pts',(-10.7008212348745,-5.1055616472063,0.616839909017466));
#4904=CARTESIAN_POINT('Ctrl Pts',(-10.5999999999997,-5.1047049039067,0.616839924790206));
#4905=CARTESIAN_POINT('',(-10.6,-5.8,0.616840560481329));
#4906=CARTESIAN_POINT('',(-10.6,-5.34418955433529,0.616841798464467));
#4907=CARTESIAN_POINT('',(-17.1227716549186,-5.8,0.616837600719793));
#4908=CARTESIAN_POINT('Origin',(-21.8456884582615,5.4863840053943,0.6168362950643));
#4909=CARTESIAN_POINT('',(-10.5999999999957,5.10461425778885,0.616833059270858));
#4910=CARTESIAN_POINT('',(-10.6,5.8,0.616840557169859));
#4911=CARTESIAN_POINT('',(-10.6,5.34319172428342,0.616841829288098));
#4912=CARTESIAN_POINT('',(-13.3210471746736,5.09167772675746,0.616841287108422));
#4913=CARTESIAN_POINT('Ctrl Pts',(-10.5999999999957,5.10461425778885,0.616833059270858));
#4914=CARTESIAN_POINT('Ctrl Pts',(-10.8463968758143,5.10684914121309,0.616833017812904));
#4915=CARTESIAN_POINT('Ctrl Pts',(-11.1028454058231,5.10790022139271,0.616832975521051));
#4916=CARTESIAN_POINT('Ctrl Pts',(-11.370687865968,5.1077668298442,0.616832932178301));
#4917=CARTESIAN_POINT('Ctrl Pts',(-11.372231251222,5.1077660223538,0.616832931928601));
#4918=CARTESIAN_POINT('Ctrl Pts',(-11.6645657448505,5.10760741262372,0.616832884631111));
#4919=CARTESIAN_POINT('Ctrl Pts',(-11.9898537510197,5.10594947461462,0.616832832998214));
#4920=CARTESIAN_POINT('Ctrl Pts',(-12.3506465482088,5.102779204891,0.6168327766251));
#4921=CARTESIAN_POINT('Ctrl Pts',(-12.3522512075787,5.1027650812641,0.616832776374401));
#4922=CARTESIAN_POINT('Ctrl Pts',(-12.66466230655,5.1000117613562,0.6168327275662));
#4923=CARTESIAN_POINT('Ctrl Pts',(-12.9871890929127,5.0963195471994,0.616832677749101));
#4924=CARTESIAN_POINT('Ctrl Pts',(-13.3210471740568,5.0916777254909,0.6168391220147));
#4925=CARTESIAN_POINT('',(-13.4741313001597,5.0894951478871,0.616841223278978));
#4926=CARTESIAN_POINT('Origin',(-13.3998618537613,5.2499857105563,0.616840810261301));
#4927=CARTESIAN_POINT('',(-14.1999999999961,5.07775567268091,0.616832493566992));
#4928=CARTESIAN_POINT('Ctrl Pts',(-13.4741313044438,5.089495138579,0.616839068303701));
#4929=CARTESIAN_POINT('Ctrl Pts',(-13.6730030468928,5.0865900863597,0.6168325730823));
#4930=CARTESIAN_POINT('Ctrl Pts',(-13.9135692938524,5.08275173085253,0.616832536653965));
#4931=CARTESIAN_POINT('Ctrl Pts',(-14.1637958463284,5.0783935216147,0.616832499008805));
#4932=CARTESIAN_POINT('Ctrl Pts',(-14.1999999999961,5.07775567268091,0.616832493566992));
#4933=CARTESIAN_POINT('',(-14.2,5.8,0.616838913191844));
#4934=CARTESIAN_POINT('',(-14.2,5.34319172427884,0.616840185310083));
#4935=CARTESIAN_POINT('',(-17.1228441834736,5.8,0.616837578444183));
#4936=CARTESIAN_POINT('Origin',(-12.4,-5.8,0.8168));
#4937=CARTESIAN_POINT('',(-10.6,-5.8,1.0168));
#4938=CARTESIAN_POINT('',(-10.6,-5.8,0.8168));
#4939=CARTESIAN_POINT('',(-14.2,-5.8,1.0168));
#4940=CARTESIAN_POINT('',(-12.4,-5.8,1.0168));
#4941=CARTESIAN_POINT('',(-14.2,-5.8,0.8168));
#4942=CARTESIAN_POINT('Origin',(-10.6,-5.2,0.8168));
#4943=CARTESIAN_POINT('',(-10.6,-4.95000964468001,0.616839820761398));
#4944=CARTESIAN_POINT('',(-10.6,-2.61459394200972,0.616838250251011));
#4945=CARTESIAN_POINT('',(-10.6,-4.95000964468001,0.856141858307005));
#4946=CARTESIAN_POINT('',(-10.6,-4.95000964468001,1.9864709291535));
#4947=CARTESIAN_POINT('',(-10.6,-4.6,0.856141858307005));
#4948=CARTESIAN_POINT('',(-10.6,-2.60000482234,0.856141858307005));
#4949=CARTESIAN_POINT('',(-10.6,-4.6,1.0168));
#4950=CARTESIAN_POINT('',(-10.6,-4.6,0.8168));
#4951=CARTESIAN_POINT('',(-10.6,-5.2,1.0168));
#4952=CARTESIAN_POINT('Origin',(-10.6,5.2,0.8168));
#4953=CARTESIAN_POINT('',(-10.6,4.94999035532,0.616833163251638));
#4954=CARTESIAN_POINT('',(-10.6,2.58540605798793,0.616834753377198));
#4955=CARTESIAN_POINT('',(-10.6,5.8,1.0168));
#4956=CARTESIAN_POINT('',(-10.6,5.8,0.8168));
#4957=CARTESIAN_POINT('',(-10.6,4.6,1.0168));
#4958=CARTESIAN_POINT('',(-10.6,5.2,1.0168));
#4959=CARTESIAN_POINT('',(-10.6,4.6,0.856141858307005));
#4960=CARTESIAN_POINT('',(-10.6,4.6,0.8168));
#4961=CARTESIAN_POINT('',(-10.6,4.94999035532,0.856141858307005));
#4962=CARTESIAN_POINT('',(-10.6,2.59999517766,0.856141858307005));
#4963=CARTESIAN_POINT('',(-10.6,4.94999035532,1.9864709291535));
#4964=CARTESIAN_POINT('Origin',(-12.4,5.8,0.8168));
#4965=CARTESIAN_POINT('',(-14.2,5.8,1.0168));
#4966=CARTESIAN_POINT('',(-14.2,5.8,0.8168));
#4967=CARTESIAN_POINT('',(-12.4,5.8,1.0168));
#4968=CARTESIAN_POINT('Origin',(-13.4,-5.25,0.8168));
#4969=CARTESIAN_POINT('',(-13.57,-5.25,0.6168));
#4970=CARTESIAN_POINT('Origin',(-13.4,-5.25,0.6168));
#4971=CARTESIAN_POINT('',(-13.57,-5.25,1.0168));
#4972=CARTESIAN_POINT('',(-13.57,-5.25,0.8168));
#4973=CARTESIAN_POINT('Origin',(-13.4,-5.25,1.0168));
#4974=CARTESIAN_POINT('Origin',(-13.4,5.25,0.8168));
#4975=CARTESIAN_POINT('',(-13.57,5.25,0.6168));
#4976=CARTESIAN_POINT('Origin',(-13.4,5.25,0.6168));
#4977=CARTESIAN_POINT('',(-13.57,5.25,1.0168));
#4978=CARTESIAN_POINT('',(-13.57,5.25,0.8168));
#4979=CARTESIAN_POINT('Origin',(-13.4,5.25,1.0168));
#4980=CARTESIAN_POINT('Origin',(-12.4,-4.6,0.8168));
#4981=CARTESIAN_POINT('',(-11.6,-4.6,0.616839423231301));
#4982=CARTESIAN_POINT('',(-14.2,-4.6,0.61683900162283));
#4983=CARTESIAN_POINT('',(-17.1005063301335,-4.6,0.616838531285122));
#4984=CARTESIAN_POINT('',(-14.2,-4.6,1.0168));
#4985=CARTESIAN_POINT('',(-14.2,-4.6,0.8168));
#4986=CARTESIAN_POINT('',(-12.4,-4.6,1.0168));
#4987=CARTESIAN_POINT('',(-11.6,-4.6,0.856141858307005));
#4988=CARTESIAN_POINT('',(-9.46255497094999,-4.6,0.856141858307005));
#4989=CARTESIAN_POINT('',(-11.6,-4.6,1.4084));
#4990=CARTESIAN_POINT('Origin',(-12.4,-5.2,1.0168));
#4991=CARTESIAN_POINT('',(-14.2,-5.2,1.0168));
#4992=CARTESIAN_POINT('Origin',(-12.4,-5.2,0.6168));
#4993=CARTESIAN_POINT('Origin',(-13.3998687969989,-5.250458506901,0.616839568787301));
#4994=CARTESIAN_POINT('Origin',(-14.2,-5.2,0.8168));
#4995=CARTESIAN_POINT('',(-14.2,-2.61459394201011,0.616837666485435));
#4996=CARTESIAN_POINT('Origin',(-10.9644692959,-4.95000964468001,3.15614185830701));
#4997=CARTESIAN_POINT('',(-9.39999503518765,-4.9500096446813,0.616838079106517));
#4998=CARTESIAN_POINT('',(-16.3827407884131,-4.95000964468001,0.616838883048896));
#4999=CARTESIAN_POINT('',(-7.496111087709,-4.95000964033481,0.616719927168722));
#5000=CARTESIAN_POINT('Ctrl Pts',(-9.3999950351978,-4.95000964468,0.616835462464591));
#5001=CARTESIAN_POINT('Ctrl Pts',(-9.39999216495206,-4.95000964468,0.616835462452854));
#5002=CARTESIAN_POINT('Ctrl Pts',(-9.39998929470907,-4.95000964468,0.616835462441117));
#5003=CARTESIAN_POINT('Ctrl Pts',(-9.39998642446884,-4.95000964468,0.616835462429379));
#5004=CARTESIAN_POINT('Ctrl Pts',(-9.32273031218052,-4.95000964467998,0.616835146509819));
#5005=CARTESIAN_POINT('Ctrl Pts',(-9.24747169464598,-4.95000964467992,0.61683473151983));
#5006=CARTESIAN_POINT('Ctrl Pts',(-9.17413743758864,-4.95000964467966,0.616834208945396));
#5007=CARTESIAN_POINT('Ctrl Pts',(-8.8671029551721,-4.95000964467856,0.616832021043583));
#5008=CARTESIAN_POINT('Ctrl Pts',(-8.59380080871552,-4.95000964467623,0.61683554201719));
#5009=CARTESIAN_POINT('Ctrl Pts',(-8.34886380823892,-4.95000964467319,0.616810109614455));
#5010=CARTESIAN_POINT('Ctrl Pts',(-8.18226332463994,-4.95000964467115,0.616792811082699));
#5011=CARTESIAN_POINT('Ctrl Pts',(-8.02878544539291,-4.95000964467282,0.616811214484368));
#5012=CARTESIAN_POINT('Ctrl Pts',(-7.88674148667092,-4.95000964467458,0.616807848518034));
#5013=CARTESIAN_POINT('Ctrl Pts',(-7.75704337192778,-4.95000964467619,0.616804775106875));
#5014=CARTESIAN_POINT('Ctrl Pts',(-7.6368779705175,-4.95000964467801,0.616785303282638));
#5015=CARTESIAN_POINT('Ctrl Pts',(-7.5249596014462,-4.95000964467965,0.616734493964514));
#5016=CARTESIAN_POINT('Ctrl Pts',(-7.51528205931325,-4.95000964467979,0.616730100500606));
#5017=CARTESIAN_POINT('Ctrl Pts',(-7.50566618144379,-4.95000964467991,0.616725248854054));
#5018=CARTESIAN_POINT('Ctrl Pts',(-7.49611113661348,-4.95000964468001,0.616719927195959));
#5019=CARTESIAN_POINT('',(-6.26518178211956,-4.95000964468001,0.606141858307005));
#5020=CARTESIAN_POINT('Ctrl Pts',(-7.49611107367752,-4.95000964468001,0.616744427807808));
#5021=CARTESIAN_POINT('Ctrl Pts',(-7.16463590340256,-4.95000964468001,0.616533084974603));
#5022=CARTESIAN_POINT('Ctrl Pts',(-6.69484877469573,-4.95000964468001,0.613958847554598));
#5023=CARTESIAN_POINT('Ctrl Pts',(-6.26518178211956,-4.95000964468001,0.606141858307005));
#5024=CARTESIAN_POINT('',(-0.150109941899984,-4.95000964468001,0.606141858307005));
#5025=CARTESIAN_POINT('',(-6.52510994189998,-4.95000964468001,0.606141858307005));
#5026=CARTESIAN_POINT('',(-0.150109941899984,-4.95000964468001,0.856141858307005));
#5027=CARTESIAN_POINT('',(-0.150109941899984,-4.95000964468001,0.856141858307005));
#5028=CARTESIAN_POINT('',(-5.00010994189998,-4.95000964468001,0.856141858307005));
#5029=CARTESIAN_POINT('',(-6.52510994189998,-4.95000964468001,0.856141858307005));
#5030=CARTESIAN_POINT('',(-5.00010994189998,-4.95000964468001,2.456141858307));
#5031=CARTESIAN_POINT('',(-5.00010994189998,-4.95000964468001,4.352906782543));
#5032=CARTESIAN_POINT('',(-5.80010994189996,-4.95000964468001,2.456141858307));
#5033=CARTESIAN_POINT('',(-5.40010994189998,-4.95000964468001,2.456141858307));
#5034=CARTESIAN_POINT('',(-5.80010994189996,-4.95000964468001,0.856141858307005));
#5035=CARTESIAN_POINT('',(-5.80010994189996,-4.95000964468001,4.352906782543));
#5036=CARTESIAN_POINT('',(-6.52510994189998,-4.95000964468001,0.856141858307005));
#5037=CARTESIAN_POINT('',(-5.40010994189998,-4.95000964468001,1.181141858307));
#5038=CARTESIAN_POINT('Origin',(-5.40010994189998,-4.95000964468001,1.056141858307));
#5039=CARTESIAN_POINT('Origin',(-21.8010126926916,-0.0291877495524,0.6168346953043));
#5040=CARTESIAN_POINT('',(-11.6,-4.37486283120393,0.616839271832019));
#5041=CARTESIAN_POINT('',(-11.6,-0.0145943398476455,0.616836339657267));
#5042=CARTESIAN_POINT('',(-11.6,-4.22515645815608,0.616839171158116));
#5043=CARTESIAN_POINT('Origin',(-11.7001099419,-4.30000964468001,0.616839205261529));
#5044=CARTESIAN_POINT('',(-11.6,-2.79992718488238,0.616838212726015));
#5045=CARTESIAN_POINT('',(-11.6,-0.0145943398476455,0.616836339657267));
#5046=CARTESIAN_POINT('',(-11.6,2.79990789552237,0.616834446972813));
#5047=CARTESIAN_POINT('Origin',(-13.7001099419,-9.64468000574925E-6,0.616835989301667));
#5048=CARTESIAN_POINT('',(-11.6,4.22513716879607,0.616833488540712));
#5049=CARTESIAN_POINT('',(-11.6,-0.0145943398476455,0.616836339657267));
#5050=CARTESIAN_POINT('',(-11.6,4.37484354184392,0.616833387866809));
#5051=CARTESIAN_POINT('Origin',(-11.7001099419,4.29999035531999,0.616833421970222));
#5052=CARTESIAN_POINT('',(-11.6,4.6,0.616833236454555));
#5053=CARTESIAN_POINT('',(-11.6,-0.0145943398476455,0.616836339657267));
#5054=CARTESIAN_POINT('',(-14.2,4.6,0.616832814846083));
#5055=CARTESIAN_POINT('',(-17.1005063301325,4.6,0.616832344508375));
#5056=CARTESIAN_POINT('',(-14.2,2.58540605798754,0.616834169611622));
#5057=CARTESIAN_POINT('',(-13.3998619720894,5.07314364030628,0.616832626416484));
#5058=CARTESIAN_POINT('Origin',(-13.3998618546704,5.2499857170766,0.6168325074945));
#5059=CARTESIAN_POINT('Origin',(-13.3998618546704,5.2499857170766,0.6168325074945));
#5060=CARTESIAN_POINT('',(-9.39993102675739,4.94999035532016,0.616835462229826));
#5061=CARTESIAN_POINT('',(-16.382740788412,4.94999035532,0.616832225539136));
#5062=CARTESIAN_POINT('',(-9.39997779902063,1.42040891117697,0.616835733536841));
#5063=CARTESIAN_POINT('',(-9.39992930660496,5.07979844402731,0.616835452251916));
#5064=CARTESIAN_POINT('',(-9.39997780627492,1.41986147948201,0.61683573357892));
#5065=CARTESIAN_POINT('',(-9.39992930660496,5.07979844402731,0.616835452251916));
#5066=CARTESIAN_POINT('',(-9.39999662168148,-8.26420657033354E-6,0.616835967348706));
#5067=CARTESIAN_POINT('',(-9.39992930660496,5.07979844402731,0.616835452251916));
#5068=CARTESIAN_POINT('Ctrl Pts',(-9.39999503518765,-4.95000964468131,0.616838079106518));
#5069=CARTESIAN_POINT('Ctrl Pts',(-9.39999556402038,-3.30000918452192,0.616838905335997));
#5070=CARTESIAN_POINT('Ctrl Pts',(-9.39999609285219,-1.6500087243635,0.616837779385674));
#5071=CARTESIAN_POINT('Ctrl Pts',(-9.399996621684,-8.264206591946E-6,0.6168360296633));
#5072=CARTESIAN_POINT('Origin',(-12.4,5.2,1.0168));
#5073=CARTESIAN_POINT('',(-14.2,4.6,1.0168));
#5074=CARTESIAN_POINT('',(-14.2,5.2,1.0168));
#5075=CARTESIAN_POINT('',(-12.4,4.6,1.0168));
#5076=CARTESIAN_POINT('Origin',(-12.4,5.2,0.6168));
#5077=CARTESIAN_POINT('Origin',(-12.4,4.6,0.8168));
#5078=CARTESIAN_POINT('',(-11.6,4.6,0.856141858307005));
#5079=CARTESIAN_POINT('',(-11.6,4.6,1.4084));
#5080=CARTESIAN_POINT('',(-9.46255497094999,4.6,0.856141858307005));
#5081=CARTESIAN_POINT('',(-14.2,4.6,0.8168));
#5082=CARTESIAN_POINT('Origin',(-14.2,5.2,0.8168));
#5083=CARTESIAN_POINT('Origin',(-6.52510994189998,-9.64468000574925E-6,
0.856141858307005));
#5084=CARTESIAN_POINT('',(-5.80010994189996,-4.03020815095001,0.856141858307005));
#5085=CARTESIAN_POINT('',(-5.80010994189996,-4.03020815095001,0.856141858307005));
#5086=CARTESIAN_POINT('',(-7.86559372940002,-3.21309067286,0.856141858307005));
#5087=CARTESIAN_POINT('Origin',(-5.40010994189998,-9.64468000574925E-6,
0.856141858307005));
#5088=CARTESIAN_POINT('',(-8.6265455157,-4.20478234822,0.856141858307005));
#5089=CARTESIAN_POINT('',(-5.40010994189998,-9.64468000574925E-6,0.856141858307005));
#5090=CARTESIAN_POINT('',(-9.47073640849999,-3.39412221937,0.856141858307005));
#5091=CARTESIAN_POINT('Origin',(-5.40010994189998,-9.64468000574925E-6,
0.856141858307005));
#5092=CARTESIAN_POINT('',(-9.935,-3.39412221937,0.856141858307005));
#5093=CARTESIAN_POINT('',(-7.88005497099999,-3.39412221937,0.856141858307005));
#5094=CARTESIAN_POINT('',(-9.935,3.39410293001999,0.856141858307005));
#5095=CARTESIAN_POINT('',(-9.935,-1.69706593202,0.856141858307005));
#5096=CARTESIAN_POINT('',(-9.47073640849999,3.39410293001999,0.856141858307005));
#5097=CARTESIAN_POINT('',(-8.23005497099999,3.39410293001999,0.856141858307005));
#5098=CARTESIAN_POINT('',(-8.6265455157,4.20476305887,0.856141858307005));
#5099=CARTESIAN_POINT('Origin',(-5.40010994189998,-9.64468000574925E-6,
0.856141858307005));
#5100=CARTESIAN_POINT('',(-7.86559372940002,3.2130713835,0.856141858307005));
#5101=CARTESIAN_POINT('',(-5.40010994189998,-9.64468000574925E-6,0.856141858307005));
#5102=CARTESIAN_POINT('',(-5.80010994189996,4.0301888616,0.856141858307005));
#5103=CARTESIAN_POINT('Origin',(-5.40010994189998,-9.64468000574925E-6,
0.856141858307005));
#5104=CARTESIAN_POINT('',(-5.80010994189996,4.94999035532,0.856141858307005));
#5105=CARTESIAN_POINT('',(-5.80010994189996,4.0301888616,0.856141858307005));
#5106=CARTESIAN_POINT('',(-6.52510994189998,4.94999035532,0.856141858307005));
#5107=CARTESIAN_POINT('',(-11.6,4.37484354184392,0.856141858307005));
#5108=CARTESIAN_POINT('',(-11.6,-4.82234000287463E-6,0.856141858307005));
#5109=CARTESIAN_POINT('',(-11.6,4.22513716879607,0.856141858307005));
#5110=CARTESIAN_POINT('Origin',(-11.7001099419,4.29999035531999,0.856141858307005));
#5111=CARTESIAN_POINT('',(-11.6,2.79990789552237,0.856141858307005));
#5112=CARTESIAN_POINT('',(-11.6,-4.82234000287463E-6,0.856141858307005));
#5113=CARTESIAN_POINT('',(-11.6,-2.79992718488238,0.856141858307005));
#5114=CARTESIAN_POINT('Origin',(-13.7001099419,-9.64468000574925E-6,0.856141858307005));
#5115=CARTESIAN_POINT('',(-11.6,-4.22515645815608,0.856141858307005));
#5116=CARTESIAN_POINT('',(-11.6,-4.82234000287463E-6,0.856141858307005));
#5117=CARTESIAN_POINT('',(-11.6,-4.37486283120393,0.856141858307005));
#5118=CARTESIAN_POINT('Origin',(-11.7001099419,-4.30000964468001,0.856141858307005));
#5119=CARTESIAN_POINT('',(-11.6,-4.82234000287463E-6,0.856141858307005));
#5120=CARTESIAN_POINT('Origin',(-11.6,0.,2.));
#5121=CARTESIAN_POINT('',(-11.6,4.37484354184392,0.856141858307005));
#5122=CARTESIAN_POINT('Ctrl Pts',(-5.320498708982,0.0304684071849,0.593889151007101));
#5123=CARTESIAN_POINT('Ctrl Pts',(-5.3205044679284,-6.13855713891778,0.593888677139341));
#5124=CARTESIAN_POINT('Ctrl Pts',(-5.506639413077,0.0304685805812,0.5987183315719));
#5125=CARTESIAN_POINT('Ctrl Pts',(-5.5066451720234,-6.13855696552148,0.59871785770414));
#5126=CARTESIAN_POINT('Ctrl Pts',(-5.692822322532,0.0304687540888,0.6026112078987));
#5127=CARTESIAN_POINT('Ctrl Pts',(-5.6928280814784,-6.13855679201388,0.602610734030941));
#5128=CARTESIAN_POINT('Ctrl Pts',(-5.879031692886,0.0304689276853,0.6056681361863));
#5129=CARTESIAN_POINT('Ctrl Pts',(-5.8790374518324,-6.13855661841738,0.60566766231854));
#5130=CARTESIAN_POINT('Ctrl Pts',(-6.427644264843,0.0304694391377,0.614674499759301));
#5131=CARTESIAN_POINT('Ctrl Pts',(-6.4276500237894,-6.13855610696498,0.614674025891541));
#5132=CARTESIAN_POINT('Ctrl Pts',(-6.976295419824,0.0304699511787,0.6164857930573));
#5133=CARTESIAN_POINT('Ctrl Pts',(-6.9763011787704,-6.13855559492398,0.61648531918954));
#5134=CARTESIAN_POINT('Ctrl Pts',(-7.524954952038,0.0304704633476,0.6167348765353));
#5135=CARTESIAN_POINT('Ctrl Pts',(-7.5249607109844,-6.13855508275508,0.616734402667541));
#5136=CARTESIAN_POINT('Ctrl Pts',(-7.799589154209,0.0304707197163,0.6168595564843));
#5137=CARTESIAN_POINT('Ctrl Pts',(-7.7995949131554,-6.13855482638638,0.61685908261654));
#5138=CARTESIAN_POINT('Ctrl Pts',(-8.074224440987,0.0304709761015,0.616781976197299));
#5139=CARTESIAN_POINT('Ctrl Pts',(-8.0742301999334,-6.13855457000118,0.61678150232954));
#5140=CARTESIAN_POINT('Ctrl Pts',(-8.34885915883,0.030471232478,0.616810492185301));
#5141=CARTESIAN_POINT('Ctrl Pts',(-8.3488649177764,-6.13855431362468,0.616810018317541));
#5142=CARTESIAN_POINT('Ctrl Pts',(-8.623950258521,0.0304714892805,0.6168390555613));
#5143=CARTESIAN_POINT('Ctrl Pts',(-8.6239560174674,-6.13855405682218,0.61683858169354));
#5144=CARTESIAN_POINT('Ctrl Pts',(-8.899041545831,0.0304717460859,0.616832631239301));
#5145=CARTESIAN_POINT('Ctrl Pts',(-8.8990473047774,-6.13855380001678,0.616832157371541));
#5146=CARTESIAN_POINT('Ctrl Pts',(-9.174132788179,0.0304720028906,0.616834591516301));
#5147=CARTESIAN_POINT('Ctrl Pts',(-9.1741385471254,-6.13855354321208,0.616834117648541));
#5148=CARTESIAN_POINT('Ctrl Pts',(-9.249415783169,0.0304720731692,0.616835127977301));
#5149=CARTESIAN_POINT('Ctrl Pts',(-9.2494215421154,-6.13855347293348,0.616834654109541));
#5150=CARTESIAN_POINT('Ctrl Pts',(-9.324698778842,0.0304721434479,0.616835537149299));
#5151=CARTESIAN_POINT('Ctrl Pts',(-9.3247045377884,-6.13855340265478,0.616835063281539));
#5152=CARTESIAN_POINT('Ctrl Pts',(-9.399981775059,0.0304722137265,0.6168358450003));
#5153=CARTESIAN_POINT('Ctrl Pts',(-9.3999875340054,-6.13855333237618,0.61683537113254));
#5154=CARTESIAN_POINT('Ctrl Pts',(-9.408097458511,0.0304722213027,0.616835878187101));
#5155=CARTESIAN_POINT('Ctrl Pts',(-9.4081032174574,-6.13855332479998,0.616835404319341));
#5156=CARTESIAN_POINT('Ctrl Pts',(-9.416213141964,0.0304722288789,0.616835911374101));
#5157=CARTESIAN_POINT('Ctrl Pts',(-9.4162189009104,-6.13855331722378,0.616835437506341));
#5158=CARTESIAN_POINT('Ctrl Pts',(-9.424328825417,0.0304722364551,0.616835944561301));
#5159=CARTESIAN_POINT('Ctrl Pts',(-9.4243345843634,-6.13855330964758,0.616835470693541));
#5160=CARTESIAN_POINT('',(-5.90727255172958,-4.79737282947259,0.606124985373195));
#5161=CARTESIAN_POINT('',(-5.90832518771323,-4.0179963624185,0.606141858307005));
#5162=CARTESIAN_POINT('Ctrl Pts',(-5.90832966862865,-4.79748313362108,0.606141858307005));
#5163=CARTESIAN_POINT('Ctrl Pts',(-5.90832817498787,-4.53765420988689,0.606141858307005));
#5164=CARTESIAN_POINT('Ctrl Pts',(-5.90832668134939,-4.27782528615269,0.606141858307005));
#5165=CARTESIAN_POINT('Ctrl Pts',(-5.90832518771323,-4.0179963624185,0.606141858307005));
#5166=CARTESIAN_POINT('Ctrl Pts',(-5.90727255172958,-4.79737282947259,0.606124985373195));
#5167=CARTESIAN_POINT('Ctrl Pts',(-6.05704813770203,-4.81300196356024,0.608516839342899));
#5168=CARTESIAN_POINT('Ctrl Pts',(-6.2068622483225,-4.82825180292475,0.610380183015398));
#5169=CARTESIAN_POINT('Ctrl Pts',(-6.35672196136612,-4.84313997567782,0.611829073183961));
#5170=CARTESIAN_POINT('Ctrl Pts',(-6.69424977599405,-4.87667248625779,0.6150923967437));
#5171=CARTESIAN_POINT('Ctrl Pts',(-7.03199435655711,-4.90840770900817,0.616252257495145));
#5172=CARTESIAN_POINT('Ctrl Pts',(-7.36985150283266,-4.93873274875003,0.616617746067147));
#5173=CARTESIAN_POINT('Ctrl Pts',(-7.41193703115487,-4.94251021900039,0.616663273532876));
#5174=CARTESIAN_POINT('Ctrl Pts',(-7.45402333099938,-4.9462702073388,0.616696486780494));
#5175=CARTESIAN_POINT('Ctrl Pts',(-7.496111087709,-4.95000964033481,0.616719927168722));
#5176=CARTESIAN_POINT('',(-9.026386494513,-4.938723667891E-5,0.6168340936791));
#5177=CARTESIAN_POINT('Origin',(-9.15048716912873,569.795182127005,-1.81630819460053));
#5178=CARTESIAN_POINT('',(-8.93500000070212,-0.181739814005471,0.616833927932911));
#5179=CARTESIAN_POINT('Ctrl Pts',(-8.93500000140423,-0.181739814005471,
0.61683392793291));
#5180=CARTESIAN_POINT('Ctrl Pts',(-8.95601528748756,-0.166126983188893,
0.616833985879612));
#5181=CARTESIAN_POINT('Ctrl Pts',(-8.97417945173433,-0.146975055890985,
0.616834014251087));
#5182=CARTESIAN_POINT('Ctrl Pts',(-8.98866825317727,-0.125126286655567,
0.616834036059216));
#5183=CARTESIAN_POINT('Ctrl Pts',(-9.00210362763332,-0.104866060353349,
0.616834056281757));
#5184=CARTESIAN_POINT('Ctrl Pts',(-9.01218858096438,-0.082573514556501,
0.616834069672461));
#5185=CARTESIAN_POINT('Ctrl Pts',(-9.01853509672971,-0.0591063503612396,
0.616834079327895));
#5186=CARTESIAN_POINT('Ctrl Pts',(-9.02374213616632,-0.0398525654580451,
0.616834087249758));
#5187=CARTESIAN_POINT('Ctrl Pts',(-9.026382143663,-0.0199948468147264,0.616834092135192));
#5188=CARTESIAN_POINT('Ctrl Pts',(-9.02638649451242,-4.93872366787735E-5,
0.616834093672815));
#5189=CARTESIAN_POINT('',(-8.935,-1.97663613374,0.616833790055149));
#5190=CARTESIAN_POINT('Ctrl Pts',(-8.935,-1.97663613374,0.616833790055149));
#5191=CARTESIAN_POINT('Ctrl Pts',(-8.935,-1.37833736049516,0.616833836014401));
#5192=CARTESIAN_POINT('Ctrl Pts',(-8.93500000070212,-0.780038587250317,
0.616833881973658));
#5193=CARTESIAN_POINT('Ctrl Pts',(-8.93500000070212,-0.181739814005471,
0.616833927932911));
#5194=CARTESIAN_POINT('Ctrl Pts',(-5.90832518771323,-4.0179963624185,0.606141858307005));
#5195=CARTESIAN_POINT('Ctrl Pts',(-6.44178830139038,-3.95052125448626,0.614652220415108));
#5196=CARTESIAN_POINT('Ctrl Pts',(-6.95656473274064,-3.77746559815419,0.616273341458689));
#5197=CARTESIAN_POINT('Ctrl Pts',(-7.88693660343091,-3.24123434812507,0.61706253088703));
#5198=CARTESIAN_POINT('Ctrl Pts',(-8.29365072486651,-2.88398390574555,0.616816403742387));
#5199=CARTESIAN_POINT('Ctrl Pts',(-8.73573567333502,-2.30502665630971,0.616833009915743));
#5200=CARTESIAN_POINT('Ctrl Pts',(-8.84131366095608,-2.14417962779164,0.616833524198912));
#5201=CARTESIAN_POINT('Ctrl Pts',(-8.93499999998836,-1.9766361337335,0.616833790055149));
#5202=CARTESIAN_POINT('Origin',(-8.799980772065,-1.364242052659E-13,0.5363000000003));
#5203=CARTESIAN_POINT('',(-8.935,-0.181507263368816,0.606141858307005));
#5204=CARTESIAN_POINT('',(-8.935,-0.181623551883388,0.611488475996208));
#5205=CARTESIAN_POINT('',(-8.93500000069107,0.181739814021608,0.616833927932292));
#5206=CARTESIAN_POINT('Ctrl Pts',(-8.93500000138265,0.181739814021608,0.616833927932292));
#5207=CARTESIAN_POINT('Ctrl Pts',(-8.95602679624868,0.166118433305502,0.616833985910491));
#5208=CARTESIAN_POINT('Ctrl Pts',(-8.97419917141842,0.146954208789491,0.616834014283203));
#5209=CARTESIAN_POINT('Ctrl Pts',(-8.98869170527497,0.125090914250102,0.616834036093492));
#5210=CARTESIAN_POINT('Ctrl Pts',(-9.00212958767672,0.104818656559145,0.616834056316601));
#5211=CARTESIAN_POINT('Ctrl Pts',(-9.01221347981182,0.0825128613339356,
0.61683406970659));
#5212=CARTESIAN_POINT('Ctrl Pts',(-9.01855504577007,0.0590325364284336,
0.616834079357107));
#5213=CARTESIAN_POINT('Ctrl Pts',(-9.0237575301315,0.0397697827290561,0.616834087274184));
#5214=CARTESIAN_POINT('Ctrl Pts',(-9.02639084693788,0.0199035420834591,
0.616834092152022));
#5215=CARTESIAN_POINT('Ctrl Pts',(-9.02638649451253,-4.9387236678838E-5,
0.616834093679168));
#5216=CARTESIAN_POINT('',(-8.935,0.181507263368543,0.606141858307005));
#5217=CARTESIAN_POINT('',(-8.935,0.181623551883116,0.611488475996208));
#5218=CARTESIAN_POINT('Origin',(-8.799980772065,-1.36424205253643E-13,0.606141858307005));
#5219=CARTESIAN_POINT('Ctrl Pts',(-9.560465597961,5.0856452440421,0.616838061954301));
#5220=CARTESIAN_POINT('Ctrl Pts',(-9.560130619753,5.0952721583376,0.616838061347301));
#5221=CARTESIAN_POINT('Ctrl Pts',(-9.559461722459,5.1144955715972,0.616838192150301));
#5222=CARTESIAN_POINT('Ctrl Pts',(-9.558458048204,5.1433254256994,0.6168382933533));
#5223=CARTESIAN_POINT('Ctrl Pts',(-9.557109008369,5.182036533649,0.616838432980301));
#5224=CARTESIAN_POINT('Ctrl Pts',(-9.555394169971,5.2313625727575,0.6168386934903));
#5225=CARTESIAN_POINT('Ctrl Pts',(-9.553652988854,5.281916379015,0.616839077548301));
#5226=CARTESIAN_POINT('Ctrl Pts',(-9.551898117107,5.3338233861513,0.616839588694301));
#5227=CARTESIAN_POINT('Ctrl Pts',(-9.550150691477,5.3870645266058,0.6168402029243));
#5228=CARTESIAN_POINT('Ctrl Pts',(-9.54843816568,5.4415025605923,0.6168408752113));
#5229=CARTESIAN_POINT('Ctrl Pts',(-9.546792194432,5.4969069170587,0.6168415460183));
#5230=CARTESIAN_POINT('Ctrl Pts',(-9.545246517494,5.552978534645,0.616842147808301));
#5231=CARTESIAN_POINT('Ctrl Pts',(-9.543834843708,5.6093747026428,0.616842611565301));
#5232=CARTESIAN_POINT('Ctrl Pts',(-9.542588735033,5.6657339019532,0.6168428733003));
#5233=CARTESIAN_POINT('Ctrl Pts',(-9.541535490586,5.7217006460464,0.616842880568299));
#5234=CARTESIAN_POINT('Ctrl Pts',(-9.540696030683,5.7769503219201,0.6168425989813));
#5235=CARTESIAN_POINT('Ctrl Pts',(-9.540082780871,5.8312140310585,0.6168420187213));
#5236=CARTESIAN_POINT('Ctrl Pts',(-9.539697555972,5.8843034303904,0.616841161052299));
#5237=CARTESIAN_POINT('Ctrl Pts',(-9.539529444118,5.936135573249,0.616840084838301));
#5238=CARTESIAN_POINT('Ctrl Pts',(-9.539552698224,5.9867739347263,0.6168388926693));
#5239=CARTESIAN_POINT('Ctrl Pts',(-9.539690314381,6.0264811389737,0.616837969300301));
#5240=CARTESIAN_POINT('Ctrl Pts',(-9.539832653038,6.0559839106909,0.616837388791301));
#5241=CARTESIAN_POINT('Ctrl Pts',(-9.53993387089,6.0756109245188,0.6168370882153));
#5242=CARTESIAN_POINT('Ctrl Pts',(-9.539984512396,6.0854323254892,0.616836964658301));
#5243=CARTESIAN_POINT('Ctrl Pts',(-9.515558287906,5.0840066380807,0.616838092742301));
#5244=CARTESIAN_POINT('Ctrl Pts',(-9.515206109987,5.093649114418,0.616838092105301));
#5245=CARTESIAN_POINT('Ctrl Pts',(-9.514502867416,5.1129036016056,0.616838174350301));
#5246=CARTESIAN_POINT('Ctrl Pts',(-9.513447684517,5.1417800568922,0.616838225809301));
#5247=CARTESIAN_POINT('Ctrl Pts',(-9.512029480565,5.1805537345258,0.6168382967963));
#5248=CARTESIAN_POINT('Ctrl Pts',(-9.510226521331,5.2299595052409,0.616838468323301));
#5249=CARTESIAN_POINT('Ctrl Pts',(-9.508395055127,5.280595053616,0.616838762100301));
#5250=CARTESIAN_POINT('Ctrl Pts',(-9.506547538477,5.3325860455403,0.6168391845223));
#5251=CARTESIAN_POINT('Ctrl Pts',(-9.504705176522,5.3859134180212,0.6168397151693));
#5252=CARTESIAN_POINT('Ctrl Pts',(-9.50289570619,5.4404397486433,0.616840313091301));
#5253=CARTESIAN_POINT('Ctrl Pts',(-9.501151233755,5.4959341345163,0.6168409230823));
#5254=CARTESIAN_POINT('Ctrl Pts',(-9.499506072392,5.552097071222,0.6168414819533));
#5255=CARTESIAN_POINT('Ctrl Pts',(-9.497994579745,5.6085853317617,0.6168419248073));
#5256=CARTESIAN_POINT('Ctrl Pts',(-9.496648995477,5.6650368455032,0.616842191317301));
#5257=CARTESIAN_POINT('Ctrl Pts',(-9.495497278838,5.7210955771286,0.616842231997301));
#5258=CARTESIAN_POINT('Ctrl Pts',(-9.494560946219,5.7764364055812,0.616842014477299));
#5259=CARTESIAN_POINT('Ctrl Pts',(-9.493852908714,5.8307900030129,0.6168415297803));
#5260=CARTESIAN_POINT('Ctrl Pts',(-9.493375309678,5.8839677137315,0.6168407985963));
#5261=CARTESIAN_POINT('Ctrl Pts',(-9.493117362287,5.9358864331479,0.616839877556301));
#5262=CARTESIAN_POINT('Ctrl Pts',(-9.493053166583,5.9866096982562,0.616838865183301));
#5263=CARTESIAN_POINT('Ctrl Pts',(-9.493122412419,6.0263836822213,0.616838100319301));
#5264=CARTESIAN_POINT('Ctrl Pts',(-9.493214019515,6.0559361398612,0.6168376430613));
#5265=CARTESIAN_POINT('Ctrl Pts',(-9.493281498994,6.0755962185273,0.6168374251093));
#5266=CARTESIAN_POINT('Ctrl Pts',(-9.493315257814,6.0854341650854,0.6168373427953));
#5267=CARTESIAN_POINT('Ctrl Pts',(-9.470650977851,5.0823680321192,0.6168381235303));
#5268=CARTESIAN_POINT('Ctrl Pts',(-9.47028160022,5.0920260704985,0.616838122864301));
#5269=CARTESIAN_POINT('Ctrl Pts',(-9.469544012373,5.1113116316141,0.6168381565503));
#5270=CARTESIAN_POINT('Ctrl Pts',(-9.46843732083,5.140234688085,0.616838158266301));
#5271=CARTESIAN_POINT('Ctrl Pts',(-9.46694995276,5.1790709354026,0.6168381606133));
#5272=CARTESIAN_POINT('Ctrl Pts',(-9.465058872691,5.2285564377243,0.616838243156301));
#5273=CARTESIAN_POINT('Ctrl Pts',(-9.4631371214,5.279273728217,0.616838446653301));
#5274=CARTESIAN_POINT('Ctrl Pts',(-9.461196959847,5.3313487049293,0.616838780350299));
#5275=CARTESIAN_POINT('Ctrl Pts',(-9.459259661567,5.3847623094366,0.6168392274143));
#5276=CARTESIAN_POINT('Ctrl Pts',(-9.457353246701,5.4393769366943,0.616839750971301));
#5277=CARTESIAN_POINT('Ctrl Pts',(-9.455510273077,5.494961351974,0.616840300146301));
#5278=CARTESIAN_POINT('Ctrl Pts',(-9.45376562729,5.551215607799,0.616840816097301));
#5279=CARTESIAN_POINT('Ctrl Pts',(-9.452154315781,5.6077959608807,0.6168412380493));
#5280=CARTESIAN_POINT('Ctrl Pts',(-9.450709255922,5.6643397890533,0.6168415093343));
#5281=CARTESIAN_POINT('Ctrl Pts',(-9.44945906709,5.7204905082109,0.6168415834253));
#5282=CARTESIAN_POINT('Ctrl Pts',(-9.448425861755,5.7759224892422,0.6168414299723));
#5283=CARTESIAN_POINT('Ctrl Pts',(-9.447623036557,5.8303659749673,0.616841040840301));
#5284=CARTESIAN_POINT('Ctrl Pts',(-9.447053063383,5.8836319970725,0.6168404361413));
#5285=CARTESIAN_POINT('Ctrl Pts',(-9.446705280456,5.9356372930469,0.616839670275301));
#5286=CARTESIAN_POINT('Ctrl Pts',(-9.446553634942,5.986445461786,0.616838837698301));
#5287=CARTESIAN_POINT('Ctrl Pts',(-9.446554510456,6.026286225469,0.616838231338301));
#5288=CARTESIAN_POINT('Ctrl Pts',(-9.446595385991,6.0558883690316,0.6168378973323));
#5289=CARTESIAN_POINT('Ctrl Pts',(-9.446629127098,6.0755815125358,0.6168377620033));
#5290=CARTESIAN_POINT('Ctrl Pts',(-9.446646003233,6.0854360046816,0.6168377209313));
#5291=CARTESIAN_POINT('Ctrl Pts',(-9.425743667796,5.0807294261578,0.616838154318301));
#5292=CARTESIAN_POINT('Ctrl Pts',(-9.425357090453,5.090403026579,0.6168381536233));
#5293=CARTESIAN_POINT('Ctrl Pts',(-9.424585157331,5.1097196616225,0.616838138750301));
#5294=CARTESIAN_POINT('Ctrl Pts',(-9.423426957144,5.1386893192778,0.6168380907233));
#5295=CARTESIAN_POINT('Ctrl Pts',(-9.421870424955,5.1775881362794,0.6168380244303));
#5296=CARTESIAN_POINT('Ctrl Pts',(-9.419891224051,5.2271533702077,0.6168380179883));
#5297=CARTESIAN_POINT('Ctrl Pts',(-9.417879187673,5.277952402818,0.6168381312063));
#5298=CARTESIAN_POINT('Ctrl Pts',(-9.415846381217,5.3301113643184,0.616838376178301));
#5299=CARTESIAN_POINT('Ctrl Pts',(-9.413814146611,5.3836112008521,0.6168387396583));
#5300=CARTESIAN_POINT('Ctrl Pts',(-9.411810787212,5.4383141247453,0.616839188851301));
#5301=CARTESIAN_POINT('Ctrl Pts',(-9.4098693124,5.4939885694316,0.6168396772103));
#5302=CARTESIAN_POINT('Ctrl Pts',(-9.408025182188,5.550334144376,0.616840150241301));
#5303=CARTESIAN_POINT('Ctrl Pts',(-9.406314051818,5.6070065899996,0.6168405512913));
#5304=CARTESIAN_POINT('Ctrl Pts',(-9.404769516366,5.6636427326033,0.6168408273513));
#5305=CARTESIAN_POINT('Ctrl Pts',(-9.403420855342,5.7198854392931,0.6168409348533));
#5306=CARTESIAN_POINT('Ctrl Pts',(-9.402290777292,5.7754085729032,0.616840845468301));
#5307=CARTESIAN_POINT('Ctrl Pts',(-9.401393164399,5.8299419469217,0.6168405518993));
#5308=CARTESIAN_POINT('Ctrl Pts',(-9.400730817089,5.8832962804136,0.6168400736853));
#5309=CARTESIAN_POINT('Ctrl Pts',(-9.400293198625,5.9353881529459,0.616839462993301));
#5310=CARTESIAN_POINT('Ctrl Pts',(-9.400054103301,5.9862812253159,0.6168388102123));
#5311=CARTESIAN_POINT('Ctrl Pts',(-9.399986608494,6.0261887687166,0.616838362357299));
#5312=CARTESIAN_POINT('Ctrl Pts',(-9.399976752468,6.0558405982019,0.616838151602301));
#5313=CARTESIAN_POINT('Ctrl Pts',(-9.399976755202,6.0755668065444,0.616838098898301));
#5314=CARTESIAN_POINT('Ctrl Pts',(-9.399976748651,6.0854378442779,0.616838099067301));
#5315=CARTESIAN_POINT('Ctrl Pts',(-9.145073011005,5.0704881400317,0.616838346744299));
#5316=CARTESIAN_POINT('Ctrl Pts',(-9.144578935478,5.0802590032043,0.616838345864301));
#5317=CARTESIAN_POINT('Ctrl Pts',(-9.143592344404,5.0997698502762,0.6168380274983));
#5318=CARTESIAN_POINT('Ctrl Pts',(-9.142112215227,5.1290307653014,0.6168376685773));
#5319=CARTESIAN_POINT('Ctrl Pts',(-9.14012340735,5.1683206427848,0.6168371732833));
#5320=CARTESIAN_POINT('Ctrl Pts',(-9.137593451285,5.2183841991991,0.6168366106933));
#5321=CARTESIAN_POINT('Ctrl Pts',(-9.135017133176,5.2696941199881,0.6168361596613));
#5322=CARTESIAN_POINT('Ctrl Pts',(-9.13240529614,5.3223779863554,0.6168358501063));
#5323=CARTESIAN_POINT('Ctrl Pts',(-9.129779709567,5.3764167729945,0.6168356911893));
#5324=CARTESIAN_POINT('Ctrl Pts',(-9.127170446896,5.4316715507989,0.616835675600299));
#5325=CARTESIAN_POINT('Ctrl Pts',(-9.124613339727,5.4879086792144,0.616835783863301));
#5326=CARTESIAN_POINT('Ctrl Pts',(-9.122147431929,5.5448249985917,0.6168359886433));
#5327=CARTESIAN_POINT('Ctrl Pts',(-9.119812433747,5.6020730225386,0.616836259052301));
#5328=CARTESIAN_POINT('Ctrl Pts',(-9.117646175912,5.6592861302731,0.616836564957301));
#5329=CARTESIAN_POINT('Ctrl Pts',(-9.115682063752,5.7161037589753,0.616836881281301));
#5330=CARTESIAN_POINT('Ctrl Pts',(-9.113946531295,5.77219659614,0.616837192315301));
#5331=CARTESIAN_POINT('Ctrl Pts',(-9.112456495384,5.8272917719299,0.616837496021301));
#5332=CARTESIAN_POINT('Ctrl Pts',(-9.111216809781,5.8811980515273,0.6168378083363));
#5333=CARTESIAN_POINT('Ctrl Pts',(-9.110217719276,5.9338310274867,0.616838167484301));
#5334=CARTESIAN_POINT('Ctrl Pts',(-9.1094320627,5.9852547474911,0.616838638427301));
#5335=CARTESIAN_POINT('Ctrl Pts',(-9.108937253434,6.0255796640816,0.616839181225301));
#5336=CARTESIAN_POINT('Ctrl Pts',(-9.108610325185,6.0555420305494,0.616839740790301));
#5337=CARTESIAN_POINT('Ctrl Pts',(-9.108399463113,6.0754748941079,0.6168402044883));
#5338=CARTESIAN_POINT('Ctrl Pts',(-9.108293939787,6.0854493417531,0.616840462419301));
#5339=CARTESIAN_POINT('Ctrl Pts',(-8.864520183897,5.0566158613797,0.616836074060301));
#5340=CARTESIAN_POINT('Ctrl Pts',(-8.863927003336,5.0663927055655,0.616836077502301));
#5341=CARTESIAN_POINT('Ctrl Pts',(-8.862742241736,5.0859167896966,0.6168431647823));
#5342=CARTESIAN_POINT('Ctrl Pts',(-8.86096402375,5.115201216787,0.6168479960063));
#5343=CARTESIAN_POINT('Ctrl Pts',(-8.858573074523,5.1545294085891,0.6168503033943));
#5344=CARTESIAN_POINT('Ctrl Pts',(-8.855527401674,5.2046519109338,0.6168459044273));
#5345=CARTESIAN_POINT('Ctrl Pts',(-8.852419188225,5.2560315856719,0.6168340083263));
#5346=CARTESIAN_POINT('Ctrl Pts',(-8.849257912469,5.3087960397526,0.616814555295299));
#5347=CARTESIAN_POINT('Ctrl Pts',(-8.846065530215,5.362926493183,0.616787617085301));
#5348=CARTESIAN_POINT('Ctrl Pts',(-8.842873570862,5.418284438048,0.616753373350301));
#5349=CARTESIAN_POINT('Ctrl Pts',(-8.839720325356,5.4746367853939,0.6167120881443));
#5350=CARTESIAN_POINT('Ctrl Pts',(-8.836648034152,5.531681012113,0.6166640864163));
#5351=CARTESIAN_POINT('Ctrl Pts',(-8.833700075167,5.5890703078287,0.6166097305043));
#5352=CARTESIAN_POINT('Ctrl Pts',(-8.830918151743,5.6464387217785,0.6165493966293));
#5353=CARTESIAN_POINT('Ctrl Pts',(-8.828339480602,5.7034263096995,0.616483451387301));
#5354=CARTESIAN_POINT('Ctrl Pts',(-8.825993979807,5.7597042807119,0.6164122282493));
#5355=CARTESIAN_POINT('Ctrl Pts',(-8.823901456717,5.8150001442039,0.616336004049301));
#5356=CARTESIAN_POINT('Ctrl Pts',(-8.822068795949,5.869122856716,0.6162549754833));
#5357=CARTESIAN_POINT('Ctrl Pts',(-8.820487147333,5.9219879688247,0.616169235601301));
#5358=CARTESIAN_POINT('Ctrl Pts',(-8.819128679697,5.973659286565,0.616078721373301));
#5359=CARTESIAN_POINT('Ctrl Pts',(-8.818181818016,6.0141940965152,0.6160023569113));
#5360=CARTESIAN_POINT('Ctrl Pts',(-8.817517478215,6.0443200854748,0.6159426932223));
#5361=CARTESIAN_POINT('Ctrl Pts',(-8.817081522252,6.0643646173736,0.6159017728783));
#5362=CARTESIAN_POINT('Ctrl Pts',(-8.816863213355,6.0743955563923,0.615881001244301));
#5363=CARTESIAN_POINT('Ctrl Pts',(-8.304065922397,5.0190861457657,0.6168225667083));
#5364=CARTESIAN_POINT('Ctrl Pts',(-8.30328350191,5.0288941086565,0.616822572363301));
#5365=CARTESIAN_POINT('Ctrl Pts',(-8.301719561762,5.0484850904817,0.6167565846373));
#5366=CARTESIAN_POINT('Ctrl Pts',(-8.299368768735,5.0778836908686,0.616679545984301));
#5367=CARTESIAN_POINT('Ctrl Pts',(-8.296200820741,5.1173905125264,0.616555408707301));
#5368=CARTESIAN_POINT('Ctrl Pts',(-8.292151067917,5.167778376708,0.6163606402513));
#5369=CARTESIAN_POINT('Ctrl Pts',(-8.287999787165,5.2194644999647,0.6161240111443));
#5370=CARTESIAN_POINT('Ctrl Pts',(-8.283753759501,5.2725763316991,0.6158446575603));
#5371=CARTESIAN_POINT('Ctrl Pts',(-8.279435269677,5.3270956073728,0.6155229215083));
#5372=CARTESIAN_POINT('Ctrl Pts',(-8.275078653862,5.3828848834308,0.6151601316893));
#5373=CARTESIAN_POINT('Ctrl Pts',(-8.270726969509,5.4397125520876,0.6147583902243));
#5374=CARTESIAN_POINT('Ctrl Pts',(-8.266428665213,5.4972778561119,0.614320359379301));
#5375=CARTESIAN_POINT('Ctrl Pts',(-8.262234250575,5.5552359036099,0.613849048301301));
#5376=CARTESIAN_POINT('Ctrl Pts',(-8.258192966061,5.6132226828116,0.613347599744301));
#5377=CARTESIAN_POINT('Ctrl Pts',(-8.254349452865,5.6708800768552,0.612819076795301));
#5378=CARTESIAN_POINT('Ctrl Pts',(-8.250740422771,5.7278808785707,0.6122662496093));
#5379=CARTESIAN_POINT('Ctrl Pts',(-8.247391328013,5.7839538052664,0.6116913821353));
#5380=CARTESIAN_POINT('Ctrl Pts',(-8.244313031139,5.8389085135124,0.611096018845301));
#5381=CARTESIAN_POINT('Ctrl Pts',(-8.241498474869,5.8926606139259,0.6104807714643));
#5382=CARTESIAN_POINT('Ctrl Pts',(-8.23891852739,5.9452735014252,0.6098449024693));
#5383=CARTESIAN_POINT('Ctrl Pts',(-8.237000558052,5.9866037924778,0.609318302786301));
#5384=CARTESIAN_POINT('Ctrl Pts',(-8.235607705708,6.0173490003535,0.6089116870863));
#5385=CARTESIAN_POINT('Ctrl Pts',(-8.23468428624,6.0378159620492,0.6086346713993));
#5386=CARTESIAN_POINT('Ctrl Pts',(-8.234221392264,6.0480605903516,0.6084944792563));
#5387=CARTESIAN_POINT('Ctrl Pts',(-8.024106324385,4.9959397856775,0.616794154454301));
#5388=CARTESIAN_POINT('Ctrl Pts',(-8.023235373712,5.005768738892,0.616794228612299));
#5389=CARTESIAN_POINT('Ctrl Pts',(-8.021493738922,5.0254050654461,0.6166486472233));
#5390=CARTESIAN_POINT('Ctrl Pts',(-8.018873343382,5.0548819225483,0.6164854581963));
#5391=CARTESIAN_POINT('Ctrl Pts',(-8.01533704325,5.0945124787636,0.6162332108443));
#5392=CARTESIAN_POINT('Ctrl Pts',(-8.010807128313,5.1450857368466,0.6158532071993));
#5393=CARTESIAN_POINT('Ctrl Pts',(-8.006152990274,5.1969870999991,0.6154044555323));
#5394=CARTESIAN_POINT('Ctrl Pts',(-8.001380091423,5.2503437737366,0.6148853597363));
#5395=CARTESIAN_POINT('Ctrl Pts',(-7.996510846488,5.3051377697418,0.614296444366301));
#5396=CARTESIAN_POINT('Ctrl Pts',(-7.991580908704,5.3612323483713,0.6136399699803));
#5397=CARTESIAN_POINT('Ctrl Pts',(-7.986635592545,5.4183969354246,0.6129195599293));
#5398=CARTESIAN_POINT('Ctrl Pts',(-7.981726296455,5.4763320389159,0.612139827167301));
#5399=CARTESIAN_POINT('Ctrl Pts',(-7.97690692558,5.5346941658437,0.6113060010383));
#5400=CARTESIAN_POINT('Ctrl Pts',(-7.972230314498,5.5931207389631,0.610423554087301));
#5401=CARTESIAN_POINT('Ctrl Pts',(-7.967744649951,5.6512550135548,0.609497828851301));
#5402=CARTESIAN_POINT('Ctrl Pts',(-7.963489893578,5.7087709941971,0.6085336646583));
#5403=CARTESIAN_POINT('Ctrl Pts',(-7.959494204645,5.7653983515357,0.6075350244343));
#5404=CARTESIAN_POINT('Ctrl Pts',(-7.955770362777,5.8209473390552,0.6065046214913));
#5405=CARTESIAN_POINT('Ctrl Pts',(-7.952312190689,5.875333709849,0.605443546335301));
#5406=CARTESIAN_POINT('Ctrl Pts',(-7.949089947063,5.9286206642979,0.6043505441303));
#5407=CARTESIAN_POINT('Ctrl Pts',(-7.946657771002,5.970521093186,0.6034481682623));
#5408=CARTESIAN_POINT('Ctrl Pts',(-7.9448773533,6.0017104988504,0.602752883889301));
#5409=CARTESIAN_POINT('Ctrl Pts',(-7.943693894142,6.0224806701676,0.6022798289653));
#5410=CARTESIAN_POINT('Ctrl Pts',(-7.943100362138,6.0328787244769,0.6020405744513));
#5411=CARTESIAN_POINT('Ctrl Pts',(-7.184746207662,4.9230521878721,0.616831369234301));
#5412=CARTESIAN_POINT('Ctrl Pts',(-7.18363151873,4.9328850110965,0.616831465971301));
#5413=CARTESIAN_POINT('Ctrl Pts',(-7.181398516731,4.9525399563537,0.6163317615333));
#5414=CARTESIAN_POINT('Ctrl Pts',(-7.178028585923,4.9820850053896,0.6157869440203));
#5415=CARTESIAN_POINT('Ctrl Pts',(-7.173459567498,5.0218780672156,0.6149710457873));
#5416=CARTESIAN_POINT('Ctrl Pts',(-7.16756941961,5.07276320451,0.6137828464183));
#5417=CARTESIAN_POINT('Ctrl Pts',(-7.161477285608,5.1250790716873,0.612414976697301));
#5418=CARTESIAN_POINT('Ctrl Pts',(-7.155184746315,5.178950636463,0.610862812658301));
#5419=CARTESIAN_POINT('Ctrl Pts',(-7.148714326826,5.234360935691,0.6091275450323));
#5420=CARTESIAN_POINT('Ctrl Pts',(-7.142105068841,5.2911769397388,0.607215127015301));
#5421=CARTESIAN_POINT('Ctrl Pts',(-7.135408280686,5.3491738817198,0.6051352578873));
#5422=CARTESIAN_POINT('Ctrl Pts',(-7.128683287343,5.4080595867275,0.6029003666183));
#5423=CARTESIAN_POINT('Ctrl Pts',(-7.121993180472,5.467498801065,0.600524595490301));
#5424=CARTESIAN_POINT('Ctrl Pts',(-7.115400568443,5.5271375214806,0.5980227837103));
#5425=CARTESIAN_POINT('Ctrl Pts',(-7.108963326357,5.5866273243975,0.5954094510223));
#5426=CARTESIAN_POINT('Ctrl Pts',(-7.102730346073,5.6456496951485,0.5926977813233));
#5427=CARTESIAN_POINT('Ctrl Pts',(-7.09673728624,5.7039403572072,0.5898986062803));
#5428=CARTESIAN_POINT('Ctrl Pts',(-7.091002322315,5.761313601421,0.5870193889403));
#5429=CARTESIAN_POINT('Ctrl Pts',(-7.085521896595,5.817686615243,0.584063207350301));
#5430=CARTESIAN_POINT('Ctrl Pts',(-7.080264788029,5.8731215293763,0.5810267676973));
#5431=CARTESIAN_POINT('Ctrl Pts',(-7.076191049538,5.9168646392168,0.5785269426153));
#5432=CARTESIAN_POINT('Ctrl Pts',(-7.073167285118,5.9495016451012,0.5766048784853));
#5433=CARTESIAN_POINT('Ctrl Pts',(-7.071147332599,5.9712642391112,0.575298993114301));
#5434=CARTESIAN_POINT('Ctrl Pts',(-7.070133066902,5.982165391327,0.574638985366301));
#5435=CARTESIAN_POINT('Ctrl Pts',(-6.625376855261,4.8709867745819,0.6160331334653));
#5436=CARTESIAN_POINT('Ctrl Pts',(-6.624133264342,4.8807503928713,0.6160269511883));
#5437=CARTESIAN_POINT('Ctrl Pts',(-6.62164178074,4.900272925852,0.6151562716793));
#5438=CARTESIAN_POINT('Ctrl Pts',(-6.617868952875,4.9296594522829,0.614205500440301));
#5439=CARTESIAN_POINT('Ctrl Pts',(-6.612731565524,4.9693058983846,0.612791613979301));
#5440=CARTESIAN_POINT('Ctrl Pts',(-6.60607154834,5.0201012890055,0.6107492836713));
#5441=CARTESIAN_POINT('Ctrl Pts',(-6.599145431851,5.0724124097683,0.6084134362803));
#5442=CARTESIAN_POINT('Ctrl Pts',(-6.59195243043,5.1263608089487,0.6057764444713));
#5443=CARTESIAN_POINT('Ctrl Pts',(-6.584514772674,5.1819304432839,0.602840138736301));
#5444=CARTESIAN_POINT('Ctrl Pts',(-6.576872913513,5.2389927752912,0.599614095920301));
#5445=CARTESIAN_POINT('Ctrl Pts',(-6.569080947243,5.2973303381491,0.596113989354301));
#5446=CARTESIAN_POINT('Ctrl Pts',(-6.561202020559,5.3566603005792,0.5923599389913));
#5447=CARTESIAN_POINT('Ctrl Pts',(-6.553303745579,5.4166580317277,0.5883748615443));
#5448=CARTESIAN_POINT('Ctrl Pts',(-6.545453612884,5.4769806660481,0.5841828206163));
#5449=CARTESIAN_POINT('Ctrl Pts',(-6.537714404544,5.5372906681818,0.579807376846301));
#5450=CARTESIAN_POINT('Ctrl Pts',(-6.530139607153,5.5972793978408,0.5752699380343));
#5451=CARTESIAN_POINT('Ctrl Pts',(-6.522768824857,5.6566906746891,0.5705881092833));
#5452=CARTESIAN_POINT('Ctrl Pts',(-6.515623192387,5.7153443432244,0.5657740431333));
#5453=CARTESIAN_POINT('Ctrl Pts',(-6.508700788091,5.7731598376601,0.560832789699301));
#5454=CARTESIAN_POINT('Ctrl Pts',(-6.501969895723,5.8301979766203,0.5557590251913));
#5455=CARTESIAN_POINT('Ctrl Pts',(-6.49669033019,5.8753467244094,0.551583601496301));
#5456=CARTESIAN_POINT('Ctrl Pts',(-6.49274508591,5.9091017542538,0.548374510784301));
#5457=CARTESIAN_POINT('Ctrl Pts',(-6.490102155706,5.9316357123964,0.546194931083301));
#5458=CARTESIAN_POINT('Ctrl Pts',(-6.488773882512,5.9429289473212,0.545093554558299));
#5459=CARTESIAN_POINT('Ctrl Pts',(-4.949294581541,4.699094683068,0.5934099410663));
#5460=CARTESIAN_POINT('Ctrl Pts',(-4.947747102259,4.7086459757569,0.5933682240343));
#5461=CARTESIAN_POINT('Ctrl Pts',(-4.94466535902,4.7277538855065,0.591532372663301));
#5462=CARTESIAN_POINT('Ctrl Pts',(-4.93993591184,4.756665879776,0.5894527598193));
#5463=CARTESIAN_POINT('Ctrl Pts',(-4.93340647843,4.7959060600024,0.5862921888443));
#5464=CARTESIAN_POINT('Ctrl Pts',(-4.924796424268,4.8465159042437,0.5816286660823));
#5465=CARTESIAN_POINT('Ctrl Pts',(-4.915699976891,4.8989309046439,0.5762128363853));
#5466=CARTESIAN_POINT('Ctrl Pts',(-4.906110618533,4.9532591321182,0.5700282871653));
#5467=CARTESIAN_POINT('Ctrl Pts',(-4.896048969503,5.0094875510031,0.5630786447783));
#5468=CARTESIAN_POINT('Ctrl Pts',(-4.885557305316,5.0675042220604,0.555383946802301));
#5469=CARTESIAN_POINT('Ctrl Pts',(-4.874694333568,5.1271189786435,0.546977155013301));
#5470=CARTESIAN_POINT('Ctrl Pts',(-4.863529970825,5.1880841028639,0.5379006683603));
#5471=CARTESIAN_POINT('Ctrl Pts',(-4.852140119505,5.2501150017577,0.528202835935301));
#5472=CARTESIAN_POINT('Ctrl Pts',(-4.840601444758,5.3129108834506,0.5179344699513));
#5473=CARTESIAN_POINT('Ctrl Pts',(-4.828986151349,5.3761754333263,0.507145358713299));
#5474=CARTESIAN_POINT('Ctrl Pts',(-4.817356760545,5.439637490191,0.4958807795933));
#5475=CARTESIAN_POINT('Ctrl Pts',(-4.80576088699,5.5030717224402,0.4841780120023));
#5476=CARTESIAN_POINT('Ctrl Pts',(-4.794226015597,5.5663193042257,0.4720628503693));
#5477=CARTESIAN_POINT('Ctrl Pts',(-4.782754278422,5.6293085916208,0.4595461171083));
#5478=CARTESIAN_POINT('Ctrl Pts',(-4.771313575019,5.6920958660675,0.4466160430473));
#5479=CARTESIAN_POINT('Ctrl Pts',(-4.762136619934,5.7422837969649,0.4359198439103));
#5480=CARTESIAN_POINT('Ctrl Pts',(-4.75519222913,5.7800454379992,0.4276741632303));
#5481=CARTESIAN_POINT('Ctrl Pts',(-4.750514129721,5.8053426955534,0.4220654324373));
#5482=CARTESIAN_POINT('Ctrl Pts',(-4.748158405248,5.818040207615,0.419229568859301));
#5483=CARTESIAN_POINT('Ctrl Pts',(-3.834007113158,4.5634505527655,0.549455834059301));
#5484=CARTESIAN_POINT('Ctrl Pts',(-3.832371848518,4.5728492885419,0.5493671014373));
#5485=CARTESIAN_POINT('Ctrl Pts',(-3.829172907197,4.5916721935625,0.547167751345301));
#5486=CARTESIAN_POINT('Ctrl Pts',(-3.82417274,4.6202767963164,0.5445338040683));
#5487=CARTESIAN_POINT('Ctrl Pts',(-3.817169753737,4.6592970087869,0.5403749803903));
#5488=CARTESIAN_POINT('Ctrl Pts',(-3.807779606756,4.7098955524592,0.534011636713299));
#5489=CARTESIAN_POINT('Ctrl Pts',(-3.797713792278,4.7625311880132,0.5264320325353));
#5490=CARTESIAN_POINT('Ctrl Pts',(-3.78696409124,4.8172986543349,0.5176147196713));
#5491=CARTESIAN_POINT('Ctrl Pts',(-3.775549056123,4.8741872309334,0.5075643297223));
#5492=CARTESIAN_POINT('Ctrl Pts',(-3.763508637861,4.9331002153764,0.4963068478653));
#5493=CARTESIAN_POINT('Ctrl Pts',(-3.750899096047,4.9938728742306,0.483885078624301));
#5494=CARTESIAN_POINT('Ctrl Pts',(-3.737787909139,5.056290394001,0.4703541116263));
#5495=CARTESIAN_POINT('Ctrl Pts',(-3.724248684667,5.1201058320714,0.4557767873783));
#5496=CARTESIAN_POINT('Ctrl Pts',(-3.710356069434,5.1850580676439,0.4402191630243));
#5497=CARTESIAN_POINT('Ctrl Pts',(-3.69618065972,5.2508897526789,0.423745978115301));
#5498=CARTESIAN_POINT('Ctrl Pts',(-3.681783911492,5.3173652628346,0.4064161203743));
#5499=CARTESIAN_POINT('Ctrl Pts',(-3.667213050607,5.3842886484069,0.3882780914603));
#5500=CARTESIAN_POINT('Ctrl Pts',(-3.652495983012,5.4515215852698,0.3693654727393));
#5501=CARTESIAN_POINT('Ctrl Pts',(-3.637636204956,5.5190013258145,0.349692391041301));
#5502=CARTESIAN_POINT('Ctrl Pts',(-3.622602908436,5.586780312558,0.329242448482301));
#5503=CARTESIAN_POINT('Ctrl Pts',(-3.610391718619,5.6413439764159,0.312233702164301));
#5504=CARTESIAN_POINT('Ctrl Pts',(-3.601083614522,5.682583758695,0.299078936019301));
#5505=CARTESIAN_POINT('Ctrl Pts',(-3.594791137785,5.7102788494385,0.2901158604123));
#5506=CARTESIAN_POINT('Ctrl Pts',(-3.591618149418,5.7241945839015,0.2855807633523));
#5507=CARTESIAN_POINT('Ctrl Pts',(-2.172415817898,4.3208711440298,0.4085386693763));
#5508=CARTESIAN_POINT('Ctrl Pts',(-2.170763813251,4.3303348645895,0.4083743976873));
#5509=CARTESIAN_POINT('Ctrl Pts',(-2.167519108352,4.3493871791533,0.406557704734301));
#5510=CARTESIAN_POINT('Ctrl Pts',(-2.16235103395,4.3784887572081,0.403891839368301));
#5511=CARTESIAN_POINT('Ctrl Pts',(-2.154951972323,4.418463457841,0.3991056377623));
#5512=CARTESIAN_POINT('Ctrl Pts',(-2.144792006342,4.4706532475108,0.3909780114093));
#5513=CARTESIAN_POINT('Ctrl Pts',(-2.133687585783,4.5252249384614,0.3806509757063));
#5514=CARTESIAN_POINT('Ctrl Pts',(-2.121630905778,4.5822505616515,0.3681017242863));
#5515=CARTESIAN_POINT('Ctrl Pts',(-2.108636399758,4.6417226369558,0.3533351976843));
#5516=CARTESIAN_POINT('Ctrl Pts',(-2.094736248837,4.703569190477,0.336379020323299));
#5517=CARTESIAN_POINT('Ctrl Pts',(-2.079976197713,4.7676671973557,0.3172786827103));
#5518=CARTESIAN_POINT('Ctrl Pts',(-2.064411370561,4.8338560245815,0.296092723620301));
#5519=CARTESIAN_POINT('Ctrl Pts',(-2.048102086935,4.9019508738021,0.272887912292301));
#5520=CARTESIAN_POINT('Ctrl Pts',(-2.031109677666,4.971756224134,0.247734430614301));
#5521=CARTESIAN_POINT('Ctrl Pts',(-2.01349230076,5.0430792749719,0.2207010553173));
#5522=CARTESIAN_POINT('Ctrl Pts',(-1.995300757295,5.1157433887995,0.191850340164301));
#5523=CARTESIAN_POINT('Ctrl Pts',(-1.97657430732,5.1896015339987,0.1612337981393));
#5524=CARTESIAN_POINT('Ctrl Pts',(-1.957336485755,5.2645497276605,0.128887083639301));
#5525=CARTESIAN_POINT('Ctrl Pts',(-1.93759091828399,5.3405404783947,0.0948251746653002));
#5526=CARTESIAN_POINT('Ctrl Pts',(-1.917310655539,5.4176208646041,0.0590261133623002));
#5527=CARTESIAN_POINT('Ctrl Pts',(-1.900623213097,5.4802275055298,0.0289702150803004));
#5528=CARTESIAN_POINT('Ctrl Pts',(-1.887809455127,5.5278075032391,0.00559526401130039));
#5529=CARTESIAN_POINT('Ctrl Pts',(-1.879117067608,5.5598529334066,-0.0103767785107003));
#5530=CARTESIAN_POINT('Ctrl Pts',(-1.87472812537199,5.5759740969718,-0.0184677964656998));
#5531=CARTESIAN_POINT('Ctrl Pts',(-1.620536997807,4.233543770707,0.3492882988953));
#5532=CARTESIAN_POINT('Ctrl Pts',(-1.618897515628,4.2430740065144,0.3490985185793));
#5533=CARTESIAN_POINT('Ctrl Pts',(-1.615652306265,4.2622951684823,0.347524326023301));
#5534=CARTESIAN_POINT('Ctrl Pts',(-1.61046124057,4.2917012914108,0.344942193245301));
#5535=CARTESIAN_POINT('Ctrl Pts',(-1.602975624776,4.3321810855524,0.3400400796773));
#5536=CARTESIAN_POINT('Ctrl Pts',(-1.592620387615,4.3851360927067,0.331389911200301));
#5537=CARTESIAN_POINT('Ctrl Pts',(-1.58123675632,4.4405879622719,0.3201636837493));
#5538=CARTESIAN_POINT('Ctrl Pts',(-1.568817503662,4.4986006395917,0.306338985604301));
#5539=CARTESIAN_POINT('Ctrl Pts',(-1.555375513825,4.5591677023464,0.2899206974093));
#5540=CARTESIAN_POINT('Ctrl Pts',(-1.540939697504,4.622225814099,0.270935994926301));
#5541=CARTESIAN_POINT('Ctrl Pts',(-1.52555121943,4.6876665802535,0.2494296127503));
#5542=CARTESIAN_POINT('Ctrl Pts',(-1.509259725874,4.7553484040145,0.2254591080293));
#5543=CARTESIAN_POINT('Ctrl Pts',(-1.492119572165,4.8251083423437,0.1990901241833));
#5544=CARTESIAN_POINT('Ctrl Pts',(-1.474186050202,4.8967739619198,0.1703916546233));
#5545=CARTESIAN_POINT('Ctrl Pts',(-1.455511615968,4.9701751950959,0.1394313064653));
#5546=CARTESIAN_POINT('Ctrl Pts',(-1.436142117043,5.0451561958585,0.1062705642523));
#5547=CARTESIAN_POINT('Ctrl Pts',(-1.416113020119,5.1215871957854,0.0709600536712998));
#5548=CARTESIAN_POINT('Ctrl Pts',(-1.395445638509,5.1993763600041,0.0335348052722999));
#5549=CARTESIAN_POINT('Ctrl Pts',(-1.374143359666,5.2784816431507,-0.00599048181569994));
#5550=CARTESIAN_POINT('Ctrl Pts',(-1.352180853312,5.3589483630893,-0.047639487494699));
#5551=CARTESIAN_POINT('Ctrl Pts',(-1.334051406706,5.4244708528366,-0.0826831935536996));
#5552=CARTESIAN_POINT('Ctrl Pts',(-1.32010561756299,5.4743433534319,-0.1099719399637));
#5553=CARTESIAN_POINT('Ctrl Pts',(-1.310637515823,5.5079593845225,-0.128630299404699));
#5554=CARTESIAN_POINT('Ctrl Pts',(-1.305855423698,5.5248762106777,-0.138084646939699));
#5555=CARTESIAN_POINT('Ctrl Pts',(-0.522729970569998,4.0455400593424,0.2036672548513));
#5556=CARTESIAN_POINT('Ctrl Pts',(-0.521127597194997,4.0553535387557,0.2034273830483));
#5557=CARTESIAN_POINT('Ctrl Pts',(-0.517856448566995,4.0751988631652,0.2024391384703));
#5558=CARTESIAN_POINT('Ctrl Pts',(-0.512617045653997,4.105645425253,0.2000820971703));
#5559=CARTESIAN_POINT('Ctrl Pts',(-0.504974617251996,4.1477011948432,0.1949536464613));
#5560=CARTESIAN_POINT('Ctrl Pts',(-0.494283791956995,4.2028778688016,0.1851535323313));
#5561=CARTESIAN_POINT('Ctrl Pts',(-0.482432563288999,4.2607649822009,0.1719166379023));
#5562=CARTESIAN_POINT('Ctrl Pts',(-0.469415364492995,4.3214101024113,0.1552230990173));
#5563=CARTESIAN_POINT('Ctrl Pts',(-0.455241817501996,4.3848087840584,0.135077288966301));
#5564=CARTESIAN_POINT('Ctrl Pts',(-0.439933579503997,4.4509149053301,0.1115033261593));
#5565=CARTESIAN_POINT('Ctrl Pts',(-0.42352151203,4.5196493396679,0.0845408774703005));
#5566=CARTESIAN_POINT('Ctrl Pts',(-0.406042850048998,4.59090862746,0.0542409615663004));
#5567=CARTESIAN_POINT('Ctrl Pts',(-0.387538371055996,4.6645736477332,0.0206617522483006));
#5568=CARTESIAN_POINT('Ctrl Pts',(-0.368049564164998,4.7405182898458,-0.0161356182086996));
#5569=CARTESIAN_POINT('Ctrl Pts',(-0.347615799202998,4.8186181251788,-0.0560912557266997));
#5570=CARTESIAN_POINT('Ctrl Pts',(-0.326271495796995,4.8987590788294,-0.0991507010817001));
#5571=CARTESIAN_POINT('Ctrl Pts',(-0.304043292468997,4.9808461013025,-0.145269126568699));
#5572=CARTESIAN_POINT('Ctrl Pts',(-0.280947215726997,5.0648118402039,-0.1944155326657));
#5573=CARTESIAN_POINT('Ctrl Pts',(-0.256985849155999,5.1506253119313,-0.2465769446967));
#5574=CARTESIAN_POINT('Ctrl Pts',(-0.232137560811999,5.2383286039922,-0.3017802528807));
#5575=CARTESIAN_POINT('Ctrl Pts',(-0.211527338625995,5.3100417248251,-0.3483963192817));
#5576=CARTESIAN_POINT('Ctrl Pts',(-0.195632209330999,5.3647616169262,-0.3847713290437));
#5577=CARTESIAN_POINT('Ctrl Pts',(-0.184828390920998,5.4016907737452,-0.409667554291699));
#5578=CARTESIAN_POINT('Ctrl Pts',(-0.179369461874998,5.4202841921986,-0.4222878249607));
#5579=CARTESIAN_POINT('Ctrl Pts',(0.0233285539920018,3.9448436889993,0.117311192875301));
#5580=CARTESIAN_POINT('Ctrl Pts',(0.0249166608690032,3.9548696988753,0.1170449298073));
#5581=CARTESIAN_POINT('Ctrl Pts',(0.028240783829002,3.975158321254,0.116417180303301));
#5582=CARTESIAN_POINT('Ctrl Pts',(0.0335411350650006,4.0063254335004,0.1142169317763));
#5583=CARTESIAN_POINT('Ctrl Pts',(0.0412974367600007,4.0494330619984,0.1089989519783));
#5584=CARTESIAN_POINT('Ctrl Pts',(0.0521766995330033,4.1060447091017,0.0985980745153006));
#5585=CARTESIAN_POINT('Ctrl Pts',(0.0642580564220019,4.165467661942,0.0842768636443001));
#5586=CARTESIAN_POINT('Ctrl Pts',(0.0775460065760036,4.2277411749615,0.0660176153103009));
#5587=CARTESIAN_POINT('Ctrl Pts',(0.0920326495170016,4.2928617296779,0.043824267551301));
#5588=CARTESIAN_POINT('Ctrl Pts',(0.107700314923001,4.3607918119287,0.0177183467603008));
#5589=CARTESIAN_POINT('Ctrl Pts',(0.124523864201002,4.4314669812095,-0.0122647722786997));
#5590=CARTESIAN_POINT('Ctrl Pts',(0.142472992057002,4.5048029400141,-0.0460796063407001));
#5591=CARTESIAN_POINT('Ctrl Pts',(0.161514528063002,4.5807026031716,-0.0836743037266992));
#5592=CARTESIAN_POINT('Ctrl Pts',(0.181614738233002,4.659063167188,-0.1249943842197));
#5593=CARTESIAN_POINT('Ctrl Pts',(0.202741626587002,4.7397831795827,-0.1699864790397));
#5594=CARTESIAN_POINT('Ctrl Pts',(0.224867236727,4.8227696082289,-0.2186020708087));
#5595=CARTESIAN_POINT('Ctrl Pts',(0.247969953405004,4.907944910693,-0.2708012335017));
#5596=CARTESIAN_POINT('Ctrl Pts',(0.272036804092004,4.9952541035717,-0.3265563724147));
#5597=CARTESIAN_POINT('Ctrl Pts',(0.297065760549003,5.0846718318329,-0.3858559641157));
#5598=CARTESIAN_POINT('Ctrl Pts',(0.323076353581005,5.1762387036072,-0.448728390899699));
#5599=CARTESIAN_POINT('Ctrl Pts',(0.344687201004003,5.2512394353526,-0.501900307399699));
#5600=CARTESIAN_POINT('Ctrl Pts',(0.361368122805004,5.3085250142674,-0.5434259864487));
#5601=CARTESIAN_POINT('Ctrl Pts',(0.372709636124004,5.3472044027943,-0.571859111511699));
#5602=CARTESIAN_POINT('Ctrl Pts',(0.378440766299001,5.366682731777,-0.586274618113699));
#5603=CARTESIAN_POINT('Ctrl Pts',(0.836197910192006,3.7835682926897,-0.0342817686336998));
#5604=CARTESIAN_POINT('Ctrl Pts',(0.837767167458004,3.7940818594773,-0.0345896586336991));
#5605=CARTESIAN_POINT('Ctrl Pts',(0.841166749786005,3.8153610065031,-0.0349019090597));
#5606=CARTESIAN_POINT('Ctrl Pts',(0.846538155261005,3.8480880275672,-0.0371272006326997));
#5607=CARTESIAN_POINT('Ctrl Pts',(0.854406114262002,3.8933882552451,-0.0428806975017002));
#5608=CARTESIAN_POINT('Ctrl Pts',(0.865441411972004,3.9528843330267,-0.0547712648087));
#5609=CARTESIAN_POINT('Ctrl Pts',(0.877689006187005,4.0153084790962,-0.0713924870916998));
#5610=CARTESIAN_POINT('Ctrl Pts',(0.891151869162002,4.0806883240274,-0.0927580540316999));
#5611=CARTESIAN_POINT('Ctrl Pts',(0.905824541166005,4.1490215456966,-0.1188649181417));
#5612=CARTESIAN_POINT('Ctrl Pts',(0.921695012784003,4.2202825086317,-0.1496965262707));
#5613=CARTESIAN_POINT('Ctrl Pts',(0.938746274288,4.2944271084375,-0.1852256923767));
#5614=CARTESIAN_POINT('Ctrl Pts',(0.956957865024002,4.3713976162202,-0.225417470314699));
#5615=CARTESIAN_POINT('Ctrl Pts',(0.976307422784004,4.4511275230127,-0.2702320266047));
#5616=CARTESIAN_POINT('Ctrl Pts',(0.996772233186,4.5335463841986,-0.3196275132177));
#5617=CARTESIAN_POINT('Ctrl Pts',(1.01833077905,4.6185846639376,-0.3735629403497));
#5618=CARTESIAN_POINT('Ctrl Pts',(1.04096428978,4.7061785795903,-0.4320010492027));
#5619=CARTESIAN_POINT('Ctrl Pts',(1.064658290738,4.7962749461425,-0.494911184762699));
#5620=CARTESIAN_POINT('Ctrl Pts',(1.089404152625,4.8888360206309,-0.562272168576699));
#5621=CARTESIAN_POINT('Ctrl Pts',(1.115200640854,4.9838443465666,-0.6340751715327));
#5622=CARTESIAN_POINT('Ctrl Pts',(1.142064050682,5.0813387583001,-0.7103509649497));
#5623=CARTESIAN_POINT('Ctrl Pts',(1.164418415255,5.1613361742703,-0.774957656016699));
#5624=CARTESIAN_POINT('Ctrl Pts',(1.181685012475,5.2224977436513,-0.825454564911699));
#5625=CARTESIAN_POINT('Ctrl Pts',(1.193426717191,5.263811809174,-0.8600425204547));
#5626=CARTESIAN_POINT('Ctrl Pts',(1.199360104144,5.2846200094886,-0.877580656293699));
#5627=CARTESIAN_POINT('Ctrl Pts',(1.106140744619,3.7280876712589,-0.0885025019556993));
#5628=CARTESIAN_POINT('Ctrl Pts',(1.107732763293,3.7387879281328,-0.0888301202506998));
#5629=CARTESIAN_POINT('Ctrl Pts',(1.111216316999,3.7604441293888,-0.0890592871416995));
#5630=CARTESIAN_POINT('Ctrl Pts',(1.116690256907,3.7937603173359,-0.0913271937296996));
#5631=CARTESIAN_POINT('Ctrl Pts',(1.124685208863,3.8398808868917,-0.0973153933216997));
#5632=CARTESIAN_POINT('Ctrl Pts',(1.135859271965,3.9004462527758,-0.1097897313457));
#5633=CARTESIAN_POINT('Ctrl Pts',(1.14822364341,3.963974941559,-0.1272814552167));
#5634=CARTESIAN_POINT('Ctrl Pts',(1.161780813256,4.0304908702236,-0.149802773858699));
#5635=CARTESIAN_POINT('Ctrl Pts',(1.176526116834,4.0999920931654,-0.1773509525127));
#5636=CARTESIAN_POINT('Ctrl Pts',(1.192449378333,4.1724567633784,-0.2099112449817));
#5637=CARTESIAN_POINT('Ctrl Pts',(1.209536217275,4.2478472664581,-0.2474594495357));
#5638=CARTESIAN_POINT('Ctrl Pts',(1.227769354991,4.3261143546033,-0.2899644648297));
#5639=CARTESIAN_POINT('Ctrl Pts',(1.247129921101,4.4072012806193,-0.3373908458107));
#5640=CARTESIAN_POINT('Ctrl Pts',(1.267598759985,4.4910479319194,-0.389701359624699));
#5641=CARTESIAN_POINT('Ctrl Pts',(1.289157737267,4.5775949645281,-0.446859541532699));
#5642=CARTESIAN_POINT('Ctrl Pts',(1.311791046284,4.6667879370832,-0.5088322508167));
#5643=CARTESIAN_POINT('Ctrl Pts',(1.335486514567,4.7585814448377,-0.5755922266917));
#5644=CARTESIAN_POINT('Ctrl Pts',(1.360236910319,4.8529432536631,-0.6471206442167));
#5645=CARTESIAN_POINT('Ctrl Pts',(1.386041248886,4.9498584340512,-0.7234096702017));
#5646=CARTESIAN_POINT('Ctrl Pts',(1.412914688189,5.0493652982507,-0.8044909332977));
#5647=CARTESIAN_POINT('Ctrl Pts',(1.43527659822,5.1310523778531,-0.8731947016377));
#5648=CARTESIAN_POINT('Ctrl Pts',(1.452546489979,5.1935213212584,-0.9269045935917));
#5649=CARTESIAN_POINT('Ctrl Pts',(1.464288434859,5.2357227633989,-0.9636962430347));
#5650=CARTESIAN_POINT('Ctrl Pts',(1.470221318807,5.2569785717613,-0.982352261884699));
#5651=CARTESIAN_POINT('Ctrl Pts',(1.643686591521,3.6137543237099,-0.2042975694707));
#5652=CARTESIAN_POINT('Ctrl Pts',(1.645258684304,3.6248960265793,-0.2046521636667));
#5653=CARTESIAN_POINT('Ctrl Pts',(1.64875269432,3.6474445343923,-0.204853912843699));
#5654=CARTESIAN_POINT('Ctrl Pts',(1.654215975734,3.6821374437473,-0.207337396704699));
#5655=CARTESIAN_POINT('Ctrl Pts',(1.662190132181,3.730151088018,-0.2139753700487));
#5656=CARTESIAN_POINT('Ctrl Pts',(1.673320435712,3.7931524748311,-0.2278531191347));
#5657=CARTESIAN_POINT('Ctrl Pts',(1.685619682184,3.8591709377347,-0.2473318192717));
#5658=CARTESIAN_POINT('Ctrl Pts',(1.699089507314,3.9282235125974,-0.272420637996699));
#5659=CARTESIAN_POINT('Ctrl Pts',(1.713726704139,4.0003089002168,-0.3031175583017));
#5660=CARTESIAN_POINT('Ctrl Pts',(1.729524426491,4.0754121926453,-0.339411686113699));
#5661=CARTESIAN_POINT('Ctrl Pts',(1.746473056677,4.1535076988376,-0.3812851390927));
#5662=CARTESIAN_POINT('Ctrl Pts',(1.764561073167,4.2345617703009,-0.428714935429699));
#5663=CARTESIAN_POINT('Ctrl Pts',(1.783775918274,4.3185356267428,-0.481674882649699));
#5664=CARTESIAN_POINT('Ctrl Pts',(1.804104865841,4.405388181721,-0.5401374664087));
#5665=CARTESIAN_POINT('Ctrl Pts',(1.825535888922,4.4950788682923,-0.6040757392967));
#5666=CARTESIAN_POINT('Ctrl Pts',(1.848058527465,4.5875704646604,-0.6734652096327));
#5667=CARTESIAN_POINT('Ctrl Pts',(1.871664755999,4.6828319198265,-0.7482857302697));
#5668=CARTESIAN_POINT('Ctrl Pts',(1.896349851315,4.7808411792372,-0.8285233873927));
#5669=CARTESIAN_POINT('Ctrl Pts',(1.922113260153,4.881588010433,-0.9141723893147));
#5670=CARTESIAN_POINT('Ctrl Pts',(1.948968049869,4.9851099150694,-1.0052660695007));
#5671=CARTESIAN_POINT('Ctrl Pts',(1.971328847442,5.0701469242784,-1.0824956567277));
#5672=CARTESIAN_POINT('Ctrl Pts',(1.988601873139,5.1351972585082,-1.1428859028167));
#5673=CARTESIAN_POINT('Ctrl Pts',(2.000346032823,5.1791465422206,-1.1842569498227));
#5674=CARTESIAN_POINT('Ctrl Pts',(2.006279815064,5.2012829851981,-1.2052353845577));
#5675=CARTESIAN_POINT('Ctrl Pts',(1.911332138338,3.5548790947548,-0.2659152311557));
#5676=CARTESIAN_POINT('Ctrl Pts',(1.912925063934,3.566261803602,-0.2662894328157));
#5677=CARTESIAN_POINT('Ctrl Pts',(1.916489090496,3.5892961435572,-0.2664791765037));
#5678=CARTESIAN_POINT('Ctrl Pts',(1.922034657594,3.6247362215749,-0.2690808450257));
#5679=CARTESIAN_POINT('Ctrl Pts',(1.930101833723,3.67377351942,-0.276061816730699));
#5680=CARTESIAN_POINT('Ctrl Pts',(1.941317586849,3.7380882419004,-0.2906707245047));
#5681=CARTESIAN_POINT('Ctrl Pts',(1.953669880636,3.8054465052051,-0.311179009834699));
#5682=CARTESIAN_POINT('Ctrl Pts',(1.967160003606,3.8758621964712,-0.3375942400217));
#5683=CARTESIAN_POINT('Ctrl Pts',(1.981785430115,3.9493343118688,-0.3699147521437));
#5684=CARTESIAN_POINT('Ctrl Pts',(1.997540829599,4.0258511229246,-0.4081316363817));
#5685=CARTESIAN_POINT('Ctrl Pts',(2.014418737461,4.1053924025487,-0.452230278602699));
#5686=CARTESIAN_POINT('Ctrl Pts',(2.032410225948,4.1879316510598,-0.5021919029517));
#5687=CARTESIAN_POINT('Ctrl Pts',(2.051505575033,4.2734383222114,-0.557995114437699));
#5688=CARTESIAN_POINT('Ctrl Pts',(2.071694943298,4.3618800492183,-0.6196174415237));
#5689=CARTESIAN_POINT('Ctrl Pts',(2.092969038814,4.4532248707827,-0.6870368787117));
#5690=CARTESIAN_POINT('Ctrl Pts',(2.115319790026,4.5474434571195,-0.7602334291367));
#5691=CARTESIAN_POINT('Ctrl Pts',(2.13874101662901,4.6445113359834,-0.839190647147699));
#5692=CARTESIAN_POINT('Ctrl Pts',(2.163229100454,4.7444111186945,-0.9238971809017));
#5693=CARTESIAN_POINT('Ctrl Pts',(2.188783656349,4.847134726164,-1.0143483149477));
#5694=CARTESIAN_POINT('Ctrl Pts',(2.21541671518001,4.9527193605558,-1.1105782686297));
#5695=CARTESIAN_POINT('Ctrl Pts',(2.237588021627,5.0394712359556,-1.1921810664687));
#5696=CARTESIAN_POINT('Ctrl Pts',(2.25471038303,5.105840162128,-1.2559976598747));
#5697=CARTESIAN_POINT('Ctrl Pts',(2.266349539655,5.1506812341846,-1.2997173578057));
#5698=CARTESIAN_POINT('Ctrl Pts',(2.272229534222,5.1732667767242,-1.3218868676327));
#5699=CARTESIAN_POINT('Ctrl Pts',(2.444005910662,3.4339202697685,-0.3965671049197));
#5700=CARTESIAN_POINT('Ctrl Pts',(2.445754061845,3.4458469073112,-0.3970134317297));
#5701=CARTESIAN_POINT('Ctrl Pts',(2.44964200329,3.4699794954074,-0.3973978772647));
#5702=CARTESIAN_POINT('Ctrl Pts',(2.455617035824,3.5070945022469,-0.400496233413699));
#5703=CARTESIAN_POINT('Ctrl Pts',(2.46416838281,3.5584084951328,-0.4085257793637));
#5704=CARTESIAN_POINT('Ctrl Pts',(2.475836994974,3.6256210537049,-0.4250770411707));
#5705=CARTESIAN_POINT('Ctrl Pts',(2.488487213564,3.6959165859349,-0.4481519379717));
#5706=CARTESIAN_POINT('Ctrl Pts',(2.502119799094,3.7693035921519,-0.477755106969699));
#5707=CARTESIAN_POINT('Ctrl Pts',(2.516733395617,3.8457815588942,-0.513885553934699));
#5708=CARTESIAN_POINT('Ctrl Pts',(2.532325225725,3.9253441865205,-0.5565380539937));
#5709=CARTESIAN_POINT('Ctrl Pts',(2.548891433514,4.0079805891012,-0.6057040531017));
#5710=CARTESIAN_POINT('Ctrl Pts',(2.566427427557,4.0936764943078,-0.6613725695087));
#5711=CARTESIAN_POINT('Ctrl Pts',(2.58492822387201,4.1824154433027,-0.723531095221699));
#5712=CARTESIAN_POINT('Ctrl Pts',(2.604388788892,4.27417999063,-0.792166497473699));
#5713=CARTESIAN_POINT('Ctrl Pts',(2.624804382431,4.3689529041063,-0.8672659201857));
#5714=CARTESIAN_POINT('Ctrl Pts',(2.646170900659,4.4667183647089,-0.9488176854387));
#5715=CARTESIAN_POINT('Ctrl Pts',(2.668485219068,4.5674631664677,-1.0368121949347));
#5716=CARTESIAN_POINT('Ctrl Pts',(2.69174553544,4.6711779163548,-1.1312428314637));
#5717=CARTESIAN_POINT('Ctrl Pts',(2.715951712822,4.7778582341747,-1.2321068603707));
#5718=CARTESIAN_POINT('Ctrl Pts',(2.741113664434,4.8875410078843,-1.3394406356947));
#5719=CARTESIAN_POINT('Ctrl Pts',(2.762007006741,4.9776774581223,-1.4304731788787));
#5720=CARTESIAN_POINT('Ctrl Pts',(2.778111053831,5.046637764854,-1.5016656529557));
#5721=CARTESIAN_POINT('Ctrl Pts',(2.789043356428,5.0932271041855,-1.5504364229267));
#5722=CARTESIAN_POINT('Ctrl Pts',(2.794562498636,5.1166920646889,-1.5751663571847));
#5723=CARTESIAN_POINT('Ctrl Pts',(2.708968438665,3.3716433091327,-0.4657578240817));
#5724=CARTESIAN_POINT('Ctrl Pts',(2.71072279643401,3.3838770791963,-0.4662246964057));
#5725=CARTESIAN_POINT('Ctrl Pts',(2.714607760764,3.4086320837561,-0.4667821271697));
#5726=CARTESIAN_POINT('Ctrl Pts',(2.720574893445,3.4466889122635,-0.470185225692699));
#5727=CARTESIAN_POINT('Ctrl Pts',(2.729095367025,3.4992744467257,-0.478808067373699));
#5728=CARTESIAN_POINT('Ctrl Pts',(2.740689608217,3.5680942227289,-0.496406820184699));
#5729=CARTESIAN_POINT('Ctrl Pts',(2.753228714869,3.6400095308525,-0.520831617804699));
#5730=CARTESIAN_POINT('Ctrl Pts',(2.766713265117,3.7150266272226,-0.552085742040699));
#5731=CARTESIAN_POINT('Ctrl Pts',(2.781142381717,3.7931451819297,-0.5901685363557));
#5732=CARTESIAN_POINT('Ctrl Pts',(2.796514297629,3.874361129771,-0.6350765352087));
#5733=CARTESIAN_POINT('Ctrl Pts',(2.812826571825,3.9586674447861,-0.6868040624557));
#5734=CARTESIAN_POINT('Ctrl Pts',(2.830076305092,4.0460549147895,-0.745343829756699));
#5735=CARTESIAN_POINT('Ctrl Pts',(2.848260355835,4.1365129159055,-0.810687534975699));
#5736=CARTESIAN_POINT('Ctrl Pts',(2.867375555887,4.2300301871018,-0.882826460590699));
#5737=CARTESIAN_POINT('Ctrl Pts',(2.887418926307,4.3265956047239,-0.961752072089699));
#5738=CARTESIAN_POINT('Ctrl Pts',(2.908387893188,4.4261989570285,-1.0474566163817));
#5739=CARTESIAN_POINT('Ctrl Pts',(2.930280503462,4.5288317187181,-1.1399337201997));
#5740=CARTESIAN_POINT('Ctrl Pts',(2.953095640705,4.6344878254753,-1.2391789884987));
#5741=CARTESIAN_POINT('Ctrl Pts',(2.976833240938,4.7431644484953,-1.3451906028687));
#5742=CARTESIAN_POINT('Ctrl Pts',(3.00150239288,4.8548984800491,-1.4580059765627));
#5743=CARTESIAN_POINT('Ctrl Pts',(3.02198096824601,4.946716914496,-1.5536880845927));
#5744=CARTESIAN_POINT('Ctrl Pts',(3.03776122718,5.0169590055418,-1.6285145276337));
#5745=CARTESIAN_POINT('Ctrl Pts',(3.048471490793,5.0644107342129,-1.6797726782957));
#5746=CARTESIAN_POINT('Ctrl Pts',(3.053877920102,5.0883089494301,-1.7057631975707));
#5747=CARTESIAN_POINT('Ctrl Pts',(3.104582512503,3.2763915788544,-0.5747809433177));
#5748=CARTESIAN_POINT('Ctrl Pts',(3.106426592938,3.2891260384776,-0.575298016699699));
#5749=CARTESIAN_POINT('Ctrl Pts',(3.11040938922,3.3148943252558,-0.576305636645699));
#5750=CARTESIAN_POINT('Ctrl Pts',(3.116527256817,3.3544776715593,-0.5803740489937));
#5751=CARTESIAN_POINT('Ctrl Pts',(3.125184369174,3.4091145375743,-0.5901625393207));
#5752=CARTESIAN_POINT('Ctrl Pts',(3.136840308421,3.4805161026453,-0.6096762188337));
#5753=CARTESIAN_POINT('Ctrl Pts',(3.149331072253,3.5550252660281,-0.636469921474699));
#5754=CARTESIAN_POINT('Ctrl Pts',(3.162657087012,3.6326459352042,-0.6705454344267));
#5755=CARTESIAN_POINT('Ctrl Pts',(3.176817986266,3.7133779754994,-0.711902468935699));
#5756=CARTESIAN_POINT('Ctrl Pts',(3.191813049091,3.7972196883328,-0.7605395102677));
#5757=CARTESIAN_POINT('Ctrl Pts',(3.207641286716,3.8841681353661,-0.8164540789737));
#5758=CARTESIAN_POINT('Ctrl Pts',(3.22430152916,3.9742194626549,-0.879642992142699));
#5759=CARTESIAN_POINT('Ctrl Pts',(3.241792511871,4.0673692247976,-0.950102624661699));
#5760=CARTESIAN_POINT('Ctrl Pts',(3.26011296237,4.1636127090858,-1.0278291704707));
#5761=CARTESIAN_POINT('Ctrl Pts',(3.279261686889,4.2629452596547,-1.1128189038257));
#5762=CARTESIAN_POINT('Ctrl Pts',(3.29923765701,4.365362601633,-1.2050684405537));
#5763=CARTESIAN_POINT('Ctrl Pts',(3.320040096307,4.4708611652924,-1.3045749993117));
#5764=CARTESIAN_POINT('Ctrl Pts',(3.341668566984,4.5794384101987,-1.4113366628427));
#5765=CARTESIAN_POINT('Ctrl Pts',(3.364123056519,4.6910931493607,-1.5253526392367));
#5766=CARTESIAN_POINT('Ctrl Pts',(3.387411507462,4.8058625545369,-1.6466622946557));
#5767=CARTESIAN_POINT('Ctrl Pts',(3.406706379097,4.9001517667827,-1.7495281346617));
#5768=CARTESIAN_POINT('Ctrl Pts',(3.421553087767,4.9722679566678,-1.8299588578017));
#5769=CARTESIAN_POINT('Ctrl Pts',(3.431620016051,5.0209772636315,-1.8850490465377));
#5770=CARTESIAN_POINT('Ctrl Pts',(3.436699238325,5.0455065261668,-1.9129807042197));
#5771=CARTESIAN_POINT('Ctrl Pts',(3.236136490802,3.2443399087681,-0.6119896665287));
#5772=CARTESIAN_POINT('Ctrl Pts',(3.23799158492501,3.2572539766976,-0.6125184337087));
#5773=CARTESIAN_POINT('Ctrl Pts',(3.241952930396,3.2833851234805,-0.6137212438127));
#5774=CARTESIAN_POINT('Ctrl Pts',(3.248051205385,3.3235131431992,-0.6180510317877));
#5775=CARTESIAN_POINT('Ctrl Pts',(3.256666201178,3.3788785749624,-0.6282802616647));
#5776=CARTESIAN_POINT('Ctrl Pts',(3.268242376908,3.4511923724881,-0.6484968309537));
#5777=CARTESIAN_POINT('Ctrl Pts',(3.280626031735,3.5266138253604,-0.6761443115617));
#5778=CARTESIAN_POINT('Ctrl Pts',(3.293817557007,3.6051462288532,-0.7112240849507));
#5779=CARTESIAN_POINT('Ctrl Pts',(3.307816720109,3.6867894979406,-0.7537359652237));
#5780=CARTESIAN_POINT('Ctrl Pts',(3.322623067796,3.7715425546977,-0.8036789772317));
#5781=CARTESIAN_POINT('Ctrl Pts',(3.338235980302,3.8594035340783,-0.8610515247587));
#5782=CARTESIAN_POINT('Ctrl Pts',(3.354654725436,3.9503699896952,-0.9258515587197));
#5783=CARTESIAN_POINT('Ctrl Pts',(3.371878512683,4.0444390995988,-0.998076745349699));
#5784=CARTESIAN_POINT('Ctrl Pts',(3.389906547312,4.1416078720558,-1.0777246343977));
#5785=CARTESIAN_POINT('Ctrl Pts',(3.408738084471,4.24187335133,-1.1647928273147));
#5786=CARTESIAN_POINT('Ctrl Pts',(3.428372483292,4.3452328234592,-1.2592791454537));
#5787=CARTESIAN_POINT('Ctrl Pts',(3.44880926099101,4.4516840220362,-1.3611817982537));
#5788=CARTESIAN_POINT('Ctrl Pts',(3.470048146971,4.5612253339874,-1.4704995514357));
#5789=CARTESIAN_POINT('Ctrl Pts',(3.492089136922,4.6738560053518,-1.5872318951967));
#5790=CARTESIAN_POINT('Ctrl Pts',(3.514939850182,4.7896133439663,-1.7114189034897));
#5791=CARTESIAN_POINT('Ctrl Pts',(3.533864883565,4.8847015927966,-1.8167143252167));
#5792=CARTESIAN_POINT('Ctrl Pts',(3.548422838088,4.9574212003701,-1.8990385572857));
#5793=CARTESIAN_POINT('Ctrl Pts',(3.558292042903,5.0065343338083,-1.9554227283087));
#5794=CARTESIAN_POINT('Ctrl Pts',(3.563271011398,5.0312659768263,-1.9840096880767));
#5795=CARTESIAN_POINT('Ctrl Pts',(3.498586391567,3.1797190680806,-0.6880912126297));
#5796=CARTESIAN_POINT('Ctrl Pts',(3.500572002132,3.1929871857195,-0.6886766869927));
#5797=CARTESIAN_POINT('Ctrl Pts',(3.504704499226,3.2198323981185,-0.690310760884699));
#5798=CARTESIAN_POINT('Ctrl Pts',(3.511064153654,3.2610334320511,-0.695234162589699));
#5799=CARTESIAN_POINT('Ctrl Pts',(3.519958231747,3.3178359893935,-0.7064343097837));
#5800=CARTESIAN_POINT('Ctrl Pts',(3.531766952933,3.391953691366,-0.728161101570699));
#5801=CARTESIAN_POINT('Ctrl Pts',(3.54426654820301,3.4691845216308,-0.757613849939699));
#5802=CARTESIAN_POINT('Ctrl Pts',(3.557457378698,3.5495309530938,-0.7947933823237));
#5803=CARTESIAN_POINT('Ctrl Pts',(3.57133939513501,3.632992968184,-0.839699657047699));
#5804=CARTESIAN_POINT('Ctrl Pts',(3.585912504842,3.7195703385564,-0.892332456330699));
#5805=CARTESIAN_POINT('Ctrl Pts',(3.601176582531,3.8092626687589,-0.952691423823699));
#5806=CARTESIAN_POINT('Ctrl Pts',(3.617131481084,3.9020694398935,-1.0207761021447));
#5807=CARTESIAN_POINT('Ctrl Pts',(3.633777042328,3.997990053283,-1.0965859704157));
#5808=CARTESIAN_POINT('Ctrl Pts',(3.651113107813,4.0970238741337,-1.1801204818007));
#5809=CARTESIAN_POINT('Ctrl Pts',(3.669139529594,4.1991702752001,-1.2713791010387));
#5810=CARTESIAN_POINT('Ctrl Pts',(3.687856181006,4.304428680449,-1.3703613419797));
#5811=CARTESIAN_POINT('Ctrl Pts',(3.707262967447,4.4127986087235,-1.4770668051257));
#5812=CARTESIAN_POINT('Ctrl Pts',(3.727359837153,4.5242797174071,-1.5914952151607));
#5813=CARTESIAN_POINT('Ctrl Pts',(3.74814679198001,4.6388718460884,-1.7136464584907));
#5814=CARTESIAN_POINT('Ctrl Pts',(3.769630764617,4.7566126910741,-1.8435621427967));
#5815=CARTESIAN_POINT('Ctrl Pts',(3.787371991731,4.8533040194881,-1.9536865271527));
#5816=CARTESIAN_POINT('Ctrl Pts',(3.800990749246,4.9272340961736,-2.0397702458687));
#5817=CARTESIAN_POINT('Ctrl Pts',(3.810210706796,4.9771574816865,-2.0987220329747));
#5818=CARTESIAN_POINT('Ctrl Pts',(3.814859020931,5.002295264909,-2.1286089432047));
#5819=CARTESIAN_POINT('Ctrl Pts',(3.629578352953,3.1471281206006,-0.7270109047947));
#5820=CARTESIAN_POINT('Ctrl Pts',(3.631379086469,3.160627196293,-0.7275488827327));
#5821=CARTESIAN_POINT('Ctrl Pts',(3.635027600044,3.1879333981276,-0.7295148270087));
#5822=CARTESIAN_POINT('Ctrl Pts',(3.640748435987,3.2298206343317,-0.734773875772699));
#5823=CARTESIAN_POINT('Ctrl Pts',(3.648842158901,3.2875277805017,-0.7465088356747));
#5824=CARTESIAN_POINT('Ctrl Pts',(3.659735949591,3.3627581070823,-0.7690489055127));
#5825=CARTESIAN_POINT('Ctrl Pts',(3.671406072093,3.4410828919437,-0.7994592419487));
#5826=CARTESIAN_POINT('Ctrl Pts',(3.683852854979,3.5225044047816,-0.8377405251147));
#5827=CARTESIAN_POINT('Ctrl Pts',(3.697076298238,3.6070226455929,-0.8838927549737));
#5828=CARTESIAN_POINT('Ctrl Pts',(3.71107640192201,3.6946376143008,-0.9379159313577));
#5829=CARTESIAN_POINT('Ctrl Pts',(3.725853166131,3.7853493107693,-0.999810053993699));
#5830=CARTESIAN_POINT('Ctrl Pts',(3.741406590999,3.8791577348185,-1.0695751225327));
#5831=CARTESIAN_POINT('Ctrl Pts',(3.757736676686,3.9760628862398,-1.1472111365787));
#5832=CARTESIAN_POINT('Ctrl Pts',(3.77484342336501,4.0760647648119,-1.2327180957177));
#5833=CARTESIAN_POINT('Ctrl Pts',(3.792726831208,4.1791633703144,-1.3260959995447));
#5834=CARTESIAN_POINT('Ctrl Pts',(3.811386900377,4.2853587025448,-1.4273448476917));
#5835=CARTESIAN_POINT('Ctrl Pts',(3.830823631011,4.3946507613332,-1.5364646398597));
#5836=CARTESIAN_POINT('Ctrl Pts',(3.851037023213,4.5070395465574,-1.6534553758427));
#5837=CARTESIAN_POINT('Ctrl Pts',(3.87202707704001,4.6225250581575,-1.7783170555597));
#5838=CARTESIAN_POINT('Ctrl Pts',(3.893800751517,4.7411452080348,-1.9110921149767));
#5839=CARTESIAN_POINT('Ctrl Pts',(3.911842908857,4.8385282720212,-2.0236224387707));
#5840=CARTESIAN_POINT('Ctrl Pts',(3.925726198905,4.9129703080975,-2.1115771206087));
#5841=CARTESIAN_POINT('Ctrl Pts',(3.935139770843,4.9632318830781,-2.1718058954637));
#5842=CARTESIAN_POINT('Ctrl Pts',(3.939889273127,4.98853807269,-2.2023391397937));
#5843=CARTESIAN_POINT('Ctrl Pts',(3.76017985073801,3.1143404466582,-0.7667263774117));
#5844=CARTESIAN_POINT('Ctrl Pts',(3.762402486063,3.1279718682538,-0.767402029579699));
#5845=CARTESIAN_POINT('Ctrl Pts',(3.766898692837,3.1555453308236,-0.769554797419699));
#5846=CARTESIAN_POINT('Ctrl Pts',(3.773796630919,3.1978424166408,-0.7751883262587));
#5847=CARTESIAN_POINT('Ctrl Pts',(3.783301349747,3.2561136148947,-0.7875083377107));
#5848=CARTESIAN_POINT('Ctrl Pts',(3.795694787803,3.3320783216973,-0.8109226314937));
#5849=CARTESIAN_POINT('Ctrl Pts',(3.808600446294,3.4111667828788,-0.842350070509699));
#5850=CARTESIAN_POINT('Ctrl Pts',(3.822018699115,3.4933812902023,-0.8817913611397));
#5851=CARTESIAN_POINT('Ctrl Pts',(3.835949546268,3.5787218436675,-0.9292465033827));
#5852=CARTESIAN_POINT('Ctrl Pts',(3.850392987751,3.6671884432748,-0.9847154972407));
#5853=CARTESIAN_POINT('Ctrl Pts',(3.865349023565,3.758781089024,-1.0481983427117));
#5854=CARTESIAN_POINT('Ctrl Pts',(3.880817653709,3.8534997809151,-1.1196950397977));
#5855=CARTESIAN_POINT('Ctrl Pts',(3.896798878185,3.9513445189482,-1.1992055884967));
#5856=CARTESIAN_POINT('Ctrl Pts',(3.913292696991,4.0523153031232,-1.2867299888097));
#5857=CARTESIAN_POINT('Ctrl Pts',(3.930299110127,4.1564121334402,-1.3822682407367));
#5858=CARTESIAN_POINT('Ctrl Pts',(3.947818117595,4.2636350098991,-1.4858203442777));
#5859=CARTESIAN_POINT('Ctrl Pts',(3.965849719393,4.3739839324999,-1.5973862994327));
#5860=CARTESIAN_POINT('Ctrl Pts',(3.984393915521,4.4874589012427,-1.7169661062017));
#5861=CARTESIAN_POINT('Ctrl Pts',(4.003450705981,4.6040599161276,-1.8445597645837));
#5862=CARTESIAN_POINT('Ctrl Pts',(4.023026347291,4.7238252550471,-1.9802106296057));
#5863=CARTESIAN_POINT('Ctrl Pts',(4.039098514937,4.8221480179284,-2.0951561991537));
#5864=CARTESIAN_POINT('Ctrl Pts',(4.051385159124,4.8973081298228,-2.1849869332627));
#5865=CARTESIAN_POINT('Ctrl Pts',(4.059681119209,4.9480544227039,-2.2464953697057));
#5866=CARTESIAN_POINT('Ctrl Pts',(4.0638581237,4.9736046354651,-2.2776761240017));
#5867=CARTESIAN_POINT('',(-5.90726593861331,4.7973459213475,0.606124981068204));
#5868=CARTESIAN_POINT('',(-6.26517883893944,4.94999035532,0.606141858307005));
#5869=CARTESIAN_POINT('Ctrl Pts',(-5.90726566618651,4.79734594918406,0.606141858307005));
#5870=CARTESIAN_POINT('Ctrl Pts',(-5.90753171648347,4.80321066168582,0.606141858307005));
#5871=CARTESIAN_POINT('Ctrl Pts',(-5.91566154453959,4.80648319206414,0.606141858307005));
#5872=CARTESIAN_POINT('Ctrl Pts',(-5.92522155489611,4.81124594560677,0.606141858307005));
#5873=CARTESIAN_POINT('Ctrl Pts',(-5.94945660386223,4.82331973643071,0.606141858307005));
#5874=CARTESIAN_POINT('Ctrl Pts',(-5.99857361269272,4.84196089521378,0.606141858307005));
#5875=CARTESIAN_POINT('Ctrl Pts',(-6.0402271571031,4.85929550518766,0.606141858307005));
#5876=CARTESIAN_POINT('Ctrl Pts',(-6.04659467117659,4.86194542068775,0.606141858307005));
#5877=CARTESIAN_POINT('Ctrl Pts',(-6.0529227626876,4.86458613236783,0.606141858307005));
#5878=CARTESIAN_POINT('Ctrl Pts',(-6.0592146395893,4.86721110511856,0.606141858307005));
#5879=CARTESIAN_POINT('Ctrl Pts',(-6.13217541157774,4.89765035899049,0.606141858307005));
#5880=CARTESIAN_POINT('Ctrl Pts',(-6.20059772086779,4.92516970723384,0.606141858307005));
#5881=CARTESIAN_POINT('Ctrl Pts',(-6.26517883893944,4.94999035532,0.606141858307005));
#5882=CARTESIAN_POINT('',(-7.49535162226178,4.94999034776712,0.616719506788524));
#5883=CARTESIAN_POINT('Ctrl Pts',(-5.90726593861331,4.7973459213475,0.606124981068204));
#5884=CARTESIAN_POINT('Ctrl Pts',(-5.99333368733711,4.80632535308173,0.607499447862549));
#5885=CARTESIAN_POINT('Ctrl Pts',(-6.0800183800163,4.81524378875293,0.608708896279136));
#5886=CARTESIAN_POINT('Ctrl Pts',(-6.16731993004967,4.82410122836217,0.609768463671866));
#5887=CARTESIAN_POINT('Ctrl Pts',(-6.36621593554811,4.84428081688662,0.61218243824494));
#5888=CARTESIAN_POINT('Ctrl Pts',(-6.56831378065791,4.86414380606762,0.613814992762599));
#5889=CARTESIAN_POINT('Ctrl Pts',(-6.77361231271963,4.88369019592095,0.614881071513496));
#5890=CARTESIAN_POINT('Ctrl Pts',(-6.84885870065716,4.89085437395433,0.615271812618445));
#5891=CARTESIAN_POINT('Ctrl Pts',(-6.92453506056206,4.89797602059413,0.615586952561835));
#5892=CARTESIAN_POINT('Ctrl Pts',(-7.00064132616169,4.90505513584104,0.615838846546264));
#5893=CARTESIAN_POINT('Ctrl Pts',(-7.00922250092318,4.90585332406657,0.615867248232836));
#5894=CARTESIAN_POINT('Ctrl Pts',(-7.01780914112843,4.90665097158473,0.615894846892113));
#5895=CARTESIAN_POINT('Ctrl Pts',(-7.02640124667928,4.90744807839555,0.615921661020884));
#5896=CARTESIAN_POINT('Ctrl Pts',(-7.026974053716,4.9075012188496,0.615923448629469));
#5897=CARTESIAN_POINT('Ctrl Pts',(-7.027694106604,4.9075680125457,0.615925690368694));
#5898=CARTESIAN_POINT('Ctrl Pts',(-7.02811974066031,4.90760749254835,0.615927013391914));
#5899=CARTESIAN_POINT('Ctrl Pts',(-7.1804512631764,4.92173711592508,0.61640051436858));
#5900=CARTESIAN_POINT('Ctrl Pts',(-7.33619540739302,4.9358647343288,0.616630425059829));
#5901=CARTESIAN_POINT('Ctrl Pts',(-7.49535162226179,4.94999034776712,0.616719506788524));
#5902=CARTESIAN_POINT('Ctrl Pts',(-6.26517883893944,4.94999035532,0.606141858307005));
#5903=CARTESIAN_POINT('Ctrl Pts',(-6.69444240793512,4.94999035532,0.613951526759679));
#5904=CARTESIAN_POINT('Ctrl Pts',(-7.16378087641389,4.94999035532,0.616528660837305));
#5905=CARTESIAN_POINT('Ctrl Pts',(-7.49535160785074,4.94999035532,0.61674394340897));
#5906=CARTESIAN_POINT('Ctrl Pts',(-5.320496750728,5.1102760369589,0.5938887561239));
#5907=CARTESIAN_POINT('Ctrl Pts',(-5.3204991490216,-1.05871003141905,0.59388922998878));
#5908=CARTESIAN_POINT('Ctrl Pts',(-5.506637454823,5.1102761096951,0.598717936688899));
#5909=CARTESIAN_POINT('Ctrl Pts',(-5.5066398531166,-1.05870995868285,0.59871841055378));
#5910=CARTESIAN_POINT('Ctrl Pts',(-5.692820364279,5.1102761823757,0.6026108130157));
#5911=CARTESIAN_POINT('Ctrl Pts',(-5.6928227625726,-1.05870988600225,0.602611286880581));
#5912=CARTESIAN_POINT('Ctrl Pts',(-5.879029734633,5.1102762550025,0.6056677413033));
#5913=CARTESIAN_POINT('Ctrl Pts',(-5.8790321329266,-1.05870981337545,0.60566821516818));
#5914=CARTESIAN_POINT('Ctrl Pts',(-6.42764230659,5.1102764689763,0.6146741048763));
#5915=CARTESIAN_POINT('Ctrl Pts',(-6.4276447048836,-1.05870959940165,0.614674578741181));
#5916=CARTESIAN_POINT('Ctrl Pts',(-6.976293461571,5.1102766824125,0.6164853981743));
#5917=CARTESIAN_POINT('Ctrl Pts',(-6.9762958598646,-1.05870938596545,0.61648587203918));
#5918=CARTESIAN_POINT('Ctrl Pts',(-7.524952993785,5.1102768957319,0.6167344816523));
#5919=CARTESIAN_POINT('Ctrl Pts',(-7.5249553920786,-1.05870917264605,0.61673495551718));
#5920=CARTESIAN_POINT('Ctrl Pts',(-7.799587195957,5.1102770025099,0.616859161601301));
#5921=CARTESIAN_POINT('Ctrl Pts',(-7.7995895942506,-1.05870906586805,0.616859635466181));
#5922=CARTESIAN_POINT('Ctrl Pts',(-8.074222482734,5.1102771092729,0.616781581314299));
#5923=CARTESIAN_POINT('Ctrl Pts',(-8.0742248810276,-1.05870895910505,0.61678205517918));
#5924=CARTESIAN_POINT('Ctrl Pts',(-8.348857200578,5.1102772160438,0.6168100973021));
#5925=CARTESIAN_POINT('Ctrl Pts',(-8.3488595988716,-1.05870885233415,0.61681057116698));
#5926=CARTESIAN_POINT('Ctrl Pts',(-8.623948300269,5.1102773229921,0.616838660678301));
#5927=CARTESIAN_POINT('Ctrl Pts',(-8.6239506985626,-1.05870874538585,0.616839134543181));
#5928=CARTESIAN_POINT('Ctrl Pts',(-8.899039587579,5.1102774299378,0.616832236356101));
#5929=CARTESIAN_POINT('Ctrl Pts',(-8.8990419858726,-1.05870863844015,0.616832710220981));
#5930=CARTESIAN_POINT('Ctrl Pts',(-9.174130829927,5.1102775368841,0.616834196633301));
#5931=CARTESIAN_POINT('Ctrl Pts',(-9.1741332282206,-1.05870853149385,0.616834670498181));
#5932=CARTESIAN_POINT('Ctrl Pts',(-9.249413824917,5.1102775661516,0.6168347330943));
#5933=CARTESIAN_POINT('Ctrl Pts',(-9.2494162232106,-1.05870850222635,0.61683520695918));
#5934=CARTESIAN_POINT('Ctrl Pts',(-9.32469682059,5.1102775954192,0.6168351422663));
#5935=CARTESIAN_POINT('Ctrl Pts',(-9.3246992188836,-1.05870847295875,0.61683561613118));
#5936=CARTESIAN_POINT('Ctrl Pts',(-9.399979816807,5.1102776246866,0.6168354501173));
#5937=CARTESIAN_POINT('Ctrl Pts',(-9.3999822151006,-1.05870844369135,0.61683592398218));
#5938=CARTESIAN_POINT('Ctrl Pts',(-9.408095500259,5.1102776278418,0.616835483303901));
#5939=CARTESIAN_POINT('Ctrl Pts',(-9.4080978985526,-1.05870844053615,0.616835957168781));
#5940=CARTESIAN_POINT('Ctrl Pts',(-9.416211183712,5.1102776309969,0.616835516490901));
#5941=CARTESIAN_POINT('Ctrl Pts',(-9.4162135820056,-1.05870843738105,0.616835990355781));
#5942=CARTESIAN_POINT('Ctrl Pts',(-9.424326867165,5.110277634152,0.6168355496781));
#5943=CARTESIAN_POINT('Ctrl Pts',(-9.4243292654586,-1.05870843422595,0.616836023542981));
#5944=CARTESIAN_POINT('',(-8.935,1.97661684439,0.616833790062377));
#5945=CARTESIAN_POINT('Ctrl Pts',(-8.93500000069107,0.181739814021608,0.616833927932292));
#5946=CARTESIAN_POINT('Ctrl Pts',(-8.93500000069107,0.780032157477738,0.616833881975655));
#5947=CARTESIAN_POINT('Ctrl Pts',(-8.93500000020232,1.37832450093387,0.616833836019015));
#5948=CARTESIAN_POINT('Ctrl Pts',(-8.935,1.97661684439,0.616833790062377));
#5949=CARTESIAN_POINT('Ctrl Pts',(-7.4953517073616,4.94999035532,0.616719506836155));
#5950=CARTESIAN_POINT('Ctrl Pts',(-7.95694023812731,4.94999035532,0.616977866716692));
#5951=CARTESIAN_POINT('Ctrl Pts',(-8.56053451847514,4.94999035532,0.61683202923881));
#5952=CARTESIAN_POINT('Ctrl Pts',(-9.39993102675739,4.94999035532,0.616835462229832));
#5953=CARTESIAN_POINT('',(-5.90831987477016,4.01797774506279,0.606141858307005));
#5954=CARTESIAN_POINT('Ctrl Pts',(-5.90831987477016,4.01797774506279,0.606141858307005));
#5955=CARTESIAN_POINT('Ctrl Pts',(-5.90832102482469,4.27780390735976,0.606141858307005));
#5956=CARTESIAN_POINT('Ctrl Pts',(-5.90832217488154,4.53763006965674,0.606141858307005));
#5957=CARTESIAN_POINT('Ctrl Pts',(-5.9083233249407,4.79745623195372,0.606141858307005));
#5958=CARTESIAN_POINT('Ctrl Pts',(-8.9349999999841,1.97661684438111,0.616833790062377));
#5959=CARTESIAN_POINT('Ctrl Pts',(-8.68418906004621,2.42515332962587,0.616833078355137));
#5960=CARTESIAN_POINT('Ctrl Pts',(-8.35019526846027,2.82203240794552,0.616805522378892));
#5961=CARTESIAN_POINT('Ctrl Pts',(-7.65811758974486,3.38316107132966,0.616810573681161));
#5962=CARTESIAN_POINT('Ctrl Pts',(-7.33379109130067,3.57844110698751,0.616975836766685));
#5963=CARTESIAN_POINT('Ctrl Pts',(-6.64276352026762,3.87277462580998,0.614619058022869));
#5964=CARTESIAN_POINT('Ctrl Pts',(-6.27967753821594,3.97100705180168,0.612066143562941));
#5965=CARTESIAN_POINT('Ctrl Pts',(-5.90831987477015,4.01797774506279,0.606141858307005));
#5966=CARTESIAN_POINT('Ctrl Pts',(-9.425735055751,-5.080738704428,0.6168707155303));
#5967=CARTESIAN_POINT('Ctrl Pts',(-9.145064385419,-5.070497789431,0.616870907956301));
#5968=CARTESIAN_POINT('Ctrl Pts',(-8.864511539968,-5.056625881752,0.6168686352713));
#5969=CARTESIAN_POINT('Ctrl Pts',(-8.304057228843,-5.019096907222,0.6168551279203));
#5970=CARTESIAN_POINT('Ctrl Pts',(-8.024097600225,-4.995950917322,0.616826715665301));
#5971=CARTESIAN_POINT('Ctrl Pts',(-7.184737387124,-4.923064429397,0.6168639304453));
#5972=CARTESIAN_POINT('Ctrl Pts',(-6.625367965878,-4.870999755756,0.6160656946773));
#5973=CARTESIAN_POINT('Ctrl Pts',(-4.949285464868,-4.699109880513,0.5934425022783));
#5974=CARTESIAN_POINT('Ctrl Pts',(-3.833997817124,-4.563467224947,0.5494883952713));
#5975=CARTESIAN_POINT('Ctrl Pts',(-2.172406201105,-4.320890013321,0.4085712305883));
#5976=CARTESIAN_POINT('Ctrl Pts',(-1.620527265542,-4.233563369743,0.3493208601063));
#5977=CARTESIAN_POINT('Ctrl Pts',(-0.522719989711,-4.045561110001,0.203699816062301));
#5978=CARTESIAN_POINT('Ctrl Pts',(0.0233386680010028,-3.944865461707,0.1173437540863));
#5979=CARTESIAN_POINT('Ctrl Pts',(0.836208237454002,-3.783591140248,-0.0342492074216993));
#5980=CARTESIAN_POINT('Ctrl Pts',(1.106151145242,-3.728110875761,-0.0884699407436997));
#5981=CARTESIAN_POINT('Ctrl Pts',(1.643697143325,-3.613778239005,-0.2042650082597));
#5982=CARTESIAN_POINT('Ctrl Pts',(1.911342767993,-3.554903363955,-0.265882669944699));
#5983=CARTESIAN_POINT('Ctrl Pts',(2.444016700259,-3.433945243319,-0.3965345437087));
#5984=CARTESIAN_POINT('Ctrl Pts',(2.70897931061,-3.371668633042,-0.465725262870699));
#5985=CARTESIAN_POINT('Ctrl Pts',(3.104593510398,-3.276417425881,-0.5747483821067));
#5986=CARTESIAN_POINT('Ctrl Pts',(3.23614753107901,-3.244365929747,-0.6119571053167));
#5987=CARTESIAN_POINT('Ctrl Pts',(3.49861272486939,-3.17974169168181,-0.68806306109706));
#5988=CARTESIAN_POINT('Ctrl Pts',(3.62961988286966,-3.14714710798784,-0.726987364333078));
#5989=CARTESIAN_POINT('Ctrl Pts',(3.76023646879372,-3.11435576142274,-0.766707624007503));
#5990=CARTESIAN_POINT('Ctrl Pts',(-9.4253484912,-5.090412305361,0.616870714834301));
#5991=CARTESIAN_POINT('Ctrl Pts',(-9.144570322812,-5.080268653257,0.616870907076301));
#5992=CARTESIAN_POINT('Ctrl Pts',(-8.863918372335,-5.066402726722,0.616868638713299));
#5993=CARTESIAN_POINT('Ctrl Pts',(-8.303274821325,-5.028904871148,0.616855133575299));
#5994=CARTESIAN_POINT('Ctrl Pts',(-8.023226662549,-5.005779871689,0.616826789824301));
#5995=CARTESIAN_POINT('Ctrl Pts',(-7.183622711194,-4.932897254095,0.616864027183301));
#5996=CARTESIAN_POINT('Ctrl Pts',(-6.62412438787,-4.88076337569,0.6160595124003));
#5997=CARTESIAN_POINT('Ctrl Pts',(-4.947737998215,-4.708661175248,0.5934007852453));
#5998=CARTESIAN_POINT('Ctrl Pts',(-3.832362564912,-4.572865962886,0.5493996626483));
#5999=CARTESIAN_POINT('Ctrl Pts',(-2.170754208972,-4.330353736065,0.408406958899301));
#6000=CARTESIAN_POINT('Ctrl Pts',(-1.618887795965,-4.243093607719,0.349131079791301));
#6001=CARTESIAN_POINT('Ctrl Pts',(-0.521117629311995,-4.055374591533,0.2034599442603));
#6002=CARTESIAN_POINT('Ctrl Pts',(0.0249267616200015,-3.954891473683,0.1170774910193));
#6003=CARTESIAN_POINT('Ctrl Pts',(0.837777480818001,-3.794104709111,-0.0345570974216995));
#6004=CARTESIAN_POINT('Ctrl Pts',(1.107743149767,-3.73881113474,-0.0887975590396994));
#6005=CARTESIAN_POINT('Ctrl Pts',(1.645269221376,-3.624919943953,-0.2046196024547));
#6006=CARTESIAN_POINT('Ctrl Pts',(1.912935678538,-3.566286074909,-0.2662568716037));
#6007=CARTESIAN_POINT('Ctrl Pts',(2.445764835672,-3.445871883174,-0.3969808705187));
#6008=CARTESIAN_POINT('Ctrl Pts',(2.710733652203,-3.383902405425,-0.4661921351937));
#6009=CARTESIAN_POINT('Ctrl Pts',(3.106437573995,-3.289151887943,-0.575265455487699));
#6010=CARTESIAN_POINT('Ctrl Pts',(3.238002608126,-3.25728000013,-0.612485872496699));
#6011=CARTESIAN_POINT('Ctrl Pts',(3.50059832545268,-3.19300983246207,-0.688648538745956));
#6012=CARTESIAN_POINT('Ctrl Pts',(3.63142055568155,-3.16064623959335,-0.727525331262042));
#6013=CARTESIAN_POINT('Ctrl Pts',(3.76245923279999,-3.12798723196584,-0.767383324047572));
#6014=CARTESIAN_POINT('Ctrl Pts',(-9.42457658362,-5.109728941425,0.6168706999613));
#6015=CARTESIAN_POINT('Ctrl Pts',(-9.143583757537,-5.099779501633,0.616870588710301));
#6016=CARTESIAN_POINT('Ctrl Pts',(-8.862733636551,-5.08592681242,0.6168757259943));
#6017=CARTESIAN_POINT('Ctrl Pts',(-8.301710907083,-5.048495855041,0.6167891458493));
#6018=CARTESIAN_POINT('Ctrl Pts',(-8.021485053724,-5.025416200546,0.6166812084343));
#6019=CARTESIAN_POINT('Ctrl Pts',(-7.181389735185,-4.952552202305,0.6163643227453));
#6020=CARTESIAN_POINT('Ctrl Pts',(-6.621632930082,-4.900285911965,0.615188832891301));
#6021=CARTESIAN_POINT('Ctrl Pts',(-4.944656280243,-4.727769089073,0.591564933875301));
#6022=CARTESIAN_POINT('Ctrl Pts',(-3.829163648481,-4.591688872136,0.5472003125573));
#6023=CARTESIAN_POINT('Ctrl Pts',(-2.167509529266,-4.349406054919,0.406590265945301));
#6024=CARTESIAN_POINT('Ctrl Pts',(-1.615642612018,-4.262314773978,0.347556887235299));
#6025=CARTESIAN_POINT('Ctrl Pts',(-0.517846506924997,-4.075219920268,0.202471699681301));
#6026=CARTESIAN_POINT('Ctrl Pts',(0.0282508577540028,-3.975180100457,0.1164497415153));
#6027=CARTESIAN_POINT('Ctrl Pts',(0.841177035008002,-3.815383860632,-0.0348693478476996));
#6028=CARTESIAN_POINT('Ctrl Pts',(1.111226674838,-3.760467340602,-0.0890267259296991));
#6029=CARTESIAN_POINT('Ctrl Pts',(1.648763201576,-3.647468456386,-0.2048213516317));
#6030=CARTESIAN_POINT('Ctrl Pts',(1.916499674641,-3.589320419577,-0.2664466152927));
#6031=CARTESIAN_POINT('Ctrl Pts',(2.449652745207,-3.470004476411,-0.397365316053699));
#6032=CARTESIAN_POINT('Ctrl Pts',(2.714618583799,-3.408657415122,-0.4667495659587));
#6033=CARTESIAN_POINT('Ctrl Pts',(3.110420336204,-3.314920179987,-0.5762730754337));
#6034=CARTESIAN_POINT('Ctrl Pts',(3.241963919044,-3.283411152151,-0.613688682601699));
#6035=CARTESIAN_POINT('Ctrl Pts',(3.50473079696678,-3.2198550917016,-0.69028263762681));
#6036=CARTESIAN_POINT('Ctrl Pts',(3.63506892096474,-3.1879525531011,-0.72949135245942));
#6037=CARTESIAN_POINT('Ctrl Pts',(3.76695569788291,-3.15556079339196,-0.769536156834681));
#6038=CARTESIAN_POINT('Ctrl Pts',(-9.423418421739,-5.138698600612,0.616870651934301));
#6039=CARTESIAN_POINT('Ctrl Pts',(-9.142103667051,-5.129040418616,0.616870229789301));
#6040=CARTESIAN_POINT('Ctrl Pts',(-8.860955457288,-5.115211241861,0.616880557218301));
#6041=CARTESIAN_POINT('Ctrl Pts',(-8.299360152929,-5.077894458536,0.616712107195301));
#6042=CARTESIAN_POINT('Ctrl Pts',(-8.018864697161,-5.054893061113,0.6165180194083));
#6043=CARTESIAN_POINT('Ctrl Pts',(-7.178019843444,-4.982097255797,0.6158195052323));
#6044=CARTESIAN_POINT('Ctrl Pts',(-6.617860141074,-4.929672443385,0.6142380616523));
#6045=CARTESIAN_POINT('Ctrl Pts',(-4.939926871293,-4.756681089596,0.5894853210303));
#6046=CARTESIAN_POINT('Ctrl Pts',(-3.824163519108,-4.620293481502,0.544566365279301));
#6047=CARTESIAN_POINT('Ctrl Pts',(-2.162341493345,-4.378507639808,0.4039244005803));
#6048=CARTESIAN_POINT('Ctrl Pts',(-1.610451585206,-4.29172090377,0.344974754457301));
#6049=CARTESIAN_POINT('Ctrl Pts',(-0.512607144270998,-4.105666489283,0.200114658382301));
#6050=CARTESIAN_POINT('Ctrl Pts',(0.0335511677770022,-4.006347219712,0.1142494929883));
#6051=CARTESIAN_POINT('Ctrl Pts',(0.846548397208004,-3.848110888798,-0.0370946394216993));
#6052=CARTESIAN_POINT('Ctrl Pts',(1.116700570692,-3.793783535787,-0.0912946325177));
#6053=CARTESIAN_POINT('Ctrl Pts',(1.654226437116,-3.682161372965,-0.2073048354927));
#6054=CARTESIAN_POINT('Ctrl Pts',(1.922045194877,-3.624760504927,-0.269048283814699));
#6055=CARTESIAN_POINT('Ctrl Pts',(2.455627728663,-3.507119491151,-0.400463672201699));
#6056=CARTESIAN_POINT('Ctrl Pts',(2.720585666158,-3.44671425152,-0.4701526644807));
#6057=CARTESIAN_POINT('Ctrl Pts',(3.11653815146,-3.35450353438,-0.580341487781699));
#6058=CARTESIAN_POINT('Ctrl Pts',(3.248062140972,-3.323539179933,-0.618018470575699));
#6059=CARTESIAN_POINT('Ctrl Pts',(3.51109041206002,-3.26105619621872,-0.69520607372959));
#6060=CARTESIAN_POINT('Ctrl Pts',(3.64078955344531,-3.22983995591793,-0.734750479020224));
#6061=CARTESIAN_POINT('Ctrl Pts',(3.77385398934918,-3.19785803081015,-0.775169815869361));
#6062=CARTESIAN_POINT('Ctrl Pts',(-9.421861940987,-5.177597419671,0.6168705856413));
#6063=CARTESIAN_POINT('Ctrl Pts',(-9.140114911127,-5.168330298729,0.6168697344953));
#6064=CARTESIAN_POINT('Ctrl Pts',(-8.858564560065,-5.154539436825,0.616882864606301));
#6065=CARTESIAN_POINT('Ctrl Pts',(-8.296192257174,-5.117401284383,0.6165879699193));
#6066=CARTESIAN_POINT('Ctrl Pts',(-8.015328449432,-5.094523622004,0.616265772056301));
#6067=CARTESIAN_POINT('Ctrl Pts',(-7.173450877637,-5.021890323664,0.6150036069983));
#6068=CARTESIAN_POINT('Ctrl Pts',(-6.612722806148,-4.96931889628,0.6128241751913));
#6069=CARTESIAN_POINT('Ctrl Pts',(-4.933397489769,-4.795921278456,0.586324750056301));
#6070=CARTESIAN_POINT('Ctrl Pts',(-3.817160584441,-4.659313703232,0.540407541601301));
#6071=CARTESIAN_POINT('Ctrl Pts',(-2.154942484575,-4.418482350224,0.399138198974301));
#6072=CARTESIAN_POINT('Ctrl Pts',(-1.602966022939,-4.33220070781,0.3400726408893));
#6073=CARTESIAN_POINT('Ctrl Pts',(-0.504964771478999,-4.147722268979,0.194986207672301));
#6074=CARTESIAN_POINT('Ctrl Pts',(0.0413074124710029,-4.049454858466,0.1090315131903));
#6075=CARTESIAN_POINT('Ctrl Pts',(0.854416296310003,-3.89341112688,-0.0428481362896997));
#6076=CARTESIAN_POINT('Ctrl Pts',(1.124695461663,-3.839904115915,-0.0972828321107002));
#6077=CARTESIAN_POINT('Ctrl Pts',(1.662200530075,-3.73017502778,-0.2139428088377));
#6078=CARTESIAN_POINT('Ctrl Pts',(1.930112306164,-3.673797813439,-0.2760292555187));
#6079=CARTESIAN_POINT('Ctrl Pts',(2.464179007797,-3.558433495344,-0.408493218151699));
#6080=CARTESIAN_POINT('Ctrl Pts',(2.729106070204,-3.499299797248,-0.4787755061617));
#6081=CARTESIAN_POINT('Ctrl Pts',(3.125195191571,-3.409140411842,-0.590129978108699));
#6082=CARTESIAN_POINT('Ctrl Pts',(3.256677063556,-3.378904623088,-0.6282477004527));
#6083=CARTESIAN_POINT('Ctrl Pts',(3.51998443121461,-3.31785884859551,-0.706406277182252));
#6084=CARTESIAN_POINT('Ctrl Pts',(3.64888301453701,-3.28754732245633,-0.746485562880421));
#6085=CARTESIAN_POINT('Ctrl Pts',(3.78335912177218,-3.25612943772222,-0.787490030726106));
#6086=CARTESIAN_POINT('Ctrl Pts',(-9.419882805622,-5.227162656217,0.6168705792003));
#6087=CARTESIAN_POINT('Ctrl Pts',(-9.137585021261,-5.218393858488,0.6168691719053));
#6088=CARTESIAN_POINT('Ctrl Pts',(-8.855518953492,-5.204661943197,0.6168784656383));
#6089=CARTESIAN_POINT('Ctrl Pts',(-8.292142570977,-5.167789153919,0.616393201463301));
#6090=CARTESIAN_POINT('Ctrl Pts',(-8.010798601368,-5.145096886077,0.6158857684113));
#6091=CARTESIAN_POINT('Ctrl Pts',(-7.167560797034,-5.072775468747,0.6138154076303));
#6092=CARTESIAN_POINT('Ctrl Pts',(-6.60606285613,-5.020114295707,0.6107818448833));
#6093=CARTESIAN_POINT('Ctrl Pts',(-4.924787502529,-4.846531134082,0.5816612272933));
#6094=CARTESIAN_POINT('Ctrl Pts',(-3.807770504366,-4.709912259321,0.5340441979243));
#6095=CARTESIAN_POINT('Ctrl Pts',(-2.144782587605,-4.470672153328,0.391010572621301));
#6096=CARTESIAN_POINT('Ctrl Pts',(-1.5926108558,-4.385155728657,0.331422472411301));
#6097=CARTESIAN_POINT('Ctrl Pts',(-0.494274019143997,-4.202898957074,0.185186093543301));
#6098=CARTESIAN_POINT('Ctrl Pts',(0.0521866003870031,-4.106066519955,0.0986306357273001));
#6099=CARTESIAN_POINT('Ctrl Pts',(0.865451515348003,-3.952907219253,-0.0547387035976996));
#6100=CARTESIAN_POINT('Ctrl Pts',(1.13586944468,-3.900469496574,-0.109757170134699));
#6101=CARTESIAN_POINT('Ctrl Pts',(1.6733307503,-3.79317642931,-0.2278205579227));
#6102=CARTESIAN_POINT('Ctrl Pts',(1.941327974247,-3.73811255075,-0.2906381632937));
#6103=CARTESIAN_POINT('Ctrl Pts',(2.47584753108701,-3.625646069346,-0.4250444799587));
#6104=CARTESIAN_POINT('Ctrl Pts',(2.740700220397,-3.568119588582,-0.4963742589737));
#6105=CARTESIAN_POINT('Ctrl Pts',(3.136851036404,-3.480541992326,-0.6096436576227));
#6106=CARTESIAN_POINT('Ctrl Pts',(3.268253143666,-3.451218435921,-0.6484642697427));
#6107=CARTESIAN_POINT('Ctrl Pts',(3.53179306787018,-3.39197667070912,-0.728133156478934));
#6108=CARTESIAN_POINT('Ctrl Pts',(3.65977649367519,-3.3627779213265,-0.769025821219199));
#6109=CARTESIAN_POINT('Ctrl Pts',(3.79575298085586,-3.33209441621778,-0.810904628451005));
#6110=CARTESIAN_POINT('Ctrl Pts',(-9.417870836415,-5.277961691487,0.6168706924173));
#6111=CARTESIAN_POINT('Ctrl Pts',(-9.135008770998,-5.269703782684,0.616868720872301));
#6112=CARTESIAN_POINT('Ctrl Pts',(-8.852410807982,-5.256041622045,0.6168665695373));
#6113=CARTESIAN_POINT('Ctrl Pts',(-8.28799135857,-5.219475282665,0.6161565723563));
#6114=CARTESIAN_POINT('Ctrl Pts',(-8.006144531958,-5.196998255383,0.615437016744301));
#6115=CARTESIAN_POINT('Ctrl Pts',(-7.161468732209,-5.12509134398,0.612447537909301));
#6116=CARTESIAN_POINT('Ctrl Pts',(-6.599136808812,-5.072425425628,0.6084459974923));
#6117=CARTESIAN_POINT('Ctrl Pts',(-4.91569112446,-4.898946146511,0.5762453975963));
#6118=CARTESIAN_POINT('Ctrl Pts',(-3.797704759487,-4.762547908185,0.526464593746301));
#6119=CARTESIAN_POINT('Ctrl Pts',(-2.133678239205,-4.525243858962,0.380683536918301));
#6120=CARTESIAN_POINT('Ctrl Pts',(-1.581227297828,-4.440607613274,0.3201962449603));
#6121=CARTESIAN_POINT('Ctrl Pts',(-0.482422867019999,-4.260786086144,0.171949199114301));
#6122=CARTESIAN_POINT('Ctrl Pts',(0.0642678787020046,-4.16548948877,0.0843094248563006));
#6123=CARTESIAN_POINT('Ctrl Pts',(0.877699027020004,-4.015331381518,-0.0713599258797002));
#6124=CARTESIAN_POINT('Ctrl Pts',(1.148233732121,-3.963998201707,-0.127248894004699));
#6125=CARTESIAN_POINT('Ctrl Pts',(1.685629909476,-3.859194908477,-0.2472992580607));
#6126=CARTESIAN_POINT('Ctrl Pts',(1.953680178967,-3.805470830388,-0.311146448623699));
#6127=CARTESIAN_POINT('Ctrl Pts',(2.488497656726,-3.695941618303,-0.448119376759699));
#6128=CARTESIAN_POINT('Ctrl Pts',(2.753239231955,-3.640034913286,-0.5207990565937));
#6129=CARTESIAN_POINT('Ctrl Pts',(3.14934170171301,-3.555051172225,-0.6364373602637));
#6130=CARTESIAN_POINT('Ctrl Pts',(3.280636698763,-3.526639905168,-0.676111750350699));
#6131=CARTESIAN_POINT('Ctrl Pts',(3.54429256773657,-3.46920762234632,-0.757586009452885));
#6132=CARTESIAN_POINT('Ctrl Pts',(3.67144632034239,-3.44110297517704,-0.799436379604587));
#6133=CARTESIAN_POINT('Ctrl Pts',(3.80865896440654,-3.41118315995625,-0.842332421082836));
#6134=CARTESIAN_POINT('Ctrl Pts',(-9.415838098928,-5.330120655676,0.6168709373903));
#6135=CARTESIAN_POINT('Ctrl Pts',(-9.132397003626,-5.322387652505,0.6168684113173));
#6136=CARTESIAN_POINT('Ctrl Pts',(-8.849249601996,-5.308806080306,0.616847116507301));
#6137=CARTESIAN_POINT('Ctrl Pts',(-8.283745401136,-5.272587120014,0.6158772187713));
#6138=CARTESIAN_POINT('Ctrl Pts',(-8.001371703659,-5.250354935432,0.614917920947301));
#6139=CARTESIAN_POINT('Ctrl Pts',(-7.155176264149,-5.178962917076,0.610895373870299));
#6140=CARTESIAN_POINT('Ctrl Pts',(-6.591943878727,-5.12637383432,0.6058090056833));
#6141=CARTESIAN_POINT('Ctrl Pts',(-4.906101837939,-4.953274386665,0.5700608483773));
#6142=CARTESIAN_POINT('Ctrl Pts',(-3.786955130868,-4.817315388721,0.5176472808823));
#6143=CARTESIAN_POINT('Ctrl Pts',(-2.121621634605,-4.582269498095,0.3681342854983));
#6144=CARTESIAN_POINT('Ctrl Pts',(-1.568808121881,-4.498620307016,0.306371546815301));
#6145=CARTESIAN_POINT('Ctrl Pts',(-0.469405748413998,-4.321431223567,0.155255660229301));
#6146=CARTESIAN_POINT('Ctrl Pts',(0.0775557465120009,-4.22776301936,0.0660501765222996));
#6147=CARTESIAN_POINT('Ctrl Pts',(0.891161803544001,-4.080711244251,-0.0927254928196994));
#6148=CARTESIAN_POINT('Ctrl Pts',(1.161790814013,-4.030514148298,-0.1497702126467));
#6149=CARTESIAN_POINT('Ctrl Pts',(1.699099643299,-3.928247501151,-0.2723880767847));
#6150=CARTESIAN_POINT('Ctrl Pts',(1.967170208827,-3.875886539492,-0.337561678809699));
#6151=CARTESIAN_POINT('Ctrl Pts',(2.502130145216,-3.769328642546,-0.4777225457587));
#6152=CARTESIAN_POINT('Ctrl Pts',(2.766723683009,-3.715052027487,-0.5520531808297));
#6153=CARTESIAN_POINT('Ctrl Pts',(3.162667613835,-3.632671859022,-0.670512873215699));
#6154=CARTESIAN_POINT('Ctrl Pts',(3.293828120192,-3.605172326103,-0.7111915237387));
#6155=CARTESIAN_POINT('Ctrl Pts',(3.55748329194897,-3.54955417636402,-0.794765663507047));
#6156=CARTESIAN_POINT('Ctrl Pts',(3.68389282310084,-3.52252475365542,-0.837717918133424));
#6157=CARTESIAN_POINT('Ctrl Pts',(3.82207744633444,-3.49339796071056,-0.881774115012002));
#6158=CARTESIAN_POINT('Ctrl Pts',(-9.413805935065,-5.383620494897,0.6168713008703));
#6159=CARTESIAN_POINT('Ctrl Pts',(-9.129771488508,-5.376426442616,0.6168682524013));
#6160=CARTESIAN_POINT('Ctrl Pts',(-8.846057291318,-5.362936537957,0.6168201782973));
#6161=CARTESIAN_POINT('Ctrl Pts',(-8.279426983402,-5.327106401398,0.615555482719301));
#6162=CARTESIAN_POINT('Ctrl Pts',(-7.996502531178,-5.305148937876,0.6143290055783));
#6163=CARTESIAN_POINT('Ctrl Pts',(-7.148705917929,-5.23437322486,0.609160106243301));
#6164=CARTESIAN_POINT('Ctrl Pts',(-6.584506294449,-5.181943478489,0.6028726999483));
#6165=CARTESIAN_POINT('Ctrl Pts',(-4.89604026326,-5.009502818854,0.563111205990301));
#6166=CARTESIAN_POINT('Ctrl Pts',(-3.775540170975,-4.874203980413,0.5075968909333));
#6167=CARTESIAN_POINT('Ctrl Pts',(-2.108627207224,-4.641741590582,0.3533677588953));
#6168=CARTESIAN_POINT('Ctrl Pts',(-1.55536621213,-4.559187387545,0.2899532586213));
#6169=CARTESIAN_POINT('Ctrl Pts',(-0.455232285254997,-4.384829923955,0.135109850177301));
#6170=CARTESIAN_POINT('Ctrl Pts',(0.0920423033440017,-4.292883593232,0.0438568287632997));
#6171=CARTESIAN_POINT('Ctrl Pts',(0.905834385192001,-4.149044485321,-0.118832356930699));
#6172=CARTESIAN_POINT('Ctrl Pts',(1.176536025691,-4.100015390737,-0.1773183913017));
#6173=CARTESIAN_POINT('Ctrl Pts',(1.713736744806,-4.000332908125,-0.3030849970907));
#6174=CARTESIAN_POINT('Ctrl Pts',(1.981795538184,-3.949358674229,-0.369882190931699));
#6175=CARTESIAN_POINT('Ctrl Pts',(2.516743640613,-3.845806628612,-0.5138529927227));
#6176=CARTESIAN_POINT('Ctrl Pts',(2.781152696314,-3.793170601273,-0.5901359751447));
#6177=CARTESIAN_POINT('Ctrl Pts',(3.176828406337,-3.713403918042,-0.7118699077237));
#6178=CARTESIAN_POINT('Ctrl Pts',(3.307827175338,-3.686815613702,-0.7537034040127));
#6179=CARTESIAN_POINT('Ctrl Pts',(3.57136519123732,-3.63301631519725,-0.839672076974024));
#6180=CARTESIAN_POINT('Ctrl Pts',(3.69711600195028,-3.60704325676386,-0.883870436778651));
#6181=CARTESIAN_POINT('Ctrl Pts',(3.83600842663756,-3.57873881847871,-0.929229710237518));
#6182=CARTESIAN_POINT('Ctrl Pts',(-9.411802647999,-5.438323421439,0.616871750062301));
#6183=CARTESIAN_POINT('Ctrl Pts',(-9.1271622989,-5.43168122387,0.6168682368113));
#6184=CARTESIAN_POINT('Ctrl Pts',(-8.842865405164,-5.418294487043,0.616785934562301));
#6185=CARTESIAN_POINT('Ctrl Pts',(-8.275070441356,-5.382895683217,0.6151926929013));
#6186=CARTESIAN_POINT('Ctrl Pts',(-7.991572667567,-5.361243523024,0.6136725311913));
#6187=CARTESIAN_POINT('Ctrl Pts',(-7.142096735072,-5.291189237647,0.6072476882273));
#6188=CARTESIAN_POINT('Ctrl Pts',(-6.576864510741,-5.239005820602,0.5996466571323));
#6189=CARTESIAN_POINT('Ctrl Pts',(-4.885548675788,-5.067519503785,0.5554165080143));
#6190=CARTESIAN_POINT('Ctrl Pts',(-3.763499830612,-4.933116980777,0.4963394090773));
#6191=CARTESIAN_POINT('Ctrl Pts',(-2.09472713808299,-4.703588162483,0.3364115815343));
#6192=CARTESIAN_POINT('Ctrl Pts',(-1.540930479191,-4.622245518386,0.2709685561383));
#6193=CARTESIAN_POINT('Ctrl Pts',(-0.439924134667997,-4.450936065469,0.1115358873713));
#6194=CARTESIAN_POINT('Ctrl Pts',(0.107709878927004,-4.3608136962,0.0177509079713003));
#6195=CARTESIAN_POINT('Ctrl Pts',(0.921704762581005,-4.220305469242,-0.1496639650587));
#6196=CARTESIAN_POINT('Ctrl Pts',(1.19245919137,-4.172480082005,-0.209878683769699));
#6197=CARTESIAN_POINT('Ctrl Pts',(1.72953436784901,-4.075436221442,-0.3393791249027));
#6198=CARTESIAN_POINT('Ctrl Pts',(1.997550836491,-4.025875506118,-0.4080990751697));
#6199=CARTESIAN_POINT('Ctrl Pts',(2.532335365515,-3.925369276855,-0.556505492781699));
#6200=CARTESIAN_POINT('Ctrl Pts',(2.796524504835,-3.874386569441,-0.6350439739967));
#6201=CARTESIAN_POINT('Ctrl Pts',(3.1918233583,-3.797245650703,-0.760506949055699));
#6202=CARTESIAN_POINT('Ctrl Pts',(3.322633410957,-3.771568690037,-0.803646416019699));
#6203=CARTESIAN_POINT('Ctrl Pts',(3.58593817294813,-3.71959381054871,-0.892305032116011));
#6204=CARTESIAN_POINT('Ctrl Pts',(3.71111585696585,-3.69465848447782,-0.937893935422209));
#6205=CARTESIAN_POINT('Ctrl Pts',(3.85045190531589,-3.66720573326071,-0.984699206761433));
#6206=CARTESIAN_POINT('Ctrl Pts',(-9.409861246805,-5.493997868692,0.6168722384223));
#6207=CARTESIAN_POINT('Ctrl Pts',(-9.124605266093,-5.487918355667,0.616868345074301));
#6208=CARTESIAN_POINT('Ctrl Pts',(-8.839712234173,-5.474646838558,0.616744649356301));
#6209=CARTESIAN_POINT('Ctrl Pts',(-8.270718832146,-5.439723357627,0.6147909514353));
#6210=CARTESIAN_POINT('Ctrl Pts',(-7.986627426997,-5.418408116616,0.6129521211413));
#6211=CARTESIAN_POINT('Ctrl Pts',(-7.135400023606,-5.349186188483,0.6051678190983));
#6212=CARTESIAN_POINT('Ctrl Pts',(-6.569072621611,-5.297343393763,0.5961465505663));
#6213=CARTESIAN_POINT('Ctrl Pts',(-4.874685782868,-5.127134274732,0.5470097162253));
#6214=CARTESIAN_POINT('Ctrl Pts',(-3.750890369157,-4.993889656305,0.483917639835301));
#6215=CARTESIAN_POINT('Ctrl Pts',(-2.079967171715,-4.767686188879,0.3173112439213));
#6216=CARTESIAN_POINT('Ctrl Pts',(-1.525542087649,-4.687686304888,0.249462173961301));
#6217=CARTESIAN_POINT('Ctrl Pts',(-0.423512158081998,-4.519670521508,0.0845734386813));
#6218=CARTESIAN_POINT('Ctrl Pts',(0.124533334752002,-4.431488887726,-0.0122322110666993));
#6219=CARTESIAN_POINT('Ctrl Pts',(0.938755926045001,-4.294450091594,-0.1851931311657));
#6220=CARTESIAN_POINT('Ctrl Pts',(1.209545930624,-4.247870607679,-0.2474268883237));
#6221=CARTESIAN_POINT('Ctrl Pts',(1.74648289477,-4.153531750046,-0.3812525778817));
#6222=CARTESIAN_POINT('Ctrl Pts',(2.014428639176,-4.105416808059,-0.4521977173907));
#6223=CARTESIAN_POINT('Ctrl Pts',(2.548901464035,-4.008005701341,-0.6056714918907));
#6224=CARTESIAN_POINT('Ctrl Pts',(2.812836667553,-3.958692906025,-0.686771501244699));
#6225=CARTESIAN_POINT('Ctrl Pts',(3.207651480953,-3.884194118666,-0.816421517762699));
#6226=CARTESIAN_POINT('Ctrl Pts',(3.338246207286,-3.859429690062,-0.8610189635477));
#6227=CARTESIAN_POINT('Ctrl Pts',(3.60120211182493,-3.80928626705209,-0.952664172655995));
#6228=CARTESIAN_POINT('Ctrl Pts',(3.72589238827348,-3.78537043675367,-0.999788413874084));
#6229=CARTESIAN_POINT('Ctrl Pts',(3.86540788237135,-3.75879870505859,-1.04818260458183));
#6230=CARTESIAN_POINT('Ctrl Pts',(-9.408017191098,-5.550343446075,0.616872711453301));
#6231=CARTESIAN_POINT('Ctrl Pts',(-9.122139433555,-5.544834678305,0.6168685498543));
#6232=CARTESIAN_POINT('Ctrl Pts',(-8.836640018398,-5.53169106934,0.6166966476283));
#6233=CARTESIAN_POINT('Ctrl Pts',(-8.266420603969,-5.497288667335,0.6143529205913));
#6234=CARTESIAN_POINT('Ctrl Pts',(-7.981718207515,-5.476343226599,0.612172388378301));
#6235=CARTESIAN_POINT('Ctrl Pts',(-7.128675108127,-5.408071902383,0.602932927829301));
#6236=CARTESIAN_POINT('Ctrl Pts',(-6.561193773378,-5.356673366611,0.5923925002033));
#6237=CARTESIAN_POINT('Ctrl Pts',(-4.863521500739,-5.188099413715,0.5379332295723));
#6238=CARTESIAN_POINT('Ctrl Pts',(-3.737779264784,-5.056307193412,0.470386672838301));
#6239=CARTESIAN_POINT('Ctrl Pts',(-2.064402432084,-4.833875036686,0.2961252848323));
#6240=CARTESIAN_POINT('Ctrl Pts',(-1.509250683588,-4.755368150191,0.2254916692403));
#6241=CARTESIAN_POINT('Ctrl Pts',(-0.406033590325997,-4.590929832412,0.0542735227773008));
#6242=CARTESIAN_POINT('Ctrl Pts',(0.142482365636003,-4.504824870265,-0.0460470451286996));
#6243=CARTESIAN_POINT('Ctrl Pts',(0.956967415003003,-4.371420623458,-0.225384909103699));
#6244=CARTESIAN_POINT('Ctrl Pts',(1.227778964848,-4.326137719933,-0.2899319036187));
#6245=CARTESIAN_POINT('Ctrl Pts',(1.764570804083,-4.234585845426,-0.4286823742187));
#6246=CARTESIAN_POINT('Ctrl Pts',(2.032420018522,-4.18795608036,-0.502159341739699));
#6247=CARTESIAN_POINT('Ctrl Pts',(2.566437344763,-4.093701629735,-0.661340008297699));
#6248=CARTESIAN_POINT('Ctrl Pts',(2.830086285268,-4.046080398838,-0.7453112685447));
#6249=CARTESIAN_POINT('Ctrl Pts',(3.224311604323,-3.974245467984,-0.8796104309317));
#6250=CARTESIAN_POINT('Ctrl Pts',(3.354664832134,-3.95039616739,-0.925818997508699));
#6251=CARTESIAN_POINT('Ctrl Pts',(3.61715686078262,-3.90209316591942,-1.02074904130396));
#6252=CARTESIAN_POINT('Ctrl Pts',(3.74144559604431,-3.87917911353122,-1.06955387189136));
#6253=CARTESIAN_POINT('Ctrl Pts',(3.88087635780193,-3.85351773387041,-1.11967990370082));
#6254=CARTESIAN_POINT('Ctrl Pts',(-9.406306135666,-5.607015893961,0.616873112502301));
#6255=CARTESIAN_POINT('Ctrl Pts',(-9.119804511071,-5.602082705339,0.6168688202643));
#6256=CARTESIAN_POINT('Ctrl Pts',(-8.833692135299,-5.589080368953,0.616642291716301));
#6257=CARTESIAN_POINT('Ctrl Pts',(-8.262226265968,-5.55524672038,0.6138816095133));
#6258=CARTESIAN_POINT('Ctrl Pts',(-7.976898913811,-5.5347053599,0.6113385622503));
#6259=CARTESIAN_POINT('Ctrl Pts',(-7.121985079852,-5.467511125567,0.6005571567023));
#6260=CARTESIAN_POINT('Ctrl Pts',(-6.553295577733,-5.416671108203,0.5884074227553));
#6261=CARTESIAN_POINT('Ctrl Pts',(-4.852131731442,-5.250130327669,0.5282353971473));
#6262=CARTESIAN_POINT('Ctrl Pts',(-3.724240124695,-5.120122649385,0.4558093485903));
#6263=CARTESIAN_POINT('Ctrl Pts',(-2.04809323849999,-4.901969907472,0.2729204735033));
#6264=CARTESIAN_POINT('Ctrl Pts',(-1.492110622122,-4.825128111185,0.199122685395301));
#6265=CARTESIAN_POINT('Ctrl Pts',(-0.387529208739998,-4.664594877154,0.0206943134603002));
#6266=CARTESIAN_POINT('Ctrl Pts',(0.161523801281003,-4.580724558601,-0.0836417425156997));
#6267=CARTESIAN_POINT('Ctrl Pts',(0.976316867337001,-4.451150555836,-0.270199465393699));
#6268=CARTESIAN_POINT('Ctrl Pts',(1.247139423737,-4.407224671549,-0.3373582845987));
#6269=CARTESIAN_POINT('Ctrl Pts',(1.783785538152,-4.318559727276,-0.4816423214387));
#6270=CARTESIAN_POINT('Ctrl Pts',(2.051515254542,-4.273462776762,-0.5579625532267));
#6271=CARTESIAN_POINT('Ctrl Pts',(2.58493802374,-4.182440603194,-0.7234985340107));
#6272=CARTESIAN_POINT('Ctrl Pts',(2.848270216399,-4.136538423998,-0.8106549737647));
#6273=CARTESIAN_POINT('Ctrl Pts',(3.241802463863,-4.067395253255,-0.9500700634497));
#6274=CARTESIAN_POINT('Ctrl Pts',(3.371888494995,-4.044465300068,-0.998044184138699));
#6275=CARTESIAN_POINT('Ctrl Pts',(3.63380226168592,-3.99801390860435,-1.09655911728908));
#6276=CARTESIAN_POINT('Ctrl Pts',(3.75777548047314,-3.9760845147413,-1.14719030919928));
#6277=CARTESIAN_POINT('Ctrl Pts',(3.89685733160855,-3.9513628196962,-1.19919110411652));
#6278=CARTESIAN_POINT('Ctrl Pts',(-9.404761675104,-5.663652038607,0.616873388563301));
#6279=CARTESIAN_POINT('Ctrl Pts',(-9.117638328889,-5.659295815938,0.6168691261683));
#6280=CARTESIAN_POINT('Ctrl Pts',(-8.830910287732,-5.646448786582,0.6165819578403));
#6281=CARTESIAN_POINT('Ctrl Pts',(-8.25818505813,-5.613233504925,0.613380160955301));
#6282=CARTESIAN_POINT('Ctrl Pts',(-7.972222379986,-5.593131939203,0.6104561152993));
#6283=CARTESIAN_POINT('Ctrl Pts',(-7.115392546683,-5.5271498547,0.5980553449223));
#6284=CARTESIAN_POINT('Ctrl Pts',(-6.545445524802,-5.476993752904,0.5842153818283));
#6285=CARTESIAN_POINT('Ctrl Pts',(-4.840593139729,-5.312926224619,0.517967031163301));
#6286=CARTESIAN_POINT('Ctrl Pts',(-3.710347595347,-5.185074903328,0.440251724236301));
#6287=CARTESIAN_POINT('Ctrl Pts',(-2.031100921534,-4.971775280272,0.2477669918253));
#6288=CARTESIAN_POINT('Ctrl Pts',(-1.474177194922,-4.896793754474,0.1704242158343));
#6289=CARTESIAN_POINT('Ctrl Pts',(-0.368040502269999,-4.740539545036,-0.0161030569967));
#6290=CARTESIAN_POINT('Ctrl Pts',(0.181623907835004,-4.659085149195,-0.124961823007699));
#6291=CARTESIAN_POINT('Ctrl Pts',(0.996781568757005,-4.533569444083,-0.3195949520057));
#6292=CARTESIAN_POINT('Ctrl Pts',(1.267608151751,-4.491071349915,-0.3896687984137));
#6293=CARTESIAN_POINT('Ctrl Pts',(1.80411437087501,-4.405412309135,-0.540104905197699));
#6294=CARTESIAN_POINT('Ctrl Pts',(2.071704505861,-4.361904530465,-0.6195848803117));
#6295=CARTESIAN_POINT('Ctrl Pts',(2.60439846742,-4.274205176253,-0.792133936261699));
#6296=CARTESIAN_POINT('Ctrl Pts',(2.867385292794,-4.230055720471,-0.8827938993787));
#6297=CARTESIAN_POINT('Ctrl Pts',(3.2601227871,-4.163638761768,-1.0277966092587));
#6298=CARTESIAN_POINT('Ctrl Pts',(3.389916401138,-4.141634096363,-1.0776920731857));
#6299=CARTESIAN_POINT('Ctrl Pts',(3.65113815612382,-4.09704786044755,-1.18009385388294));
#6300=CARTESIAN_POINT('Ctrl Pts',(3.77488204176983,-4.07608664030838,-1.23269772550925));
#6301=CARTESIAN_POINT('Ctrl Pts',(3.91335080379014,-4.05233396253803,-1.28671620583005));
#6302=CARTESIAN_POINT('Ctrl Pts',(-9.403413088449,-5.71989474708,0.6168734960653));
#6303=CARTESIAN_POINT('Ctrl Pts',(-9.115674291858,-5.716113447237,0.6168694424933));
#6304=CARTESIAN_POINT('Ctrl Pts',(-8.828331691946,-5.703436377912,0.6165160125993));
#6305=CARTESIAN_POINT('Ctrl Pts',(-8.254341621173,-5.670890904051,0.612851638007299));
#6306=CARTESIAN_POINT('Ctrl Pts',(-7.967736792309,-5.651266219726,0.6095303900623));
#6307=CARTESIAN_POINT('Ctrl Pts',(-7.108955383259,-5.586639666128,0.5954420122343));
#6308=CARTESIAN_POINT('Ctrl Pts',(-6.53770639621,-5.537303765271,0.579839938057301));
#6309=CARTESIAN_POINT('Ctrl Pts',(-4.828977929975,-5.376190789854,0.5071779199243));
#6310=CARTESIAN_POINT('Ctrl Pts',(-3.696172272682,-5.250906607107,0.423778539327301));
#6311=CARTESIAN_POINT('Ctrl Pts',(-2.013483638938,-5.043098354406,0.220733616529301));
#6312=CARTESIAN_POINT('Ctrl Pts',(-1.455502857746,-4.970195012343,0.139463867676301));
#6313=CARTESIAN_POINT('Ctrl Pts',(-0.347606840578997,-4.818639407389,-0.0560586945147001));
#6314=CARTESIAN_POINT('Ctrl Pts',(0.202750689453005,-4.739805189526,-0.1699539178287));
#6315=CARTESIAN_POINT('Ctrl Pts',(1.018340002176,-4.618607752328,-0.3735303791377));
#6316=CARTESIAN_POINT('Ctrl Pts',(1.289167014592,-4.577618411031,-0.4468269803207));
#6317=CARTESIAN_POINT('Ctrl Pts',(1.825545275358,-4.495103024044,-0.6040431780847));
#6318=CARTESIAN_POINT('Ctrl Pts',(2.092978480593,-4.453249380159,-0.687004317500699));
#6319=CARTESIAN_POINT('Ctrl Pts',(2.624813935642,-4.368978116725,-0.867233358973699));
#6320=CARTESIAN_POINT('Ctrl Pts',(2.887428535525,-4.326621164596,-0.9617195108777));
#6321=CARTESIAN_POINT('Ctrl Pts',(3.279271380272,-4.262971337657,-1.1127863426137));
#6322=CARTESIAN_POINT('Ctrl Pts',(3.408747805717,-4.241899600538,-1.1647602661037));
#6323=CARTESIAN_POINT('Ctrl Pts',(3.66916439618493,-4.19919439433995,-1.27135271593374));
#6324=CARTESIAN_POINT('Ctrl Pts',(3.79276528014272,-4.17918549015811,-1.32607612053993));
#6325=CARTESIAN_POINT('Ctrl Pts',(3.93035677434864,-4.15643116239394,-1.38225520884155));
#6326=CARTESIAN_POINT('Ctrl Pts',(-9.402283083816,-5.775417882185,0.6168734066793));
#6327=CARTESIAN_POINT('Ctrl Pts',(-9.113938833573,-5.772206286697,0.6168697535273));
#6328=CARTESIAN_POINT('Ctrl Pts',(-8.825986265566,-5.759714352026,0.6164447894603));
#6329=CARTESIAN_POINT('Ctrl Pts',(-8.250732666451,-5.727891710538,0.6122988108213));
#6330=CARTESIAN_POINT('Ctrl Pts',(-7.963482111989,-5.708782205994,0.6085662258703));
#6331=CARTESIAN_POINT('Ctrl Pts',(-7.102722481021,-5.645662045121,0.592730342535301));
#6332=CARTESIAN_POINT('Ctrl Pts',(-6.530131678141,-5.597292504946,0.5753024992453));
#6333=CARTESIAN_POINT('Ctrl Pts',(-4.817348623086,-5.439652862096,0.4959133408043));
#6334=CARTESIAN_POINT('Ctrl Pts',(-3.681775612355,-5.317382136299,0.4064486815853));
#6335=CARTESIAN_POINT('Ctrl Pts',(-1.995292191556,-5.115762492288,0.1918829013753));
#6336=CARTESIAN_POINT('Ctrl Pts',(-1.436133457968,-5.045176038718,0.1063031254633));
#6337=CARTESIAN_POINT('Ctrl Pts',(-0.326262643141995,-4.898780389262,-0.0991181398696996));
#6338=CARTESIAN_POINT('Ctrl Pts',(0.224876189862002,-4.822791647429,-0.2185695095967));
#6339=CARTESIAN_POINT('Ctrl Pts',(1.040973397081,-4.706201697909,-0.4319684879907));
#6340=CARTESIAN_POINT('Ctrl Pts',(1.31180020567,-4.666811413514,-0.5087996896047));
#6341=CARTESIAN_POINT('Ctrl Pts',(1.8480677916,-4.587594650194,-0.6734326484207));
#6342=CARTESIAN_POINT('Ctrl Pts',(2.11532910722,-4.54746799605,-0.760200867924699));
#6343=CARTESIAN_POINT('Ctrl Pts',(2.646180324595,-4.46674360558,-0.948785124226699));
#6344=CARTESIAN_POINT('Ctrl Pts',(2.908397370702,-4.426224544627,-1.0474240551707));
#6345=CARTESIAN_POINT('Ctrl Pts',(3.299247214967,-4.36538870605,-1.2050358793427));
#6346=CARTESIAN_POINT('Ctrl Pts',(3.428382067866,-4.34525909863,-1.2592465842417));
#6347=CARTESIAN_POINT('Ctrl Pts',(3.68788085523593,-4.30445293437013,-1.37033521738946));
#6348=CARTESIAN_POINT('Ctrl Pts',(3.8114251957811,-4.28538106422193,-1.42732549403728));
#6349=CARTESIAN_POINT('Ctrl Pts',(3.94787524328099,-4.26365441926499,-1.48580811315012));
#6350=CARTESIAN_POINT('Ctrl Pts',(-9.401385543033,-5.82995125739,0.616873113111301));
#6351=CARTESIAN_POINT('Ctrl Pts',(-9.112448870514,-5.827301464457,0.616870057232301));
#6352=CARTESIAN_POINT('Ctrl Pts',(-8.823893815594,-5.815010218285,0.616368565260299));
#6353=CARTESIAN_POINT('Ctrl Pts',(-8.247383645838,-5.783964641663,0.6117239433473));
#6354=CARTESIAN_POINT('Ctrl Pts',(-7.959486497935,-5.765409568616,0.607567585645301));
#6355=CARTESIAN_POINT('Ctrl Pts',(-7.096729498265,-5.703952715104,0.5899311674913));
#6356=CARTESIAN_POINT('Ctrl Pts',(-6.522760974404,-5.65670379154,0.5706206704943));
#6357=CARTESIAN_POINT('Ctrl Pts',(-4.80575283341,-5.503087109678,0.4842105732143));
#6358=CARTESIAN_POINT('Ctrl Pts',(-3.667204839961,-5.384305541138,0.3883106526723));
#6359=CARTESIAN_POINT('Ctrl Pts',(-1.976565839243,-5.189620662249,0.1612663593503));
#6360=CARTESIAN_POINT('Ctrl Pts',(-1.416104462107,-5.121607065129,0.0709926148833002));
#6361=CARTESIAN_POINT('Ctrl Pts',(-0.304034548357997,-4.980867441128,-0.1452365653567));
#6362=CARTESIAN_POINT('Ctrl Pts',(0.247978793913003,-4.907966980441,-0.2707686722907));
#6363=CARTESIAN_POINT('Ctrl Pts',(1.064667278906,-4.796298095791,-0.4948786235507));
#6364=CARTESIAN_POINT('Ctrl Pts',(1.335495552576,-4.758604952601,-0.5755596654797));
#6365=CARTESIAN_POINT('Ctrl Pts',(1.87167389417,-4.682856136574,-0.7482531690587));
#6366=CARTESIAN_POINT('Ctrl Pts',(2.13875020547101,-4.644535905884,-0.8391580859357));
#6367=CARTESIAN_POINT('Ctrl Pts',(2.66849450979,-4.567488436845,-1.0367796337227));
#6368=CARTESIAN_POINT('Ctrl Pts',(2.930289845266,-4.528857335265,-1.1399011589877));
#6369=CARTESIAN_POINT('Ctrl Pts',(3.320049514764,-4.470887297216,-1.3045424380997));
#6370=CARTESIAN_POINT('Ctrl Pts',(3.448818704806,-4.45171032423,-1.3611492370417));
#6371=CARTESIAN_POINT('Ctrl Pts',(3.70728743869699,-4.41282299948563,-1.47704095883312));
#6372=CARTESIAN_POINT('Ctrl Pts',(3.83086178884656,-4.39467336244066,-1.53644584579457));
#6373=CARTESIAN_POINT('Ctrl Pts',(3.9659062105901,-4.37400373315022,-1.59737491875785));
#6374=CARTESIAN_POINT('Ctrl Pts',(-9.400723266272,-5.883305591758,0.616872634896301));
#6375=CARTESIAN_POINT('Ctrl Pts',(-9.11120925619,-5.881207745694,0.6168703695473));
#6376=CARTESIAN_POINT('Ctrl Pts',(-8.822061226392,-5.86913293322,0.6162875366953));
#6377=CARTESIAN_POINT('Ctrl Pts',(-8.24430542163,-5.838919353979,0.611128580057301));
#6378=CARTESIAN_POINT('Ctrl Pts',(-7.955762729518,-5.820958561059,0.606537182703301));
#6379=CARTESIAN_POINT('Ctrl Pts',(-7.090994610204,-5.761325966902,0.587051950152301));
#6380=CARTESIAN_POINT('Ctrl Pts',(-6.515615419492,-5.715357469524,0.565806604345301));
#6381=CARTESIAN_POINT('Ctrl Pts',(-4.794218045648,-5.566334706716,0.4720954115813));
#6382=CARTESIAN_POINT('Ctrl Pts',(-3.652487861268,-5.451538497461,0.369398033950301));
#6383=CARTESIAN_POINT('Ctrl Pts',(-1.957328116781,-5.264568881348,0.1289196448513));
#6384=CARTESIAN_POINT('Ctrl Pts',(-1.395437183357,-5.199396256676,0.0335673664843004));
#6385=CARTESIAN_POINT('Ctrl Pts',(-0.280938582642996,-5.064833210569,-0.1943829714547));
#6386=CARTESIAN_POINT('Ctrl Pts',(0.272045529151004,-4.995276205143,-0.3265238112037));
#6387=CARTESIAN_POINT('Ctrl Pts',(1.089413018399,-4.888859203001,-0.5622396073647));
#6388=CARTESIAN_POINT('Ctrl Pts',(1.360245823554,-4.852966794153,-0.6470880830047));
#6389=CARTESIAN_POINT('Ctrl Pts',(1.89635885989,-4.780865428626,-0.828490826180699));
#6390=CARTESIAN_POINT('Ctrl Pts',(2.163238157199,-4.744435720975,-0.9238646196897));
#6391=CARTESIAN_POINT('Ctrl Pts',(2.691754689021,-4.671203217489,-1.1312102702517));
#6392=CARTESIAN_POINT('Ctrl Pts',(2.953104842801,-4.634513472191,-1.2391464272867));
#6393=CARTESIAN_POINT('Ctrl Pts',(3.34167784187,-4.579464570721,-1.4113041016307));
#6394=CARTESIAN_POINT('Ctrl Pts',(3.47005744594,-4.561251664265,-1.4704669902247));
#6395=CARTESIAN_POINT('Ctrl Pts',(3.72738409481917,-4.52430424714425,-1.59146966500293));
#6396=CARTESIAN_POINT('Ctrl Pts',(3.85107505945349,-4.50706238477103,-1.65343717566947));
#6397=CARTESIAN_POINT('Ctrl Pts',(3.98444967627398,-4.48747910405065,-1.71695562566281));
#6398=CARTESIAN_POINT('Ctrl Pts',(-9.40028571669,-5.935397464869,0.6168720242053));
#6399=CARTESIAN_POINT('Ctrl Pts',(-9.110210235282,-5.933840722974,0.6168707286953));
#6400=CARTESIAN_POINT('Ctrl Pts',(-8.820479647679,-5.921998047421,0.6162017968133));
#6401=CARTESIAN_POINT('Ctrl Pts',(-8.241490936436,-5.892671458114,0.610513332675301));
#6402=CARTESIAN_POINT('Ctrl Pts',(-7.952304629345,-5.875344936426,0.6054761075473));
#6403=CARTESIAN_POINT('Ctrl Pts',(-7.085514259025,-5.81769898797,0.584095768561301));
#6404=CARTESIAN_POINT('Ctrl Pts',(-6.508693091645,-5.773172973113,0.5608653509113));
#6405=CARTESIAN_POINT('Ctrl Pts',(-4.782746391764,-5.62932400928,0.459578678319301));
#6406=CARTESIAN_POINT('Ctrl Pts',(-3.63762817244,-5.519018257655,0.3497249522533));
#6407=CARTESIAN_POINT('Ctrl Pts',(-1.937582649793,-5.340559658192,0.0948577358762996));
#6408=CARTESIAN_POINT('Ctrl Pts',(-1.374135009115,-5.27850156799,-0.00595792060369948));
#6409=CARTESIAN_POINT('Ctrl Pts',(-0.256977329542998,-5.15064671398,-0.246544383485699));
#6410=CARTESIAN_POINT('Ctrl Pts',(0.297074367372002,-5.0846939665,-0.3858234029037));
#6411=CARTESIAN_POINT('Ctrl Pts',(1.115209381,-4.983867563047,-0.6340426103217));
#6412=CARTESIAN_POINT('Ctrl Pts',(1.386050033971,-4.949882008662,-0.723377108989699));
#6413=CARTESIAN_POINT('Ctrl Pts',(1.92212213551,-4.881612293888,-0.9141398281027));
#6414=CARTESIAN_POINT('Ctrl Pts',(2.188792577263,-4.847159362235,-1.0143157537367));
#6415=CARTESIAN_POINT('Ctrl Pts',(2.71596072534,-4.777883567316,-1.2320742991597));
#6416=CARTESIAN_POINT('Ctrl Pts',(2.976842299331,-4.743190126599,-1.3451580416567));
#6417=CARTESIAN_POINT('Ctrl Pts',(3.364132183765,-4.691119339574,-1.5253200780247));
#6418=CARTESIAN_POINT('Ctrl Pts',(3.49209828696,-4.673882364774,-1.5871993339857));
#6419=CARTESIAN_POINT('Ctrl Pts',(3.74817082545683,-4.63889651696742,-1.71362122232855));
#6420=CARTESIAN_POINT('Ctrl Pts',(3.87206500765946,-4.62254813119231,-1.77829948360708));
#6421=CARTESIAN_POINT('Ctrl Pts',(4.00350564033358,-4.60408053196631,-1.84455023386602));
#6422=CARTESIAN_POINT('Ctrl Pts',(-9.400046688661,-5.986290537555,0.6168713714243));
#6423=CARTESIAN_POINT('Ctrl Pts',(-9.109424646703,-5.985264444017,0.6168711996383));
#6424=CARTESIAN_POINT('Ctrl Pts',(-8.819121248367,-5.973669366957,0.6161112825853));
#6425=CARTESIAN_POINT('Ctrl Pts',(-8.238911058527,-5.945284349025,0.6098774636813));
#6426=CARTESIAN_POINT('Ctrl Pts',(-7.94908245618,-5.928631895136,0.604383105342301));
#6427=CARTESIAN_POINT('Ctrl Pts',(-7.080257223761,-5.873133909055,0.581059328909301));
#6428=CARTESIAN_POINT('Ctrl Pts',(-6.501962274697,-5.830211120974,0.555791586403301));
#6429=CARTESIAN_POINT('Ctrl Pts',(-4.771305771384,-5.692111298855,0.4466486042583));
#6430=CARTESIAN_POINT('Ctrl Pts',(-3.622594965544,-5.586797264277,0.3292750096943));
#6431=CARTESIAN_POINT('Ctrl Pts',(-1.91730248897,-5.417640071218,0.0590586745733006));
#6432=CARTESIAN_POINT('Ctrl Pts',(-1.352172609162,-5.35896831697,-0.0476069262836996));
#6433=CARTESIAN_POINT('Ctrl Pts',(-0.232129157167996,-5.238350038898,-0.3017476916687));
#6434=CARTESIAN_POINT('Ctrl Pts',(0.323084839325002,-5.176260872668,-0.4486958296887));
#6435=CARTESIAN_POINT('Ctrl Pts',(1.142072661911,-5.081362010302,-0.710318403737699));
#6436=CARTESIAN_POINT('Ctrl Pts',(1.412923341696,-5.049388908396,-0.804458372085699));
#6437=CARTESIAN_POINT('Ctrl Pts',(1.94897678834,-4.985134234034,-1.0052335082887));
#6438=CARTESIAN_POINT('Ctrl Pts',(2.215425496481,-4.952744031844,-1.1105457074177));
#6439=CARTESIAN_POINT('Ctrl Pts',(2.741122531919,-4.887566374297,-1.3394080744827));
#6440=CARTESIAN_POINT('Ctrl Pts',(3.001511303528,-4.854924190772,-1.4579734153517));
#6441=CARTESIAN_POINT('Ctrl Pts',(3.38742048295,-4.805888775545,-1.6466297334437));
#6442=CARTESIAN_POINT('Ctrl Pts',(3.514948847155,-4.789639733604,-1.7113863422777));
#6443=CARTESIAN_POINT('Ctrl Pts',(3.769654563211,-4.75663750529532,-1.8435372385815));
#6444=CARTESIAN_POINT('Ctrl Pts',(3.89383859244676,-4.74116851366297,-1.91107520576409));
#6445=CARTESIAN_POINT('Ctrl Pts',(4.02308035899436,-4.72384629492524,-1.98020209871254));
#6446=CARTESIAN_POINT('Ctrl Pts',(-9.399979246624,-6.026198081045,0.6168709235683));
#6447=CARTESIAN_POINT('Ctrl Pts',(-9.108929890758,-6.025589361262,0.616871742437301));
#6448=CARTESIAN_POINT('Ctrl Pts',(-8.818174440285,-6.014204178159,0.616034918123301));
#6449=CARTESIAN_POINT('Ctrl Pts',(-8.23699314384,-5.986614642613,0.609350863998301));
#6450=CARTESIAN_POINT('Ctrl Pts',(-7.946650335523,-5.97053232724,0.603480729474301));
#6451=CARTESIAN_POINT('Ctrl Pts',(-7.076183543111,-5.916877024282,0.5785595038263));
#6452=CARTESIAN_POINT('Ctrl Pts',(-6.496682768865,-5.875359875744,0.551616162708299));
#6453=CARTESIAN_POINT('Ctrl Pts',(-4.762128882662,-5.742299241887,0.4359524051213));
#6454=CARTESIAN_POINT('Ctrl Pts',(-3.610383847876,-5.641360944281,0.3122662633763));
#6455=CARTESIAN_POINT('Ctrl Pts',(-1.900615129313,-5.480246734209,0.0290027762923));
#6456=CARTESIAN_POINT('Ctrl Pts',(-1.334043249195,-5.42449083069,-0.0826506323417));
#6457=CARTESIAN_POINT('Ctrl Pts',(-0.211519029806997,-5.310063186983,-0.348363758069699));
#6458=CARTESIAN_POINT('Ctrl Pts',(0.344695587576005,-5.251261632989,-0.5018677461887));
#6459=CARTESIAN_POINT('Ctrl Pts',(1.164426920705,-5.161359455831,-0.7749250948057));
#6460=CARTESIAN_POINT('Ctrl Pts',(1.435285143713,-5.131076017568,-0.873162140425699));
#6461=CARTESIAN_POINT('Ctrl Pts',(1.971337473469,-5.070171272811,-1.0824630955157));
#6462=CARTESIAN_POINT('Ctrl Pts',(2.237596688216,-5.03949593656,-1.1921485052567));
#6463=CARTESIAN_POINT('Ctrl Pts',(2.762015755039,-4.977702852162,-1.4304406176667));
#6464=CARTESIAN_POINT('Ctrl Pts',(3.021989757483,-4.946742652298,-1.5536555233807));
#6465=CARTESIAN_POINT('Ctrl Pts',(3.406715229907,-4.900178013304,-1.7494955734507));
#6466=CARTESIAN_POINT('Ctrl Pts',(3.533873754804,-4.884728007459,-1.8166817640047));
#6467=CARTESIAN_POINT('Ctrl Pts',(3.78739559387447,-4.85332895005798,-1.95366190275075));
#6468=CARTESIAN_POINT('Ctrl Pts',(3.91188069077717,-4.83855176183437,-2.02360608720357));
#6469=CARTESIAN_POINT('Ctrl Pts',(4.03915171163521,-4.82216940577026,-2.09514850796382));
#6470=CARTESIAN_POINT('Ctrl Pts',(-9.399969429806,-6.055849910543,0.6168707128133));
#6471=CARTESIAN_POINT('Ctrl Pts',(-9.108603002128,-6.055551728162,0.616872302001301));
#6472=CARTESIAN_POINT('Ctrl Pts',(-8.817510140319,-6.044330167997,0.6159752544343));
#6473=CARTESIAN_POINT('Ctrl Pts',(-8.23560033215,-6.017359852331,0.6089442482983));
#6474=CARTESIAN_POINT('Ctrl Pts',(-7.944869959063,-6.001721735258,0.602785445101301));
#6475=CARTESIAN_POINT('Ctrl Pts',(-7.073159821846,-5.949514034165,0.576637439697301));
#6476=CARTESIAN_POINT('Ctrl Pts',(-6.492737569219,-5.909114910805,0.548407071996301));
#6477=CARTESIAN_POINT('Ctrl Pts',(-4.75518454179,-5.780060892104,0.4277067244423));
#6478=CARTESIAN_POINT('Ctrl Pts',(-3.60107579831,-5.682600738868,0.2991114972313));
#6479=CARTESIAN_POINT('Ctrl Pts',(-1.887801434257,-5.527826748862,0.00562782522230076));
#6480=CARTESIAN_POINT('Ctrl Pts',(-1.320097525998,-5.474363349725,-0.109939378752699));
#6481=CARTESIAN_POINT('Ctrl Pts',(-0.195623972867999,-5.364783100102,-0.384738767831699));
#6482=CARTESIAN_POINT('Ctrl Pts',(0.361376433629001,-5.308547233961,-0.5433934252367));
#6483=CARTESIAN_POINT('Ctrl Pts',(1.181693437051,-5.222521048043,-0.8254220036997));
#6484=CARTESIAN_POINT('Ctrl Pts',(1.45255495287,-5.193544983809,-0.9268720323807));
#6485=CARTESIAN_POINT('Ctrl Pts',(1.988610413151,-5.13522162988,-1.1428533416047));
#6486=CARTESIAN_POINT('Ctrl Pts',(2.25471896186,-5.105864885374,-1.2559650986627));
#6487=CARTESIAN_POINT('Ctrl Pts',(2.778119710944,-5.046663180188,-1.5016330917447));
#6488=CARTESIAN_POINT('Ctrl Pts',(3.037769923537,-5.01698476421,-1.6284819664227));
#6489=CARTESIAN_POINT('Ctrl Pts',(3.421561843218,-4.972294222821,-1.8299262965897));
#6490=CARTESIAN_POINT('Ctrl Pts',(3.548431613171,-4.957447634282,-1.8990059960737));
#6491=CARTESIAN_POINT('Ctrl Pts',(3.80101419921156,-4.92725911489137,-2.03974583930803));
#6492=CARTESIAN_POINT('Ctrl Pts',(3.92576394371467,-4.91299393492783,-2.11156120268945));
#6493=CARTESIAN_POINT('Ctrl Pts',(4.05143770126195,-4.89732978357027,-2.18497989431414));
#6494=CARTESIAN_POINT('Ctrl Pts',(-9.399969458624,-6.075576118885,0.616870660109299));
#6495=CARTESIAN_POINT('Ctrl Pts',(-9.108392166413,-6.075484591999,0.6168727656993));
#6496=CARTESIAN_POINT('Ctrl Pts',(-8.817074210862,-6.064374700473,0.6159343340903));
#6497=CARTESIAN_POINT('Ctrl Pts',(-8.234676939745,-6.037826815248,0.608667232611301));
#6498=CARTESIAN_POINT('Ctrl Pts',(-7.943686527369,-6.02249190814,0.602312390177301));
#6499=CARTESIAN_POINT('Ctrl Pts',(-7.071139898105,-5.971276630846,0.5753315543253));
#6500=CARTESIAN_POINT('Ctrl Pts',(-6.490094668811,-5.931648872443,0.546227492295301));
#6501=CARTESIAN_POINT('Ctrl Pts',(-4.750506475832,-5.805358155844,0.4220979936483));
#6502=CARTESIAN_POINT('Ctrl Pts',(-3.594783358194,-5.710295837932,0.2901484216233));
#6503=CARTESIAN_POINT('Ctrl Pts',(-1.879109089111,-5.559872190523,-0.0103442172986998));
#6504=CARTESIAN_POINT('Ctrl Pts',(-1.310629468708,-5.507979393335,-0.128597738192699));
#6505=CARTESIAN_POINT('Ctrl Pts',(-0.184820203289995,-5.401712271207,-0.4096349930797));
#6506=CARTESIAN_POINT('Ctrl Pts',(0.372717895802005,-5.347226637484,-0.5718265503007));
#6507=CARTESIAN_POINT('Ctrl Pts',(1.193435087138,-5.263835129092,-0.860009959242699));
#6508=CARTESIAN_POINT('Ctrl Pts',(1.46429684194801,-5.235746441475,-0.9636636818227));
#6509=CARTESIAN_POINT('Ctrl Pts',(2.000354514722,-5.179170929122,-1.1842243886117));
#6510=CARTESIAN_POINT('Ctrl Pts',(2.266358059193,-5.15070597282,-1.2996847965937));
#6511=CARTESIAN_POINT('Ctrl Pts',(2.789051951936,-5.093252533975,-1.5504038617157));
#6512=CARTESIAN_POINT('Ctrl Pts',(3.048480124404,-5.064436507043,-1.6797401170847));
#6513=CARTESIAN_POINT('Ctrl Pts',(3.431628707094,-5.021003543096,-1.8850164853257));
#6514=CARTESIAN_POINT('Ctrl Pts',(3.558300753043,-5.00656078077,-1.9553901670977));
#6515=CARTESIAN_POINT('Ctrl Pts',(3.81023405312689,-4.97718255954558,-2.09869777519368));
#6516=CARTESIAN_POINT('Ctrl Pts',(3.93517749407373,-4.96325560074013,-2.17179027352217));
#6517=CARTESIAN_POINT('Ctrl Pts',(4.05973320563536,-4.9480762559471,-2.2464887756538));
#6518=CARTESIAN_POINT('Ctrl Pts',(-9.399969465125,-6.085447156619,0.6168706602793));
#6519=CARTESIAN_POINT('Ctrl Pts',(-9.108286656276,-6.085459039784,0.616873023630301));
#6520=CARTESIAN_POINT('Ctrl Pts',(-8.816855915229,-6.07440563978,0.615913562455301));
#6521=CARTESIAN_POINT('Ctrl Pts',(-8.234214059315,-6.048071444162,0.6085270404683));
#6522=CARTESIAN_POINT('Ctrl Pts',(-7.943093009115,-6.032889963234,0.602073135662301));
#6523=CARTESIAN_POINT('Ctrl Pts',(-7.070125646821,-5.982177784403,0.574671546577299));
#6524=CARTESIAN_POINT('Ctrl Pts',(-6.48876641055,-5.942942109124,0.5451261157693));
#6525=CARTESIAN_POINT('Ctrl Pts',(-4.748150768148,-5.81805567102,0.4192621300713));
#6526=CARTESIAN_POINT('Ctrl Pts',(-3.591610388227,-5.724211576591,0.2856133245643));
#6527=CARTESIAN_POINT('Ctrl Pts',(-1.874720168192,-5.575993359892,-0.0184352352536994));
#6528=CARTESIAN_POINT('Ctrl Pts',(-1.305847398952,-5.524896225814,-0.1380520857277));
#6529=CARTESIAN_POINT('Ctrl Pts',(-0.179361298829996,-5.420305696879,-0.422255263748699));
#6530=CARTESIAN_POINT('Ctrl Pts',(0.378449000221003,-5.366704974045,-0.5862420569017));
#6531=CARTESIAN_POINT('Ctrl Pts',(1.199368446576,-5.284643337252,-0.8775480950827));
#6532=CARTESIAN_POINT('Ctrl Pts',(1.470229697789,-5.257002257683,-0.982319700673699));
#6533=CARTESIAN_POINT('Ctrl Pts',(2.006288267692,-5.201307379946,-1.2052028233467));
#6534=CARTESIAN_POINT('Ctrl Pts',(2.272238023895,-5.173291523135,-1.3218543064207));
#6535=CARTESIAN_POINT('Ctrl Pts',(2.794571063116,-5.116717501777,-1.5751337959727));
#6536=CARTESIAN_POINT('Ctrl Pts',(3.053886522113,-5.088334729409,-1.7057306363587));
#6537=CARTESIAN_POINT('Ctrl Pts',(3.436707896933,-5.045532812347,-1.9129481430087));
#6538=CARTESIAN_POINT('Ctrl Pts',(3.563279688837,-5.031292430372,-1.9839771268657));
#6539=CARTESIAN_POINT('Ctrl Pts',(3.81488231486268,-5.00232037244821,-2.12858476074878));
#6540=CARTESIAN_POINT('Ctrl Pts',(3.93992698635306,-4.98856183566496,-2.20232366765893));
#6541=CARTESIAN_POINT('Ctrl Pts',(4.06390997727512,-4.97362655907344,-2.27766975506806));
#6542=CARTESIAN_POINT('Ctrl Pts',(-9.399969466358,-6.087319832909,0.616870660311299));
#6543=CARTESIAN_POINT('Ctrl Pts',(-9.108266639502,-6.087351334432,0.6168730725633));
#6544=CARTESIAN_POINT('Ctrl Pts',(-8.816814501441,-6.076308651673,0.6159096217813));
#6545=CARTESIAN_POINT('Ctrl Pts',(-8.234126244312,-6.050014996014,0.6085004440243));
#6546=CARTESIAN_POINT('Ctrl Pts',(-7.942980410258,-6.034862622215,0.602027745677301));
#6547=CARTESIAN_POINT('Ctrl Pts',(-7.069933228924,-5.984245888319,0.5745463337183));
#6548=CARTESIAN_POINT('Ctrl Pts',(-6.488514421062,-5.945084596787,0.544917168973301));
#6549=CARTESIAN_POINT('Ctrl Pts',(-4.747703856887,-5.820464570292,0.418724126405301));
#6550=CARTESIAN_POINT('Ctrl Pts',(-3.591008430684,-5.726851590189,0.2847529521323));
#6551=CARTESIAN_POINT('Ctrl Pts',(-1.873887527454,-5.579051775071,-0.0199702164686997));
#6552=CARTESIAN_POINT('Ctrl Pts',(-1.304940172287,-5.528105589605,-0.139845709958699));
#6553=CARTESIAN_POINT('Ctrl Pts',(-0.178325666991999,-5.423833134251,-0.4246495086387));
#6554=CARTESIAN_POINT('Ctrl Pts',(0.379536272264001,-5.370400291602,-0.5889768835887));
#6555=CARTESIAN_POINT('Ctrl Pts',(1.200494089274,-5.288590950372,-0.8808753289597));
#6556=CARTESIAN_POINT('Ctrl Pts',(1.471355244947,-5.261034788416,-0.9858590128617));
#6557=CARTESIAN_POINT('Ctrl Pts',(2.007413985047,-5.205506979595,-1.2091827308687));
#6558=CARTESIAN_POINT('Ctrl Pts',(2.273353536851,-5.177576323347,-1.3260601778327));
#6559=CARTESIAN_POINT('Ctrl Pts',(2.795618117026,-5.121169139997,-1.5798254163257));
#6560=CARTESIAN_POINT('Ctrl Pts',(3.054912192673,-5.092868562183,-1.7106614076237));
#6561=CARTESIAN_POINT('Ctrl Pts',(3.437671491506,-5.050186363694,-1.9182471758447));
#6562=CARTESIAN_POINT('Ctrl Pts',(3.56422426379,-5.03598437615,-1.9894004798297));
#6563=CARTESIAN_POINT('Ctrl Pts',(3.81576415624339,-5.00708937318305,-2.1342547471003));
#6564=CARTESIAN_POINT('Ctrl Pts',(3.94082803260786,-4.99336278845287,-2.20811628691405));
#6565=CARTESIAN_POINT('Ctrl Pts',(4.06470237027709,-4.97847381507222,-2.28358523046413));
#6566=CARTESIAN_POINT('Ctrl Pts',(-9.399969467591,-6.089192509199,0.6168706603433));
#6567=CARTESIAN_POINT('Ctrl Pts',(-9.108246622728,-6.08924362908,0.616873121497299));
#6568=CARTESIAN_POINT('Ctrl Pts',(-8.816773087654,-6.078211663567,0.6159056811063));
#6569=CARTESIAN_POINT('Ctrl Pts',(-8.234038429309,-6.051958547866,0.608473847580299));
#6570=CARTESIAN_POINT('Ctrl Pts',(-7.942867811401,-6.036835281196,0.6019823556923));
#6571=CARTESIAN_POINT('Ctrl Pts',(-7.069740811026,-5.986313992236,0.5744211208583));
#6572=CARTESIAN_POINT('Ctrl Pts',(-6.488262431573,-5.94722708445,0.544708222178301));
#6573=CARTESIAN_POINT('Ctrl Pts',(-4.747256945625,-5.822873469564,0.4181861227393));
#6574=CARTESIAN_POINT('Ctrl Pts',(-3.590406473141,-5.729491603787,0.283892579701301));
#6575=CARTESIAN_POINT('Ctrl Pts',(-1.873054886716,-5.582110190251,-0.0215051976826999));
#6576=CARTESIAN_POINT('Ctrl Pts',(-1.304032945621,-5.531314953396,-0.1416393341897));
#6577=CARTESIAN_POINT('Ctrl Pts',(-0.177290035153995,-5.427360571623,-0.4270437535287));
#6578=CARTESIAN_POINT('Ctrl Pts',(0.380623544307003,-5.374095609159,-0.5917117102757));
#6579=CARTESIAN_POINT('Ctrl Pts',(1.201619731971,-5.292538563491,-0.8842025628377));
#6580=CARTESIAN_POINT('Ctrl Pts',(1.472480792104,-5.26506731915,-0.9893983250507));
#6581=CARTESIAN_POINT('Ctrl Pts',(2.008539702403,-5.209706579243,-1.2131626383907));
#6582=CARTESIAN_POINT('Ctrl Pts',(2.274469049807,-5.181861123558,-1.3302660492447));
#6583=CARTESIAN_POINT('Ctrl Pts',(2.796665170935,-5.125620778216,-1.5845170366787));
#6584=CARTESIAN_POINT('Ctrl Pts',(3.055937863234,-5.097402394958,-1.7155921788877));
#6585=CARTESIAN_POINT('Ctrl Pts',(3.438635086078,-5.05483991504,-1.9235462086807));
#6586=CARTESIAN_POINT('Ctrl Pts',(3.565168838744,-5.040676321928,-1.9948238327947));
#6587=CARTESIAN_POINT('Ctrl Pts',(3.81664599762411,-5.0118583739169,-2.13992473345183));
#6588=CARTESIAN_POINT('Ctrl Pts',(3.94172907886266,-4.99816374124078,-2.21390890616916));
#6589=CARTESIAN_POINT('Ctrl Pts',(4.06549476327805,-4.98332107107,-2.28950070586019));
#6590=CARTESIAN_POINT('Ctrl Pts',(-9.399969468825,-6.091065185488,0.6168706603753));
#6591=CARTESIAN_POINT('Ctrl Pts',(-9.108226605954,-6.091135923727,0.6168731704303));
#6592=CARTESIAN_POINT('Ctrl Pts',(-8.816731673867,-6.08011467546,0.615901740431301));
#6593=CARTESIAN_POINT('Ctrl Pts',(-8.233950614307,-6.053902099718,0.608447251136301));
#6594=CARTESIAN_POINT('Ctrl Pts',(-7.942755212545,-6.038807940177,0.6019369657063));
#6595=CARTESIAN_POINT('Ctrl Pts',(-7.069548393128,-5.988382096153,0.5742959079993));
#6596=CARTESIAN_POINT('Ctrl Pts',(-6.488010442084,-5.949369572114,0.5444992753823));
#6597=CARTESIAN_POINT('Ctrl Pts',(-4.746810034364,-5.825282368836,0.4176481190743));
#6598=CARTESIAN_POINT('Ctrl Pts',(-3.589804515597,-5.732131617385,0.2830322072693));
#6599=CARTESIAN_POINT('Ctrl Pts',(-1.872222245978,-5.58516860543,-0.0230401788967001));
#6600=CARTESIAN_POINT('Ctrl Pts',(-1.303125718956,-5.534524317187,-0.1434329584207));
#6601=CARTESIAN_POINT('Ctrl Pts',(-0.176254403315998,-5.430888008995,-0.4294379984187));
#6602=CARTESIAN_POINT('Ctrl Pts',(0.381710816350001,-5.377790926717,-0.5944465369617));
#6603=CARTESIAN_POINT('Ctrl Pts',(1.20274537466801,-5.29648617661,-0.8875297967157));
#6604=CARTESIAN_POINT('Ctrl Pts',(1.473606339262,-5.269099849884,-0.9929376372387));
#6605=CARTESIAN_POINT('Ctrl Pts',(2.009665419759,-5.213906178892,-1.2171425459127));
#6606=CARTESIAN_POINT('Ctrl Pts',(2.275584562764,-5.18614592377,-1.3344719206567));
#6607=CARTESIAN_POINT('Ctrl Pts',(2.797712224845,-5.130072416436,-1.5892086570317));
#6608=CARTESIAN_POINT('Ctrl Pts',(3.056963533794,-5.101936227732,-1.7205229501527));
#6609=CARTESIAN_POINT('Ctrl Pts',(3.439598680651,-5.059493466386,-1.9288452415177));
#6610=CARTESIAN_POINT('Ctrl Pts',(3.566113413697,-5.045368267706,-2.0002471857597));
#6611=CARTESIAN_POINT('Ctrl Pts',(3.81752783900481,-5.01662737465174,-2.14559471980336));
#6612=CARTESIAN_POINT('Ctrl Pts',(3.94263012511746,-5.00296469402969,-2.21970152542528));
#6613=CARTESIAN_POINT('Ctrl Pts',(4.06628715628003,-4.98816832706778,-2.29541618125626));
#6614=CARTESIAN_POINT('Ctrl Pts',(-9.399969470058,-6.092937861778,0.6168706604073));
#6615=CARTESIAN_POINT('Ctrl Pts',(-9.10820658918,-6.093028218375,0.616873219363301));
#6616=CARTESIAN_POINT('Ctrl Pts',(-8.81669026008,-6.082017687353,0.615897799757301));
#6617=CARTESIAN_POINT('Ctrl Pts',(-8.233862799304,-6.055845651569,0.6084206546923));
#6618=CARTESIAN_POINT('Ctrl Pts',(-7.942642613688,-6.040780599158,0.6018915757213));
#6619=CARTESIAN_POINT('Ctrl Pts',(-7.06935597523,-5.990450200069,0.5741706951393));
#6620=CARTESIAN_POINT('Ctrl Pts',(-6.487758452595,-5.951512059777,0.5442903285863));
#6621=CARTESIAN_POINT('Ctrl Pts',(-4.746363123103,-5.827691268109,0.417110115408301));
#6622=CARTESIAN_POINT('Ctrl Pts',(-3.589202558054,-5.734771630983,0.282171834838301));
#6623=CARTESIAN_POINT('Ctrl Pts',(-1.87138960524,-5.58822702061,-0.0245751601107003));
#6624=CARTESIAN_POINT('Ctrl Pts',(-1.30221849229,-5.537733680978,-0.1452265826527));
#6625=CARTESIAN_POINT('Ctrl Pts',(-0.175218771477997,-5.434415446367,-0.431832243309699));
#6626=CARTESIAN_POINT('Ctrl Pts',(0.382798088392001,-5.381486244274,-0.5971813636487));
#6627=CARTESIAN_POINT('Ctrl Pts',(1.203871017365,-5.300433789729,-0.890857030592699));
#6628=CARTESIAN_POINT('Ctrl Pts',(1.47473188642,-5.273132380617,-0.996476949427699));
#6629=CARTESIAN_POINT('Ctrl Pts',(2.010791137115,-5.218105778541,-1.2211224534347));
#6630=CARTESIAN_POINT('Ctrl Pts',(2.27670007572,-5.190430723981,-1.3386777920687));
#6631=CARTESIAN_POINT('Ctrl Pts',(2.798759278754,-5.134524054656,-1.5939002773847));
#6632=CARTESIAN_POINT('Ctrl Pts',(3.057989204354,-5.106470060507,-1.7254537214167));
#6633=CARTESIAN_POINT('Ctrl Pts',(3.440562275223,-5.064147017733,-1.9341442743537));
#6634=CARTESIAN_POINT('Ctrl Pts',(3.567057988651,-5.050060213483,-2.0056705387237));
#6635=CARTESIAN_POINT('Ctrl Pts',(3.81840968038552,-5.02139637538658,-2.15126470615489));
#6636=CARTESIAN_POINT('Ctrl Pts',(3.94353117137226,-5.0077656468176,-2.2254941446804));
#6637=CARTESIAN_POINT('Ctrl Pts',(4.067079549281,-4.99301558306656,-2.30133165665133));
#6638=CARTESIAN_POINT('Ctrl Pts',(-9.399969471291,-6.094810538068,0.6168706604393));
#6639=CARTESIAN_POINT('Ctrl Pts',(-9.108186572406,-6.094920513023,0.6168732682963));
#6640=CARTESIAN_POINT('Ctrl Pts',(-8.816648846292,-6.083920699246,0.6158938590823));
#6641=CARTESIAN_POINT('Ctrl Pts',(-8.233774984301,-6.057789203421,0.6083940582483));
#6642=CARTESIAN_POINT('Ctrl Pts',(-7.942530014831,-6.042753258139,0.601846185736299));
#6643=CARTESIAN_POINT('Ctrl Pts',(-7.069163557332,-5.992518303986,0.574045482280301));
#6644=CARTESIAN_POINT('Ctrl Pts',(-6.487506463107,-5.95365454744,0.544081381790301));
#6645=CARTESIAN_POINT('Ctrl Pts',(-4.745916211841,-5.830100167381,0.416572111743299));
#6646=CARTESIAN_POINT('Ctrl Pts',(-3.588600600511,-5.737411644581,0.2813114624073));
#6647=CARTESIAN_POINT('Ctrl Pts',(-1.870556964502,-5.591285435789,-0.0261101413246996));
#6648=CARTESIAN_POINT('Ctrl Pts',(-1.301311265625,-5.540943044769,-0.147020206883699));
#6649=CARTESIAN_POINT('Ctrl Pts',(-0.174183139639997,-5.437942883739,-0.4342264881997));
#6650=CARTESIAN_POINT('Ctrl Pts',(0.383885360435002,-5.385181561831,-0.5999161903357));
#6651=CARTESIAN_POINT('Ctrl Pts',(1.204996660063,-5.304381402848,-0.8941842644707));
#6652=CARTESIAN_POINT('Ctrl Pts',(1.475857433577,-5.277164911351,-1.0000162616157));
#6653=CARTESIAN_POINT('Ctrl Pts',(2.011916854471,-5.22230537819,-1.2251023609567));
#6654=CARTESIAN_POINT('Ctrl Pts',(2.277815588676,-5.194715524193,-1.3428836634807));
#6655=CARTESIAN_POINT('Ctrl Pts',(2.799806332663,-5.138975692876,-1.5985918977377));
#6656=CARTESIAN_POINT('Ctrl Pts',(3.05901487491401,-5.111003893281,-1.7303844926817));
#6657=CARTESIAN_POINT('Ctrl Pts',(3.441525869795,-5.068800569079,-1.9394433071897));
#6658=CARTESIAN_POINT('Ctrl Pts',(3.568002563604,-5.054752159262,-2.0110938916887));
#6659=CARTESIAN_POINT('Ctrl Pts',(3.81929152176623,-5.02616537612043,-2.15693469250642));
#6660=CARTESIAN_POINT('Ctrl Pts',(3.94443221762706,-5.01256659960551,-2.23128676393651));
#6661=CARTESIAN_POINT('Ctrl Pts',(4.06787194228297,-4.99786283906533,-2.3072471320474));
#6662=CARTESIAN_POINT('',(0.223788305459672,-3.90416244465262,0.077931857014991));
#6663=CARTESIAN_POINT('',(0.294614409372757,-3.97509737296024,0.0619894024637106));
#6664=CARTESIAN_POINT('Ctrl Pts',(0.22378839608705,-3.90416238957361,0.0779324365665899));
#6665=CARTESIAN_POINT('Ctrl Pts',(0.241272401137924,-3.91659989709816,0.0748785250515593));
#6666=CARTESIAN_POINT('Ctrl Pts',(0.260700891402154,-3.93320927041285,0.0714476660497303));
#6667=CARTESIAN_POINT('Ctrl Pts',(0.284751984251938,-3.96178016452147,0.0650318286717728));
#6668=CARTESIAN_POINT('Ctrl Pts',(0.289827160526164,-3.96834575484416,0.0635416302854717));
#6669=CARTESIAN_POINT('Ctrl Pts',(0.294614409372757,-3.97509737296025,0.0619894024637107));
#6670=CARTESIAN_POINT('',(0.255854286548191,-3.89797877493984,0.0723131048122803));
#6671=CARTESIAN_POINT('Ctrl Pts',(0.223788305459685,-3.90416244465262,0.0779318570149887));
#6672=CARTESIAN_POINT('Ctrl Pts',(0.234479587838547,-3.90210363349795,0.0760643439747027));
#6673=CARTESIAN_POINT('Ctrl Pts',(0.245168249436732,-3.90004241026035,0.0741914285874299));
#6674=CARTESIAN_POINT('Ctrl Pts',(0.255854286548191,-3.89797877493984,0.0723131048122803));
#6675=CARTESIAN_POINT('',(0.65001557372199,-3.82052718799883,0.000339693343956194));
#6676=CARTESIAN_POINT('Ctrl Pts',(0.255854286548191,-3.89797877493984,0.0723131048122803));
#6677=CARTESIAN_POINT('Ctrl Pts',(0.312464762720051,-3.88704643613911,0.062362474638807));
#6678=CARTESIAN_POINT('Ctrl Pts',(0.369001583483817,-3.87604640297725,0.0522600597326065));
#6679=CARTESIAN_POINT('Ctrl Pts',(0.500445724617564,-3.85028089503475,0.0283863419738964));
#6680=CARTESIAN_POINT('Ctrl Pts',(0.57529590192536,-3.83546373254955,0.0144978946392269));
#6681=CARTESIAN_POINT('Ctrl Pts',(0.650015573722172,-3.82052718799879,0.000339693343921805));
#6682=CARTESIAN_POINT('',(0.64989005810003,-3.86130755776053,-2.01545299560734E-6));
#6683=CARTESIAN_POINT('Ctrl Pts',(0.649890058100027,-3.86130755776053,-2.01545299516884E-6));
#6684=CARTESIAN_POINT('Ctrl Pts',(0.650081562469972,-3.84429840004112,0.000524138479154195));
#6685=CARTESIAN_POINT('Ctrl Pts',(0.650017253460182,-3.83096419640187,0.000347450926889219));
#6686=CARTESIAN_POINT('Ctrl Pts',(0.650017135978059,-3.82052795578072,0.000347128147407982));
#6687=CARTESIAN_POINT('Ctrl Pts',(0.294614326551145,-3.97509708820281,0.0619894448402155));
#6688=CARTESIAN_POINT('Ctrl Pts',(0.461669119801795,-3.92241348179448,0.0344670893057398));
#6689=CARTESIAN_POINT('Ctrl Pts',(0.583236174939665,-3.88402010789344,0.0122809705248338));
#6690=CARTESIAN_POINT('Ctrl Pts',(0.649890058100028,-3.86130755776054,-2.01545299571664E-6));
#6691=CARTESIAN_POINT('Ctrl Pts',(3.760194025638,0.0284040054725,-0.766693736033099));
#6692=CARTESIAN_POINT('Ctrl Pts',(3.76018868379121,-5.72400044399977,-0.7666941694455));
#6693=CARTESIAN_POINT('Ctrl Pts',(3.245568349217,0.0284044715818,-0.6102568289391));
#6694=CARTESIAN_POINT('Ctrl Pts',(3.24556300737021,-5.72399997789047,-0.610257262351501));
#6695=CARTESIAN_POINT('Ctrl Pts',(2.728143355906,0.0284049412759,-0.4668956559881));
#6696=CARTESIAN_POINT('Ctrl Pts',(2.72813801405921,-5.72399950819637,-0.466896089400501));
#6697=CARTESIAN_POINT('Ctrl Pts',(2.207502009961,0.0284054150888,-0.3385582097561));
#6698=CARTESIAN_POINT('Ctrl Pts',(2.20749666811421,-5.72399903438347,-0.3385586431685));
#6699=CARTESIAN_POINT('Ctrl Pts',(1.683413123617,0.0284058920391,-0.2093709490911));
#6700=CARTESIAN_POINT('Ctrl Pts',(1.68340778177021,-5.72399855743317,-0.2093713825035));
#6701=CARTESIAN_POINT('Ctrl Pts',(1.156126017947,0.0284063730849,-0.0951227136560995));
#6702=CARTESIAN_POINT('Ctrl Pts',(1.15612067610021,-5.72399807638737,-0.0951231470684998));
#6703=CARTESIAN_POINT('Ctrl Pts',(0.625797574082004,0.0284068580253,0.0049192953209003));
#6704=CARTESIAN_POINT('Ctrl Pts',(0.625792232235209,-5.72399759144697,0.00491886190849993));
#6705=CARTESIAN_POINT('Ctrl Pts',(0.0928990009740041,0.028407345316,0.105446137604901));
#6706=CARTESIAN_POINT('Ctrl Pts',(0.0928936591272098,-5.72399710415627,
0.1054457041925));
#6707=CARTESIAN_POINT('Ctrl Pts',(-0.711233095784998,0.0284080823261,0.2345827282569));
#6708=CARTESIAN_POINT('Ctrl Pts',(-0.711238437631792,-5.72399636714617,
0.234582294844499));
#6709=CARTESIAN_POINT('Ctrl Pts',(-1.79125929998199,0.0284090752681,0.367321948532901));
#6710=CARTESIAN_POINT('Ctrl Pts',(-1.79126464182879,-5.72399537420417,0.3673215151205));
#6711=CARTESIAN_POINT('Ctrl Pts',(-2.33183091002,0.0284095732141,0.4209972757809));
#6712=CARTESIAN_POINT('Ctrl Pts',(-2.33183625186679,-5.72399487625817,0.4209968423685));
#6713=CARTESIAN_POINT('Ctrl Pts',(-2.602383931805,0.0284098226596,0.4448572631459));
#6714=CARTESIAN_POINT('Ctrl Pts',(-2.60238927365179,-5.72399462681267,0.4448568297335));
#6715=CARTESIAN_POINT('Ctrl Pts',(-3.514255322881,0.0284106633903,0.525274919272301));
#6716=CARTESIAN_POINT('Ctrl Pts',(-3.51426066472779,-5.72399378608197,0.5252744858599));
#6717=CARTESIAN_POINT('Ctrl Pts',(-4.429064373984,0.0284115094485,0.571189814514501));
#6718=CARTESIAN_POINT('Ctrl Pts',(-4.42906971583079,-5.72399294002377,0.5711893811021));
#6719=CARTESIAN_POINT('Ctrl Pts',(-5.344820074227,0.0284123580854,0.594547536781301));
#6720=CARTESIAN_POINT('Ctrl Pts',(-5.34482541607379,-5.72399209138687,0.5945471033689));
#6721=CARTESIAN_POINT('',(0.349890058100016,-1.43942262661768E-5,0.0556331555311919));
#6722=CARTESIAN_POINT('',(0.349890058100016,-2.3513996069,0.055632587489468));
#6723=CARTESIAN_POINT('Ctrl Pts',(0.349890058100016,-1.43942262661768E-5,
0.0556331555311919));
#6724=CARTESIAN_POINT('Ctrl Pts',(0.349890058100016,-0.783809465117511,
0.0556329661839779));
#6725=CARTESIAN_POINT('Ctrl Pts',(0.349890058100016,-1.56760453600876,0.0556327768367369));
#6726=CARTESIAN_POINT('Ctrl Pts',(0.349890058100016,-2.3513996069,0.055632587489468));
#6727=CARTESIAN_POINT('',(0.650014774090822,-1.45165404838304E-5,0.000340638915557806));
#6728=CARTESIAN_POINT('Ctrl Pts',(0.349890058100016,-1.43942262661817E-5,
0.0556331555311921));
#6729=CARTESIAN_POINT('Ctrl Pts',(0.441952069143319,-1.44317094213128E-5,
0.0391532245683123));
#6730=CARTESIAN_POINT('Ctrl Pts',(0.533922210802873,-1.44691882414849E-5,
0.022250804215607));
#6731=CARTESIAN_POINT('Ctrl Pts',(0.625797547687937,-1.45066620682369E-5,
0.00491929317972699));
#6732=CARTESIAN_POINT('Ctrl Pts',(0.633870661458969,-1.45099549027455E-5,
0.00339636803834272));
#6733=CARTESIAN_POINT('Ctrl Pts',(0.641943070444407,-1.45132477079491E-5,
0.00187015081197797));
#6734=CARTESIAN_POINT('Ctrl Pts',(0.650014774090822,-1.45165404838291E-5,
0.0003406389155578));
#6735=CARTESIAN_POINT('Ctrl Pts',(0.650014447176534,-3.82052732407483,0.000339740725933547));
#6736=CARTESIAN_POINT('Ctrl Pts',(0.650014556147984,-2.54702305489672,0.000340040122531708));
#6737=CARTESIAN_POINT('Ctrl Pts',(0.650014665119413,-1.2735187857186,0.000340339519073129));
#6738=CARTESIAN_POINT('Ctrl Pts',(0.650014774090822,-1.45165404838304E-5,
0.000340638915557806));
#6739=CARTESIAN_POINT('',(0.0332233913999858,-3.8490830032,0.110601962178892));
#6740=CARTESIAN_POINT('Ctrl Pts',(0.0332233913997462,-3.8490830032,0.110601962178932));
#6741=CARTESIAN_POINT('Ctrl Pts',(0.0423887601118656,-3.84857302893064,
0.10906021928966));
#6742=CARTESIAN_POINT('Ctrl Pts',(0.0515775926159257,-3.84848371956348,
0.107510279348919));
#6743=CARTESIAN_POINT('Ctrl Pts',(0.060760899031911,-3.8488167057946,0.105956997909656));
#6744=CARTESIAN_POINT('Ctrl Pts',(0.0829718805582431,-3.84962207487332,
0.10220019139685));
#6745=CARTESIAN_POINT('Ctrl Pts',(0.105030653583528,-3.85289342842051,0.0984438682193736));
#6746=CARTESIAN_POINT('Ctrl Pts',(0.126530180659075,-3.85857435563302,0.0947595730413713));
#6747=CARTESIAN_POINT('Ctrl Pts',(0.155021238146086,-3.86610268977834,0.089877164914591));
#6748=CARTESIAN_POINT('Ctrl Pts',(0.182285639106533,-3.8777980286939,0.0851629574943485));
#6749=CARTESIAN_POINT('Ctrl Pts',(0.207429775571076,-3.89331351837624,0.0807848912418388));
#6750=CARTESIAN_POINT('Ctrl Pts',(0.213004652076546,-3.89675356250036,0.0798142005710765));
#6751=CARTESIAN_POINT('Ctrl Pts',(0.218460232010864,-3.90037212057147,0.0788626896000254));
#6752=CARTESIAN_POINT('Ctrl Pts',(0.223788450275306,-3.90416242812133,0.0779319695866146));
#6753=CARTESIAN_POINT('',(0.0332233913999858,-2.65093628616,0.110602239613155));
#6754=CARTESIAN_POINT('Ctrl Pts',(0.0332233914001065,-2.65093628615777,
0.110602239613134));
#6755=CARTESIAN_POINT('Ctrl Pts',(0.00582402891622289,-2.64941174484928,
0.115211194328825));
#6756=CARTESIAN_POINT('Ctrl Pts',(-0.0216698585126191,-2.64976748411627,
0.11979796882964));
#6757=CARTESIAN_POINT('Ctrl Pts',(-0.095065967214835,-2.65577594152819,
0.13194160731648));
#6758=CARTESIAN_POINT('Ctrl Pts',(-0.140521174631819,-2.664840686125,0.139354888029043));
#6759=CARTESIAN_POINT('Ctrl Pts',(-0.245750709545292,-2.69882846724601,
0.156291460035926));
#6760=CARTESIAN_POINT('Ctrl Pts',(-0.303515517639115,-2.72836220565586,
0.16539944936594));
#6761=CARTESIAN_POINT('Ctrl Pts',(-0.412515550317923,-2.8085102069004,0.182330543755287));
#6762=CARTESIAN_POINT('Ctrl Pts',(-0.461753269553643,-2.86023072983274,
0.189819921385268));
#6763=CARTESIAN_POINT('Ctrl Pts',(-0.541145902428409,-2.98051722579908,
0.201777873287151));
#6764=CARTESIAN_POINT('Ctrl Pts',(-0.569989092293144,-3.04848081790026,
0.206049330080781));
#6765=CARTESIAN_POINT('Ctrl Pts',(-0.602438564435663,-3.19475242546093,
0.210848153163816));
#6766=CARTESIAN_POINT('Ctrl Pts',(-0.604572251409558,-3.27194058698213,
0.211160553779259));
#6767=CARTESIAN_POINT('Ctrl Pts',(-0.579349752166109,-3.42519401752387,
0.207435510035772));
#6768=CARTESIAN_POINT('Ctrl Pts',(-0.5513833066996,-3.49955404681035,0.203306237000841));
#6769=CARTESIAN_POINT('Ctrl Pts',(-0.468425848241742,-3.63326675737299,
0.190835599926076));
#6770=CARTESIAN_POINT('Ctrl Pts',(-0.414221483917454,-3.69121374481907,
0.18260526664431));
#6771=CARTESIAN_POINT('Ctrl Pts',(-0.300074521430494,-3.77335618216129,
0.16485612166458));
#6772=CARTESIAN_POINT('Ctrl Pts',(-0.244329105114245,-3.8015526661913,0.156060745721965));
#6773=CARTESIAN_POINT('Ctrl Pts',(-0.144294501957596,-3.83402648390687,
0.139963074986376));
#6774=CARTESIAN_POINT('Ctrl Pts',(-0.101937453646856,-3.84287521907803,
0.133062288062988));
#6775=CARTESIAN_POINT('Ctrl Pts',(-0.0360747525289548,-3.84937506025592,
0.122187024005785));
#6776=CARTESIAN_POINT('Ctrl Pts',(-0.0130073421875532,-3.8503141477959,
0.118351618903932));
#6777=CARTESIAN_POINT('Ctrl Pts',(0.0177813778119432,-3.8497926693278,0.113196517069387));
#6778=CARTESIAN_POINT('Ctrl Pts',(0.0255069495847773,-3.84951235750962,
0.111899975349202));
#6779=CARTESIAN_POINT('Ctrl Pts',(0.0332233914001066,-3.84908300320223,
0.110601962178872));
#6780=CARTESIAN_POINT('Ctrl Pts',(0.349890058100009,-2.3513996069,0.0556325874894691));
#6781=CARTESIAN_POINT('Ctrl Pts',(0.349890075918403,-2.36353101606168,0.0556325813691387));
#6782=CARTESIAN_POINT('Ctrl Pts',(0.349154231232856,-2.3756761759751,0.0557643296283556));
#6783=CARTESIAN_POINT('Ctrl Pts',(0.347677445041283,-2.38776816697403,0.0560285720733835));
#6784=CARTESIAN_POINT('Ctrl Pts',(0.342914923732801,-2.42676390320384,0.0568807335319832));
#6785=CARTESIAN_POINT('Ctrl Pts',(0.330549383866865,-2.46437398925885,0.0590946083358298));
#6786=CARTESIAN_POINT('Ctrl Pts',(0.311352334955989,-2.49849643820946,0.0625055434707046));
#6787=CARTESIAN_POINT('Ctrl Pts',(0.292001293222945,-2.53289260695094,0.0659438400781728));
#6788=CARTESIAN_POINT('Ctrl Pts',(0.266110189324147,-2.56303551821482,0.0705253059144303));
#6789=CARTESIAN_POINT('Ctrl Pts',(0.235244603655292,-2.58728875977056,0.0759289087556188));
#6790=CARTESIAN_POINT('Ctrl Pts',(0.209582521665327,-2.60745324587503,0.0804215401490255));
#6791=CARTESIAN_POINT('Ctrl Pts',(0.180848861454178,-2.62325896697351,0.0854173467922632));
#6792=CARTESIAN_POINT('Ctrl Pts',(0.150198081894359,-2.63413322775681,0.0906944769528223));
#6793=CARTESIAN_POINT('Ctrl Pts',(0.12783592469454,-2.64206685726183,0.0945445589379808));
#6794=CARTESIAN_POINT('Ctrl Pts',(0.104623441441309,-2.64731527192313,0.0985151950230648));
#6795=CARTESIAN_POINT('Ctrl Pts',(0.0810488061875843,-2.64977710675147,
0.102518797477532));
#6796=CARTESIAN_POINT('Ctrl Pts',(0.065157654303296,-2.65143657637847,0.105217539324585));
#6797=CARTESIAN_POINT('Ctrl Pts',(0.0491649623849969,-2.65182329677197,
0.107920645148682));
#6798=CARTESIAN_POINT('Ctrl Pts',(0.0332233913998214,-2.65093628616,0.110602239613182));
#6799=CARTESIAN_POINT('',(-1.67524319962808E-5,-3.073092534058,0.1161750196523));
#6800=CARTESIAN_POINT('',(-1.69864823167129E-5,-3.4271267718587,0.116174977147841));
#6801=CARTESIAN_POINT('Ctrl Pts',(-1.67524320047066E-5,-3.0730925340572,
0.116175019652204));
#6802=CARTESIAN_POINT('Ctrl Pts',(0.00196119975885381,-3.07309833821469,
0.115844510473059));
#6803=CARTESIAN_POINT('Ctrl Pts',(0.00393973358154197,-3.07313729931339,
0.115513707051235));
#6804=CARTESIAN_POINT('Ctrl Pts',(0.0215797600615062,-3.07378095302864,
0.112562602592106));
#6805=CARTESIAN_POINT('Ctrl Pts',(0.0371037695776977,-3.07643026497258,
0.109952933394604));
#6806=CARTESIAN_POINT('Ctrl Pts',(0.0706508926811367,-3.08687496414495,
0.10428852806546));
#6807=CARTESIAN_POINT('Ctrl Pts',(0.0881723232362503,-3.0956873540113,0.101312270752793));
#6808=CARTESIAN_POINT('Ctrl Pts',(0.122718494338898,-3.12094185209726,0.0954186746374805));
#6809=CARTESIAN_POINT('Ctrl Pts',(0.138667504348039,-3.13828962286253,0.0926798173525212));
#6810=CARTESIAN_POINT('Ctrl Pts',(0.162805538495061,-3.17808001091805,0.088523474454913));
#6811=CARTESIAN_POINT('Ctrl Pts',(0.17083316931453,-3.20006006882634,0.0871345861006096));
#6812=CARTESIAN_POINT('Ctrl Pts',(0.177842297220231,-3.24529441565903,0.0859220501107529));
#6813=CARTESIAN_POINT('Ctrl Pts',(0.177004123976122,-3.26803396391195,0.0860673650623909));
#6814=CARTESIAN_POINT('Ctrl Pts',(0.16698664820743,-3.31134941170307,0.0877994608929633));
#6815=CARTESIAN_POINT('Ctrl Pts',(0.158138633965656,-3.33155441257124,0.0893286772893713));
#6816=CARTESIAN_POINT('Ctrl Pts',(0.132518338206804,-3.36925518691041,0.0937359370061639));
#6817=CARTESIAN_POINT('Ctrl Pts',(0.115389229242009,-3.38595847793665,0.0966734268656033));
#6818=CARTESIAN_POINT('Ctrl Pts',(0.0798727733822346,-3.40891233163578,
0.102722471667638));
#6819=CARTESIAN_POINT('Ctrl Pts',(0.062720748964626,-3.41648421891199,0.105630993999327));
#6820=CARTESIAN_POINT('Ctrl Pts',(0.030122601073312,-3.42510695684078,0.111127088863739));
#6821=CARTESIAN_POINT('Ctrl Pts',(0.015083549281107,-3.42708299633638,0.11365172822828));
#6822=CARTESIAN_POINT('Ctrl Pts',(-1.69864638492612E-5,-3.4271267718587,
0.116174977147841));
#6823=CARTESIAN_POINT('Ctrl Pts',(-1.69864638492506E-5,-3.4271267718587,
0.116174977147841));
#6824=CARTESIAN_POINT('Ctrl Pts',(-0.000323979672270834,-3.42712766181309,
0.116226274684203));
#6825=CARTESIAN_POINT('Ctrl Pts',(-0.000630998280139015,-3.42712775315153,
0.116277571719482));
#6826=CARTESIAN_POINT('Ctrl Pts',(-0.000938039198093321,-3.42712704550515,
0.116328867735642));
#6827=CARTESIAN_POINT('Ctrl Pts',(-0.00560317292270796,-3.42711629363191,
0.117108251723023));
#6828=CARTESIAN_POINT('Ctrl Pts',(-0.0102664413599207,-3.42692110958392,
0.117886226673184));
#6829=CARTESIAN_POINT('Ctrl Pts',(-0.0307265821109048,-3.42525257329817,
0.121294820829725));
#6830=CARTESIAN_POINT('Ctrl Pts',(-0.0463048189198609,-3.42184284001105,
0.123877326099544));
#6831=CARTESIAN_POINT('Ctrl Pts',(-0.0797753339278238,-3.40962376604141,
0.129401533550914));
#6832=CARTESIAN_POINT('Ctrl Pts',(-0.097093229856295,-3.39978546276818,
0.132242263322876));
#6833=CARTESIAN_POINT('Ctrl Pts',(-0.130459092501482,-3.37255545497811,
0.137692237090226));
#6834=CARTESIAN_POINT('Ctrl Pts',(-0.145443836752367,-3.35441428311264,
0.140123773693998));
#6835=CARTESIAN_POINT('Ctrl Pts',(-0.16744636301592,-3.3134241253475,0.143685486070977));
#6836=CARTESIAN_POINT('Ctrl Pts',(-0.174304505367957,-3.29103665954267,
0.144790501245391));
#6837=CARTESIAN_POINT('Ctrl Pts',(-0.178906307900167,-3.24556738771571,
0.145532366226268));
#6838=CARTESIAN_POINT('Ctrl Pts',(-0.176888528641555,-3.22298438196135,
0.14520771727351));
#6839=CARTESIAN_POINT('Ctrl Pts',(-0.164699108961322,-3.18040015286273,
0.14324028056125));
#6840=CARTESIAN_POINT('Ctrl Pts',(-0.154870857112197,-3.16074138968001,
0.141652645043836));
#6841=CARTESIAN_POINT('Ctrl Pts',(-0.127492262804754,-3.12450926169679,
0.137207305897502));
#6842=CARTESIAN_POINT('Ctrl Pts',(-0.109628496914581,-3.10873380600278,
0.134296613675263));
#6843=CARTESIAN_POINT('Ctrl Pts',(-0.0737050313793439,-3.08792389191871,
0.128401157143593));
#6844=CARTESIAN_POINT('Ctrl Pts',(-0.0568927633535878,-3.08134878115261,
0.125629710411686));
#6845=CARTESIAN_POINT('Ctrl Pts',(-0.0264688505170783,-3.07450030183477,
0.120586142064326));
#6846=CARTESIAN_POINT('Ctrl Pts',(-0.0132558215175416,-3.07305368496753,
0.11838722370664));
#6847=CARTESIAN_POINT('Ctrl Pts',(-1.67524320047463E-5,-3.0730925340572,
0.116175019652204));
#6848=CARTESIAN_POINT('Origin',(-1.68694589959273E-5,-3.250121780194,0.000614387698500529));
#6849=CARTESIAN_POINT('',(-1.6985371558146E-5,-3.42698826660684,0.108193266198643));
#6850=CARTESIAN_POINT('',(-1.69851595759265E-5,-3.42512177927992,0.000632273861362443));
#6851=CARTESIAN_POINT('',(-0.0565811593424441,-3.41785280749821,0.116536939572388));
#6852=CARTESIAN_POINT('Ctrl Pts',(-0.0565811593424437,-3.41785280749821,
0.116536939572388));
#6853=CARTESIAN_POINT('Ctrl Pts',(-0.0683811082878166,-3.4139053410104,
0.118260157390894));
#6854=CARTESIAN_POINT('Ctrl Pts',(-0.0797423471246571,-3.40872001523441,
0.119908385783326));
#6855=CARTESIAN_POINT('Ctrl Pts',(-0.0904730449827206,-3.40237660204676,
0.121456655602299));
#6856=CARTESIAN_POINT('Ctrl Pts',(-0.102645493703413,-3.39518090305661,
0.123212947245819));
#6857=CARTESIAN_POINT('Ctrl Pts',(-0.113926023331464,-3.38654257736262,
0.124829036076137));
#6858=CARTESIAN_POINT('Ctrl Pts',(-0.124065299443157,-3.37663723436135,
0.126274490125593));
#6859=CARTESIAN_POINT('Ctrl Pts',(-0.137156827082931,-3.36384775410121,
0.128140816817166));
#6860=CARTESIAN_POINT('Ctrl Pts',(-0.148203546733533,-3.34908468750053,
0.129702636044397));
#6861=CARTESIAN_POINT('Ctrl Pts',(-0.156790608556631,-3.33286196317162,
0.130912487538057));
#6862=CARTESIAN_POINT('Ctrl Pts',(-0.163925567496665,-3.31938255957969,
0.131917748814688));
#6863=CARTESIAN_POINT('Ctrl Pts',(-0.169293209850582,-3.30502567967664,
0.132670347434807));
#6864=CARTESIAN_POINT('Ctrl Pts',(-0.172750829901278,-3.29014610105059,
0.133154703697024));
#6865=CARTESIAN_POINT('Ctrl Pts',(-0.174441961279938,-3.28286845864142,
0.133391603663323));
#6866=CARTESIAN_POINT('Ctrl Pts',(-0.175670637451581,-3.27548953749941,
0.133563520202365));
#6867=CARTESIAN_POINT('Ctrl Pts',(-0.176428923942102,-3.26805366056487,
0.133669602812004));
#6868=CARTESIAN_POINT('Ctrl Pts',(-0.176852355590412,-3.26390142303144,
0.13372883996685));
#6869=CARTESIAN_POINT('Ctrl Pts',(-0.177128713549048,-3.25973533072394,
0.133767489884625));
#6870=CARTESIAN_POINT('Ctrl Pts',(-0.177257443193212,-3.2555632156294,0.133785493490102));
#6871=CARTESIAN_POINT('Ctrl Pts',(-0.177365618291501,-3.25205727134318,
0.13380062242023));
#6872=CARTESIAN_POINT('Ctrl Pts',(-0.177369489181214,-3.24854890146548,
0.133801163724841));
#6873=CARTESIAN_POINT('Ctrl Pts',(-0.177269053964314,-3.2450427662578,0.133787117322011));
#6874=CARTESIAN_POINT('Ctrl Pts',(-0.177151015745127,-3.24092212044334,
0.133770609045062));
#6875=CARTESIAN_POINT('Ctrl Pts',(-0.176888975920051,-3.23680705923853,
0.133733961877864));
#6876=CARTESIAN_POINT('Ctrl Pts',(-0.176483457087518,-3.23270512760254,
0.133677231803794));
#6877=CARTESIAN_POINT('Ctrl Pts',(-0.175788749584853,-3.22567797508994,
0.133580045668597));
#6878=CARTESIAN_POINT('Ctrl Pts',(-0.174674011509721,-3.21870002903074,
0.133424075662781));
#6879=CARTESIAN_POINT('Ctrl Pts',(-0.173145696604701,-3.21180871030975,
0.133210014149521));
#6880=CARTESIAN_POINT('Ctrl Pts',(-0.168111073309863,-3.18910711023318,
0.132504845942599));
#6881=CARTESIAN_POINT('Ctrl Pts',(-0.158656960451519,-3.16765225804445,
0.131179851452668));
#6882=CARTESIAN_POINT('Ctrl Pts',(-0.145356234064045,-3.14865547162054,
0.129298149948061));
#6883=CARTESIAN_POINT('Ctrl Pts',(-0.132596807213111,-3.13043179723482,
0.127493028031867));
#6884=CARTESIAN_POINT('Ctrl Pts',(-0.116539384044263,-3.11481406211487,
0.12520892272658));
#6885=CARTESIAN_POINT('Ctrl Pts',(-0.0980543779112183,-3.10258575190253,
0.122549042314118));
#6886=CARTESIAN_POINT('Ctrl Pts',(-0.0784571649419224,-3.08962168806824,
0.119729122074942));
#6887=CARTESIAN_POINT('Ctrl Pts',(-0.0565050255736607,-3.08071327139169,
0.116539595145148));
#6888=CARTESIAN_POINT('Ctrl Pts',(-0.0334919852996686,-3.07634059260328,
0.113151243016931));
#6889=CARTESIAN_POINT('Ctrl Pts',(-0.0110243899478384,-3.07207155311733,
0.109843200115171));
#6890=CARTESIAN_POINT('Ctrl Pts',(0.0120538048371829,-3.07220186760977,
0.106404293402263));
#6891=CARTESIAN_POINT('Ctrl Pts',(0.0344622002366346,-3.07671825016104,
0.103025166225324));
#6892=CARTESIAN_POINT('Ctrl Pts',(0.0552470733506099,-3.080907413936,0.0998908619453144));
#6893=CARTESIAN_POINT('Ctrl Pts',(0.0751337783555406,-3.08880522341351,
0.0968569459684529));
#6894=CARTESIAN_POINT('Ctrl Pts',(0.0931612820972938,-3.10005686960083,
0.0940824176401561));
#6895=CARTESIAN_POINT('Ctrl Pts',(0.109696695645282,-3.11037724592514,0.0915375298971715));
#6896=CARTESIAN_POINT('Ctrl Pts',(0.124442052843305,-3.1233786790044,0.0892461545315212));
#6897=CARTESIAN_POINT('Ctrl Pts',(0.1367775849939,-3.13855871658724,0.0873189541177959));
#6898=CARTESIAN_POINT('Ctrl Pts',(0.14779662331737,-3.1521186841537,0.085597431693259));
#6899=CARTESIAN_POINT('Ctrl Pts',(0.156762369434774,-3.16725711715908,0.0841871761847312));
#6900=CARTESIAN_POINT('Ctrl Pts',(0.163362652431675,-3.18349156942677,0.0831466014234759));
#6901=CARTESIAN_POINT('Ctrl Pts',(0.168384877515048,-3.19584453572108,0.0823548170909623));
#6902=CARTESIAN_POINT('Ctrl Pts',(0.171997711355481,-3.20873449815116,0.0817833520211006));
#6903=CARTESIAN_POINT('Ctrl Pts',(0.174126220387987,-3.2219174468878,0.0814465492746985));
#6904=CARTESIAN_POINT('Ctrl Pts',(0.175003924320788,-3.22735351775964,0.0813076665682683));
#6905=CARTESIAN_POINT('Ctrl Pts',(0.175627429803355,-3.23282827461738,0.0812089497950124));
#6906=CARTESIAN_POINT('Ctrl Pts',(0.175994511487038,-3.23832387263929,0.0811508280913306));
#6907=CARTESIAN_POINT('Ctrl Pts',(0.176250900656098,-3.24216228755607,0.0811102328342701));
#6908=CARTESIAN_POINT('Ctrl Pts',(0.176382013339696,-3.24600812367439,0.0810894691352975));
#6909=CARTESIAN_POINT('Ctrl Pts',(0.176387624156249,-3.24985525358382,0.0810885806307733));
#6910=CARTESIAN_POINT('Ctrl Pts',(0.176393126981608,-3.25362833791648,0.0810877092272653));
#6911=CARTESIAN_POINT('Ctrl Pts',(0.176277909360862,-3.25740051288772,0.0811059557589505));
#6912=CARTESIAN_POINT('Ctrl Pts',(0.176042169589292,-3.26116599767751,0.0811432821073521));
#6913=CARTESIAN_POINT('Ctrl Pts',(0.175708902019069,-3.26648929954656,0.0811960507231621));
#6914=CARTESIAN_POINT('Ctrl Pts',(0.175135082570022,-3.27179411714657,0.0812869032461852));
#6915=CARTESIAN_POINT('Ctrl Pts',(0.174322647487059,-3.27706423417819,0.0814154667695106));
#6916=CARTESIAN_POINT('Ctrl Pts',(0.17243281723638,-3.28932321560306,0.0817145223378987));
#6917=CARTESIAN_POINT('Ctrl Pts',(0.169260081820018,-3.30134139828884,0.0822164216868768));
#6918=CARTESIAN_POINT('Ctrl Pts',(0.164861405638459,-3.31292217623676,0.0829102535839993));
#6919=CARTESIAN_POINT('Ctrl Pts',(0.15730987377,-3.33280375199401,0.0841014059821776));
#6920=CARTESIAN_POINT('Ctrl Pts',(0.146249533305194,-3.35112309071761,0.0858419824075545));
#6921=CARTESIAN_POINT('Ctrl Pts',(0.132243371827799,-3.36702524630935,0.088026791918221));
#6922=CARTESIAN_POINT('Ctrl Pts',(0.117176427436727,-3.38413178148572,0.0903770720756663));
#6923=CARTESIAN_POINT('Ctrl Pts',(0.0989754443744297,-3.39813028514801,
0.0931976409853802));
#6924=CARTESIAN_POINT('Ctrl Pts',(0.0786679931929598,-3.40829226977951,
0.0963074303678411));
#6925=CARTESIAN_POINT('Ctrl Pts',(0.057549298406478,-3.4188602061463,0.0995414498531796));
#6926=CARTESIAN_POINT('Ctrl Pts',(0.03454551952203,-3.42508284379625,0.103027151060874));
#6927=CARTESIAN_POINT('Ctrl Pts',(0.0110189932629856,-3.42661500986778,
0.106545875218168));
#6928=CARTESIAN_POINT('Ctrl Pts',(0.00734343215100931,-3.42685438094907,
0.107095607275247));
#6929=CARTESIAN_POINT('Ctrl Pts',(0.00366297320658534,-3.42697875527356,
0.107645006861191));
#6930=CARTESIAN_POINT('Ctrl Pts',(-1.69853490433747E-5,-3.42698826660947,
0.108193266349723));
#6931=CARTESIAN_POINT('Ctrl Pts',(-1.69853490433747E-5,-3.42698826660947,
0.108193266349723));
#6932=CARTESIAN_POINT('Ctrl Pts',(-0.0078853544159111,-3.42700860280402,
0.109365537160648));
#6933=CARTESIAN_POINT('Ctrl Pts',(-0.0157513731656059,-3.4265038214424,
0.110532569632111));
#6934=CARTESIAN_POINT('Ctrl Pts',(-0.023562564171958,-3.42547524699734,
0.111686703485053));
#6935=CARTESIAN_POINT('Ctrl Pts',(-0.0347812465960071,-3.42399797547252,
0.113344307448454));
#6936=CARTESIAN_POINT('Ctrl Pts',(-0.0458384242614193,-3.42144660158292,
0.114968113080273));
#6937=CARTESIAN_POINT('Ctrl Pts',(-0.0565811593424437,-3.41785280749821,
0.116536939572388));
#6938=CARTESIAN_POINT('Origin',(2.1344575003468E-5,3.2498781868883,-4.99554936999047E-5));
#6939=CARTESIAN_POINT('',(2.14616090019604E-5,3.4269189968503,0.116169309808701));
#6940=CARTESIAN_POINT('',(2.12275440390293E-5,3.07286176459785,0.116169352303603));
#6941=CARTESIAN_POINT('Ctrl Pts',(2.14616090035846E-5,3.4269189968503,0.116169309808679));
#6942=CARTESIAN_POINT('Ctrl Pts',(0.00199953639308325,3.42691319229345,
0.11583877788767));
#6943=CARTESIAN_POINT('Ctrl Pts',(0.00397819284146157,3.42687422883856,
0.115507951700889));
#6944=CARTESIAN_POINT('Ctrl Pts',(0.0216193660178021,3.42623053468496,0.112556635190544));
#6945=CARTESIAN_POINT('Ctrl Pts',(0.0371443907463629,3.42358104983008,0.109946777185813));
#6946=CARTESIAN_POINT('Ctrl Pts',(0.0706937108880261,3.41313566520783,0.104281961117509));
#6947=CARTESIAN_POINT('Ctrl Pts',(0.0882162900370211,3.4043226945732,0.101305487522889));
#6948=CARTESIAN_POINT('Ctrl Pts',(0.12276470820861,3.37906654010756,0.0954114664805497));
#6949=CARTESIAN_POINT('Ctrl Pts',(0.138714749640357,3.36171763908926,0.0926724130493479));
#6950=CARTESIAN_POINT('Ctrl Pts',(0.162854339103252,3.32192466455734,0.0885157760938835));
#6951=CARTESIAN_POINT('Ctrl Pts',(0.170882485174793,3.29994318195979,0.0871267915540432));
#6952=CARTESIAN_POINT('Ctrl Pts',(0.177892059011938,3.25470590564799,0.0859141786242006));
#6953=CARTESIAN_POINT('Ctrl Pts',(0.177053828683217,3.23196488671769,0.0860595103215065));
#6954=CARTESIAN_POINT('Ctrl Pts',(0.167035700664989,3.18864663268962,0.0877917448280607));
#6955=CARTESIAN_POINT('Ctrl Pts',(0.158187110736396,3.16844032129512,0.0893210791504435));
#6956=CARTESIAN_POINT('Ctrl Pts',(0.132565149619793,3.1307371004981,0.0937286722031931));
#6957=CARTESIAN_POINT('Ctrl Pts',(0.115434927058828,3.11403272576133,0.0966663816572897));
#6958=CARTESIAN_POINT('Ctrl Pts',(0.0799161687323355,3.09107738659793,0.102715872256576));
#6959=CARTESIAN_POINT('Ctrl Pts',(0.0627630356628188,3.08350501002667,0.105624606769227));
#6960=CARTESIAN_POINT('Ctrl Pts',(0.0301627754793099,3.07488171180122,0.111121100191659));
#6961=CARTESIAN_POINT('Ctrl Pts',(0.0151227455840643,3.07290554326543,0.113645922093213));
#6962=CARTESIAN_POINT('Ctrl Pts',(2.12275625090866E-5,3.07286176459785,
0.116169352303603));
#6963=CARTESIAN_POINT('',(2.12286596640772E-5,3.07300027103874,0.108187572833247));
#6964=CARTESIAN_POINT('',(2.12288744234688E-5,3.07487818780238,-3.20693308379907E-5));
#6965=CARTESIAN_POINT('',(-0.0565049623325038,3.08212239124704,0.11652581191222));
#6966=CARTESIAN_POINT('Ctrl Pts',(-0.056504962332503,3.08212239124704,0.11652581191222));
#6967=CARTESIAN_POINT('Ctrl Pts',(-0.0759502278633841,3.08862209451113,
0.119365598336753));
#6968=CARTESIAN_POINT('Ctrl Pts',(-0.0941485681788069,3.09846390043481,
0.121993300958349));
#6969=CARTESIAN_POINT('Ctrl Pts',(-0.110269536854582,3.11123574535152,0.124302895976722));
#6970=CARTESIAN_POINT('Ctrl Pts',(-0.125117558033269,3.12299909702276,0.126430120242007));
#6971=CARTESIAN_POINT('Ctrl Pts',(-0.138003708008593,3.13709046338899,0.128259343113868));
#6972=CARTESIAN_POINT('Ctrl Pts',(-0.148413386832833,3.15298910498188,0.129730418527338));
#6973=CARTESIAN_POINT('Ctrl Pts',(-0.156547577797804,3.16541240727426,0.130879926455399));
#6974=CARTESIAN_POINT('Ctrl Pts',(-0.163093104636591,3.17882276799992,0.131800035116202));
#6975=CARTESIAN_POINT('Ctrl Pts',(-0.167885633029087,3.19290771664292,0.132472570110631));
#6976=CARTESIAN_POINT('Ctrl Pts',(-0.171467106974981,3.20343345013114,0.132975157964679));
#6977=CARTESIAN_POINT('Ctrl Pts',(-0.174049780467287,3.21427782234249,0.133336683342127));
#6978=CARTESIAN_POINT('Ctrl Pts',(-0.175596834436042,3.22529720652367,0.133553177830902));
#6979=CARTESIAN_POINT('Ctrl Pts',(-0.176283679986643,3.23018948251925,0.133649294889097));
#6980=CARTESIAN_POINT('Ctrl Pts',(-0.176765343114234,3.23510876654957,0.133716666165906));
#6981=CARTESIAN_POINT('Ctrl Pts',(-0.177040460916672,3.24004211199027,0.133755146040541));
#6982=CARTESIAN_POINT('Ctrl Pts',(-0.177241156386951,3.24364093429291,0.133783216694158));
#6983=CARTESIAN_POINT('Ctrl Pts',(-0.177331818423281,3.24724509721113,0.133795895177762));
#6984=CARTESIAN_POINT('Ctrl Pts',(-0.177312311622932,3.25084954626843,0.133793167089916));
#6985=CARTESIAN_POINT('Ctrl Pts',(-0.177292201167183,3.25456553822847,0.133790354578948));
#6986=CARTESIAN_POINT('Ctrl Pts',(-0.177155008381649,3.25827988289051,0.133771168738437));
#6987=CARTESIAN_POINT('Ctrl Pts',(-0.176900955215779,3.26198704464497,0.133735633318801));
#6988=CARTESIAN_POINT('Ctrl Pts',(-0.176526293742985,3.2674541313394,0.133683227938959));
#6989=CARTESIAN_POINT('Ctrl Pts',(-0.175897842422898,3.27290028698571,0.133595318122475));
#6990=CARTESIAN_POINT('Ctrl Pts',(-0.175017795032971,3.27830789181512,0.133472138675765));
#6991=CARTESIAN_POINT('Ctrl Pts',(-0.172887497488697,3.29139787699133,0.133173962832242));
#6992=CARTESIAN_POINT('Ctrl Pts',(-0.169293146825891,3.30419939608914,0.132670665810527));
#6993=CARTESIAN_POINT('Ctrl Pts',(-0.164307271847258,3.31647249454471,0.131970094831737));
#6994=CARTESIAN_POINT('Ctrl Pts',(-0.156459535757477,3.33579027489339,0.130867400484752));
#6995=CARTESIAN_POINT('Ctrl Pts',(-0.145270877247895,3.35353808414791,0.129291063366004));
#6996=CARTESIAN_POINT('Ctrl Pts',(-0.131284053582572,3.36891615318958,0.127302263054373));
#6997=CARTESIAN_POINT('Ctrl Pts',(-0.11586144952754,3.38587281723536,0.125109307706915));
#6998=CARTESIAN_POINT('Ctrl Pts',(-0.0973211771893657,3.39963699868746,
0.122454472972303));
#6999=CARTESIAN_POINT('Ctrl Pts',(-0.0767190863811539,3.40948527386337,
0.119467300163994));
#7000=CARTESIAN_POINT('Ctrl Pts',(-0.0553971195532821,3.41967766640097,
0.116375749887821));
#7001=CARTESIAN_POINT('Ctrl Pts',(-0.0322743289200534,3.42548157173352,
0.112986413683162));
#7002=CARTESIAN_POINT('Ctrl Pts',(-0.00872200383121169,3.42658550553068,
0.10948820103188));
#7003=CARTESIAN_POINT('Ctrl Pts',(0.00276227045301601,3.42712379117637,
0.107782448693615));
#7004=CARTESIAN_POINT('Ctrl Pts',(0.0142713986853253,3.42654098178035,0.106062554554017));
#7005=CARTESIAN_POINT('Ctrl Pts',(0.0256419560160949,3.42484554722984,0.104353186645924));
#7006=CARTESIAN_POINT('Ctrl Pts',(0.0468353095659607,3.42168546080625,0.101167130116842));
#7007=CARTESIAN_POINT('Ctrl Pts',(0.067299877566474,3.41469693960922,0.0980541725634351));
#7008=CARTESIAN_POINT('Ctrl Pts',(0.0860287087058706,3.40420049975562,0.0951788062731265));
#7009=CARTESIAN_POINT('Ctrl Pts',(0.103246006655663,3.39455118789913,0.0925354999308052));
#7010=CARTESIAN_POINT('Ctrl Pts',(0.118757328753593,3.38207096810977,0.0901302221780663));
#7011=CARTESIAN_POINT('Ctrl Pts',(0.131897136203315,3.36725256801706,0.0880807977217715));
#7012=CARTESIAN_POINT('Ctrl Pts',(0.147403048109592,3.34976579682131,0.0856623303888618));
#7013=CARTESIAN_POINT('Ctrl Pts',(0.159320713030749,3.3293443640784,0.0837849470630422));
#7014=CARTESIAN_POINT('Ctrl Pts',(0.166914589141742,3.30714577072003,0.082586278401522));
#7015=CARTESIAN_POINT('Ctrl Pts',(0.170497000152956,3.29667358443226,0.0820208064674183));
#7016=CARTESIAN_POINT('Ctrl Pts',(0.173090568142038,3.28588289749746,0.0816104619934875));
#7017=CARTESIAN_POINT('Ctrl Pts',(0.174658072345691,3.27491486506896,0.0813623845496503));
#7018=CARTESIAN_POINT('Ctrl Pts',(0.175376384709511,3.26988873928135,0.0812487024972017));
#7019=CARTESIAN_POINT('Ctrl Pts',(0.175878060667685,3.26483351118763,0.0811692680721393));
#7020=CARTESIAN_POINT('Ctrl Pts',(0.176161574426998,3.25976319278678,0.0811243755101713));
#7021=CARTESIAN_POINT('Ctrl Pts',(0.17637160735155,3.2560069948346,0.0810911181610265));
#7022=CARTESIAN_POINT('Ctrl Pts',(0.176461770568883,3.25224499513233,0.0810768390033178));
#7023=CARTESIAN_POINT('Ctrl Pts',(0.176431914692667,3.24848292546841,0.0810815669211962));
#7024=CARTESIAN_POINT('Ctrl Pts',(0.176400764634777,3.24455777897553,0.081086499783141));
#7025=CARTESIAN_POINT('Ctrl Pts',(0.176238983553382,3.24063490659041,0.0811121204100938));
#7026=CARTESIAN_POINT('Ctrl Pts',(0.17594686820283,3.23672081314913,0.0811583716070593));
#7027=CARTESIAN_POINT('Ctrl Pts',(0.17551043617885,3.23087300090853,0.0812274727462669));
#7028=CARTESIAN_POINT('Ctrl Pts',(0.174783574539387,3.22505142911984,0.0813425494551555));
#7029=CARTESIAN_POINT('Ctrl Pts',(0.173769236725554,3.21927759286927,0.0815030328451523));
#7030=CARTESIAN_POINT('Ctrl Pts',(0.171840459060957,3.20829856177404,0.0818081942755389));
#7031=CARTESIAN_POINT('Ctrl Pts',(0.168879453665671,3.19753307015891,0.0822764461555905));
#7032=CARTESIAN_POINT('Ctrl Pts',(0.164929177238865,3.18712342029822,0.0828995634039608));
#7033=CARTESIAN_POINT('Ctrl Pts',(0.157381834408526,3.16723488902754,0.0840900824939753));
#7034=CARTESIAN_POINT('Ctrl Pts',(0.14632376743431,3.14890812582997,0.0858303466689855));
#7035=CARTESIAN_POINT('Ctrl Pts',(0.132317988917258,3.13299877468877,0.0880151523115068));
#7036=CARTESIAN_POINT('Ctrl Pts',(0.117254878462267,3.11588838605772,0.0903648945036967));
#7037=CARTESIAN_POINT('Ctrl Pts',(0.099057041071695,3.10188511845621,0.0931850552120641));
#7038=CARTESIAN_POINT('Ctrl Pts',(0.0787517452341332,3.09171772106875,0.0962946047805438));
#7039=CARTESIAN_POINT('Ctrl Pts',(0.0576346196233608,3.08114381909346,0.0995284778231143));
#7040=CARTESIAN_POINT('Ctrl Pts',(0.0346311640718151,3.07491489041013,0.103014236933759));
#7041=CARTESIAN_POINT('Ctrl Pts',(0.0111036597211804,3.07337653688102,0.106533211965811));
#7042=CARTESIAN_POINT('Ctrl Pts',(0.00741266631423908,3.07313520007585,
0.107085268548138));
#7043=CARTESIAN_POINT('Ctrl Pts',(0.00371670058285546,3.07300982259994,
0.107636994836636));
#7044=CARTESIAN_POINT('Ctrl Pts',(2.12286822858232E-5,3.07300027103611,
0.108187572985039));
#7045=CARTESIAN_POINT('Ctrl Pts',(2.12286822858232E-5,3.07300027103611,
0.108187572985039));
#7046=CARTESIAN_POINT('Ctrl Pts',(-0.00783265660119111,3.07297997200162,
0.109357701654256));
#7047=CARTESIAN_POINT('Ctrl Pts',(-0.0156842492416927,3.07348282492577,
0.110522618599756));
#7048=CARTESIAN_POINT('Ctrl Pts',(-0.0234813672880242,3.07450753244292,
0.111674706157604));
#7049=CARTESIAN_POINT('Ctrl Pts',(-0.0347014404511333,3.07598208922723,
0.113332563152017));
#7050=CARTESIAN_POINT('Ctrl Pts',(-0.0457602965507351,3.07853091860078,
0.114956661006322));
#7051=CARTESIAN_POINT('Ctrl Pts',(-0.056504962332503,3.08212239124704,0.11652581191222));
#7052=CARTESIAN_POINT('Ctrl Pts',(2.12275625091905E-5,3.07286176459785,
0.116169352303603));
#7053=CARTESIAN_POINT('Ctrl Pts',(-0.00028578510867415,3.07286087458099,
0.116220653440901));
#7054=CARTESIAN_POINT('Ctrl Pts',(-0.000592823180943828,3.07286078322947,
0.116271954076612));
#7055=CARTESIAN_POINT('Ctrl Pts',(-0.000899883564752457,3.0728614909122,
0.116323253692665));
#7056=CARTESIAN_POINT('Ctrl Pts',(-0.0055653139608367,3.07287224333981,
0.117102692528364));
#7057=CARTESIAN_POINT('Ctrl Pts',(-0.010228878990187,3.073067439422,0.11788072212464));
#7058=CARTESIAN_POINT('Ctrl Pts',(-0.0306903482088359,3.07473608128505,
0.121289559752377));
#7059=CARTESIAN_POINT('Ctrl Pts',(-0.046269603049037,3.07814603595173,0.123872249274658));
#7060=CARTESIAN_POINT('Ctrl Pts',(-0.0797423069679439,3.09036590784033,
0.129396848458187));
#7061=CARTESIAN_POINT('Ctrl Pts',(-0.0970613360101069,3.10020485579411,
0.132237777836609));
#7062=CARTESIAN_POINT('Ctrl Pts',(-0.130429368507045,3.12743664196114,0.137688128980885));
#7063=CARTESIAN_POINT('Ctrl Pts',(-0.145415082906858,3.14557899250921,0.140119830850187));
#7064=CARTESIAN_POINT('Ctrl Pts',(-0.167419031903087,3.18657181153191,0.143681781092516));
#7065=CARTESIAN_POINT('Ctrl Pts',(-0.174277617000367,3.20896072928132,0.144786867347783));
#7066=CARTESIAN_POINT('Ctrl Pts',(-0.178879715053057,3.25443294922319,0.145528772612669));
#7067=CARTESIAN_POINT('Ctrl Pts',(-0.176861804115692,3.27701741857565,0.145204095669032));
#7068=CARTESIAN_POINT('Ctrl Pts',(-0.164671593350967,3.31960440977078,0.143236511952643));
#7069=CARTESIAN_POINT('Ctrl Pts',(-0.15484270342079,3.33926444880198,0.141648761168974));
#7070=CARTESIAN_POINT('Ctrl Pts',(-0.127462332040437,3.37549892903929,0.137203102377072));
#7071=CARTESIAN_POINT('Ctrl Pts',(-0.109597406537251,3.39127540883094,0.134292202079027));
#7072=CARTESIAN_POINT('Ctrl Pts',(-0.073671613684855,3.41208667200198,0.128396324884237));
#7073=CARTESIAN_POINT('Ctrl Pts',(-0.0568582590519817,3.41866220882721,
0.125624680825539));
#7074=CARTESIAN_POINT('Ctrl Pts',(-0.0264323690998125,3.42551113657285,
0.120580751081482));
#7075=CARTESIAN_POINT('Ctrl Pts',(-0.0132184746061667,3.42695784874969,
0.118381673864102));
#7076=CARTESIAN_POINT('Ctrl Pts',(2.1461609003702E-5,3.4269189968503,0.116169309808679));
#7077=CARTESIAN_POINT('Ctrl Pts',(3.760195875152,4.7652324292761,-0.7666940972101));
#7078=CARTESIAN_POINT('Ctrl Pts',(3.76019361063801,-0.987172008666294,-0.766693663797699));
#7079=CARTESIAN_POINT('Ctrl Pts',(3.245570198731,4.7652326436523,-0.6102571901161));
#7080=CARTESIAN_POINT('Ctrl Pts',(3.24556793421701,-0.987171794290094,-0.610256756703699));
#7081=CARTESIAN_POINT('Ctrl Pts',(2.72814520542,4.7652328581453,-0.4668960171651));
#7082=CARTESIAN_POINT('Ctrl Pts',(2.72814294090601,-0.987171579797094,-0.466895583752699));
#7083=CARTESIAN_POINT('Ctrl Pts',(2.207503859475,4.7652330727725,-0.3385585709333));
#7084=CARTESIAN_POINT('Ctrl Pts',(2.20750159496101,-0.987171365169893,-0.338558137520899));
#7085=CARTESIAN_POINT('Ctrl Pts',(1.683414973131,4.765233288821,-0.2093713102681));
#7086=CARTESIAN_POINT('Ctrl Pts',(1.68341270861701,-0.987171149121393,-0.2093708768557));
#7087=CARTESIAN_POINT('Ctrl Pts',(1.15612786746,4.7652335050029,-0.0951230748332996));
#7088=CARTESIAN_POINT('Ctrl Pts',(1.15612560294601,-0.987170932939494,-0.0951226414208993));
#7089=CARTESIAN_POINT('Ctrl Pts',(0.625799423595005,4.7652337213116,0.00491893414370015));
#7090=CARTESIAN_POINT('Ctrl Pts',(0.62579715908101,-0.987170716630794,0.00491936755610052));
#7091=CARTESIAN_POINT('Ctrl Pts',(0.0929008504870055,4.7652339386687,0.1054457764279));
#7092=CARTESIAN_POINT('Ctrl Pts',(0.0928985859730105,-0.987170499273694,
0.105446209840301));
#7093=CARTESIAN_POINT('Ctrl Pts',(-0.711231246272,4.7652342649562,0.2345823670799));
#7094=CARTESIAN_POINT('Ctrl Pts',(-0.711233510785995,-0.987170172986193,
0.234582800492301));
#7095=CARTESIAN_POINT('Ctrl Pts',(-1.79125745047,4.7652347001247,0.367321587355701));
#7096=CARTESIAN_POINT('Ctrl Pts',(-1.79125971498399,-0.987169737817694,
0.367322020768101));
#7097=CARTESIAN_POINT('Ctrl Pts',(-2.331829060508,4.7652349169724,0.4209969146037));
#7098=CARTESIAN_POINT('Ctrl Pts',(-2.33183132502199,-0.987169520969994,
0.4209973480161));
#7099=CARTESIAN_POINT('Ctrl Pts',(-2.602382082293,4.7652350252771,0.4448569019687));
#7100=CARTESIAN_POINT('Ctrl Pts',(-2.60238434680699,-0.987169412665294,
0.444857335381101));
#7101=CARTESIAN_POINT('Ctrl Pts',(-3.514253473189,4.765235390307,0.5252745580795));
#7102=CARTESIAN_POINT('Ctrl Pts',(-3.51425573770299,-0.987169047635393,
0.5252749914919));
#7103=CARTESIAN_POINT('Ctrl Pts',(-4.429062524111,4.7652357538937,0.571189453319301));
#7104=CARTESIAN_POINT('Ctrl Pts',(-4.42906478862499,-0.987168684048694,
0.571189886731701));
#7105=CARTESIAN_POINT('Ctrl Pts',(-5.344818224173,4.7652361161535,0.5945471755903));
#7106=CARTESIAN_POINT('Ctrl Pts',(-5.34482048868699,-0.987168321788894,
0.5945476090027));
#7107=CARTESIAN_POINT('',(0.349890058100016,2.35138031754,0.0556331440675279));
#7108=CARTESIAN_POINT('Ctrl Pts',(0.349890058100016,2.35138031754,0.0556331440675279));
#7109=CARTESIAN_POINT('Ctrl Pts',(0.349890058100016,1.56758208028458,0.0556331478886881));
#7110=CARTESIAN_POINT('Ctrl Pts',(0.349890058100016,0.783783843029156,0.0556331517100416));
#7111=CARTESIAN_POINT('Ctrl Pts',(0.349890058100016,-1.43942262661768E-5,
0.0556331555311919));
#7112=CARTESIAN_POINT('',(0.0332233913999858,2.6509169968,0.110602829252047));
#7113=CARTESIAN_POINT('Ctrl Pts',(0.0332233913999755,2.6509169968,0.110602829252048));
#7114=CARTESIAN_POINT('Ctrl Pts',(0.0423887223080666,2.65142696896591,0.109061094023758));
#7115=CARTESIAN_POINT('Ctrl Pts',(0.0515775168653124,2.65151627970262,0.107511161909368));
#7116=CARTESIAN_POINT('Ctrl Pts',(0.0607607855513979,2.65118329832018,0.105957888397735));
#7117=CARTESIAN_POINT('Ctrl Pts',(0.0829717648520012,2.65037793774045,0.102201086000422));
#7118=CARTESIAN_POINT('Ctrl Pts',(0.105030536682394,2.64710659319423,0.0984447673502537));
#7119=CARTESIAN_POINT('Ctrl Pts',(0.126530063703235,2.64142567527079,0.0947604770142662));
#7120=CARTESIAN_POINT('Ctrl Pts',(0.155021126954401,2.63389735189304,0.089878074303894));
#7121=CARTESIAN_POINT('Ctrl Pts',(0.182285535124701,2.62220202245212,0.0851638728759607));
#7122=CARTESIAN_POINT('Ctrl Pts',(0.20742967984687,2.60668654069151,0.0807858130346161));
#7123=CARTESIAN_POINT('Ctrl Pts',(0.241290475575874,2.58579234984356,0.0748900233143787));
#7124=CARTESIAN_POINT('Ctrl Pts',(0.270750168826369,2.55831255175283,0.0697012890182772));
#7125=CARTESIAN_POINT('Ctrl Pts',(0.294002178284273,2.52576286477206,0.0655837365849806));
#7126=CARTESIAN_POINT('Ctrl Pts',(0.315160798647431,2.49614364106528,0.0618368892890837));
#7127=CARTESIAN_POINT('Ctrl Pts',(0.33079646257271,2.46285888103047,0.0590462619051473));
#7128=CARTESIAN_POINT('Ctrl Pts',(0.340070962414322,2.42750549584077,0.05738918615729));
#7129=CARTESIAN_POINT('Ctrl Pts',(0.346601066105153,2.40261345044175,0.0562224519245157));
#7130=CARTESIAN_POINT('Ctrl Pts',(0.349889958986161,2.3770276137633,0.0556331616847641));
#7131=CARTESIAN_POINT('Ctrl Pts',(0.349890058100022,2.35138031754,0.0556331440675267));
#7132=CARTESIAN_POINT('',(0.0332233913999858,3.84906371384,0.110602818319124));
#7133=CARTESIAN_POINT('Ctrl Pts',(0.0332233914001065,3.84906371384223,0.110602818319104));
#7134=CARTESIAN_POINT('Ctrl Pts',(0.00582516268956795,3.85058819206588,
0.115211578284008));
#7135=CARTESIAN_POINT('Ctrl Pts',(-0.0216675854688634,3.85023254545123,
0.119798160729793));
#7136=CARTESIAN_POINT('Ctrl Pts',(-0.0950623025155554,3.84422462128048,
0.131941568966974));
#7137=CARTESIAN_POINT('Ctrl Pts',(-0.140517276048882,3.83516022592073,0.139354813535884));
#7138=CARTESIAN_POINT('Ctrl Pts',(-0.245745966278094,3.8011735477966,0.156291257942255));
#7139=CARTESIAN_POINT('Ctrl Pts',(-0.303510275123805,3.77164073765846,0.165399178139023));
#7140=CARTESIAN_POINT('Ctrl Pts',(-0.412510484816555,3.6914945157037,0.182330323944076));
#7141=CARTESIAN_POINT('Ctrl Pts',(-0.461748759828982,3.63977460116303,0.189819799610974));
#7142=CARTESIAN_POINT('Ctrl Pts',(-0.541142708724121,3.51948915898695,0.201777976854834));
#7143=CARTESIAN_POINT('Ctrl Pts',(-0.569986668651325,3.4515260013034,0.206049562228041));
#7144=CARTESIAN_POINT('Ctrl Pts',(-0.602437866286324,3.30525500521067,0.210848671346749));
#7145=CARTESIAN_POINT('Ctrl Pts',(-0.604572511276668,3.22806699900697,0.211161229643404));
#7146=CARTESIAN_POINT('Ctrl Pts',(-0.579351986013209,3.07481337079542,0.207436517144576));
#7147=CARTESIAN_POINT('Ctrl Pts',(-0.551386490084343,3.00045298473205,0.203307407884886));
#7148=CARTESIAN_POINT('Ctrl Pts',(-0.468430734869434,2.86673921392314,0.190837080470084));
#7149=CARTESIAN_POINT('Ctrl Pts',(-0.414227108643447,2.80879153408764,0.182606890302935));
#7150=CARTESIAN_POINT('Ctrl Pts',(-0.300080454341537,2.72664711058442,0.164857852552881));
#7151=CARTESIAN_POINT('Ctrl Pts',(-0.244334513171344,2.69844962741175,0.156062419970621));
#7152=CARTESIAN_POINT('Ctrl Pts',(-0.144297565529659,2.66597413583948,0.139964410459321));
#7153=CARTESIAN_POINT('Ctrl Pts',(-0.101938728866332,2.65712486612527,0.133063344115623));
#7154=CARTESIAN_POINT('Ctrl Pts',(-0.0360734001796777,2.65062482803819,
0.122187656673942));
#7155=CARTESIAN_POINT('Ctrl Pts',(-0.0130051922786709,2.64968577554653,
0.118352121406033));
#7156=CARTESIAN_POINT('Ctrl Pts',(0.0177833375176474,2.65020740177539,0.113197053027751));
#7157=CARTESIAN_POINT('Ctrl Pts',(0.0255079283944207,2.6504876969528,0.111900676677037));
#7158=CARTESIAN_POINT('Ctrl Pts',(0.0332233914001071,2.65091699679776,0.110602829252026));
#7159=CARTESIAN_POINT('',(0.223773130257614,3.90413297762017,0.0779355473984341));
#7160=CARTESIAN_POINT('Ctrl Pts',(0.223773944848067,3.90413282075268,0.0779354051084822));
#7161=CARTESIAN_POINT('Ctrl Pts',(0.201123909535541,3.88802230472868,0.0818918384170095));
#7162=CARTESIAN_POINT('Ctrl Pts',(0.176359376540233,3.87514826934289,0.086190890803008));
#7163=CARTESIAN_POINT('Ctrl Pts',(0.150198201271223,3.86586681459565,0.0906950467576237));
#7164=CARTESIAN_POINT('Ctrl Pts',(0.127836052083354,3.85793317730284,0.0945451263655478));
#7165=CARTESIAN_POINT('Ctrl Pts',(0.104623575959646,3.85268475333889,0.0985157594790503));
#7166=CARTESIAN_POINT('Ctrl Pts',(0.081048946596586,3.85022290791109,0.102519358472342));
#7167=CARTESIAN_POINT('Ctrl Pts',(0.0651577486938966,3.84856342591896,0.105218106475782));
#7168=CARTESIAN_POINT('Ctrl Pts',(0.0491650095229283,3.84817670060516,0.107921218272748));
#7169=CARTESIAN_POINT('Ctrl Pts',(0.0332233913999834,3.84906371384,0.110602818319124));
#7170=CARTESIAN_POINT('',(0.253552311447661,3.89839079366499,0.0727186530197905));
#7171=CARTESIAN_POINT('Ctrl Pts',(0.223773130257614,3.90413297762017,0.0779355473984341));
#7172=CARTESIAN_POINT('Ctrl Pts',(0.233700829066808,3.90222117875061,0.076201410117589));
#7173=CARTESIAN_POINT('Ctrl Pts',(0.243627225692107,3.90030711753223,0.0744624475248373));
#7174=CARTESIAN_POINT('Ctrl Pts',(0.25355231144766,3.89839079366499,0.0727186530197906));
#7175=CARTESIAN_POINT('',(0.650016018410274,3.82049442734137,0.000340400267006096));
#7176=CARTESIAN_POINT('Ctrl Pts',(0.25355231144766,3.89839079366499,0.0727186530197906));
#7177=CARTESIAN_POINT('Ctrl Pts',(0.377845815089968,3.87439235038305,0.0508808237049962));
#7178=CARTESIAN_POINT('Ctrl Pts',(0.501933723772365,3.85003905654779,0.0282851595890769));
#7179=CARTESIAN_POINT('Ctrl Pts',(0.625799053588505,3.82533032286395,0.00491900496039769));
#7180=CARTESIAN_POINT('Ctrl Pts',(0.633872294547628,3.82371986769364,0.00339605582779092));
#7181=CARTESIAN_POINT('Ctrl Pts',(0.641944617237433,3.82210790257384,0.00186985477279588));
#7182=CARTESIAN_POINT('Ctrl Pts',(0.650016018410273,3.82049442734137,0.000340400267006102));
#7183=CARTESIAN_POINT('Ctrl Pts',(0.650014774090822,-1.45165404838304E-5,
0.000340638915557806));
#7184=CARTESIAN_POINT('Ctrl Pts',(0.650014773766066,1.27348854773165,0.000340638023296844));
#7185=CARTESIAN_POINT('Ctrl Pts',(0.650014773441211,2.54699161200379,0.000340637130766919));
#7186=CARTESIAN_POINT('Ctrl Pts',(0.650014773116431,3.82049467627593,0.00034063623843987));
#7187=CARTESIAN_POINT('Ctrl Pts',(-9.42577407501712,-5.08074678509307,0.616838154302058));
#7188=CARTESIAN_POINT('Ctrl Pts',(-9.14509550172176,-5.07050578629219,0.616838346872176));
#7189=CARTESIAN_POINT('Ctrl Pts',(-8.86453475408885,-5.05663362599341,0.616836074250307));
#7190=CARTESIAN_POINT('Ctrl Pts',(-8.304072559108,-5.019104123548,0.6168225667083));
#7191=CARTESIAN_POINT('Ctrl Pts',(-8.02411293049,-4.995958133648,0.616794154454301));
#7192=CARTESIAN_POINT('Ctrl Pts',(-7.184752717389,-4.923071645722,0.616831369234301));
#7193=CARTESIAN_POINT('Ctrl Pts',(-6.625383296143,-4.871006972082,0.6160331334653));
#7194=CARTESIAN_POINT('Ctrl Pts',(-4.949300795133,-4.699117096839,0.5934099410663));
#7195=CARTESIAN_POINT('Ctrl Pts',(-3.834013147389,-4.563474441273,0.549455834059301));
#7196=CARTESIAN_POINT('Ctrl Pts',(-2.17242153137,-4.320897229647,0.4085386693763));
#7197=CARTESIAN_POINT('Ctrl Pts',(-1.620542595807,-4.233570586069,0.3492882988953));
#7198=CARTESIAN_POINT('Ctrl Pts',(-0.522735319974998,-4.045568326326,0.2036672548513));
#7199=CARTESIAN_POINT('Ctrl Pts',(0.0233233377360023,-3.944872678032,0.117311192875301));
#7200=CARTESIAN_POINT('Ctrl Pts',(0.836192907189002,-3.783598356574,-0.0342817686336998));
#7201=CARTESIAN_POINT('Ctrl Pts',(1.106135814977,-3.728118092086,-0.0885025019556993));
#7202=CARTESIAN_POINT('Ctrl Pts',(1.64368181306,-3.61378545533,-0.2042975694707));
#7203=CARTESIAN_POINT('Ctrl Pts',(1.911327437728,-3.554910580281,-0.2659152311557));
#7204=CARTESIAN_POINT('Ctrl Pts',(2.44400136999401,-3.433952459645,-0.3965671049197));
#7205=CARTESIAN_POINT('Ctrl Pts',(2.708963980345,-3.371675849367,-0.4657578240817));
#7206=CARTESIAN_POINT('Ctrl Pts',(3.104578180133,-3.276424642207,-0.5747809433177));
#7207=CARTESIAN_POINT('Ctrl Pts',(3.236132200814,-3.244373146073,-0.6119896665287));
#7208=CARTESIAN_POINT('Ctrl Pts',(3.498582187027,-3.179752652421,-0.6880912126297));
#7209=CARTESIAN_POINT('Ctrl Pts',(3.629574191508,-3.147161878151,-0.7270109047947));
#7210=CARTESIAN_POINT('Ctrl Pts',(3.76017573264701,-3.114374376902,-0.7667263774117));
#7211=CARTESIAN_POINT('Ctrl Pts',(-9.42538751953913,-5.09042037781572,0.616838153607071));
#7212=CARTESIAN_POINT('Ctrl Pts',(-9.14460144469116,-5.08027664978065,0.616838345991934));
#7213=CARTESIAN_POINT('Ctrl Pts',(-8.86394158911787,-5.06641047052666,0.616836077692277));
#7214=CARTESIAN_POINT('Ctrl Pts',(-8.30329015159,-5.028912087473,0.616822572363301));
#7215=CARTESIAN_POINT('Ctrl Pts',(-8.023241992814,-5.005787088014,0.616794228612299));
#7216=CARTESIAN_POINT('Ctrl Pts',(-7.183638041459,-4.932904470421,0.616831465971301));
#7217=CARTESIAN_POINT('Ctrl Pts',(-6.624139718135,-4.880770592016,0.6160269511883));
#7218=CARTESIAN_POINT('Ctrl Pts',(-4.94775332848,-4.708668391574,0.5933682240343));
#7219=CARTESIAN_POINT('Ctrl Pts',(-3.832377895177,-4.572873179211,0.5493671014373));
#7220=CARTESIAN_POINT('Ctrl Pts',(-2.170769539237,-4.330360952391,0.4083743976873));
#7221=CARTESIAN_POINT('Ctrl Pts',(-1.61890312623,-4.243100824044,0.3490985185793));
#7222=CARTESIAN_POINT('Ctrl Pts',(-0.521132959576995,-4.055381807859,0.2034273830483));
#7223=CARTESIAN_POINT('Ctrl Pts',(0.0249114313560028,-3.954898690008,0.1170449298073));
#7224=CARTESIAN_POINT('Ctrl Pts',(0.837762150553001,-3.794111925437,-0.0345896586336991));
#7225=CARTESIAN_POINT('Ctrl Pts',(1.107727819502,-3.738818351066,-0.0888301202506998));
#7226=CARTESIAN_POINT('Ctrl Pts',(1.645253891111,-3.624927160279,-0.2046521636667));
#7227=CARTESIAN_POINT('Ctrl Pts',(1.912920348273,-3.566293291234,-0.2662894328157));
#7228=CARTESIAN_POINT('Ctrl Pts',(2.445749505407,-3.445879099499,-0.3970134317297));
#7229=CARTESIAN_POINT('Ctrl Pts',(2.710718321938,-3.383909621751,-0.4662246964057));
#7230=CARTESIAN_POINT('Ctrl Pts',(3.10642224373,-3.289159104268,-0.575298016699699));
#7231=CARTESIAN_POINT('Ctrl Pts',(3.237987277861,-3.257287216456,-0.6125184337087));
#7232=CARTESIAN_POINT('Ctrl Pts',(3.500567780048,-3.193020772686,-0.6886766869927));
#7233=CARTESIAN_POINT('Ctrl Pts',(3.631374907173,-3.160660956224,-0.7275488827327));
#7234=CARTESIAN_POINT('Ctrl Pts',(3.762398349947,-3.128005801437,-0.767402029579699));
#7235=CARTESIAN_POINT('Ctrl Pts',(-9.42461563007658,-5.1097369974885,0.616838138759706));
#7236=CARTESIAN_POINT('Ctrl Pts',(-9.14361489056675,-5.09978749741284,0.616838027209201));
#7237=CARTESIAN_POINT('Ctrl Pts',(-8.86275685866774,-5.08593455528261,0.616843166000214));
#7238=CARTESIAN_POINT('Ctrl Pts',(-8.301726237348,-5.048503071366,0.6167565846373));
#7239=CARTESIAN_POINT('Ctrl Pts',(-8.021500383989,-5.025423416871,0.6166486472233));
#7240=CARTESIAN_POINT('Ctrl Pts',(-7.181405065449,-4.952559418631,0.6163317615333));
#7241=CARTESIAN_POINT('Ctrl Pts',(-6.621648260347,-4.900293128291,0.6151562716793));
#7242=CARTESIAN_POINT('Ctrl Pts',(-4.944671610508,-4.727776305399,0.591532372663301));
#7243=CARTESIAN_POINT('Ctrl Pts',(-3.829178978746,-4.591696088462,0.547167751345301));
#7244=CARTESIAN_POINT('Ctrl Pts',(-2.167524859531,-4.349413271245,0.406557704734301));
#7245=CARTESIAN_POINT('Ctrl Pts',(-1.615657942283,-4.262321990303,0.347524326023301));
#7246=CARTESIAN_POINT('Ctrl Pts',(-0.517861837189997,-4.075227136593,0.2024391384703));
#7247=CARTESIAN_POINT('Ctrl Pts',(0.0282355274890023,-3.975187316782,0.116417180303301));
#7248=CARTESIAN_POINT('Ctrl Pts',(0.841161704743005,-3.815391076958,-0.0349019090597));
#7249=CARTESIAN_POINT('Ctrl Pts',(1.111211344573,-3.760474556928,-0.0890592871416995));
#7250=CARTESIAN_POINT('Ctrl Pts',(1.648747871311,-3.647475672712,-0.204853912843699));
#7251=CARTESIAN_POINT('Ctrl Pts',(1.916484344376,-3.589327635902,-0.2664791765037));
#7252=CARTESIAN_POINT('Ctrl Pts',(2.449637414942,-3.470011692737,-0.3973978772647));
#7253=CARTESIAN_POINT('Ctrl Pts',(2.714603253534,-3.408664631448,-0.4667821271697));
#7254=CARTESIAN_POINT('Ctrl Pts',(3.110405005939,-3.314927396313,-0.576305636645699));
#7255=CARTESIAN_POINT('Ctrl Pts',(3.241948588779,-3.283418368477,-0.6137212438127));
#7256=CARTESIAN_POINT('Ctrl Pts',(3.504700241644,-3.219865990549,-0.690310760884699));
#7257=CARTESIAN_POINT('Ctrl Pts',(3.635023384642,-3.187967162883,-0.7295148270087));
#7258=CARTESIAN_POINT('Ctrl Pts',(3.766894520261,-3.155579269952,-0.769554797419699));
#7259=CARTESIAN_POINT('Ctrl Pts',(-9.42345749536686,-5.13870663209129,0.616838090758957));
#7260=CARTESIAN_POINT('Ctrl Pts',(-9.14213481685351,-5.12904841307187,0.616837667996128));
#7261=CARTESIAN_POINT('Ctrl Pts',(-8.8609786874591,-5.11521898311853,0.616847998375869));
#7262=CARTESIAN_POINT('Ctrl Pts',(-8.299375483194,-5.077901674862,0.616679545984301));
#7263=CARTESIAN_POINT('Ctrl Pts',(-8.018880027426,-5.054900277438,0.6164854581963));
#7264=CARTESIAN_POINT('Ctrl Pts',(-7.178035173709,-4.982104472122,0.6157869440203));
#7265=CARTESIAN_POINT('Ctrl Pts',(-6.617875471339,-4.929679659711,0.614205500440301));
#7266=CARTESIAN_POINT('Ctrl Pts',(-4.939942201558,-4.756688305922,0.5894527598193));
#7267=CARTESIAN_POINT('Ctrl Pts',(-3.824178849373,-4.620300697827,0.5445338040683));
#7268=CARTESIAN_POINT('Ctrl Pts',(-2.16235682361,-4.378514856134,0.403891839368301));
#7269=CARTESIAN_POINT('Ctrl Pts',(-1.610466915471,-4.291728120096,0.344942193245301));
#7270=CARTESIAN_POINT('Ctrl Pts',(-0.512622474535995,-4.105673705609,0.2000820971703));
#7271=CARTESIAN_POINT('Ctrl Pts',(0.0335358375120016,-4.006354436037,0.1142169317763));
#7272=CARTESIAN_POINT('Ctrl Pts',(0.846533066943003,-3.848118105124,-0.0371272006326997));
#7273=CARTESIAN_POINT('Ctrl Pts',(1.116685240427,-3.793790752113,-0.0913271937296996));
#7274=CARTESIAN_POINT('Ctrl Pts',(1.654211106851,-3.682168589291,-0.207337396704699));
#7275=CARTESIAN_POINT('Ctrl Pts',(1.922029864612,-3.624767721253,-0.2690808450257));
#7276=CARTESIAN_POINT('Ctrl Pts',(2.455612398398,-3.507126707477,-0.400496233413699));
#7277=CARTESIAN_POINT('Ctrl Pts',(2.720570335893,-3.446721467845,-0.470185225692699));
#7278=CARTESIAN_POINT('Ctrl Pts',(3.116522821195,-3.354510750706,-0.5803740489937));
#7279=CARTESIAN_POINT('Ctrl Pts',(3.248046810707,-3.323546396259,-0.6180510317877));
#7280=CARTESIAN_POINT('Ctrl Pts',(3.511059841592,-3.261067032891,-0.695234162589699));
#7281=CARTESIAN_POINT('Ctrl Pts',(3.640744165197,-3.229854406652,-0.734773875772699));
#7282=CARTESIAN_POINT('Ctrl Pts',(3.773792402414,-3.19787636489,-0.7751883262587));
#7283=CARTESIAN_POINT('Ctrl Pts',(-9.42190105109857,-5.17760541814435,0.616838024502173));
#7284=CARTESIAN_POINT('Ctrl Pts',(-9.14014608355705,-5.16833829102903,0.616837172544375));
#7285=CARTESIAN_POINT('Ctrl Pts',(-8.85858780116606,-5.15454717556975,0.616850307542554));
#7286=CARTESIAN_POINT('Ctrl Pts',(-8.296207587439,-5.117408500709,0.616555408707301));
#7287=CARTESIAN_POINT('Ctrl Pts',(-8.015343779697,-5.09453083833,0.6162332108443));
#7288=CARTESIAN_POINT('Ctrl Pts',(-7.173466207901,-5.02189753999,0.6149710457873));
#7289=CARTESIAN_POINT('Ctrl Pts',(-6.612738136413,-4.969326112605,0.612791613979301));
#7290=CARTESIAN_POINT('Ctrl Pts',(-4.933412820034,-4.795928494782,0.5862921888443));
#7291=CARTESIAN_POINT('Ctrl Pts',(-3.817175914706,-4.659320919558,0.5403749803903));
#7292=CARTESIAN_POINT('Ctrl Pts',(-2.15495781484,-4.41848956655,0.3991056377623));
#7293=CARTESIAN_POINT('Ctrl Pts',(-1.602981353204,-4.332207924136,0.3400400796773));
#7294=CARTESIAN_POINT('Ctrl Pts',(-0.504980101743996,-4.147729485305,0.1949536464613));
#7295=CARTESIAN_POINT('Ctrl Pts',(0.0412920822060023,-4.049462074792,0.1089989519783));
#7296=CARTESIAN_POINT('Ctrl Pts',(0.854400966045002,-3.893418343206,-0.0428806975017002));
#7297=CARTESIAN_POINT('Ctrl Pts',(1.124680131398,-3.83991133224,-0.0973153933216997));
#7298=CARTESIAN_POINT('Ctrl Pts',(1.66218519981,-3.730182244106,-0.2139753700487));
#7299=CARTESIAN_POINT('Ctrl Pts',(1.930096975899,-3.673805029765,-0.276061816730699));
#7300=CARTESIAN_POINT('Ctrl Pts',(2.464163677532,-3.55844071167,-0.4085257793637));
#7301=CARTESIAN_POINT('Ctrl Pts',(2.729090739939,-3.499307013574,-0.478808067373699));
#7302=CARTESIAN_POINT('Ctrl Pts',(3.125179861306,-3.409147628168,-0.5901625393207));
#7303=CARTESIAN_POINT('Ctrl Pts',(3.256661733291,-3.378911839414,-0.6282802616647));
#7304=CARTESIAN_POINT('Ctrl Pts',(3.519953844575,-3.317869601994,-0.7064343097837));
#7305=CARTESIAN_POINT('Ctrl Pts',(3.648837811806,-3.287561563524,-0.7465088356747));
#7306=CARTESIAN_POINT('Ctrl Pts',(3.783297044191,-3.256147575712,-0.7875083377107));
#7307=CARTESIAN_POINT('Ctrl Pts',(-9.41992196221911,-5.22717061262913,0.616838018107106));
#7308=CARTESIAN_POINT('Ctrl Pts',(-9.1376162227092,-5.2184018474723,0.616836610170165));
#7309=CARTESIAN_POINT('Ctrl Pts',(-8.85554220871735,-5.20466967820891,0.616845911253463));
#7310=CARTESIAN_POINT('Ctrl Pts',(-8.292157901242,-5.167796370245,0.6163606402513));
#7311=CARTESIAN_POINT('Ctrl Pts',(-8.010813931633,-5.145104102403,0.6158532071993));
#7312=CARTESIAN_POINT('Ctrl Pts',(-7.167576127299,-5.072782685073,0.6137828464183));
#7313=CARTESIAN_POINT('Ctrl Pts',(-6.606078186394,-5.020121512033,0.6107492836713));
#7314=CARTESIAN_POINT('Ctrl Pts',(-4.924802832794,-4.846538350408,0.5816286660823));
#7315=CARTESIAN_POINT('Ctrl Pts',(-3.807785834631,-4.709919475647,0.534011636713299));
#7316=CARTESIAN_POINT('Ctrl Pts',(-2.144797917869,-4.470679369654,0.3909780114093));
#7317=CARTESIAN_POINT('Ctrl Pts',(-1.592626186065,-4.385162944983,0.331389911200301));
#7318=CARTESIAN_POINT('Ctrl Pts',(-0.494289349408994,-4.2029061734,0.1851535323313));
#7319=CARTESIAN_POINT('Ctrl Pts',(0.0521712701220025,-4.10607373628,0.0985980745153006));
#7320=CARTESIAN_POINT('Ctrl Pts',(0.865436185083006,-3.952914435579,-0.0547712648087));
#7321=CARTESIAN_POINT('Ctrl Pts',(1.135854114415,-3.9004767129,-0.1097897313457));
#7322=CARTESIAN_POINT('Ctrl Pts',(1.673315420035,-3.793183645636,-0.2278531191347));
#7323=CARTESIAN_POINT('Ctrl Pts',(1.941312643982,-3.738119767076,-0.2906707245047));
#7324=CARTESIAN_POINT('Ctrl Pts',(2.475832200822,-3.625653285671,-0.4250770411707));
#7325=CARTESIAN_POINT('Ctrl Pts',(2.740684890132,-3.568126804908,-0.496406820184699));
#7326=CARTESIAN_POINT('Ctrl Pts',(3.136835706139,-3.480549208652,-0.6096762188337));
#7327=CARTESIAN_POINT('Ctrl Pts',(3.268237813401,-3.451225652246,-0.6484968309537));
#7328=CARTESIAN_POINT('Ctrl Pts',(3.531762467756,-3.391987319581,-0.728161101570699));
#7329=CARTESIAN_POINT('Ctrl Pts',(3.65973150302001,-3.36279190451,-0.7690489055127));
#7330=CARTESIAN_POINT('Ctrl Pts',(3.795690381798,-3.332112298902,-0.8109226314937));
#7331=CARTESIAN_POINT('Ctrl Pts',(-9.41791004063831,-5.27796960477933,0.616838131372702));
#7332=CARTESIAN_POINT('Ctrl Pts',(-9.13504000237468,-5.26971176774344,0.616836159782073));
#7333=CARTESIAN_POINT('Ctrl Pts',(-8.85243407788007,-5.25604935274611,0.616834018313761));
#7334=CARTESIAN_POINT('Ctrl Pts',(-8.288006688835,-5.219482498991,0.6161240111443));
#7335=CARTESIAN_POINT('Ctrl Pts',(-8.006159862223,-5.197005471709,0.6154044555323));
#7336=CARTESIAN_POINT('Ctrl Pts',(-7.161484062474,-5.125098560306,0.612414976697301));
#7337=CARTESIAN_POINT('Ctrl Pts',(-6.599152139077,-5.072432641954,0.6084134362803));
#7338=CARTESIAN_POINT('Ctrl Pts',(-4.915706454725,-4.898953362837,0.5762128363853));
#7339=CARTESIAN_POINT('Ctrl Pts',(-3.797720089752,-4.762555124511,0.5264320325353));
#7340=CARTESIAN_POINT('Ctrl Pts',(-2.13369356947,-4.525251075288,0.3806509757063));
#7341=CARTESIAN_POINT('Ctrl Pts',(-1.581242628093,-4.4406148296,0.3201636837493));
#7342=CARTESIAN_POINT('Ctrl Pts',(-0.482438197284999,-4.26079330247,0.1719166379023));
#7343=CARTESIAN_POINT('Ctrl Pts',(0.064252548437004,-4.165496705096,0.0842768636443001));
#7344=CARTESIAN_POINT('Ctrl Pts',(0.877683696755003,-4.015338597844,-0.0713924870916998));
#7345=CARTESIAN_POINT('Ctrl Pts',(1.148218401856,-3.964005418032,-0.1272814552167));
#7346=CARTESIAN_POINT('Ctrl Pts',(1.685614579211,-3.859202124803,-0.2473318192717));
#7347=CARTESIAN_POINT('Ctrl Pts',(1.953664848703,-3.805478046714,-0.311179009834699));
#7348=CARTESIAN_POINT('Ctrl Pts',(2.488482326461,-3.695948834629,-0.4481519379717));
#7349=CARTESIAN_POINT('Ctrl Pts',(2.753223901691,-3.640042129612,-0.520831617804699));
#7350=CARTESIAN_POINT('Ctrl Pts',(3.14932637144801,-3.555058388551,-0.636469921474699));
#7351=CARTESIAN_POINT('Ctrl Pts',(3.280621368498,-3.526647121493,-0.6761443115617));
#7352=CARTESIAN_POINT('Ctrl Pts',(3.544261960904,-3.469218166374,-0.757613849939699));
#7353=CARTESIAN_POINT('Ctrl Pts',(3.671401521953,-3.441116704802,-0.7994592419487));
#7354=CARTESIAN_POINT('Ctrl Pts',(3.808595935711,-3.411200777148,-0.842350070509699));
#7355=CARTESIAN_POINT('Ctrl Pts',(-9.41587735202232,-5.3301285246645,0.616838376391463));
#7356=CARTESIAN_POINT('Ctrl Pts',(-9.13242826591829,-5.322395633029,0.616835851304143));
#7357=CARTESIAN_POINT('Ctrl Pts',(-8.84927288715316,-5.30881380611956,0.616814568938755));
#7358=CARTESIAN_POINT('Ctrl Pts',(-8.283760731401,-5.27259433634,0.6158446575603));
#7359=CARTESIAN_POINT('Ctrl Pts',(-8.001387033924,-5.250362151758,0.6148853597363));
#7360=CARTESIAN_POINT('Ctrl Pts',(-7.155191594414,-5.178970133402,0.610862812658301));
#7361=CARTESIAN_POINT('Ctrl Pts',(-6.591959208992,-5.126381050645,0.6057764444713));
#7362=CARTESIAN_POINT('Ctrl Pts',(-4.906117168204,-4.953281602991,0.5700282871653));
#7363=CARTESIAN_POINT('Ctrl Pts',(-3.786970461133,-4.817322605047,0.5176147196713));
#7364=CARTESIAN_POINT('Ctrl Pts',(-2.12163696487,-4.582276714421,0.3681017242863));
#7365=CARTESIAN_POINT('Ctrl Pts',(-1.568823452145,-4.498627523342,0.306338985604301));
#7366=CARTESIAN_POINT('Ctrl Pts',(-0.469421078678998,-4.321438439893,0.1552230990173));
#7367=CARTESIAN_POINT('Ctrl Pts',(0.0775404162470039,-4.227770235686,0.0660176153103009));
#7368=CARTESIAN_POINT('Ctrl Pts',(0.891146473279001,-4.080718460577,-0.0927580540316999));
#7369=CARTESIAN_POINT('Ctrl Pts',(1.161775483748,-4.030521364623,-0.149802773858699));
#7370=CARTESIAN_POINT('Ctrl Pts',(1.699084313034,-3.928254717476,-0.272420637996699));
#7371=CARTESIAN_POINT('Ctrl Pts',(1.967154878563,-3.875893755818,-0.3375942400217));
#7372=CARTESIAN_POINT('Ctrl Pts',(2.502114814951,-3.769335858872,-0.477755106969699));
#7373=CARTESIAN_POINT('Ctrl Pts',(2.766708352744,-3.715059243813,-0.552085742040699));
#7374=CARTESIAN_POINT('Ctrl Pts',(3.16265228357,-3.632679075348,-0.6705454344267));
#7375=CARTESIAN_POINT('Ctrl Pts',(3.293812789928,-3.605179542429,-0.7112240849507));
#7376=CARTESIAN_POINT('Ctrl Pts',(3.557452685158,-3.549564615279,-0.7947933823237));
#7377=CARTESIAN_POINT('Ctrl Pts',(3.683848197176,-3.522538234098,-0.8377405251147));
#7378=CARTESIAN_POINT('Ctrl Pts',(3.822014079822,-3.493415302215,-0.8817913611397));
#7379=CARTESIAN_POINT('Ctrl Pts',(-9.41384523823906,-5.38362831839522,0.616838739915492));
#7380=CARTESIAN_POINT('Ctrl Pts',(-9.12980278269252,-5.37643441798217,0.616835693893854));
#7381=CARTESIAN_POINT('Ctrl Pts',(-8.846080592316,-5.36294425830202,0.616787634875649));
#7382=CARTESIAN_POINT('Ctrl Pts',(-8.279442313666,-5.327113617724,0.6155229215083));
#7383=CARTESIAN_POINT('Ctrl Pts',(-7.996517861443,-5.305156154201,0.614296444366301));
#7384=CARTESIAN_POINT('Ctrl Pts',(-7.148721248194,-5.234380441186,0.6091275450323));
#7385=CARTESIAN_POINT('Ctrl Pts',(-6.584521624714,-5.181950694815,0.602840138736301));
#7386=CARTESIAN_POINT('Ctrl Pts',(-4.896055593525,-5.00951003518,0.5630786447783));
#7387=CARTESIAN_POINT('Ctrl Pts',(-3.77555550124,-4.874211196739,0.5075643297223));
#7388=CARTESIAN_POINT('Ctrl Pts',(-2.108642537489,-4.641748806907,0.3533351976843));
#7389=CARTESIAN_POINT('Ctrl Pts',(-1.555381542395,-4.559194603871,0.2899206974093));
#7390=CARTESIAN_POINT('Ctrl Pts',(-0.455247615519998,-4.384837140281,0.135077288966301));
#7391=CARTESIAN_POINT('Ctrl Pts',(0.0920269730790046,-4.292890809558,0.043824267551301));
#7392=CARTESIAN_POINT('Ctrl Pts',(0.905819054927001,-4.149051701647,-0.1188649181417));
#7393=CARTESIAN_POINT('Ctrl Pts',(1.176520695426,-4.100022607063,-0.1773509525127));
#7394=CARTESIAN_POINT('Ctrl Pts',(1.71372141454101,-4.00034012445,-0.3031175583017));
#7395=CARTESIAN_POINT('Ctrl Pts',(1.981780207919,-3.949365890554,-0.3699147521437));
#7396=CARTESIAN_POINT('Ctrl Pts',(2.516728310348,-3.845813844938,-0.513885553934699));
#7397=CARTESIAN_POINT('Ctrl Pts',(2.781137366049,-3.793177817599,-0.5901685363557));
#7398=CARTESIAN_POINT('Ctrl Pts',(3.176813076073,-3.713411134368,-0.711902468935699));
#7399=CARTESIAN_POINT('Ctrl Pts',(3.307811845073,-3.686822830028,-0.7537359652237));
#7400=CARTESIAN_POINT('Ctrl Pts',(3.571334591234,-3.633026648725,-0.839699657047699));
#7401=CARTESIAN_POINT('Ctrl Pts',(3.697071528677,-3.607056492395,-0.8838927549737));
#7402=CARTESIAN_POINT('Ctrl Pts',(3.835944814129,-3.578755874101,-0.9292465033827));
#7403=CARTESIAN_POINT('Ctrl Pts',(-9.41184200231215,-5.43833119835984,0.616839189147639));
#7404=CARTESIAN_POINT('Ctrl Pts',(-9.12719362587146,-5.43168919343225,0.616835680230687));
#7405=CARTESIAN_POINT('Ctrl Pts',(-8.8428887225451,-5.4183022013205,0.616753395762276));
#7406=CARTESIAN_POINT('Ctrl Pts',(-8.275085771621,-5.382902899542,0.6151601316893));
#7407=CARTESIAN_POINT('Ctrl Pts',(-7.991587997832,-5.36125073935,0.6136399699803));
#7408=CARTESIAN_POINT('Ctrl Pts',(-7.142112065337,-5.291196453973,0.607215127015301));
#7409=CARTESIAN_POINT('Ctrl Pts',(-6.576879841006,-5.239013036927,0.599614095920301));
#7410=CARTESIAN_POINT('Ctrl Pts',(-4.885564006053,-5.06752672011,0.555383946802301));
#7411=CARTESIAN_POINT('Ctrl Pts',(-3.763515160877,-4.933124197103,0.4963068478653));
#7412=CARTESIAN_POINT('Ctrl Pts',(-2.094742468348,-4.703595378809,0.336379020323299));
#7413=CARTESIAN_POINT('Ctrl Pts',(-1.540945809456,-4.622252734712,0.270935994926301));
#7414=CARTESIAN_POINT('Ctrl Pts',(-0.439939464932998,-4.450943281795,0.1115033261593));
#7415=CARTESIAN_POINT('Ctrl Pts',(0.107694548662003,-4.360820912526,0.0177183467603008));
#7416=CARTESIAN_POINT('Ctrl Pts',(0.921689432316004,-4.220312685568,-0.1496965262707));
#7417=CARTESIAN_POINT('Ctrl Pts',(1.192443861106,-4.172487298331,-0.2099112449817));
#7418=CARTESIAN_POINT('Ctrl Pts',(1.72951903758401,-4.075443437768,-0.339411686113699));
#7419=CARTESIAN_POINT('Ctrl Pts',(1.997535506226,-4.025882722443,-0.4081316363817));
#7420=CARTESIAN_POINT('Ctrl Pts',(2.532320035251,-3.925376493181,-0.5565380539937));
#7421=CARTESIAN_POINT('Ctrl Pts',(2.79650917457,-3.874393785767,-0.6350765352087));
#7422=CARTESIAN_POINT('Ctrl Pts',(3.19180802803501,-3.797252867029,-0.7605395102677));
#7423=CARTESIAN_POINT('Ctrl Pts',(3.322618080692,-3.771575906363,-0.8036789772317));
#7424=CARTESIAN_POINT('Ctrl Pts',(3.58590758646,-3.719604038367,-0.892332456330699));
#7425=CARTESIAN_POINT('Ctrl Pts',(3.711071516509,-3.694671479615,-0.9379159313577));
#7426=CARTESIAN_POINT('Ctrl Pts',(3.850388138633,-3.667222492806,-0.9847154972407));
#7427=CARTESIAN_POINT('Ctrl Pts',(-9.40990065307837,-5.49400559812041,0.616839677538622));
#7428=CARTESIAN_POINT('Ctrl Pts',(-9.12463662660773,-5.48792631874621,0.616835790822689));
#7429=CARTESIAN_POINT('Ctrl Pts',(-8.83973556841241,-5.47465454614918,0.616712115626778));
#7430=CARTESIAN_POINT('Ctrl Pts',(-8.270734162411,-5.439730573953,0.6147583902243));
#7431=CARTESIAN_POINT('Ctrl Pts',(-7.986642757262,-5.418415332942,0.6129195599293));
#7432=CARTESIAN_POINT('Ctrl Pts',(-7.135415353871,-5.349193404809,0.6051352578873));
#7433=CARTESIAN_POINT('Ctrl Pts',(-6.569087951876,-5.297350610088,0.596113989354301));
#7434=CARTESIAN_POINT('Ctrl Pts',(-4.874701113133,-5.127141491057,0.546977155013301));
#7435=CARTESIAN_POINT('Ctrl Pts',(-3.750905699422,-4.99389687263,0.483885078624301));
#7436=CARTESIAN_POINT('Ctrl Pts',(-2.07998250198,-4.767693405204,0.3172786827103));
#7437=CARTESIAN_POINT('Ctrl Pts',(-1.525557417914,-4.687693521214,0.2494296127503));
#7438=CARTESIAN_POINT('Ctrl Pts',(-0.423527488346998,-4.519677737834,0.0845408774703005));
#7439=CARTESIAN_POINT('Ctrl Pts',(0.124518004487005,-4.431496104052,-0.0122647722786997));
#7440=CARTESIAN_POINT('Ctrl Pts',(0.938740595780004,-4.29445730792,-0.1852256923767));
#7441=CARTESIAN_POINT('Ctrl Pts',(1.209530600359,-4.247877824004,-0.2474594495357));
#7442=CARTESIAN_POINT('Ctrl Pts',(1.746467564505,-4.153538966371,-0.3812851390927));
#7443=CARTESIAN_POINT('Ctrl Pts',(2.014413308912,-4.105424024385,-0.452230278602699));
#7444=CARTESIAN_POINT('Ctrl Pts',(2.54888613377,-4.008012917667,-0.6057040531017));
#7445=CARTESIAN_POINT('Ctrl Pts',(2.812821337288,-3.958700122351,-0.6868040624557));
#7446=CARTESIAN_POINT('Ctrl Pts',(3.207636150688,-3.884201334992,-0.8164540789737));
#7447=CARTESIAN_POINT('Ctrl Pts',(3.338230877021,-3.859436906388,-0.8610515247587));
#7448=CARTESIAN_POINT('Ctrl Pts',(3.60117154555,-3.809296388753,-0.952691423823699));
#7449=CARTESIAN_POINT('Ctrl Pts',(3.72584816077,-3.785383195623,-0.999810053993699));
#7450=CARTESIAN_POINT('Ctrl Pts',(3.865344053335,-3.758815158332,-1.0481983427117));
#7451=CARTESIAN_POINT('Ctrl Pts',(-9.40805664985025,-5.55035112733065,0.616840150592149));
#7452=CARTESIAN_POINT('Ctrl Pts',(-9.12217082818945,-5.54484263418622,0.616835998315037));
#7453=CARTESIAN_POINT('Ctrl Pts',(-8.83666336988361,-5.53169876960122,0.616664119385279));
#7454=CARTESIAN_POINT('Ctrl Pts',(-8.266435934234,-5.497295883661,0.614320359379301));
#7455=CARTESIAN_POINT('Ctrl Pts',(-7.981733537779,-5.476350442925,0.612139827167301));
#7456=CARTESIAN_POINT('Ctrl Pts',(-7.128690438392,-5.408079118709,0.6029003666183));
#7457=CARTESIAN_POINT('Ctrl Pts',(-6.561209103643,-5.356680582937,0.5923599389913));
#7458=CARTESIAN_POINT('Ctrl Pts',(-4.863536831004,-5.18810663004,0.5379006683603));
#7459=CARTESIAN_POINT('Ctrl Pts',(-3.737794595049,-5.056314409738,0.4703541116263));
#7460=CARTESIAN_POINT('Ctrl Pts',(-2.064417762349,-4.833882253011,0.296092723620301));
#7461=CARTESIAN_POINT('Ctrl Pts',(-1.509266013853,-4.755375366517,0.2254591080293));
#7462=CARTESIAN_POINT('Ctrl Pts',(-0.406048920590997,-4.590937048738,0.0542409615663004));
#7463=CARTESIAN_POINT('Ctrl Pts',(0.142467035371006,-4.504832086591,-0.0460796063407001));
#7464=CARTESIAN_POINT('Ctrl Pts',(0.956952084738003,-4.371427839784,-0.225417470314699));
#7465=CARTESIAN_POINT('Ctrl Pts',(1.227763634583,-4.326144936259,-0.2899644648297));
#7466=CARTESIAN_POINT('Ctrl Pts',(1.764555473818,-4.234593061752,-0.428714935429699));
#7467=CARTESIAN_POINT('Ctrl Pts',(2.032404688257,-4.187963296686,-0.5021919029517));
#7468=CARTESIAN_POINT('Ctrl Pts',(2.566422014499,-4.093708846061,-0.6613725695087));
#7469=CARTESIAN_POINT('Ctrl Pts',(2.830070955003,-4.046087615164,-0.745343829756699));
#7470=CARTESIAN_POINT('Ctrl Pts',(3.224296274058,-3.97425268431,-0.879642992142699));
#7471=CARTESIAN_POINT('Ctrl Pts',(3.354649501869,-3.950403383715,-0.9258515587197));
#7472=CARTESIAN_POINT('Ctrl Pts',(3.617126321386,-3.902103180985,-1.0207761021447));
#7473=CARTESIAN_POINT('Ctrl Pts',(3.74140146159601,-3.879191640238,-1.0695751225327));
#7474=CARTESIAN_POINT('Ctrl Pts',(3.880812558234,-3.853533870677,-1.1196950397977));
#7475=CARTESIAN_POINT('Ctrl Pts',(-9.40634564707354,-5.60702352663592,0.616840551653046));
#7476=CARTESIAN_POINT('Ctrl Pts',(-9.11983594019527,-5.60209065327227,0.616836271797609));
#7477=CARTESIAN_POINT('Ctrl Pts',(-8.83371550431837,-5.58908806121362,0.616609769338546));
#7478=CARTESIAN_POINT('Ctrl Pts',(-8.262241596233,-5.555253936705,0.613849048301301));
#7479=CARTESIAN_POINT('Ctrl Pts',(-7.976914244076,-5.534712576225,0.6113060010383));
#7480=CARTESIAN_POINT('Ctrl Pts',(-7.122000410117,-5.467518341893,0.600524595490301));
#7481=CARTESIAN_POINT('Ctrl Pts',(-6.553310907998,-5.416678324529,0.5883748615443));
#7482=CARTESIAN_POINT('Ctrl Pts',(-4.852147061707,-5.250137543995,0.528202835935301));
#7483=CARTESIAN_POINT('Ctrl Pts',(-3.72425545496,-5.120129865711,0.4557767873783));
#7484=CARTESIAN_POINT('Ctrl Pts',(-2.048108568764,-4.901977123798,0.272887912292301));
#7485=CARTESIAN_POINT('Ctrl Pts',(-1.492125952387,-4.825135327511,0.1990901241833));
#7486=CARTESIAN_POINT('Ctrl Pts',(-0.387544539004999,-4.66460209348,0.0206617522483006));
#7487=CARTESIAN_POINT('Ctrl Pts',(0.161508471016003,-4.580731774926,-0.0836743037266992));
#7488=CARTESIAN_POINT('Ctrl Pts',(0.976301537072004,-4.451157772162,-0.2702320266047));
#7489=CARTESIAN_POINT('Ctrl Pts',(1.247124093472,-4.407231887875,-0.3373908458107));
#7490=CARTESIAN_POINT('Ctrl Pts',(1.783770207887,-4.318566943602,-0.481674882649699));
#7491=CARTESIAN_POINT('Ctrl Pts',(2.051499924277,-4.273469993087,-0.557995114437699));
#7492=CARTESIAN_POINT('Ctrl Pts',(2.584922693475,-4.182447819519,-0.723531095221699));
#7493=CARTESIAN_POINT('Ctrl Pts',(2.848254886134,-4.136545640324,-0.810687534975699));
#7494=CARTESIAN_POINT('Ctrl Pts',(3.241787133598,-4.067402469581,-0.950102624661699));
#7495=CARTESIAN_POINT('Ctrl Pts',(3.37187316473,-4.044472516394,-0.998076745349699));
#7496=CARTESIAN_POINT('Ctrl Pts',(3.633771755794,-3.998023816384,-1.0965859704157));
#7497=CARTESIAN_POINT('Ctrl Pts',(3.757731419146,-3.976096813252,-1.1472111365787));
#7498=CARTESIAN_POINT('Ctrl Pts',(3.89679365332901,-3.951378629841,-1.1992055884967));
#7499=CARTESIAN_POINT('Ctrl Pts',(-9.40480123898473,-5.66365962258418,0.616840827710382));
#7500=CARTESIAN_POINT('Ctrl Pts',(-9.11766979265528,-5.65930375513264,0.616836581114538));
#7501=CARTESIAN_POINT('Ctrl Pts',(-8.83093367446666,-5.64645647014311,0.616549441668663));
#7502=CARTESIAN_POINT('Ctrl Pts',(-8.258200388394,-5.613240721251,0.613347599744301));
#7503=CARTESIAN_POINT('Ctrl Pts',(-7.972237710251,-5.593139155528,0.610423554087301));
#7504=CARTESIAN_POINT('Ctrl Pts',(-7.115407876948,-5.527157071025,0.5980227837103));
#7505=CARTESIAN_POINT('Ctrl Pts',(-6.545460855067,-5.47700096923,0.5841828206163));
#7506=CARTESIAN_POINT('Ctrl Pts',(-4.840608469994,-5.312933440945,0.5179344699513));
#7507=CARTESIAN_POINT('Ctrl Pts',(-3.710362925612,-5.185082119653,0.4402191630243));
#7508=CARTESIAN_POINT('Ctrl Pts',(-2.031116251799,-4.971782496598,0.247734430614301));
#7509=CARTESIAN_POINT('Ctrl Pts',(-1.474192525187,-4.8968009708,0.1703916546233));
#7510=CARTESIAN_POINT('Ctrl Pts',(-0.368055832534999,-4.740546761362,-0.0161356182086996));
#7511=CARTESIAN_POINT('Ctrl Pts',(0.181608577570003,-4.659092365521,-0.1249943842197));
#7512=CARTESIAN_POINT('Ctrl Pts',(0.996766238492004,-4.533576660408,-0.3196275132177));
#7513=CARTESIAN_POINT('Ctrl Pts',(1.267592821487,-4.491078566241,-0.389701359624699));
#7514=CARTESIAN_POINT('Ctrl Pts',(1.80409904061001,-4.405419525461,-0.5401374664087));
#7515=CARTESIAN_POINT('Ctrl Pts',(2.071689175596,-4.36191174679,-0.6196174415237));
#7516=CARTESIAN_POINT('Ctrl Pts',(2.604383137155,-4.274212392579,-0.792166497473699));
#7517=CARTESIAN_POINT('Ctrl Pts',(2.867369962529,-4.230062936796,-0.882826460590699));
#7518=CARTESIAN_POINT('Ctrl Pts',(3.260107456835,-4.163645978094,-1.0278291704707));
#7519=CARTESIAN_POINT('Ctrl Pts',(3.389901070873,-4.141641312689,-1.0777246343977));
#7520=CARTESIAN_POINT('Ctrl Pts',(3.651107690328,-4.097057660158,-1.1801204818007));
#7521=CARTESIAN_POINT('Ctrl Pts',(3.774838033593,-4.076098714444,-1.2327180957177));
#7522=CARTESIAN_POINT('Ctrl Pts',(3.91328733862201,-4.052349435826,-1.2867299888097));
#7523=CARTESIAN_POINT('Ctrl Pts',(-9.40345270427562,-5.71990228253192,0.616840935194599));
#7524=CARTESIAN_POINT('Ctrl Pts',(-9.11570579020402,-5.71612137686852,0.616836901166786));
#7525=CARTESIAN_POINT('Ctrl Pts',(-8.82835509647306,-5.70344405205199,0.616483502933699));
#7526=CARTESIAN_POINT('Ctrl Pts',(-8.254356951438,-5.670898120377,0.612819076795301));
#7527=CARTESIAN_POINT('Ctrl Pts',(-7.967752122574,-5.651273436052,0.609497828851301));
#7528=CARTESIAN_POINT('Ctrl Pts',(-7.108970713524,-5.586646882454,0.5954094510223));
#7529=CARTESIAN_POINT('Ctrl Pts',(-6.537721726475,-5.537310981597,0.579807376846301));
#7530=CARTESIAN_POINT('Ctrl Pts',(-4.82899326024,-5.37619800618,0.507145358713299));
#7531=CARTESIAN_POINT('Ctrl Pts',(-3.696187602947,-5.250913823432,0.423745978115301));
#7532=CARTESIAN_POINT('Ctrl Pts',(-2.013498969203,-5.043105570731,0.2207010553173));
#7533=CARTESIAN_POINT('Ctrl Pts',(-1.455518188011,-4.970202228669,0.1394313064653));
#7534=CARTESIAN_POINT('Ctrl Pts',(-0.347622170843998,-4.818646623714,-0.0560912557266997));
#7535=CARTESIAN_POINT('Ctrl Pts',(0.202735359189003,-4.739812405852,-0.1699864790397));
#7536=CARTESIAN_POINT('Ctrl Pts',(1.018324671911,-4.618614968654,-0.3735629403497));
#7537=CARTESIAN_POINT('Ctrl Pts',(1.289151684328,-4.577625627357,-0.446859541532699));
#7538=CARTESIAN_POINT('Ctrl Pts',(1.825529945093,-4.49511024037,-0.6040757392967));
#7539=CARTESIAN_POINT('Ctrl Pts',(2.092963150328,-4.453256596485,-0.6870368787117));
#7540=CARTESIAN_POINT('Ctrl Pts',(2.624798605377,-4.368985333051,-0.8672659201857));
#7541=CARTESIAN_POINT('Ctrl Pts',(2.88741320526101,-4.326628380922,-0.961752072089699));
#7542=CARTESIAN_POINT('Ctrl Pts',(3.279256050007,-4.262978553983,-1.1128189038257));
#7543=CARTESIAN_POINT('Ctrl Pts',(3.40873247545201,-4.241906816864,-1.1647928273147));
#7544=CARTESIAN_POINT('Ctrl Pts',(3.669133977041,-4.199204085061,-1.2713791010387));
#7545=CARTESIAN_POINT('Ctrl Pts',(3.792721305109,-4.179197343594,-1.3260959995447));
#7546=CARTESIAN_POINT('Ctrl Pts',(3.930293614113,-4.15644628863,-1.3822682407367));
#7547=CARTESIAN_POINT('Ctrl Pts',(-9.40232275074375,-5.77542536955116,0.616840845775633));
#7548=CARTESIAN_POINT('Ctrl Pts',(-9.11397036624044,-5.77221420591158,0.61683721622571));
#7549=CARTESIAN_POINT('Ctrl Pts',(-8.82600968786699,-5.75972201599798,0.616412286570374));
#7550=CARTESIAN_POINT('Ctrl Pts',(-8.250747996716,-5.727898926864,0.6122662496093));
#7551=CARTESIAN_POINT('Ctrl Pts',(-7.963497442254,-5.70878942232,0.6085336646583));
#7552=CARTESIAN_POINT('Ctrl Pts',(-7.102737811286,-5.645669261447,0.5926977813233));
#7553=CARTESIAN_POINT('Ctrl Pts',(-6.530147008406,-5.597299721272,0.5752699380343));
#7554=CARTESIAN_POINT('Ctrl Pts',(-4.817363953351,-5.439660078422,0.4958807795933));
#7555=CARTESIAN_POINT('Ctrl Pts',(-3.68179094262,-5.317389352625,0.4064161203743));
#7556=CARTESIAN_POINT('Ctrl Pts',(-1.995307521821,-5.115769708613,0.191850340164301));
#7557=CARTESIAN_POINT('Ctrl Pts',(-1.436148788233,-5.045183255044,0.1062705642523));
#7558=CARTESIAN_POINT('Ctrl Pts',(-0.326277973406995,-4.898787605588,-0.0991507010817001));
#7559=CARTESIAN_POINT('Ctrl Pts',(0.224860859597005,-4.822798863754,-0.2186020708087));
#7560=CARTESIAN_POINT('Ctrl Pts',(1.040958066816,-4.706208914235,-0.4320010492027));
#7561=CARTESIAN_POINT('Ctrl Pts',(1.311784875405,-4.66681862984,-0.5088322508167));
#7562=CARTESIAN_POINT('Ctrl Pts',(1.848052461335,-4.58760186652,-0.6734652096327));
#7563=CARTESIAN_POINT('Ctrl Pts',(2.115313776955,-4.547475212376,-0.7602334291367));
#7564=CARTESIAN_POINT('Ctrl Pts',(2.64616499433,-4.466750821906,-0.9488176854387));
#7565=CARTESIAN_POINT('Ctrl Pts',(2.908382040437,-4.426231760953,-1.0474566163817));
#7566=CARTESIAN_POINT('Ctrl Pts',(3.299231884702,-4.365395922375,-1.2050684405537));
#7567=CARTESIAN_POINT('Ctrl Pts',(3.428366737601,-4.345266314956,-1.2592791454537));
#7568=CARTESIAN_POINT('Ctrl Pts',(3.687850489271,-4.304462515059,-1.3703613419797));
#7569=CARTESIAN_POINT('Ctrl Pts',(3.81138123385701,-4.285392700498,-1.4273448476917));
#7570=CARTESIAN_POINT('Ctrl Pts',(3.9478124798,-4.263669188254,-1.4858203442777));
#7571=CARTESIAN_POINT('Ctrl Pts',(-9.401425259962,-5.82995869733937,0.616840552156039));
#7572=CARTESIAN_POINT('Ctrl Pts',(-9.11248043708192,-5.82730937237946,0.616837524237615));
#7573=CARTESIAN_POINT('Ctrl Pts',(-8.82391725557105,-5.81501787132608,0.616336069384742));
#7574=CARTESIAN_POINT('Ctrl Pts',(-8.247398976103,-5.783971857988,0.6116913821353));
#7575=CARTESIAN_POINT('Ctrl Pts',(-7.959501828199,-5.765416784942,0.6075350244343));
#7576=CARTESIAN_POINT('Ctrl Pts',(-7.09674482853,-5.70395993143,0.5898986062803));
#7577=CARTESIAN_POINT('Ctrl Pts',(-6.522776304669,-5.656711007866,0.5705881092833));
#7578=CARTESIAN_POINT('Ctrl Pts',(-4.805768163675,-5.503094326004,0.4841780120023));
#7579=CARTESIAN_POINT('Ctrl Pts',(-3.667220170226,-5.384312757464,0.3882780914603));
#7580=CARTESIAN_POINT('Ctrl Pts',(-1.976581169508,-5.189627878574,0.1612337981393));
#7581=CARTESIAN_POINT('Ctrl Pts',(-1.416119792372,-5.121614281455,0.0709600536712998));
#7582=CARTESIAN_POINT('Ctrl Pts',(-0.304049878622997,-4.980874657453,-0.145269126568699));
#7583=CARTESIAN_POINT('Ctrl Pts',(0.247963463648002,-4.907974196767,-0.2708012335017));
#7584=CARTESIAN_POINT('Ctrl Pts',(1.064651948641,-4.796305312117,-0.494911184762699));
#7585=CARTESIAN_POINT('Ctrl Pts',(1.335480222311,-4.758612168927,-0.5755922266917));
#7586=CARTESIAN_POINT('Ctrl Pts',(1.871658563905,-4.6828633529,-0.7482857302697));
#7587=CARTESIAN_POINT('Ctrl Pts',(2.138734875206,-4.64454312221,-0.839190647147699));
#7588=CARTESIAN_POINT('Ctrl Pts',(2.668479179525,-4.567495653171,-1.0368121949347));
#7589=CARTESIAN_POINT('Ctrl Pts',(2.930274515001,-4.528864551591,-1.1399337201997));
#7590=CARTESIAN_POINT('Ctrl Pts',(3.320034184499,-4.470894513542,-1.3045749993117));
#7591=CARTESIAN_POINT('Ctrl Pts',(3.448803374541,-4.451717540556,-1.3611817982537));
#7592=CARTESIAN_POINT('Ctrl Pts',(3.707257132415,-4.412832468995,-1.4770668051257));
#7593=CARTESIAN_POINT('Ctrl Pts',(3.830817819975,-4.394684784988,-1.5364646398597));
#7594=CARTESIAN_POINT('Ctrl Pts',(3.965843935684,-4.374018134698,-1.5973862994327));
#7595=CARTESIAN_POINT('Ctrl Pts',(-9.40076303192907,-5.88331298512048,0.616840073875124));
#7596=CARTESIAN_POINT('Ctrl Pts',(-9.11124085612318,-5.88121564143742,0.616837841129332));
#7597=CARTESIAN_POINT('Ctrl Pts',(-8.82208468389027,-5.86914057455746,0.616255048053837));
#7598=CARTESIAN_POINT('Ctrl Pts',(-8.244320751895,-5.838926570305,0.611096018845301));
#7599=CARTESIAN_POINT('Ctrl Pts',(-7.955778059783,-5.820965777385,0.6065046214913));
#7600=CARTESIAN_POINT('Ctrl Pts',(-7.091009940469,-5.761333183227,0.5870193889403));
#7601=CARTESIAN_POINT('Ctrl Pts',(-6.515630749757,-5.71536468585,0.5657740431333));
#7602=CARTESIAN_POINT('Ctrl Pts',(-4.794233375913,-5.566341923042,0.4720628503693));
#7603=CARTESIAN_POINT('Ctrl Pts',(-3.652503191533,-5.451545713787,0.3693654727393));
#7604=CARTESIAN_POINT('Ctrl Pts',(-1.957343447046,-5.264576097674,0.128887083639301));
#7605=CARTESIAN_POINT('Ctrl Pts',(-1.395452513622,-5.199403473002,0.0335348052722999));
#7606=CARTESIAN_POINT('Ctrl Pts',(-0.280953912907997,-5.064840426895,-0.1944155326657));
#7607=CARTESIAN_POINT('Ctrl Pts',(0.272030198886004,-4.995283421469,-0.3265563724147));
#7608=CARTESIAN_POINT('Ctrl Pts',(1.089397688134,-4.888866419327,-0.562272168576699));
#7609=CARTESIAN_POINT('Ctrl Pts',(1.360230493289,-4.852974010479,-0.6471206442167));
#7610=CARTESIAN_POINT('Ctrl Pts',(1.896343529625,-4.780872644951,-0.8285233873927));
#7611=CARTESIAN_POINT('Ctrl Pts',(2.16322282693501,-4.744442937301,-0.9238971809017));
#7612=CARTESIAN_POINT('Ctrl Pts',(2.691739358756,-4.671210433815,-1.1312428314637));
#7613=CARTESIAN_POINT('Ctrl Pts',(2.953089512536,-4.634520688516,-1.2391789884987));
#7614=CARTESIAN_POINT('Ctrl Pts',(3.341662511606,-4.579471787047,-1.4113366628427));
#7615=CARTESIAN_POINT('Ctrl Pts',(3.470042115675,-4.561258880591,-1.4704995514357));
#7616=CARTESIAN_POINT('Ctrl Pts',(3.72735385471,-4.524313604252,-1.5914952151607));
#7617=CARTESIAN_POINT('Ctrl Pts',(3.851031063566,-4.50707359694,-1.6534553758427));
#7618=CARTESIAN_POINT('Ctrl Pts',(3.98438798176601,-4.487493127962,-1.7169661062017));
#7619=CARTESIAN_POINT('Ctrl Pts',(-9.40032552973599,-5.93540481256079,0.616839463101062));
#7620=CARTESIAN_POINT('Ctrl Pts',(-9.11024186799428,-5.93384860565679,0.616838205121777));
#7621=CARTESIAN_POINT('Ctrl Pts',(-8.82050312252145,-5.92200567628026,0.616169315620368));
#7622=CARTESIAN_POINT('Ctrl Pts',(-8.241506266701,-5.89267867444,0.6104807714643));
#7623=CARTESIAN_POINT('Ctrl Pts',(-7.95231995961,-5.875352152752,0.605443546335301));
#7624=CARTESIAN_POINT('Ctrl Pts',(-7.08552958929,-5.817706204296,0.584063207350301));
#7625=CARTESIAN_POINT('Ctrl Pts',(-6.50870842191,-5.773180189439,0.560832789699301));
#7626=CARTESIAN_POINT('Ctrl Pts',(-4.782761722029,-5.629331225606,0.4595461171083));
#7627=CARTESIAN_POINT('Ctrl Pts',(-3.637643502705,-5.519025473981,0.349692391041301));
#7628=CARTESIAN_POINT('Ctrl Pts',(-1.937597980058,-5.340566874518,0.0948251746653002));
#7629=CARTESIAN_POINT('Ctrl Pts',(-1.37415033938,-5.278508784316,-0.00599048181569994));
#7630=CARTESIAN_POINT('Ctrl Pts',(-0.256992659807999,-5.150653930306,-0.2465769446967));
#7631=CARTESIAN_POINT('Ctrl Pts',(0.297059037107001,-5.084701182826,-0.3858559641157));
#7632=CARTESIAN_POINT('Ctrl Pts',(1.115194050735,-4.983874779373,-0.6340751715327));
#7633=CARTESIAN_POINT('Ctrl Pts',(1.386034703706,-4.949889224988,-0.7234096702017));
#7634=CARTESIAN_POINT('Ctrl Pts',(1.922106805245,-4.881619510214,-0.9141723893147));
#7635=CARTESIAN_POINT('Ctrl Pts',(2.188777246998,-4.847166578561,-1.0143483149477));
#7636=CARTESIAN_POINT('Ctrl Pts',(2.715945395075,-4.777890783642,-1.2321068603707));
#7637=CARTESIAN_POINT('Ctrl Pts',(2.976826969066,-4.743197342924,-1.3451906028687));
#7638=CARTESIAN_POINT('Ctrl Pts',(3.364116853501,-4.6911265559,-1.5253526392367));
#7639=CARTESIAN_POINT('Ctrl Pts',(3.492082956695,-4.6738895811,-1.5872318951967));
#7640=CARTESIAN_POINT('Ctrl Pts',(3.748140658013,-4.63890576042,-1.7136464584907));
#7641=CARTESIAN_POINT('Ctrl Pts',(3.872020964688,-4.622559136295,-1.7783170555597));
#7642=CARTESIAN_POINT('Ctrl Pts',(4.003444618045,-4.604094168045,-1.8445597645847));
#7643=CARTESIAN_POINT('Ctrl Pts',(-9.40008654449525,-5.98629855219653,0.616838810215868));
#7644=CARTESIAN_POINT('Ctrl Pts',(-9.10945630065896,-5.98527303192761,0.61683868119081));
#7645=CARTESIAN_POINT('Ctrl Pts',(-8.81914472139492,-5.97367770519435,0.616078807798088));
#7646=CARTESIAN_POINT('Ctrl Pts',(-8.23892635271246,-5.94529230114113,0.609844893576686));
#7647=CARTESIAN_POINT('Ctrl Pts',(-7.94909774138298,-5.92863985667795,0.604350528844689));
#7648=CARTESIAN_POINT('Ctrl Pts',(-7.08027248050647,-5.87314190063716,0.581026725232759));
#7649=CARTESIAN_POINT('Ctrl Pts',(-6.50197751083167,-5.83021913497725,0.555758954234816));
#7650=CARTESIAN_POINT('Ctrl Pts',(-4.77132094165217,-5.69211939325987,0.446615862220498));
#7651=CARTESIAN_POINT('Ctrl Pts',(-3.62261008556993,-5.58680542848992,0.329242162490304));
#7652=CARTESIAN_POINT('Ctrl Pts',(-1.91731753561739,-5.41764836551188,0.0590256127132145));
#7653=CARTESIAN_POINT('Ctrl Pts',(-1.35218763228331,-5.35897665862172,-0.0476400699551291));
#7654=CARTESIAN_POINT('Ctrl Pts',(-0.232144139931851,-5.23835848175207,
-0.301781024897753));
#7655=CARTESIAN_POINT('Ctrl Pts',(0.323069872815882,-5.17626936955517,-0.448729270169207));
#7656=CARTESIAN_POINT('Ctrl Pts',(1.1420577073284,-5.08137059008571,-0.710352031664996));
#7657=CARTESIAN_POINT('Ctrl Pts',(1.41290838725362,-5.04939751632381,-0.804492067217384));
#7658=CARTESIAN_POINT('Ctrl Pts',(1.94896183363774,-4.98514289811206,-1.00526734344382));
#7659=CARTESIAN_POINT('Ctrl Pts',(2.2154105386768,-4.95275272476829,-1.11057961440349));
#7660=CARTESIAN_POINT('Ctrl Pts',(2.74110755354132,-4.88757512453465,-1.33944213675519));
#7661=CARTESIAN_POINT('Ctrl Pts',(3.00149631825849,-4.85493296969644,-1.45800755428322));
#7662=CARTESIAN_POINT('Ctrl Pts',(3.38740547837136,-4.80589759691804,-1.64666399116857));
#7663=CARTESIAN_POINT('Ctrl Pts',(3.51493383645459,-4.78964856879426,-1.71142064024229));
#7664=CARTESIAN_POINT('Ctrl Pts',(3.76962477541272,-4.75664828041653,-1.84356395966469));
#7665=CARTESIAN_POINT('Ctrl Pts',(3.89379478681717,-4.7411809738636,-1.91109397183299));
#7666=CARTESIAN_POINT('Ctrl Pts',(4.0230203747537,-4.723861207765,-1.98021252668007));
#7667=CARTESIAN_POINT('Ctrl Pts',(-9.4000191395098,-6.02620674387357,0.616838362270539));
#7668=CARTESIAN_POINT('Ctrl Pts',(-9.10896156384124,-6.02559862794752,0.616839228328548));
#7669=CARTESIAN_POINT('Ctrl Pts',(-8.81819791287077,-6.01421319966654,0.616002448265778));
#7670=CARTESIAN_POINT('Ctrl Pts',(-8.23700840705441,-5.98662330383144,0.609318284376553));
#7671=CARTESIAN_POINT('Ctrl Pts',(-7.94666558076195,-5.97054100838929,0.603448136715546));
#7672=CARTESIAN_POINT('Ctrl Pts',(-7.07619873096058,-5.91688576985189,0.578526855222263));
#7673=CARTESIAN_POINT('Ctrl Pts',(-6.49669791456035,-5.8753686704546,0.551583455524908));
#7674=CARTESIAN_POINT('Ctrl Pts',(-4.76214389210616,-5.742308212766,0.435919469974795));
#7675=CARTESIAN_POINT('Ctrl Pts',(-3.61039875124352,-5.64137006813436,0.312233107544254));
#7676=CARTESIAN_POINT('Ctrl Pts',(-1.90062987619357,-5.48025613924242,0.0289691643361305));
#7677=CARTESIAN_POINT('Ctrl Pts',(-1.33405794566372,-5.42450033765961,-0.0826844186699862));
#7678=CARTESIAN_POINT('Ctrl Pts',(-0.211533639548897,-5.31007291037616,
-0.348397948963897));
#7679=CARTESIAN_POINT('Ctrl Pts',(0.344681012815482,-5.251271471316,-0.501902166272262));
#7680=CARTESIAN_POINT('Ctrl Pts',(1.16441237193737,-5.16136946884045,-0.774959914645216));
#7681=CARTESIAN_POINT('Ctrl Pts',(1.43527059520908,-5.13108608964653,-0.87319710349869));
#7682=CARTESIAN_POINT('Ctrl Pts',(1.97132292492704,-5.07018146200194,-1.08249835664851));
#7683=CARTESIAN_POINT('Ctrl Pts',(2.23758213304941,-5.03950618570308,-1.19218391927551));
#7684=CARTESIAN_POINT('Ctrl Pts',(2.76200115519504,-4.97771321962861,-1.43047636134629));
#7685=CARTESIAN_POINT('Ctrl Pts',(3.02197514313785,-4.94675307856518,-1.55369142960754));
#7686=CARTESIAN_POINT('Ctrl Pts',(3.40670057417984,-4.90018852594967,-1.74953173081742));
#7687=CARTESIAN_POINT('Ctrl Pts',(3.53385908614738,-4.8847385480377,-1.81671800630979));
#7688=CARTESIAN_POINT('Ctrl Pts',(3.78736619444483,-4.85334136598275,-1.95369037706472));
#7689=CARTESIAN_POINT('Ctrl Pts',(3.91183714162823,-4.8385658072856,-2.02362637279356));
#7690=CARTESIAN_POINT('Ctrl Pts',(4.03909270049796,-4.82218575431406,-2.09516021761275));
#7691=CARTESIAN_POINT('Ctrl Pts',(-9.40000935112515,-6.05585922496702,0.616838151451301));
#7692=CARTESIAN_POINT('Ctrl Pts',(-9.10863468864074,-6.05556167056435,0.616839791302306));
#7693=CARTESIAN_POINT('Ctrl Pts',(-8.81753360981181,-6.0443398698185,0.615942787956022));
#7694=CARTESIAN_POINT('Ctrl Pts',(-8.23561556504262,-6.01736921805402,0.608911658659777));
#7695=CARTESIAN_POINT('Ctrl Pts',(-7.94488516486196,-6.00173113203495,0.602752835281943));
#7696=CARTESIAN_POINT('Ctrl Pts',(-7.07317494072272,-5.94952353214289,0.576604744113729));
#7697=CARTESIAN_POINT('Ctrl Pts',(-6.49275262367414,-5.90912448694513,0.548374286436659));
#7698=CARTESIAN_POINT('Ctrl Pts',(-4.75519938657607,-5.78007074834594,0.427673586774446));
#7699=CARTESIAN_POINT('Ctrl Pts',(-3.60109047784907,-5.68261083826832,0.299078016369026));
#7700=CARTESIAN_POINT('Ctrl Pts',(-1.88781586871617,-5.52783729150757,0.00559362986724832));
#7701=CARTESIAN_POINT('Ctrl Pts',(-1.320111881317,-5.47437405263971,-0.109973847721443));
#7702=CARTESIAN_POINT('Ctrl Pts',(-0.195638191908952,-5.36479414189833,
-0.384773872022724));
#7703=CARTESIAN_POINT('Ctrl Pts',(0.361362269522619,-5.30855845512372,-0.543428889511366));
#7704=CARTESIAN_POINT('Ctrl Pts',(1.18167931388887,-5.22253254017745,-0.825458095153635));
#7705=CARTESIAN_POINT('Ctrl Pts',(1.45254082993807,-5.19355656734103,-0.926908348453492));
#7706=CARTESIAN_POINT('Ctrl Pts',(1.98859629043793,-5.13523339387816,-1.14289012470248));
#7707=CARTESIAN_POINT('Ctrl Pts',(2.25470482861385,-5.10587674155395,-1.25600212129663));
#7708=CARTESIAN_POINT('Ctrl Pts',(2.77810550650717,-5.04667521753234,-1.50167063002591));
#7709=CARTESIAN_POINT('Ctrl Pts',(3.03775569646401,-5.01699689116288,-1.62851975875489));
#7710=CARTESIAN_POINT('Ctrl Pts',(3.42154755088026,-4.97230648079207,-1.82996448071844));
#7711=CARTESIAN_POINT('Ctrl Pts',(3.54841730064639,-4.95745993443898,-1.89904431257775));
#7712=CARTESIAN_POINT('Ctrl Pts',(3.80098518606093,-4.92727324883479,-2.03977626398666));
#7713=CARTESIAN_POINT('Ctrl Pts',(3.92572067307442,-4.91300966148588,-2.11158326952579));
#7714=CARTESIAN_POINT('Ctrl Pts',(4.05137954238065,-4.89734769957043,-2.1849932133347));
#7715=CARTESIAN_POINT('Ctrl Pts',(-9.4000093984303,-6.07558610029104,0.616838098710985));
#7716=CARTESIAN_POINT('Ctrl Pts',(-9.10842385897321,-6.07549521971995,0.616840257354614));
#7717=CARTESIAN_POINT('Ctrl Pts',(-8.8170976727169,-6.06438509212356,0.615901869384404));
#7718=CARTESIAN_POINT('Ctrl Pts',(-8.23469214093569,-6.03783689250145,0.608634632677241));
#7719=CARTESIAN_POINT('Ctrl Pts',(-7.94370169221066,-6.02250202777804,0.602279762840308));
#7720=CARTESIAN_POINT('Ctrl Pts',(-7.07115494601844,-5.97128688920698,0.575298810573855));
#7721=CARTESIAN_POINT('Ctrl Pts',(-6.49010962964397,-5.93165923862769,0.546194626415331));
#7722=CARTESIAN_POINT('Ctrl Pts',(-4.75052115218365,-5.80536890829138,0.422064648432585));
#7723=CARTESIAN_POINT('Ctrl Pts',(-3.59479780888367,-5.71030692555701,0.290114607527394));
#7724=CARTESIAN_POINT('Ctrl Pts',(-1.87912320433485,-5.55988388625183,-0.0103790111298174));
#7725=CARTESIAN_POINT('Ctrl Pts',(-1.31064347550051,-5.50799130860723,-0.128632907525187));
#7726=CARTESIAN_POINT('Ctrl Pts',(-0.184834023372684,-5.40172464959795,
-0.409671034359639));
#7727=CARTESIAN_POINT('Ctrl Pts',(0.372704150880569,-5.34723926052756,-0.571863085978032));
#7728=CARTESIAN_POINT('Ctrl Pts',(1.19342139815502,-5.26384812041845,-0.860047355261531));
#7729=CARTESIAN_POINT('Ctrl Pts',(1.46428315299841,-5.23575955684152,-0.96370138588041));
#7730=CARTESIAN_POINT('Ctrl Pts',(2.00034082608168,-5.17918428880684,-1.18426273279019));
#7731=CARTESIAN_POINT('Ctrl Pts',(2.26634435587486,-5.15071945716156,-1.29972346907458));
#7732=CARTESIAN_POINT('Ctrl Pts',(2.78903814981133,-5.09326626269421,-1.55044324024938));
#7733=CARTESIAN_POINT('Ctrl Pts',(3.04846629124189,-5.0644503563084,-1.6797798433118));
#7734=CARTESIAN_POINT('Ctrl Pts',(3.43161478400432,-5.02101756814911,-1.88505674720738));
#7735=CARTESIAN_POINT('Ctrl Pts',(3.55828680231487,-5.00657486227206,-1.95543060985504));
#7736=CARTESIAN_POINT('Ctrl Pts',(3.81020541429898,-4.97719845651924,-2.09873027342996));
#7737=CARTESIAN_POINT('Ctrl Pts',(3.93513452382399,-4.96327307037632,-2.17181431442006));
#7738=CARTESIAN_POINT('Ctrl Pts',(4.05967573603564,-4.94809584243736,-2.24650396753691));
#7739=CARTESIAN_POINT('Ctrl Pts',(-9.40000941383686,-6.08545781866245,0.616838098865604));
#7740=CARTESIAN_POINT('Ctrl Pts',(-9.10831834781215,-6.08547036091384,0.616840516494202));
#7741=CARTESIAN_POINT('Ctrl Pts',(-8.81687936523602,-6.07441672912937,0.615881097897356));
#7742=CARTESIAN_POINT('Ctrl Pts',(-8.23422922795227,-6.04808223768771,0.608494430304204));
#7743=CARTESIAN_POINT('Ctrl Pts',(-7.94310813213639,-6.03290081033285,0.602040490908751));
#7744=CARTESIAN_POINT('Ctrl Pts',(-7.07014062293154,-5.9821888071721,0.574638754905762));
#7745=CARTESIAN_POINT('Ctrl Pts',(-6.48878127701608,-5.94295326880022,0.545093169981267));
#7746=CARTESIAN_POINT('Ctrl Pts',(-4.74816527585086,-5.8180673210415,0.419228578636554));
#7747=CARTESIAN_POINT('Ctrl Pts',(-3.59162461055934,-5.7242236519903,0.285579179793506));
#7748=CARTESIAN_POINT('Ctrl Pts',(-1.87473396594022,-5.57600620538069,-0.0184706216763972));
#7749=CARTESIAN_POINT('Ctrl Pts',(-1.30586105942104,-5.52490934913126,-0.138087948196092));
#7750=CARTESIAN_POINT('Ctrl Pts',(-0.179374722962805,-5.42031940562571,
-0.422292231690135));
#7751=CARTESIAN_POINT('Ctrl Pts',(0.378435671134604,-5.36671899178462,-0.586279651701358));
#7752=CARTESIAN_POINT('Ctrl Pts',(1.19935518811271,-5.28465781935415,-0.877586780237035));
#7753=CARTESIAN_POINT('Ctrl Pts',(1.47021643914983,-5.25701689608023,-0.982358776168986));
#7754=CARTESIAN_POINT('Ctrl Pts',(2.00627500936609,-5.20132232584081,-1.20524270978015));
#7755=CARTESIAN_POINT('Ctrl Pts',(2.27222474678734,-5.17330662584663,-1.3218946087532));
#7756=CARTESIAN_POINT('Ctrl Pts',(2.79455766000586,-5.11673291156114,-1.57517499235082));
#7757=CARTESIAN_POINT('Ctrl Pts',(3.05387307964571,-5.08835029047621,-1.70577227290621));
#7758=CARTESIAN_POINT('Ctrl Pts',(3.43669434021165,-5.04554859376301,-1.91299045735929));
#7759=CARTESIAN_POINT('Ctrl Pts',(3.56326609710907,-5.0313082824538,-1.98401967003377));
#7760=CARTESIAN_POINT('Ctrl Pts',(3.81485402949136,-5.00233804502493,-2.12861937907668));
#7761=CARTESIAN_POINT('Ctrl Pts',(3.93988433521117,-4.98858107693675,-2.20234980135172));
#7762=CARTESIAN_POINT('Ctrl Pts',(4.06385300562575,-4.97364788884209,-2.27768701165634));
#7763=CARTESIAN_POINT('Ctrl Pts',(-6.26518178211956,-4.95000964468001,0.606141858307005));
#7764=CARTESIAN_POINT('Ctrl Pts',(-6.25751363092172,-4.94706252975971,0.606141858307005));
#7765=CARTESIAN_POINT('Ctrl Pts',(-6.24991537831944,-4.94413010091652,0.606141858307005));
#7766=CARTESIAN_POINT('Ctrl Pts',(-6.09422225401535,-4.88377928508043,0.606141858307005));
#7767=CARTESIAN_POINT('Ctrl Pts',(-5.96016113515512,-4.82681930504307,0.606141858307005));
#7768=CARTESIAN_POINT('Ctrl Pts',(-5.92859152694987,-4.81315352426046,0.606141858307005));
#7769=CARTESIAN_POINT('Ctrl Pts',(-5.91830733616351,-4.80815918277329,0.606141858307005));
#7770=CARTESIAN_POINT('Ctrl Pts',(-5.91108503955242,-4.80285661563206,0.606141858307005));
#7771=CARTESIAN_POINT('Ctrl Pts',(-5.90974202274336,-4.80171879287121,0.606141858306999));
#7772=CARTESIAN_POINT('Ctrl Pts',(-5.90835376916719,-4.80005225515692,0.606141858306999));
#7773=CARTESIAN_POINT('Ctrl Pts',(-5.90796108036137,-4.79949303204701,0.606141858307005));
#7774=CARTESIAN_POINT('Ctrl Pts',(-5.90755959595814,-4.79864236480963,0.606141858307005));
#7775=CARTESIAN_POINT('Ctrl Pts',(-5.90745667079505,-4.79837126967627,0.606141858307005));
#7776=CARTESIAN_POINT('Ctrl Pts',(-5.90732290499612,-4.7978564468692,0.606141858307005));
#7777=CARTESIAN_POINT('Ctrl Pts',(-5.90728375336609,-4.7976161270619,0.606141858307005));
#7778=CARTESIAN_POINT('Ctrl Pts',(-5.9072722772246,-4.79737287787899,0.606141858307005));
#7779=CARTESIAN_POINT('Ctrl Pts',(-9.42572876181649,5.0807115928386,0.616870715531062));
#7780=CARTESIAN_POINT('Ctrl Pts',(-9.42534209910823,5.09038732943888,0.616870714840831));
#7781=CARTESIAN_POINT('Ctrl Pts',(-9.4245700813299,5.1097060856869,0.616870699971843));
#7782=CARTESIAN_POINT('Ctrl Pts',(-9.4234117977397,5.13867783322967,0.616870651941578));
#7783=CARTESIAN_POINT('Ctrl Pts',(-9.42185518159895,5.17757874371818,0.616870585641584));
#7784=CARTESIAN_POINT('Ctrl Pts',(-9.419875893796,5.2271461538616,0.6168705792003));
#7785=CARTESIAN_POINT('Ctrl Pts',(-9.417863857418,5.277945186472,0.6168706924173));
#7786=CARTESIAN_POINT('Ctrl Pts',(-9.415831050961,5.3301041479723,0.6168709373903));
#7787=CARTESIAN_POINT('Ctrl Pts',(-9.413798816356,5.383603984506,0.6168713008703));
#7788=CARTESIAN_POINT('Ctrl Pts',(-9.411795456956,5.4383069083992,0.616871750062301));
#7789=CARTESIAN_POINT('Ctrl Pts',(-9.409853982144,5.4939813530855,0.6168722384223));
#7790=CARTESIAN_POINT('Ctrl Pts',(-9.408009851932,5.5503269280299,0.616872711453301));
#7791=CARTESIAN_POINT('Ctrl Pts',(-9.406298721563,5.6069993736535,0.616873112502301));
#7792=CARTESIAN_POINT('Ctrl Pts',(-9.404754186111,5.6636355162573,0.616873388563301));
#7793=CARTESIAN_POINT('Ctrl Pts',(-9.403405525087,5.7198782229471,0.6168734960653));
#7794=CARTESIAN_POINT('Ctrl Pts',(-9.402275447036,5.7754013565573,0.6168734066793));
#7795=CARTESIAN_POINT('Ctrl Pts',(-9.401377834144,5.8299347305756,0.616873113111301));
#7796=CARTESIAN_POINT('Ctrl Pts',(-9.400715486833,5.8832890640676,0.616872634896301));
#7797=CARTESIAN_POINT('Ctrl Pts',(-9.40027786837,5.9353809365998,0.6168720242053));
#7798=CARTESIAN_POINT('Ctrl Pts',(-9.400038773046,5.9862740089699,0.6168713714233));
#7799=CARTESIAN_POINT('Ctrl Pts',(-9.399971278239,6.0261815523705,0.6168709235683));
#7800=CARTESIAN_POINT('Ctrl Pts',(-9.399961422213,6.0558333818558,0.6168707128133));
#7801=CARTESIAN_POINT('Ctrl Pts',(-9.399961424947,6.0755595901983,0.616870660109299));
#7802=CARTESIAN_POINT('Ctrl Pts',(-9.399961418395,6.0854306279318,0.6168706602793));
#7803=CARTESIAN_POINT('Ctrl Pts',(-9.399961417152,6.0873033042217,0.616870660311299));
#7804=CARTESIAN_POINT('Ctrl Pts',(-9.39996141591,6.0891759805115,0.6168706603433));
#7805=CARTESIAN_POINT('Ctrl Pts',(-9.399961414667,6.0910486568014,0.6168706603753));
#7806=CARTESIAN_POINT('Ctrl Pts',(-9.399961413424,6.0929213330912,0.6168706604073));
#7807=CARTESIAN_POINT('Ctrl Pts',(-9.399961412181,6.0947940093811,0.6168706604393));
#7808=CARTESIAN_POINT('Ctrl Pts',(-9.14505822300793,5.07047019996475,0.616870907957192));
#7809=CARTESIAN_POINT('Ctrl Pts',(-9.14456403837687,5.08024322079714,0.616870907216084));
#7810=CARTESIAN_POINT('Ctrl Pts',(-9.14357733907464,5.09975621040207,0.616870588789092));
#7811=CARTESIAN_POINT('Ctrl Pts',(-9.14209710327115,5.12901923632878,0.616870229843665));
#7812=CARTESIAN_POINT('Ctrl Pts',(-9.14010818817446,5.1683112283442,0.616869734520002));
#7813=CARTESIAN_POINT('Ctrl Pts',(-9.13757812103,5.218376982853,0.6168691719053));
#7814=CARTESIAN_POINT('Ctrl Pts',(-9.13500180292,5.269686903642,0.616868720872301));
#7815=CARTESIAN_POINT('Ctrl Pts',(-9.132389965884,5.3223707700093,0.6168684113173));
#7816=CARTESIAN_POINT('Ctrl Pts',(-9.129764379311,5.3764095566484,0.6168682524013));
#7817=CARTESIAN_POINT('Ctrl Pts',(-9.127155116641,5.4316643344529,0.6168682368113));
#7818=CARTESIAN_POINT('Ctrl Pts',(-9.124598009472,5.4879014628683,0.616868345074301));
#7819=CARTESIAN_POINT('Ctrl Pts',(-9.122132101674,5.5448177822456,0.6168685498543));
#7820=CARTESIAN_POINT('Ctrl Pts',(-9.119797103491,5.6020658061926,0.6168688202643));
#7821=CARTESIAN_POINT('Ctrl Pts',(-9.117630845657,5.6592789139272,0.6168691261683));
#7822=CARTESIAN_POINT('Ctrl Pts',(-9.115666733496,5.7160965426292,0.6168694424933));
#7823=CARTESIAN_POINT('Ctrl Pts',(-9.11393120104,5.772189379794,0.6168697535273));
#7824=CARTESIAN_POINT('Ctrl Pts',(-9.112441165129,5.8272845555839,0.616870057232301));
#7825=CARTESIAN_POINT('Ctrl Pts',(-9.111201479525,5.8811908351813,0.6168703695473));
#7826=CARTESIAN_POINT('Ctrl Pts',(-9.110202389021,5.9338238111407,0.6168707286953));
#7827=CARTESIAN_POINT('Ctrl Pts',(-9.109416732444,5.985247531145,0.6168711996383));
#7828=CARTESIAN_POINT('Ctrl Pts',(-9.108921923178,6.0255724477356,0.616871742437301));
#7829=CARTESIAN_POINT('Ctrl Pts',(-9.10859499493,6.0555348142034,0.616872302001301));
#7830=CARTESIAN_POINT('Ctrl Pts',(-9.108384132858,6.0754676777619,0.6168727656993));
#7831=CARTESIAN_POINT('Ctrl Pts',(-9.108278609531,6.0854421254071,0.616873023630301));
#7832=CARTESIAN_POINT('Ctrl Pts',(-9.108258590255,6.0873344200283,0.6168730725633));
#7833=CARTESIAN_POINT('Ctrl Pts',(-9.108238570979,6.0892267146496,0.616873121497299));
#7834=CARTESIAN_POINT('Ctrl Pts',(-9.108218551703,6.0911190092709,0.6168731704303));
#7835=CARTESIAN_POINT('Ctrl Pts',(-9.108198532427,6.0930113038921,0.616873219363301));
#7836=CARTESIAN_POINT('Ctrl Pts',(-9.10817851315,6.0949035985134,0.6168732682963));
#7837=CARTESIAN_POINT('Ctrl Pts',(-8.86450550466965,5.05659791474888,0.616868635269229));
#7838=CARTESIAN_POINT('Ctrl Pts',(-8.8639121932398,5.06637691734701,0.616868635601413));
#7839=CARTESIAN_POINT('Ctrl Pts',(-8.86272730184483,5.08590314466105,0.61687572493367));
#7840=CARTESIAN_POINT('Ctrl Pts',(-8.86094895593491,5.11518968360886,0.616880556965014));
#7841=CARTESIAN_POINT('Ctrl Pts',(-8.85855787799156,5.15451999156041,0.616882864799442));
#7842=CARTESIAN_POINT('Ctrl Pts',(-8.855512071419,5.2046446945877,0.6168784656383));
#7843=CARTESIAN_POINT('Ctrl Pts',(-8.85240385797,5.2560243693259,0.6168665695373));
#7844=CARTESIAN_POINT('Ctrl Pts',(-8.849242582214,5.3087888234065,0.616847116507301));
#7845=CARTESIAN_POINT('Ctrl Pts',(-8.84605019996,5.362919276837,0.6168201782973));
#7846=CARTESIAN_POINT('Ctrl Pts',(-8.842858240606,5.418277221702,0.616785934562301));
#7847=CARTESIAN_POINT('Ctrl Pts',(-8.839704995101,5.4746295690478,0.616744649356301));
#7848=CARTESIAN_POINT('Ctrl Pts',(-8.836632703897,5.5316737957671,0.6166966476283));
#7849=CARTESIAN_POINT('Ctrl Pts',(-8.833684744912,5.5890630914828,0.616642291716301));
#7850=CARTESIAN_POINT('Ctrl Pts',(-8.830902821488,5.6464315054324,0.6165819578403));
#7851=CARTESIAN_POINT('Ctrl Pts',(-8.828324150347,5.7034190933535,0.6165160125993));
#7852=CARTESIAN_POINT('Ctrl Pts',(-8.825978649552,5.7596970643659,0.6164447894603));
#7853=CARTESIAN_POINT('Ctrl Pts',(-8.823886126462,5.814992927858,0.616368565260299));
#7854=CARTESIAN_POINT('Ctrl Pts',(-8.822053465693,5.86911564037,0.6162875366953));
#7855=CARTESIAN_POINT('Ctrl Pts',(-8.820471817078,5.9219807524787,0.6162017968133));
#7856=CARTESIAN_POINT('Ctrl Pts',(-8.819113349441,5.973652070219,0.6161112825853));
#7857=CARTESIAN_POINT('Ctrl Pts',(-8.81816648776,6.0141868801691,0.616034918123301));
#7858=CARTESIAN_POINT('Ctrl Pts',(-8.817502147959,6.0443128691288,0.6159752544343));
#7859=CARTESIAN_POINT('Ctrl Pts',(-8.817066191997,6.0643574010276,0.6159343340903));
#7860=CARTESIAN_POINT('Ctrl Pts',(-8.8168478831,6.0743883400464,0.615913562455301));
#7861=CARTESIAN_POINT('Ctrl Pts',(-8.816806466796,6.0762913518849,0.6159096217813));
#7862=CARTESIAN_POINT('Ctrl Pts',(-8.816765050493,6.0781943637234,0.6159056811063));
#7863=CARTESIAN_POINT('Ctrl Pts',(-8.816723634189,6.0800973755619,0.615901740431301));
#7864=CARTESIAN_POINT('Ctrl Pts',(-8.816682217886,6.0820003874005,0.615897799757301));
#7865=CARTESIAN_POINT('Ctrl Pts',(-8.816640801582,6.083903399239,0.6158938590823));
#7866=CARTESIAN_POINT('Ctrl Pts',(-8.30405145086401,5.01906816498252,0.616855127898188));
#7867=CARTESIAN_POINT('Ctrl Pts',(-8.30326885828853,5.02887829106785,0.616855162547672));
#7868=CARTESIAN_POINT('Ctrl Pts',(-8.30170474756677,5.04847142038256,0.616789162761028));
#7869=CARTESIAN_POINT('Ctrl Pts',(-8.29935378620762,5.07787213808337,0.616712120821056));
#7870=CARTESIAN_POINT('Ctrl Pts',(-8.29618566829378,5.11738108384671,0.616587978470821));
#7871=CARTESIAN_POINT('Ctrl Pts',(-8.292135737661,5.1677711603619,0.616393201463301));
#7872=CARTESIAN_POINT('Ctrl Pts',(-8.287984456909,5.2194572836186,0.6161565723563));
#7873=CARTESIAN_POINT('Ctrl Pts',(-8.283738429246,5.2725691153531,0.6158772187713));
#7874=CARTESIAN_POINT('Ctrl Pts',(-8.279419939421,5.3270883910268,0.615555482719301));
#7875=CARTESIAN_POINT('Ctrl Pts',(-8.275063323606,5.3828776670847,0.6151926929013));
#7876=CARTESIAN_POINT('Ctrl Pts',(-8.270711639254,5.4397053357415,0.6147909514353));
#7877=CARTESIAN_POINT('Ctrl Pts',(-8.266413334958,5.4972706397658,0.6143529205913));
#7878=CARTESIAN_POINT('Ctrl Pts',(-8.26221892032,5.5552286872638,0.6138816095133));
#7879=CARTESIAN_POINT('Ctrl Pts',(-8.258177635806,5.6132154664656,0.613380160955301));
#7880=CARTESIAN_POINT('Ctrl Pts',(-8.25433412261,5.6708728605091,0.612851638007299));
#7881=CARTESIAN_POINT('Ctrl Pts',(-8.250725092516,5.7278736622247,0.6122988108213));
#7882=CARTESIAN_POINT('Ctrl Pts',(-8.247375997758,5.7839465889203,0.6117239433473));
#7883=CARTESIAN_POINT('Ctrl Pts',(-8.244297700884,5.8389012971663,0.611128580057301));
#7884=CARTESIAN_POINT('Ctrl Pts',(-8.241483144614,5.8926533975799,0.610513332675301));
#7885=CARTESIAN_POINT('Ctrl Pts',(-8.238903197135,5.9452662850792,0.6098774636813));
#7886=CARTESIAN_POINT('Ctrl Pts',(-8.236985227797,5.9865965761318,0.609350863998301));
#7887=CARTESIAN_POINT('Ctrl Pts',(-8.235592375453,6.0173417840075,0.6089442482983));
#7888=CARTESIAN_POINT('Ctrl Pts',(-8.234668955985,6.0378087457033,0.608667232611301));
#7889=CARTESIAN_POINT('Ctrl Pts',(-8.234206062008,6.0480533740056,0.6085270404683));
#7890=CARTESIAN_POINT('Ctrl Pts',(-8.234118244436,6.0499969257414,0.6085004440243));
#7891=CARTESIAN_POINT('Ctrl Pts',(-8.234030426863,6.051940477477,0.608473847580299));
#7892=CARTESIAN_POINT('Ctrl Pts',(-8.23394260929,6.0538840292128,0.608447251136301));
#7893=CARTESIAN_POINT('Ctrl Pts',(-8.233854791718,6.0558275809485,0.6084206546923));
#7894=CARTESIAN_POINT('Ctrl Pts',(-8.233766974145,6.0577711326842,0.6083940582483));
#7895=CARTESIAN_POINT('Ctrl Pts',(-8.02409195001446,4.99592178185774,0.616826715548791));
#7896=CARTESIAN_POINT('Ctrl Pts',(-8.0232208081056,5.00575290139565,0.616826853743153));
#7897=CARTESIAN_POINT('Ctrl Pts',(-8.02147898391143,5.02539137816761,0.616681244258115));
#7898=CARTESIAN_POINT('Ctrl Pts',(-8.01885840128651,5.05487035618149,0.616518047095916));
#7899=CARTESIAN_POINT('Ctrl Pts',(-8.01532191188581,5.09450304194399,0.616265788740773));
#7900=CARTESIAN_POINT('Ctrl Pts',(-8.010791798058,5.1450785205006,0.6158857684113));
#7901=CARTESIAN_POINT('Ctrl Pts',(-8.006137660019,5.1969798836531,0.615437016744301));
#7902=CARTESIAN_POINT('Ctrl Pts',(-8.001364761167,5.2503365573905,0.614917920947301));
#7903=CARTESIAN_POINT('Ctrl Pts',(-7.996495516232,5.3051305533958,0.6143290055783));
#7904=CARTESIAN_POINT('Ctrl Pts',(-7.991565578448,5.3612251320253,0.6136725311913));
#7905=CARTESIAN_POINT('Ctrl Pts',(-7.98662026229,5.4183897190786,0.6129521211413));
#7906=CARTESIAN_POINT('Ctrl Pts',(-7.9817109662,5.4763248225699,0.612172388378301));
#7907=CARTESIAN_POINT('Ctrl Pts',(-7.976891595325,5.5346869494977,0.6113385622503));
#7908=CARTESIAN_POINT('Ctrl Pts',(-7.972214984242,5.593113522617,0.6104561152993));
#7909=CARTESIAN_POINT('Ctrl Pts',(-7.967729319695,5.6512477972089,0.6095303900623));
#7910=CARTESIAN_POINT('Ctrl Pts',(-7.963474563323,5.7087637778512,0.6085662258703));
#7911=CARTESIAN_POINT('Ctrl Pts',(-7.95947887439,5.7653911351897,0.607567585645301));
#7912=CARTESIAN_POINT('Ctrl Pts',(-7.955755032522,5.8209401227092,0.606537182703301));
#7913=CARTESIAN_POINT('Ctrl Pts',(-7.952296860433,5.875326493503,0.6054761075473));
#7914=CARTESIAN_POINT('Ctrl Pts',(-7.949074616808,5.9286134479519,0.604383105342301));
#7915=CARTESIAN_POINT('Ctrl Pts',(-7.946642440746,5.97051387684,0.603480729474301));
#7916=CARTESIAN_POINT('Ctrl Pts',(-7.944862023045,6.0017032825043,0.602785445101301));
#7917=CARTESIAN_POINT('Ctrl Pts',(-7.943678563886,6.0224734538216,0.602312390177301));
#7918=CARTESIAN_POINT('Ctrl Pts',(-7.943085031883,6.0328715081309,0.602073135662301));
#7919=CARTESIAN_POINT('Ctrl Pts',(-7.942972430418,6.0348441669628,0.602027745677301));
#7920=CARTESIAN_POINT('Ctrl Pts',(-7.942859828952,6.0368168257948,0.6019823556923));
#7921=CARTESIAN_POINT('Ctrl Pts',(-7.942747227487,6.0387894846268,0.6019369657063));
#7922=CARTESIAN_POINT('Ctrl Pts',(-7.942634626022,6.0407621434588,0.6018915757213));
#7923=CARTESIAN_POINT('Ctrl Pts',(-7.942522024557,6.0427348022908,0.601846185736299));
#7924=CARTESIAN_POINT('Ctrl Pts',(-7.18473210079904,4.92303417980775,0.616863930218659));
#7925=CARTESIAN_POINT('Ctrl Pts',(-7.18361716885333,4.93286916542761,0.616864246583879));
#7926=CARTESIAN_POINT('Ctrl Pts',(-7.1813839262625,4.95252625410627,0.616364442345827));
#7927=CARTESIAN_POINT('Ctrl Pts',(-7.17801375718303,4.98207342118573,0.615819594788454));
#7928=CARTESIAN_POINT('Ctrl Pts',(-7.17344449585531,5.0218686167026,0.615003659167479));
#7929=CARTESIAN_POINT('Ctrl Pts',(-7.167554089355,5.0727559881641,0.6138154076303));
#7930=CARTESIAN_POINT('Ctrl Pts',(-7.161461955353,5.1250718553414,0.612447537909301));
#7931=CARTESIAN_POINT('Ctrl Pts',(-7.155169416059,5.178943420117,0.610895373870299));
#7932=CARTESIAN_POINT('Ctrl Pts',(-7.14869899657,5.2343537193449,0.609160106243301));
#7933=CARTESIAN_POINT('Ctrl Pts',(-7.142089738585,5.2911697233927,0.6072476882273));
#7934=CARTESIAN_POINT('Ctrl Pts',(-7.135392950431,5.3491666653738,0.6051678190983));
#7935=CARTESIAN_POINT('Ctrl Pts',(-7.128667957088,5.4080523703815,0.602932927829301));
#7936=CARTESIAN_POINT('Ctrl Pts',(-7.121977850217,5.467491584719,0.6005571567023));
#7937=CARTESIAN_POINT('Ctrl Pts',(-7.115385238188,5.5271303051345,0.5980553449223));
#7938=CARTESIAN_POINT('Ctrl Pts',(-7.108947996101,5.5866201080515,0.5954420122343));
#7939=CARTESIAN_POINT('Ctrl Pts',(-7.102715015818,5.6456424788025,0.592730342535301));
#7940=CARTESIAN_POINT('Ctrl Pts',(-7.096721955985,5.7039331408613,0.5899311674913));
#7941=CARTESIAN_POINT('Ctrl Pts',(-7.09098699206,5.761306385075,0.587051950152301));
#7942=CARTESIAN_POINT('Ctrl Pts',(-7.085506566339,5.817679398897,0.584095768561301));
#7943=CARTESIAN_POINT('Ctrl Pts',(-7.080249457774,5.8731143130303,0.581059328909301));
#7944=CARTESIAN_POINT('Ctrl Pts',(-7.076175719282,5.9168574228708,0.5785595038263));
#7945=CARTESIAN_POINT('Ctrl Pts',(-7.073151954863,5.9494944287552,0.576637439697301));
#7946=CARTESIAN_POINT('Ctrl Pts',(-7.071132002344,5.9712570227653,0.5753315543253));
#7947=CARTESIAN_POINT('Ctrl Pts',(-7.070117736647,5.9821581749811,0.574671546577299));
#7948=CARTESIAN_POINT('Ctrl Pts',(-7.069925316014,5.9842262786433,0.5745463337183));
#7949=CARTESIAN_POINT('Ctrl Pts',(-7.069732895382,5.9862943823055,0.5744211208583));
#7950=CARTESIAN_POINT('Ctrl Pts',(-7.069540474749,5.9883624859678,0.5742959079993));
#7951=CARTESIAN_POINT('Ctrl Pts',(-7.069348054117,5.99043058963,0.5741706951393));
#7952=CARTESIAN_POINT('Ctrl Pts',(-7.069155633484,5.9924986932923,0.574045482280301));
#7953=CARTESIAN_POINT('Ctrl Pts',(-6.62536288987033,4.87096884247266,0.616065701255627));
#7954=CARTESIAN_POINT('Ctrl Pts',(-6.6241190279486,4.88073460533886,0.616059894681379));
#7955=CARTESIAN_POINT('Ctrl Pts',(-6.6216272787175,4.90025925840508,0.615189041608539));
#7956=CARTESIAN_POINT('Ctrl Pts',(-6.61785418652055,4.92964788417244,0.614238216846003));
#7957=CARTESIAN_POINT('Ctrl Pts',(-6.61271652768426,4.96929645181202,0.612824264862022));
#7958=CARTESIAN_POINT('Ctrl Pts',(-6.606056218084,5.0200940726595,0.6107818448833));
#7959=CARTESIAN_POINT('Ctrl Pts',(-6.599130101596,5.0724051934223,0.6084459974923));
#7960=CARTESIAN_POINT('Ctrl Pts',(-6.591937100175,5.1263535926027,0.6058090056833));
#7961=CARTESIAN_POINT('Ctrl Pts',(-6.584499442419,5.1819232269378,0.6028726999483));
#7962=CARTESIAN_POINT('Ctrl Pts',(-6.576857583258,5.2389855589452,0.5996466571323));
#7963=CARTESIAN_POINT('Ctrl Pts',(-6.569065616988,5.297323121803,0.5961465505663));
#7964=CARTESIAN_POINT('Ctrl Pts',(-6.561186690303,5.3566530842331,0.5923925002033));
#7965=CARTESIAN_POINT('Ctrl Pts',(-6.553288415323,5.4166508153816,0.5884074227553));
#7966=CARTESIAN_POINT('Ctrl Pts',(-6.545438282628,5.4769734497021,0.5842153818283));
#7967=CARTESIAN_POINT('Ctrl Pts',(-6.537699074289,5.5372834518358,0.579839938057301));
#7968=CARTESIAN_POINT('Ctrl Pts',(-6.530124276898,5.5972721814948,0.5753024992453));
#7969=CARTESIAN_POINT('Ctrl Pts',(-6.522753494602,5.656683458343,0.5706206704943));
#7970=CARTESIAN_POINT('Ctrl Pts',(-6.515607862132,5.7153371268783,0.565806604345301));
#7971=CARTESIAN_POINT('Ctrl Pts',(-6.508685457836,5.773152621314,0.5608653509113));
#7972=CARTESIAN_POINT('Ctrl Pts',(-6.501954565467,5.8301907602742,0.555791586403301));
#7973=CARTESIAN_POINT('Ctrl Pts',(-6.496674999935,5.8753395080635,0.551616162708299));
#7974=CARTESIAN_POINT('Ctrl Pts',(-6.492729755655,5.9090945379078,0.548407071996301));
#7975=CARTESIAN_POINT('Ctrl Pts',(-6.49008682545,5.9316284960505,0.546227492295301));
#7976=CARTESIAN_POINT('Ctrl Pts',(-6.488758552257,5.9429217309752,0.5451261157693));
#7977=CARTESIAN_POINT('Ctrl Pts',(-6.488506559935,5.9450642183053,0.544917168973301));
#7978=CARTESIAN_POINT('Ctrl Pts',(-6.488254567613,5.9472067056355,0.544708222178301));
#7979=CARTESIAN_POINT('Ctrl Pts',(-6.488002575292,5.9493491929656,0.5444992753823));
#7980=CARTESIAN_POINT('Ctrl Pts',(-6.48775058297,5.9514916802958,0.5442903285863));
#7981=CARTESIAN_POINT('Ctrl Pts',(-6.487498590648,5.9536341676259,0.544081381790301));
#7982=CARTESIAN_POINT('Ctrl Pts',(-4.94928094967797,4.69907698399268,0.59344254764125));
#7983=CARTESIAN_POINT('Ctrl Pts',(-4.94773312500932,4.70863037026814,0.593401591291719));
#7984=CARTESIAN_POINT('Ctrl Pts',(-4.9446510669989,4.72774032223455,0.591565390399704));
#7985=CARTESIAN_POINT('Ctrl Pts',(-4.93992129828311,4.75665435625974,0.589485667946684));
#7986=CARTESIAN_POINT('Ctrl Pts',(-4.93339152620774,4.79589662157654,0.586324954813313));
#7987=CARTESIAN_POINT('Ctrl Pts',(-4.924781094013,4.8465086878976,0.5816612272933));
#7988=CARTESIAN_POINT('Ctrl Pts',(-4.915684646636,4.8989236882978,0.5762453975963));
#7989=CARTESIAN_POINT('Ctrl Pts',(-4.906095288277,4.9532519157722,0.5700608483773));
#7990=CARTESIAN_POINT('Ctrl Pts',(-4.896033639248,5.0094803346571,0.563111205990301));
#7991=CARTESIAN_POINT('Ctrl Pts',(-4.88554197506,5.0674970057145,0.5554165080143));
#7992=CARTESIAN_POINT('Ctrl Pts',(-4.874679003312,5.1271117622975,0.5470097162253));
#7993=CARTESIAN_POINT('Ctrl Pts',(-4.86351464057,5.1880768865179,0.5379332295723));
#7994=CARTESIAN_POINT('Ctrl Pts',(-4.85212478925,5.2501077854118,0.5282353971473));
#7995=CARTESIAN_POINT('Ctrl Pts',(-4.840586114503,5.3129036671045,0.517967031163301));
#7996=CARTESIAN_POINT('Ctrl Pts',(-4.828970821094,5.3761682169802,0.5071779199243));
#7997=CARTESIAN_POINT('Ctrl Pts',(-4.817341430289,5.4396302738449,0.4959133408043));
#7998=CARTESIAN_POINT('Ctrl Pts',(-4.805745556735,5.5030645060943,0.4842105732143));
#7999=CARTESIAN_POINT('Ctrl Pts',(-4.794210685342,5.5663120878797,0.4720954115813));
#8000=CARTESIAN_POINT('Ctrl Pts',(-4.782738948167,5.6293013752748,0.459578678319301));
#8001=CARTESIAN_POINT('Ctrl Pts',(-4.771298244764,5.6920886497216,0.4466486042583));
#8002=CARTESIAN_POINT('Ctrl Pts',(-4.762121289679,5.742276580619,0.4359524051213));
#8003=CARTESIAN_POINT('Ctrl Pts',(-4.755176898875,5.7800382216533,0.4277067244423));
#8004=CARTESIAN_POINT('Ctrl Pts',(-4.750498799466,5.8053354792075,0.4220979936483));
#8005=CARTESIAN_POINT('Ctrl Pts',(-4.748143074993,5.8180329912691,0.4192621300713));
#8006=CARTESIAN_POINT('Ctrl Pts',(-4.747696160546,5.8204418899502,0.418724126405301));
#8007=CARTESIAN_POINT('Ctrl Pts',(-4.747249246099,5.8228507886314,0.4181861227393));
#8008=CARTESIAN_POINT('Ctrl Pts',(-4.746802331653,5.8252596873126,0.4176481190743));
#8009=CARTESIAN_POINT('Ctrl Pts',(-4.746355417206,5.8276685859938,0.417110115408301));
#8010=CARTESIAN_POINT('Ctrl Pts',(-4.745908502759,5.8300774846749,0.416572111743299));
#8011=CARTESIAN_POINT('Ctrl Pts',(-3.83399357765419,4.56343302112922,0.549488492169841));
#8012=CARTESIAN_POINT('Ctrl Pts',(-3.8323579227185,4.57283380818757,0.549400628285104));
#8013=CARTESIAN_POINT('Ctrl Pts',(-3.82915867460462,4.59165869777327,0.547200890769398));
#8014=CARTESIAN_POINT('Ctrl Pts',(-3.82415817842189,4.62026529694549,0.544566821767181));
#8015=CARTESIAN_POINT('Ctrl Pts',(-3.81715483576656,4.659287570857,0.540407820990789));
#8016=CARTESIAN_POINT('Ctrl Pts',(-3.807764276501,4.7098883361132,0.5340441979243));
#8017=CARTESIAN_POINT('Ctrl Pts',(-3.797698462022,4.7625239716671,0.526464593746301));
#8018=CARTESIAN_POINT('Ctrl Pts',(-3.786948760985,4.8172914379889,0.5176472808823));
#8019=CARTESIAN_POINT('Ctrl Pts',(-3.775533725868,4.8741800145873,0.5075968909333));
#8020=CARTESIAN_POINT('Ctrl Pts',(-3.763493307605,4.9330929990304,0.4963394090773));
#8021=CARTESIAN_POINT('Ctrl Pts',(-3.750883765791,4.9938656578845,0.483917639835301));
#8022=CARTESIAN_POINT('Ctrl Pts',(-3.737772578884,5.056283177655,0.470386672838301));
#8023=CARTESIAN_POINT('Ctrl Pts',(-3.724233354412,5.1200986157253,0.4558093485903));
#8024=CARTESIAN_POINT('Ctrl Pts',(-3.710340739178,5.185050851298,0.440251724236301));
#8025=CARTESIAN_POINT('Ctrl Pts',(-3.696165329464,5.2508825363329,0.423778539327301));
#8026=CARTESIAN_POINT('Ctrl Pts',(-3.681768581237,5.3173580464886,0.4064486815853));
#8027=CARTESIAN_POINT('Ctrl Pts',(-3.667197720351,5.3842814320609,0.3883106526723));
#8028=CARTESIAN_POINT('Ctrl Pts',(-3.652480652756,5.4515143689238,0.369398033950301));
#8029=CARTESIAN_POINT('Ctrl Pts',(-3.6376208747,5.5189941094686,0.3497249522533));
#8030=CARTESIAN_POINT('Ctrl Pts',(-3.622587578181,5.5867730962119,0.3292750096943));
#8031=CARTESIAN_POINT('Ctrl Pts',(-3.610376388363,5.6413367600699,0.3122662633763));
#8032=CARTESIAN_POINT('Ctrl Pts',(-3.601068284267,5.6825765423489,0.2991114972313));
#8033=CARTESIAN_POINT('Ctrl Pts',(-3.594775807529,5.7102716330926,0.2901484216233));
#8034=CARTESIAN_POINT('Ctrl Pts',(-3.591602819162,5.7241873675555,0.2856133245643));
#8035=CARTESIAN_POINT('Ctrl Pts',(-3.591000858128,5.7268273803574,0.2847529521323));
#8036=CARTESIAN_POINT('Ctrl Pts',(-3.590398897094,5.7294673931593,0.283892579701301));
#8037=CARTESIAN_POINT('Ctrl Pts',(-3.58979693606,5.7321074059612,0.2830322072693));
#8038=CARTESIAN_POINT('Ctrl Pts',(-3.589194975025,5.7347474187632,0.282171834838301));
#8039=CARTESIAN_POINT('Ctrl Pts',(-3.588593013991,5.7373874315651,0.2813114624073));
#8040=CARTESIAN_POINT('Ctrl Pts',(-2.17240230076371,4.32085354109541,0.408571410521076));
#8041=CARTESIAN_POINT('Ctrl Pts',(-2.1707499075398,4.33031928352246,0.408407756504753));
#8042=CARTESIAN_POINT('Ctrl Pts',(-2.16750491261754,4.34937357426859,0.406590851157202));
#8043=CARTESIAN_POINT('Ctrl Pts',(-2.16233651584619,4.37847715306946,0.403924925929567));
#8044=CARTESIAN_POINT('Ctrl Pts',(-2.15493708815129,4.41845395004582,0.399138555826529));
#8045=CARTESIAN_POINT('Ctrl Pts',(-2.144776676086,4.4706460311647,0.391010572621301));
#8046=CARTESIAN_POINT('Ctrl Pts',(-2.133672255527,4.5252177221154,0.380683536918301));
#8047=CARTESIAN_POINT('Ctrl Pts',(-2.121615575522,4.5822433453055,0.3681342854983));
#8048=CARTESIAN_POINT('Ctrl Pts',(-2.108621069502,4.6417154206097,0.3533677588953));
#8049=CARTESIAN_POINT('Ctrl Pts',(-2.094720918582,4.7035619741309,0.3364115815343));
#8050=CARTESIAN_POINT('Ctrl Pts',(-2.079960867458,4.7676599810097,0.3173112439213));
#8051=CARTESIAN_POINT('Ctrl Pts',(-2.064396040305,4.8338488082356,0.2961252848323));
#8052=CARTESIAN_POINT('Ctrl Pts',(-2.04808675668,4.9019436574561,0.2729204735033));
#8053=CARTESIAN_POINT('Ctrl Pts',(-2.031094347411,4.9717490077879,0.2477669918253));
#8054=CARTESIAN_POINT('Ctrl Pts',(-2.013476970505,5.0430720586259,0.220733616529301));
#8055=CARTESIAN_POINT('Ctrl Pts',(-1.99528542704,5.1157361724534,0.1918829013753));
#8056=CARTESIAN_POINT('Ctrl Pts',(-1.976558977065,5.1895943176527,0.1612663593503));
#8057=CARTESIAN_POINT('Ctrl Pts',(-1.957321155499,5.2645425113144,0.1289196448513));
#8058=CARTESIAN_POINT('Ctrl Pts',(-1.937575588029,5.3405332620486,0.0948577358762996));
#8059=CARTESIAN_POINT('Ctrl Pts',(-1.91729532528399,5.4176136482581,0.0590586745733006));
#8060=CARTESIAN_POINT('Ctrl Pts',(-1.900607882842,5.4802202891838,0.0290027762923));
#8061=CARTESIAN_POINT('Ctrl Pts',(-1.88779412487199,5.527800286893,0.00562782522230076));
#8062=CARTESIAN_POINT('Ctrl Pts',(-1.87910173735199,5.5598457170606,-0.0103442172986998));
#8063=CARTESIAN_POINT('Ctrl Pts',(-1.874712795116,5.5759668806259,-0.0184352352536994));
#8064=CARTESIAN_POINT('Ctrl Pts',(-1.873880150334,5.5790252947044,-0.0199702164686997));
#8065=CARTESIAN_POINT('Ctrl Pts',(-1.873047505552,5.5820837087829,-0.0215051976826999));
#8066=CARTESIAN_POINT('Ctrl Pts',(-1.87221486077,5.5851421228614,-0.0230401788967001));
#8067=CARTESIAN_POINT('Ctrl Pts',(-1.871382215988,5.5882005369399,-0.0245751601107003));
#8068=CARTESIAN_POINT('Ctrl Pts',(-1.870549571205,5.5912589510184,-0.0261101413246996));
#8069=CARTESIAN_POINT('Ctrl Pts',(-1.62052346692391,4.23352609477955,0.349321068106031));
#8070=CARTESIAN_POINT('Ctrl Pts',(-1.61888361013621,4.243058351319,0.349131770915654));
#8071=CARTESIAN_POINT('Ctrl Pts',(-1.61563811557605,4.26228149674317,0.347557454062981));
#8072=CARTESIAN_POINT('Ctrl Pts',(-1.61044673196555,4.2916896318311,0.344975292528662));
#8073=CARTESIAN_POINT('Ctrl Pts',(-1.60296074917889,4.33217154415952,0.340073020684305));
#8074=CARTESIAN_POINT('Ctrl Pts',(-1.59260505736,4.3851288763607,0.331422472411301));
#8075=CARTESIAN_POINT('Ctrl Pts',(-1.581221426065,4.4405807459258,0.3201962449603));
#8076=CARTESIAN_POINT('Ctrl Pts',(-1.568802173407,4.4985934232458,0.306371546815301));
#8077=CARTESIAN_POINT('Ctrl Pts',(-1.555360183569,4.5591604860004,0.2899532586213));
#8078=CARTESIAN_POINT('Ctrl Pts',(-1.540924367249,4.622218597753,0.2709685561383));
#8079=CARTESIAN_POINT('Ctrl Pts',(-1.525535889175,4.6876593639074,0.249462173961301));
#8080=CARTESIAN_POINT('Ctrl Pts',(-1.509244395619,4.7553411876685,0.2254916692403));
#8081=CARTESIAN_POINT('Ctrl Pts',(-1.49210424191,4.8251011259976,0.199122685395301));
#8082=CARTESIAN_POINT('Ctrl Pts',(-1.474170719947,4.8967667455738,0.1704242158343));
#8083=CARTESIAN_POINT('Ctrl Pts',(-1.455496285713,4.9701679787499,0.139463867676301));
#8084=CARTESIAN_POINT('Ctrl Pts',(-1.436126786788,5.0451489795125,0.1063031254633));
#8085=CARTESIAN_POINT('Ctrl Pts',(-1.416097689863,5.1215799794394,0.0709926148833002));
#8086=CARTESIAN_POINT('Ctrl Pts',(-1.395430308253,5.199369143658,0.0335673664843004));
#8087=CARTESIAN_POINT('Ctrl Pts',(-1.37412802941,5.2784744268047,-0.00595792060369948));
#8088=CARTESIAN_POINT('Ctrl Pts',(-1.352165523057,5.3589411467434,-0.0476069262836996));
#8089=CARTESIAN_POINT('Ctrl Pts',(-1.33403607645,5.4244636364905,-0.0826506323417));
#8090=CARTESIAN_POINT('Ctrl Pts',(-1.320090287308,5.4743361370858,-0.109939378752699));
#8091=CARTESIAN_POINT('Ctrl Pts',(-1.310622185567,5.5079521681764,-0.128597738192699));
#8092=CARTESIAN_POINT('Ctrl Pts',(-1.305840093442,5.5248689943317,-0.1380520857277));
#8093=CARTESIAN_POINT('Ctrl Pts',(-1.304932862533,5.5280783569232,-0.139845709958699));
#8094=CARTESIAN_POINT('Ctrl Pts',(-1.304025631624,5.5312877195145,-0.1416393341897));
#8095=CARTESIAN_POINT('Ctrl Pts',(-1.303118400714,5.534497082106,-0.1434329584207));
#8096=CARTESIAN_POINT('Ctrl Pts',(-1.302211169805,5.5377064446974,-0.1452265826527));
#8097=CARTESIAN_POINT('Ctrl Pts',(-1.301303938896,5.5409158072889,-0.147020206883699));
#8098=CARTESIAN_POINT('Ctrl Pts',(-0.522716398935128,4.04552207256325,0.203700079203772));
#8099=CARTESIAN_POINT('Ctrl Pts',(-0.521113703092162,4.05533760953235,0.203460378097987));
#8100=CARTESIAN_POINT('Ctrl Pts',(-0.517842268489222,4.0751849630249,0.202472217089209));
#8101=CARTESIAN_POINT('Ctrl Pts',(-0.512602554262646,4.10563359268785,0.200115221295329));
#8102=CARTESIAN_POINT('Ctrl Pts',(-0.504959756388246,4.14769155590574,0.194986637956913));
#8103=CARTESIAN_POINT('Ctrl Pts',(-0.494268461701999,4.2028706524556,0.185186093543301));
#8104=CARTESIAN_POINT('Ctrl Pts',(-0.482417233033996,4.2607577658549,0.171949199114301));
#8105=CARTESIAN_POINT('Ctrl Pts',(-0.469400034237999,4.3214028860653,0.155255660229301));
#8106=CARTESIAN_POINT('Ctrl Pts',(-0.455226487246996,4.3848015677125,0.135109850177301));
#8107=CARTESIAN_POINT('Ctrl Pts',(-0.439918249247999,4.450907688984,0.1115358873713));
#8108=CARTESIAN_POINT('Ctrl Pts',(-0.423506181774997,4.5196421233218,0.0845734386813));
#8109=CARTESIAN_POINT('Ctrl Pts',(-0.406027519793998,4.5909014111139,0.0542735227773008));
#8110=CARTESIAN_POINT('Ctrl Pts',(-0.387523040799998,4.6645664313872,0.0206943134603002));
#8111=CARTESIAN_POINT('Ctrl Pts',(-0.368034233909999,4.7405110734997,-0.0161030569967));
#8112=CARTESIAN_POINT('Ctrl Pts',(-0.347600468946997,4.8186109088328,-0.0560586945147001));
#8113=CARTESIAN_POINT('Ctrl Pts',(-0.326256165540997,4.8987518624834,-0.0991181398696996));
#8114=CARTESIAN_POINT('Ctrl Pts',(-0.304027962213997,4.9808388849566,-0.1452365653567));
#8115=CARTESIAN_POINT('Ctrl Pts',(-0.280931885471997,5.0648046238578,-0.1943829714547));
#8116=CARTESIAN_POINT('Ctrl Pts',(-0.256970518900996,5.1506180955853,-0.246544383485699));
#8117=CARTESIAN_POINT('Ctrl Pts',(-0.232122230556996,5.2383213876461,-0.3017476916687));
#8118=CARTESIAN_POINT('Ctrl Pts',(-0.211512008369997,5.3100345084792,-0.348363758069699));
#8119=CARTESIAN_POINT('Ctrl Pts',(-0.195616879074997,5.3647544005803,-0.384738767831699));
#8120=CARTESIAN_POINT('Ctrl Pts',(-0.184813060665995,5.4016835573993,-0.4096349930797));
#8121=CARTESIAN_POINT('Ctrl Pts',(-0.179354131619995,5.4202769758527,-0.422255263748699));
#8122=CARTESIAN_POINT('Ctrl Pts',(-0.178318495117999,5.4238044118554,-0.4246495086387));
#8123=CARTESIAN_POINT('Ctrl Pts',(-0.177282858614998,5.427331847858,-0.4270437535287));
#8124=CARTESIAN_POINT('Ctrl Pts',(-0.176247222112998,5.4308592838607,-0.4294379984187));
#8125=CARTESIAN_POINT('Ctrl Pts',(-0.175211585610999,5.4343867198634,-0.431832243309699));
#8126=CARTESIAN_POINT('Ctrl Pts',(-0.174175949107997,5.4379141558661,-0.4342264881997));
#8127=CARTESIAN_POINT('Ctrl Pts',(0.0233421413042727,3.9448254689682,0.117344046292301));
#8128=CARTESIAN_POINT('Ctrl Pts',(0.0249305317130464,3.95485357502877,0.117077766566384));
#8129=CARTESIAN_POINT('Ctrl Pts',(0.028254950528428,3.97514426293531,0.116450224499522));
#8130=CARTESIAN_POINT('Ctrl Pts',(0.0335556139572368,4.006313485479,0.114250065727254));
#8131=CARTESIAN_POINT('Ctrl Pts',(0.0413122893492037,4.04942336005679,0.109031969852077));
#8132=CARTESIAN_POINT('Ctrl Pts',(0.052192029788003,4.1060374927557,0.0986306357273001));
#8133=CARTESIAN_POINT('Ctrl Pts',(0.0642733866770016,4.165460445596,0.0843094248563006));
#8134=CARTESIAN_POINT('Ctrl Pts',(0.0775613368310033,4.2277339586154,0.0660501765222996));
#8135=CARTESIAN_POINT('Ctrl Pts',(0.0920479797720013,4.2928545133318,0.0438568287632997));
#8136=CARTESIAN_POINT('Ctrl Pts',(0.107715645178004,4.3607845955826,0.0177509079713003));
#8137=CARTESIAN_POINT('Ctrl Pts',(0.124539194456002,4.4314597648634,-0.0122322110666993));
#8138=CARTESIAN_POINT('Ctrl Pts',(0.142488322312001,4.5047957236681,-0.0460470451286996));
#8139=CARTESIAN_POINT('Ctrl Pts',(0.161529858318001,4.5806953868255,-0.0836417425156997));
#8140=CARTESIAN_POINT('Ctrl Pts',(0.181630068488001,4.659055950842,-0.124961823007699));
#8141=CARTESIAN_POINT('Ctrl Pts',(0.202756956842002,4.7397759632367,-0.1699539178287));
#8142=CARTESIAN_POINT('Ctrl Pts',(0.224882566983005,4.8227623918829,-0.2185695095967));
#8143=CARTESIAN_POINT('Ctrl Pts',(0.247985283660004,4.9079376943469,-0.2707686722907));
#8144=CARTESIAN_POINT('Ctrl Pts',(0.272052134347003,4.9952468872257,-0.3265238112037));
#8145=CARTESIAN_POINT('Ctrl Pts',(0.297081090805001,5.0846646154869,-0.3858234029037));
#8146=CARTESIAN_POINT('Ctrl Pts',(0.323091683836005,5.1762314872612,-0.4486958296887));
#8147=CARTESIAN_POINT('Ctrl Pts',(0.344702531260005,5.2512322190066,-0.5018677461887));
#8148=CARTESIAN_POINT('Ctrl Pts',(0.361383453060004,5.3085177979213,-0.5433934252367));
#8149=CARTESIAN_POINT('Ctrl Pts',(0.372724966380002,5.3471971864484,-0.5718265503007));
#8150=CARTESIAN_POINT('Ctrl Pts',(0.378456096555006,5.366675515431,-0.5862420569017));
#8151=CARTESIAN_POINT('Ctrl Pts',(0.379543373484005,5.3703708315505,-0.5889768835887));
#8152=CARTESIAN_POINT('Ctrl Pts',(0.380630650413003,5.3740661476699,-0.5917117102757));
#8153=CARTESIAN_POINT('Ctrl Pts',(0.381717927342002,5.3777614637893,-0.5944465369617));
#8154=CARTESIAN_POINT('Ctrl Pts',(0.382805204271001,5.3814567799087,-0.5971813636487));
#8155=CARTESIAN_POINT('Ctrl Pts',(0.3838924812,5.3851520960281,-0.5999161903357));
#8156=CARTESIAN_POINT('Ctrl Pts',(0.836211518219354,3.78354953755916,-0.0342488694332239));
#8157=CARTESIAN_POINT('Ctrl Pts',(0.837781005171266,3.79406530075336,-0.0345569604156433));
#8158=CARTESIAN_POINT('Ctrl Pts',(0.841180900886382,3.81534660574533,-0.0348688593719286));
#8159=CARTESIAN_POINT('Ctrl Pts',(0.846552621897278,3.84807583887677,-0.0370940079040256));
#8160=CARTESIAN_POINT('Ctrl Pts',(0.85442096000132,3.89337842665944,-0.0428476142214791));
#8161=CARTESIAN_POINT('Ctrl Pts',(0.865456742227003,3.9528771166806,-0.0547387035976996));
#8162=CARTESIAN_POINT('Ctrl Pts',(0.877704336442001,4.0153012627502,-0.0713599258797002));
#8163=CARTESIAN_POINT('Ctrl Pts',(0.891167199417005,4.0806811076814,-0.0927254928196994));
#8164=CARTESIAN_POINT('Ctrl Pts',(0.905839871422003,4.1490143293505,-0.118832356930699));
#8165=CARTESIAN_POINT('Ctrl Pts',(0.921710343039003,4.2202752922856,-0.1496639650587));
#8166=CARTESIAN_POINT('Ctrl Pts',(0.938761604543004,4.2944198920915,-0.1851931311657));
#8167=CARTESIAN_POINT('Ctrl Pts',(0.956973195279001,4.3713903998742,-0.225384909103699));
#8168=CARTESIAN_POINT('Ctrl Pts',(0.976322753039003,4.4511203066667,-0.270199465393699));
#8169=CARTESIAN_POINT('Ctrl Pts',(0.996787563441003,4.5335391678527,-0.3195949520057));
#8170=CARTESIAN_POINT('Ctrl Pts',(1.018346109305,4.6185774475916,-0.3735303791377));
#8171=CARTESIAN_POINT('Ctrl Pts',(1.040979620035,4.7061713632443,-0.4319684879907));
#8172=CARTESIAN_POINT('Ctrl Pts',(1.064673620994,4.7962677297964,-0.4948786235507));
#8173=CARTESIAN_POINT('Ctrl Pts',(1.08941948288,4.8888288042848,-0.5622396073647));
#8174=CARTESIAN_POINT('Ctrl Pts',(1.11521597111,4.9838371302206,-0.6340426103217));
#8175=CARTESIAN_POINT('Ctrl Pts',(1.142079380937,5.0813315419542,-0.710318403737699));
#8176=CARTESIAN_POINT('Ctrl Pts',(1.164433745511,5.1613289579243,-0.7749250948057));
#8177=CARTESIAN_POINT('Ctrl Pts',(1.18170034273,5.2224905273053,-0.8254220036997));
#8178=CARTESIAN_POINT('Ctrl Pts',(1.19344204744601,5.263804592828,-0.860009959242699));
#8179=CARTESIAN_POINT('Ctrl Pts',(1.199375434399,5.2846127931427,-0.8775480950827));
#8180=CARTESIAN_POINT('Ctrl Pts',(1.200501082317,5.2885604047733,-0.8808753289597));
#8181=CARTESIAN_POINT('Ctrl Pts',(1.201626730234,5.292508016404,-0.8842025628377));
#8182=CARTESIAN_POINT('Ctrl Pts',(1.202752378151,5.2964556280348,-0.8875297967157));
#8183=CARTESIAN_POINT('Ctrl Pts',(1.203878026068,5.3004032396655,-0.890857030592699));
#8184=CARTESIAN_POINT('Ctrl Pts',(1.205003673985,5.3043508512962,-0.8941842644707));
#8185=CARTESIAN_POINT('Ctrl Pts',(1.10615432767554,3.72806871123323,-0.0884695810735021));
#8186=CARTESIAN_POINT('Ctrl Pts',(1.10774656413726,3.73877120386775,-0.0887974585187781));
#8187=CARTESIAN_POINT('Ctrl Pts',(1.11123044559129,3.76042959929391,-0.0890262281009671));
#8188=CARTESIAN_POINT('Ctrl Pts',(1.11670470960393,3.79374803860135,-0.0912939752387274));
#8189=CARTESIAN_POINT('Ctrl Pts',(1.12470004850967,3.83987101135779,-0.0972822844113939));
#8190=CARTESIAN_POINT('Ctrl Pts',(1.135874602221,3.9004390364299,-0.109757170134699));
#8191=CARTESIAN_POINT('Ctrl Pts',(1.148238973665,3.9639677252129,-0.127248894004699));
#8192=CARTESIAN_POINT('Ctrl Pts',(1.161796143511,4.0304836538776,-0.1497702126467));
#8193=CARTESIAN_POINT('Ctrl Pts',(1.17654144709,4.0999848768194,-0.1773183913017));
#8194=CARTESIAN_POINT('Ctrl Pts',(1.192464708589,4.1724495470324,-0.209878683769699));
#8195=CARTESIAN_POINT('Ctrl Pts',(1.20955154753,4.247840050112,-0.2474268883237));
#8196=CARTESIAN_POINT('Ctrl Pts',(1.227784685247,4.3261071382573,-0.2899319036187));
#8197=CARTESIAN_POINT('Ctrl Pts',(1.247145251356,4.4071940642732,-0.3373582845987));
#8198=CARTESIAN_POINT('Ctrl Pts',(1.26761409024,4.4910407155734,-0.3896687984137));
#8199=CARTESIAN_POINT('Ctrl Pts',(1.289173067522,4.577587748182,-0.4468269803207));
#8200=CARTESIAN_POINT('Ctrl Pts',(1.311806376539,4.6667807207371,-0.5087996896047));
#8201=CARTESIAN_POINT('Ctrl Pts',(1.335501844823,4.7585742284917,-0.5755596654797));
#8202=CARTESIAN_POINT('Ctrl Pts',(1.360252240575,4.8529360373171,-0.6470880830047));
#8203=CARTESIAN_POINT('Ctrl Pts',(1.38605657914101,4.9498512177052,-0.723377108989699));
#8204=CARTESIAN_POINT('Ctrl Pts',(1.412930018444,5.0493580819048,-0.804458372085699));
#8205=CARTESIAN_POINT('Ctrl Pts',(1.435291928475,5.131045161507,-0.873162140425699));
#8206=CARTESIAN_POINT('Ctrl Pts',(1.452561820234,5.1935141049123,-0.9268720323807));
#8207=CARTESIAN_POINT('Ctrl Pts',(1.464303765115,5.2357155470529,-0.9636636818227));
#8208=CARTESIAN_POINT('Ctrl Pts',(1.470236649062,5.2569713554153,-0.982319700673699));
#8209=CARTESIAN_POINT('Ctrl Pts',(1.471362201552,5.2610038846606,-0.9858590128617));
#8210=CARTESIAN_POINT('Ctrl Pts',(1.472487754042,5.265036413906,-0.9893983250507));
#8211=CARTESIAN_POINT('Ctrl Pts',(1.473613306532,5.2690689431512,-0.9929376372387));
#8212=CARTESIAN_POINT('Ctrl Pts',(1.474738859022,5.2731014723966,-0.996476949427699));
#8213=CARTESIAN_POINT('Ctrl Pts',(1.475864411512,5.2771340016419,-1.0000162616157));
#8214=CARTESIAN_POINT('Ctrl Pts',(1.64370019645771,3.61373487919078,-0.20426461896331));
#8215=CARTESIAN_POINT('Ctrl Pts',(1.64527248055725,3.62487891055688,-0.204619513983648));
#8216=CARTESIAN_POINT('Ctrl Pts',(1.64876682525102,3.64742970207206,-0.204820806482519));
#8217=CARTESIAN_POINT('Ctrl Pts',(1.65423043071349,3.68212495722076,-0.20730410689314));
#8218=CARTESIAN_POINT('Ctrl Pts',(1.66220497374899,3.73014110552796,-0.213942199520114));
#8219=CARTESIAN_POINT('Ctrl Pts',(1.673335765967,3.7931452584851,-0.2278205579227));
#8220=CARTESIAN_POINT('Ctrl Pts',(1.68563501244,3.8591637213887,-0.2472992580607));
#8221=CARTESIAN_POINT('Ctrl Pts',(1.69910483757,3.9282162962514,-0.2723880767847));
#8222=CARTESIAN_POINT('Ctrl Pts',(1.713742034395,4.0003016838708,-0.3030849970907));
#8223=CARTESIAN_POINT('Ctrl Pts',(1.729539756746,4.0754049762994,-0.3393791249027));
#8224=CARTESIAN_POINT('Ctrl Pts',(1.746488386932,4.1535004824916,-0.3812525778817));
#8225=CARTESIAN_POINT('Ctrl Pts',(1.76457640342201,4.2345545539549,-0.4286823742187));
#8226=CARTESIAN_POINT('Ctrl Pts',(1.78379124853,4.3185284103968,-0.4816423214387));
#8227=CARTESIAN_POINT('Ctrl Pts',(1.804120196097,4.405380965375,-0.540104905197699));
#8228=CARTESIAN_POINT('Ctrl Pts',(1.825551219177,4.4950716519462,-0.6040431780847));
#8229=CARTESIAN_POINT('Ctrl Pts',(1.84807385772,4.5875632483144,-0.6734326484207));
#8230=CARTESIAN_POINT('Ctrl Pts',(1.871680086254,4.6828247034805,-0.7482531690587));
#8231=CARTESIAN_POINT('Ctrl Pts',(1.896365181571,4.7808339628911,-0.828490826180699));
#8232=CARTESIAN_POINT('Ctrl Pts',(1.922128590408,4.881580794087,-0.9141398281027));
#8233=CARTESIAN_POINT('Ctrl Pts',(1.948983380124,4.9851026987234,-1.0052335082887));
#8234=CARTESIAN_POINT('Ctrl Pts',(1.971344177697,5.0701397079324,-1.0824630955157));
#8235=CARTESIAN_POINT('Ctrl Pts',(1.988617203394,5.1351900421621,-1.1428533416047));
#8236=CARTESIAN_POINT('Ctrl Pts',(2.000361363079,5.1791393258745,-1.1842243886117));
#8237=CARTESIAN_POINT('Ctrl Pts',(2.00629514532,5.2012757688521,-1.2052028233467));
#8238=CARTESIAN_POINT('Ctrl Pts',(2.007420868229,5.2054753670124,-1.2091827308687));
#8239=CARTESIAN_POINT('Ctrl Pts',(2.008546591138,5.2096749651726,-1.2131626383907));
#8240=CARTESIAN_POINT('Ctrl Pts',(2.009672314047,5.213874563333,-1.2171425459127));
#8241=CARTESIAN_POINT('Ctrl Pts',(2.010798036956,5.2180741614933,-1.2211224534347));
#8242=CARTESIAN_POINT('Ctrl Pts',(2.011923759865,5.2222737596535,-1.2251023609567));
#8243=CARTESIAN_POINT('Ctrl Pts',(1.91134572041813,3.55485938572802,-0.265882259116388));
#8244=CARTESIAN_POINT('Ctrl Pts',(1.91293882944602,3.56624447428026,-0.266256788410112));
#8245=CARTESIAN_POINT('Ctrl Pts',(1.91650320336298,3.58928114721435,-0.266446044201147));
#8246=CARTESIAN_POINT('Ctrl Pts',(1.92204910236316,3.62472362268774,-0.269047517566868));
#8247=CARTESIAN_POINT('Ctrl Pts',(1.93011667153823,3.67376347926653,-0.2760286140988));
#8248=CARTESIAN_POINT('Ctrl Pts',(1.941332917104,3.7380810255544,-0.2906381632937));
#8249=CARTESIAN_POINT('Ctrl Pts',(1.953685210892,3.8054392888591,-0.311146448623699));
#8250=CARTESIAN_POINT('Ctrl Pts',(1.967175333862,3.8758549801252,-0.337561678809699));
#8251=CARTESIAN_POINT('Ctrl Pts',(1.98180076037,3.9493270955227,-0.369882190931699));
#8252=CARTESIAN_POINT('Ctrl Pts',(1.997556159855,4.0258439065785,-0.4080990751697));
#8253=CARTESIAN_POINT('Ctrl Pts',(2.014434067717,4.1053851862027,-0.4521977173907));
#8254=CARTESIAN_POINT('Ctrl Pts',(2.032425556204,4.1879244347138,-0.502159341739699));
#8255=CARTESIAN_POINT('Ctrl Pts',(2.051520905288,4.2734311058654,-0.5579625532267));
#8256=CARTESIAN_POINT('Ctrl Pts',(2.071710273553,4.3618728328723,-0.6195848803117));
#8257=CARTESIAN_POINT('Ctrl Pts',(2.09298436907,4.4532176544366,-0.687004317500699));
#8258=CARTESIAN_POINT('Ctrl Pts',(2.115335120281,4.5474362407735,-0.760200867924699));
#8259=CARTESIAN_POINT('Ctrl Pts',(2.138756346884,4.6445041196374,-0.8391580859357));
#8260=CARTESIAN_POINT('Ctrl Pts',(2.163244430709,4.7444039023485,-0.9238646196897));
#8261=CARTESIAN_POINT('Ctrl Pts',(2.188798986604,4.847127509818,-1.0143157537367));
#8262=CARTESIAN_POINT('Ctrl Pts',(2.215432045436,4.9527121442097,-1.1105457074177));
#8263=CARTESIAN_POINT('Ctrl Pts',(2.237603351882,5.0394640196096,-1.1921485052567));
#8264=CARTESIAN_POINT('Ctrl Pts',(2.254725713285,5.105832945782,-1.2559650986627));
#8265=CARTESIAN_POINT('Ctrl Pts',(2.266364869911,5.1506740178385,-1.2996847965937));
#8266=CARTESIAN_POINT('Ctrl Pts',(2.272244864478,5.1732595603783,-1.3218543064207));
#8267=CARTESIAN_POINT('Ctrl Pts',(2.27336038310001,5.1775443591148,-1.3260601778327));
#8268=CARTESIAN_POINT('Ctrl Pts',(2.274475901722,5.1818291578512,-1.3302660492447));
#8269=CARTESIAN_POINT('Ctrl Pts',(2.275591420344,5.1861139565876,-1.3344719206567));
#8270=CARTESIAN_POINT('Ctrl Pts',(2.276706938966,5.1903987553241,-1.3386777920687));
#8271=CARTESIAN_POINT('Ctrl Pts',(2.277822457588,5.1946835540605,-1.3428836634807));
#8272=CARTESIAN_POINT('Ctrl Pts',(2.44401932238125,3.43389996377164,-0.396534053733782));
#8273=CARTESIAN_POINT('Ctrl Pts',(2.4457676851424,3.44582909581489,-0.39698070185289));
#8274=CARTESIAN_POINT('Ctrl Pts',(2.44965602187809,3.46996413137466,-0.397364635930957));
#8275=CARTESIAN_POINT('Ctrl Pts',(2.45563142744809,3.50708165345986,-0.400462790859292));
#8276=CARTESIAN_POINT('Ctrl Pts',(2.46418320074196,3.5583983277467,-0.408492491450644));
#8277=CARTESIAN_POINT('Ctrl Pts',(2.47585232523,3.625613837359,-0.4250444799587));
#8278=CARTESIAN_POINT('Ctrl Pts',(2.48850254382,3.6959093695888,-0.448119376759699));
#8279=CARTESIAN_POINT('Ctrl Pts',(2.502135129349,3.7692963758058,-0.4777225457587));
#8280=CARTESIAN_POINT('Ctrl Pts',(2.516748725872,3.8457743425481,-0.5138529927227));
#8281=CARTESIAN_POINT('Ctrl Pts',(2.53234055598,3.9253369701745,-0.556505492781699));
#8282=CARTESIAN_POINT('Ctrl Pts',(2.548906763769,4.0079733727552,-0.6056714918907));
#8283=CARTESIAN_POINT('Ctrl Pts',(2.56644275781201,4.0936692779619,-0.661340008297699));
#8284=CARTESIAN_POINT('Ctrl Pts',(2.584943554128,4.1824082269566,-0.7234985340107));
#8285=CARTESIAN_POINT('Ctrl Pts',(2.604404119147,4.274172774284,-0.792133936261699));
#8286=CARTESIAN_POINT('Ctrl Pts',(2.624819712686,4.3689456877603,-0.867233358973699));
#8287=CARTESIAN_POINT('Ctrl Pts',(2.646186230915,4.4667111483628,-0.948785124226699));
#8288=CARTESIAN_POINT('Ctrl Pts',(2.668500549323,4.5674559501216,-1.0367796337227));
#8289=CARTESIAN_POINT('Ctrl Pts',(2.691760865696,4.6711707000088,-1.1312102702517));
#8290=CARTESIAN_POINT('Ctrl Pts',(2.715967043077,4.7778510178287,-1.2320742991597));
#8291=CARTESIAN_POINT('Ctrl Pts',(2.741128994689,4.8875337915383,-1.3394080744827));
#8292=CARTESIAN_POINT('Ctrl Pts',(2.762022336996,4.9776702417763,-1.4304406176667));
#8293=CARTESIAN_POINT('Ctrl Pts',(2.778126384087,5.0466305485079,-1.5016330917447));
#8294=CARTESIAN_POINT('Ctrl Pts',(2.789058686683,5.0932198878395,-1.5504038617157));
#8295=CARTESIAN_POINT('Ctrl Pts',(2.794577828891,5.1166848483429,-1.5751337959727));
#8296=CARTESIAN_POINT('Ctrl Pts',(2.795624888687,5.1211364851782,-1.5798254163257));
#8297=CARTESIAN_POINT('Ctrl Pts',(2.796671948483,5.1255881220134,-1.5845170366787));
#8298=CARTESIAN_POINT('Ctrl Pts',(2.797719008279,5.1300397588488,-1.5892086570317));
#8299=CARTESIAN_POINT('Ctrl Pts',(2.798766068074,5.1344913956841,-1.5939002773847));
#8300=CARTESIAN_POINT('Ctrl Pts',(2.79981312787,5.1389430325194,-1.5985918977377));
#8301=CARTESIAN_POINT('Ctrl Pts',(2.70898184356869,3.37162266605395,-0.465724750378461));
#8302=CARTESIAN_POINT('Ctrl Pts',(2.71073642103832,3.38385899443427,-0.466191890582472));
#8303=CARTESIAN_POINT('Ctrl Pts',(2.71462178108507,3.40861651296911,-0.466748818939337));
#8304=CARTESIAN_POINT('Ctrl Pts',(2.7205892884578,3.44667592390653,-0.470151718016293));
#8305=CARTESIAN_POINT('Ctrl Pts',(2.7291101882223,3.49926420877288,-0.478774733469418));
#8306=CARTESIAN_POINT('Ctrl Pts',(2.740704938473,3.5680870063829,-0.4963742589737));
#8307=CARTESIAN_POINT('Ctrl Pts',(2.753244045124,3.6400023145065,-0.5207990565937));
#8308=CARTESIAN_POINT('Ctrl Pts',(2.766728595373,3.7150194108766,-0.5520531808297));
#8309=CARTESIAN_POINT('Ctrl Pts',(2.781157711972,3.7931379655836,-0.5901359751447));
#8310=CARTESIAN_POINT('Ctrl Pts',(2.796529627885,3.874353913425,-0.6350439739967));
#8311=CARTESIAN_POINT('Ctrl Pts',(2.812841902081,3.9586602284401,-0.686771501244699));
#8312=CARTESIAN_POINT('Ctrl Pts',(2.830091635347,4.0460476984436,-0.7453112685447));
#8313=CARTESIAN_POINT('Ctrl Pts',(2.848275686091,4.1365056995596,-0.8106549737647));
#8314=CARTESIAN_POINT('Ctrl Pts',(2.867390886142,4.2300229707558,-0.8827938993787));
#8315=CARTESIAN_POINT('Ctrl Pts',(2.887434256562,4.3265883883779,-0.9617195108777));
#8316=CARTESIAN_POINT('Ctrl Pts',(2.908403223443,4.4261917406825,-1.0474240551707));
#8317=CARTESIAN_POINT('Ctrl Pts',(2.930295833718,4.5288245023721,-1.1399011589877));
#8318=CARTESIAN_POINT('Ctrl Pts',(2.953110970961,4.6344806091293,-1.2391464272867));
#8319=CARTESIAN_POINT('Ctrl Pts',(2.976848571193,4.7431572321493,-1.3451580416567));
#8320=CARTESIAN_POINT('Ctrl Pts',(3.001517723135,4.8548912637032,-1.4579734153517));
#8321=CARTESIAN_POINT('Ctrl Pts',(3.021996298501,4.9467096981501,-1.5536555233807));
#8322=CARTESIAN_POINT('Ctrl Pts',(3.037776557436,5.0169517891959,-1.6284819664227));
#8323=CARTESIAN_POINT('Ctrl Pts',(3.048486821048,5.0644035178669,-1.6797401170847));
#8324=CARTESIAN_POINT('Ctrl Pts',(3.053893250357,5.088301733084,-1.7057306363587));
#8325=CARTESIAN_POINT('Ctrl Pts',(3.054918926912,5.0928355645023,-1.7106614076237));
#8326=CARTESIAN_POINT('Ctrl Pts',(3.055944603468,5.0973693959206,-1.7155921788877));
#8327=CARTESIAN_POINT('Ctrl Pts',(3.056970280023,5.1019032273389,-1.7205229501527));
#8328=CARTESIAN_POINT('Ctrl Pts',(3.057995956579,5.1064370587572,-1.7254537214167));
#8329=CARTESIAN_POINT('Ctrl Pts',(3.059021633134,5.1109708901754,-1.7303844926817));
#8330=CARTESIAN_POINT('Ctrl Pts',(3.10459581891464,3.27637038626193,-0.574747814602111));
#8331=CARTESIAN_POINT('Ctrl Pts',(3.10644017459028,3.2891075088434,-0.575265013224505));
#8332=CARTESIAN_POINT('Ctrl Pts',(3.11042337645006,3.31487841935877,-0.576272182364015));
#8333=CARTESIAN_POINT('Ctrl Pts',(3.11654163683247,3.35446445803924,-0.580340413371699));
#8334=CARTESIAN_POINT('Ctrl Pts',(3.12519918766238,3.40910418626534,-0.59012912133949));
#8335=CARTESIAN_POINT('Ctrl Pts',(3.136855638676,3.4805088862992,-0.6096436576227));
#8336=CARTESIAN_POINT('Ctrl Pts',(3.149346402508,3.555018049682,-0.6364373602637));
#8337=CARTESIAN_POINT('Ctrl Pts',(3.162672417267,3.6326387188583,-0.670512873215699));
#8338=CARTESIAN_POINT('Ctrl Pts',(3.17683331652101,3.7133707591535,-0.7118699077237));
#8339=CARTESIAN_POINT('Ctrl Pts',(3.191828379347,3.7972124719868,-0.760506949055699));
#8340=CARTESIAN_POINT('Ctrl Pts',(3.207656616972,3.8841609190201,-0.816421517762699));
#8341=CARTESIAN_POINT('Ctrl Pts',(3.224316859415,3.9742122463089,-0.8796104309317));
#8342=CARTESIAN_POINT('Ctrl Pts',(3.241807842126,4.0673620084517,-0.9500700634497));
#8343=CARTESIAN_POINT('Ctrl Pts',(3.260128292626,4.1636054927397,-1.0277966092587));
#8344=CARTESIAN_POINT('Ctrl Pts',(3.279277017144,4.2629380433087,-1.1127863426137));
#8345=CARTESIAN_POINT('Ctrl Pts',(3.299252987265,4.3653553852869,-1.2050358793427));
#8346=CARTESIAN_POINT('Ctrl Pts',(3.320055426562,4.4708539489464,-1.3045424380997));
#8347=CARTESIAN_POINT('Ctrl Pts',(3.341683897239,4.5794311938526,-1.4113041016307));
#8348=CARTESIAN_POINT('Ctrl Pts',(3.364138386775,4.6910859330147,-1.5253200780247));
#8349=CARTESIAN_POINT('Ctrl Pts',(3.387426837718,4.8058553381908,-1.6466297334437));
#8350=CARTESIAN_POINT('Ctrl Pts',(3.406721709353,4.9001445504367,-1.7494955734507));
#8351=CARTESIAN_POINT('Ctrl Pts',(3.421568418022,4.9722607403218,-1.8299262965897));
#8352=CARTESIAN_POINT('Ctrl Pts',(3.431635346306,5.0209700472856,-1.8850164853257));
#8353=CARTESIAN_POINT('Ctrl Pts',(3.436714568581,5.0454993098209,-1.9129481430087));
#8354=CARTESIAN_POINT('Ctrl Pts',(3.437678169306,5.0501528598931,-1.9182471758447));
#8355=CARTESIAN_POINT('Ctrl Pts',(3.438641770032,5.0548064099653,-1.9235462086807));
#8356=CARTESIAN_POINT('Ctrl Pts',(3.439605370758,5.0594599600375,-1.9288452415177));
#8357=CARTESIAN_POINT('Ctrl Pts',(3.44056897148401,5.0641135101098,-1.9341442743537));
#8358=CARTESIAN_POINT('Ctrl Pts',(3.44153257221,5.068767060182,-1.9394433071897));
#8359=CARTESIAN_POINT('Ctrl Pts',(3.23614978511643,3.24431851905288,-0.611956525019338));
#8360=CARTESIAN_POINT('Ctrl Pts',(3.23800517599466,3.25723528775312,-0.61248534453552));
#8361=CARTESIAN_POINT('Ctrl Pts',(3.24196692192796,3.28336909801363,-0.613687732154381));
#8362=CARTESIAN_POINT('Ctrl Pts',(3.2480655900223,3.32349984970848,-0.618017347788563));
#8363=CARTESIAN_POINT('Ctrl Pts',(3.25668102316949,3.37886818360089,-0.628246812822355));
#8364=CARTESIAN_POINT('Ctrl Pts',(3.268257707164,3.451185156142,-0.6484642697427));
#8365=CARTESIAN_POINT('Ctrl Pts',(3.28064136199,3.5266066090143,-0.676111750350699));
#8366=CARTESIAN_POINT('Ctrl Pts',(3.293832887262,3.6051390125072,-0.7111915237387));
#8367=CARTESIAN_POINT('Ctrl Pts',(3.307832050364,3.6867822815946,-0.7537034040127));
#8368=CARTESIAN_POINT('Ctrl Pts',(3.322638398052,3.7715353383516,-0.803646416019699));
#8369=CARTESIAN_POINT('Ctrl Pts',(3.338251310558,3.8593963177322,-0.8610189635477));
#8370=CARTESIAN_POINT('Ctrl Pts',(3.354670055691,3.9503627733493,-0.925818997508699));
#8371=CARTESIAN_POINT('Ctrl Pts',(3.371893842938,4.0444318832527,-0.998044184138699));
#8372=CARTESIAN_POINT('Ctrl Pts',(3.389921877567,4.1416006557098,-1.0776920731857));
#8373=CARTESIAN_POINT('Ctrl Pts',(3.408753414726,4.2418661349839,-1.1647602661037));
#8374=CARTESIAN_POINT('Ctrl Pts',(3.428387813547,4.3452256071131,-1.2592465842417));
#8375=CARTESIAN_POINT('Ctrl Pts',(3.448824591246,4.4516768056902,-1.3611492370417));
#8376=CARTESIAN_POINT('Ctrl Pts',(3.470063477226,4.5612181176414,-1.4704669902247));
#8377=CARTESIAN_POINT('Ctrl Pts',(3.492104467177,4.6738487890058,-1.5871993339857));
#8378=CARTESIAN_POINT('Ctrl Pts',(3.514955180437,4.7896061276203,-1.7113863422777));
#8379=CARTESIAN_POINT('Ctrl Pts',(3.533880213821,4.8846943764506,-1.8166817640047));
#8380=CARTESIAN_POINT('Ctrl Pts',(3.548438168344,4.957413984024,-1.8990059960737));
#8381=CARTESIAN_POINT('Ctrl Pts',(3.558307373158,5.0065271174623,-1.9553901670977));
#8382=CARTESIAN_POINT('Ctrl Pts',(3.563286341654,5.0312587604802,-1.9839771268657));
#8383=CARTESIAN_POINT('Ctrl Pts',(3.564230922812,5.0359507050092,-1.9894004798297));
#8384=CARTESIAN_POINT('Ctrl Pts',(3.565175503969,5.0406426495382,-1.9948238327947));
#8385=CARTESIAN_POINT('Ctrl Pts',(3.566120085127,5.0453345940672,-2.0002471857597));
#8386=CARTESIAN_POINT('Ctrl Pts',(3.567064666285,5.0500265385962,-2.0056705387237));
#8387=CARTESIAN_POINT('Ctrl Pts',(3.568009247442,5.0547184831251,-2.0110938916887));
#8388=CARTESIAN_POINT('Ctrl Pts',(3.49864641802905,3.17968574797392,-0.688071601232439));
#8389=CARTESIAN_POINT('Ctrl Pts',(3.50063241679689,3.19295670470383,-0.688657010852846));
#8390=CARTESIAN_POINT('Ctrl Pts',(3.50476536268602,3.21980478608126,-0.690290798329031));
#8391=CARTESIAN_POINT('Ctrl Pts',(3.51112548365601,3.26100882146138,-0.695214157463226));
#8392=CARTESIAN_POINT('Ctrl Pts',(3.52002006937574,3.31781461617057,-0.706414753496668));
#8393=CARTESIAN_POINT('Ctrl Pts',(3.53182935057248,3.39193589456556,-0.728142768970746));
#8394=CARTESIAN_POINT('Ctrl Pts',(3.54432896654967,3.46916704799809,-0.757595839772859));
#8395=CARTESIAN_POINT('Ctrl Pts',(3.55751979692138,3.54951380345958,-0.794775747189236));
#8396=CARTESIAN_POINT('Ctrl Pts',(3.57140179243566,3.632976143391,-0.839682449569887));
#8397=CARTESIAN_POINT('Ctrl Pts',(3.58597486048354,3.71955383959886,-0.89231572926839));
#8398=CARTESIAN_POINT('Ctrl Pts',(3.60123887586919,3.80924649689368,-0.95267523015734));
#8399=CARTESIAN_POINT('Ctrl Pts',(3.61719369157612,3.90205359672195,-1.02076049513878));
#8400=CARTESIAN_POINT('Ctrl Pts',(3.63383914954437,3.99797454080321,-1.09657100366063));
#8401=CARTESIAN_POINT('Ctrl Pts',(3.65117509143867,4.097008694765,-1.18010620922414));
#8402=CARTESIAN_POINT('Ctrl Pts',(3.66920136941967,4.19915543177763,-1.27136557690234));
#8403=CARTESIAN_POINT('Ctrl Pts',(3.68791785691611,4.30441417618975,-1.37034862084745));
#8404=CARTESIAN_POINT('Ctrl Pts',(3.70732445939298,4.41278444716309,-1.47705494181032));
#8405=CARTESIAN_POINT('Ctrl Pts',(3.72742112512674,4.52426590230817,-1.59148426464488));
#8406=CARTESIAN_POINT('Ctrl Pts',(3.74820785597352,4.63885838131983,-1.71363647582859));
#8407=CARTESIAN_POINT('Ctrl Pts',(3.76969158450148,4.75659958057411,-1.84355318331803));
#8408=CARTESIAN_POINT('Ctrl Pts',(3.78743260017902,4.85329119530969,-1.95367843016209));
#8409=CARTESIAN_POINT('Ctrl Pts',(3.80105118994733,4.92722148819361,-2.03976282034851));
#8410=CARTESIAN_POINT('Ctrl Pts',(3.81027103153591,4.97714501842354,-2.09871506604919));
#8411=CARTESIAN_POINT('Ctrl Pts',(3.81491928661415,5.00228287418559,-2.12860220845959));
#8412=CARTESIAN_POINT('Ctrl Pts',(3.81580112673172,5.00705188305106,-2.1342722245688));
#8413=CARTESIAN_POINT('Ctrl Pts',(3.81668296684929,5.01182089191672,-2.13994224067801));
#8414=CARTESIAN_POINT('Ctrl Pts',(3.81756480696687,5.01658990078228,-2.14561225678723));
#8415=CARTESIAN_POINT('Ctrl Pts',(3.81844664708444,5.02135890964785,-2.15128227289644));
#8416=CARTESIAN_POINT('Ctrl Pts',(3.81932848720202,5.02612791851341,-2.15695228900565));
#8417=CARTESIAN_POINT('Ctrl Pts',(3.62968529125458,3.14708280474307,-0.727005558802324));
#8418=CARTESIAN_POINT('Ctrl Pts',(3.63148626715811,3.16058487241097,-0.727543229865251));
#8419=CARTESIAN_POINT('Ctrl Pts',(3.63513478080585,3.18789419682058,-0.729509119882064));
#8420=CARTESIAN_POINT('Ctrl Pts',(3.64085552768909,3.22978478445559,-0.734768274837211));
#8421=CARTESIAN_POINT('Ctrl Pts',(3.64894908875179,3.28749560806111,-0.746503915261856));
#8422=CARTESIAN_POINT('Ctrl Pts',(3.65984270393305,3.36273003266192,-0.769045555806963));
#8423=CARTESIAN_POINT('Ctrl Pts',(3.67151223372388,3.44105559909887,-0.799456576377772));
#8424=CARTESIAN_POINT('Ctrl Pts',(3.68395848494574,3.52247788002588,-0.837738646671703));
#8425=CARTESIAN_POINT('Ctrl Pts',(3.69718145762617,3.60699687545252,-0.883891766681788));
#8426=CARTESIAN_POINT('Ctrl Pts',(3.71118115188105,3.69461258546543,-0.937915936394979));
#8427=CARTESIAN_POINT('Ctrl Pts',(3.7259575678998,3.78532501021042,-0.999811155793098));
#8428=CARTESIAN_POINT('Ctrl Pts',(3.74151070592162,3.87913414987841,-1.06957742485377));
#8429=CARTESIAN_POINT('Ctrl Pts',(3.75784056622173,3.97604000468813,-1.14721474355341));
#8430=CARTESIAN_POINT('Ctrl Pts',(3.77494714908348,4.07604257487185,-1.2327231118671));
#8431=CARTESIAN_POINT('Ctrl Pts',(3.79283045478574,4.17914186065681,-1.32610252977161));
#8432=CARTESIAN_POINT('Ctrl Pts',(3.81149048358296,4.28533786225211,-1.42735299724732));
#8433=CARTESIAN_POINT('Ctrl Pts',(3.83092723567948,4.39463057983116,-1.53647451428014));
#8434=CARTESIAN_POINT('Ctrl Pts',(3.85114071121569,4.50702001351637,-1.6534670808605));
#8435=CARTESIAN_POINT('Ctrl Pts',(3.87213091024829,4.6225061633627,-1.77833069698826));
#8436=CARTESIAN_POINT('Ctrl Pts',(3.89390479182134,4.74112694142536,-1.91110779921991));
#8437=CARTESIAN_POINT('Ctrl Pts',(3.91194716426665,4.83851049959257,-2.02363984188324));
#8438=CARTESIAN_POINT('Ctrl Pts',(3.92583064339856,4.91295290141491,-2.11159586038704));
#8439=CARTESIAN_POINT('Ctrl Pts',(3.93524435372572,4.96321471799879,-2.17182554755614));
#8440=CARTESIAN_POINT('Ctrl Pts',(3.93999392833592,4.98852102792045,-2.20235925364514));
#8441=CARTESIAN_POINT('Ctrl Pts',(3.94089499020983,4.99332199493671,-2.20815193208203));
#8442=CARTESIAN_POINT('Ctrl Pts',(3.94179605208375,4.99812296195276,-2.21394461051893));
#8443=CARTESIAN_POINT('Ctrl Pts',(3.94269711395867,5.00292392896902,-2.21973728895682));
#8444=CARTESIAN_POINT('Ctrl Pts',(3.94359817583259,5.00772489598528,-2.22552996739372));
#8445=CARTESIAN_POINT('Ctrl Pts',(3.94449923770651,5.01252586300143,-2.23132264583161));
#8446=CARTESIAN_POINT('Ctrl Pts',(3.76033269892575,3.11428313278028,-0.766735635733307));
#8447=CARTESIAN_POINT('Ctrl Pts',(3.76255625207024,3.12791755103844,-0.76741123189452));
#8448=CARTESIAN_POINT('Ctrl Pts',(3.76705382763765,3.1554941205178,-0.769563908276369));
#8449=CARTESIAN_POINT('Ctrl Pts',(3.77395349895209,3.1977945346638,-0.775197722826428));
#8450=CARTESIAN_POINT('Ctrl Pts',(3.78346022993452,3.25606939806228,-0.787518685539253));
#8451=CARTESIAN_POINT('Ctrl Pts',(3.79585582021712,3.3320382270594,-0.810934944271337));
#8452=CARTESIAN_POINT('Ctrl Pts',(3.80876280354934,3.41112750650143,-0.842363473279224));
#8453=CARTESIAN_POINT('Ctrl Pts',(3.82218209809513,3.49334286352251,-0.881806007043416));
#8454=CARTESIAN_POINT('Ctrl Pts',(3.83611370385452,3.57868429812235,-0.929262545562937));
#8455=CARTESIAN_POINT('Ctrl Pts',(3.85055762082539,3.66715181030123,-0.984733088839885));
#8456=CARTESIAN_POINT('Ctrl Pts',(3.86551384900959,3.75874540005915,-1.04821763687242));
#8457=CARTESIAN_POINT('Ctrl Pts',(3.88098238840594,3.85346506739571,-1.11971618966275));
#8458=CARTESIAN_POINT('Ctrl Pts',(3.89696323901417,3.9513108123114,-1.19922874720909));
#8459=CARTESIAN_POINT('Ctrl Pts',(3.91345640083405,4.05228263480593,-1.28675530951269));
#8460=CARTESIAN_POINT('Ctrl Pts',(3.93046187386634,4.15638053487949,-1.38229587657379));
#8461=CARTESIAN_POINT('Ctrl Pts',(3.94797965810982,4.26360451253187,-1.48585044839159));
#8462=CARTESIAN_POINT('Ctrl Pts',(3.96600975356429,4.37395456776308,-1.59741902496826));
#8463=CARTESIAN_POINT('Ctrl Pts',(3.98455216022963,4.48743070057323,-1.71700160630193));
#8464=CARTESIAN_POINT('Ctrl Pts',(4.00360687810677,4.6040329109626,-1.84459819239363));
#8465=CARTESIAN_POINT('Ctrl Pts',(4.02318016296131,4.72379947721577,-1.98025213925384));
#8466=CARTESIAN_POINT('Ctrl Pts',(4.03925021861562,4.822123247212,-2.09520029708307));
#8467=CARTESIAN_POINT('Ctrl Pts',(4.05153515105826,4.8972841287052,-2.18503304164792));
#8468=CARTESIAN_POINT('Ctrl Pts',(4.05982991296294,4.94803094108583,-2.24654284943003));
#8469=CARTESIAN_POINT('Ctrl Pts',(4.0640063036836,4.97358141538144,-2.27772429762497));
#8470=CARTESIAN_POINT('Ctrl Pts',(4.0647986244193,4.978428703853,-2.28363986195541));
#8471=CARTESIAN_POINT('Ctrl Pts',(4.065590945155,4.98327599232458,-2.28955542628584));
#8472=CARTESIAN_POINT('Ctrl Pts',(4.0663832658907,4.98812328079614,-2.29547099061627));
#8473=CARTESIAN_POINT('Ctrl Pts',(4.0671755866264,4.99297056926781,-2.30138655494571));
#8474=CARTESIAN_POINT('Ctrl Pts',(4.0679679073621,4.99781785773928,-2.30730211927614));
#8475=CARTESIAN_POINT('',(0.294614991350508,3.97507890438596,0.0619893032629062));
#8476=CARTESIAN_POINT('Ctrl Pts',(0.294614991350508,3.97507890438596,0.0619893032629062));
#8477=CARTESIAN_POINT('Ctrl Pts',(0.289828562370204,3.96832839457075,0.0635413542109658));
#8478=CARTESIAN_POINT('Ctrl Pts',(0.284754300808715,3.96176384904366,0.0650313978017828));
#8479=CARTESIAN_POINT('Ctrl Pts',(0.260698698830461,3.93318660121982,0.0714490489978276));
#8480=CARTESIAN_POINT('Ctrl Pts',(0.241263346937876,3.91657251532353,0.0748810189927558));
#8481=CARTESIAN_POINT('Ctrl Pts',(0.223773060964628,3.90413219207013,0.07793601673485));
#8482=CARTESIAN_POINT('',(0.649890058100028,3.86130785683367,-2.01545299560735E-6));
#8483=CARTESIAN_POINT('Ctrl Pts',(0.649890058100027,3.86130785683367,-2.01545299566893E-6));
#8484=CARTESIAN_POINT('Ctrl Pts',(0.580260915459042,3.88502077385537,0.0128292517163883));
#8485=CARTESIAN_POINT('Ctrl Pts',(0.470109839138692,3.91971827894228,0.0327592272362843));
#8486=CARTESIAN_POINT('Ctrl Pts',(0.319349370729121,3.96727808787257,0.0579018574914677));
#8487=CARTESIAN_POINT('Ctrl Pts',(0.30698067330174,3.97117901720221,0.0599520830283606));
#8488=CARTESIAN_POINT('Ctrl Pts',(0.294614898975104,3.97507858676234,0.0619893505330909));
#8489=CARTESIAN_POINT('Ctrl Pts',(0.650017461852644,3.82049442191475,0.000348023480471789));
#8490=CARTESIAN_POINT('Ctrl Pts',(0.650017565633476,3.83093684898108,0.000348308615966517));
#8491=CARTESIAN_POINT('Ctrl Pts',(0.650081994619105,3.84428193206535,0.000525325799138604));
#8492=CARTESIAN_POINT('Ctrl Pts',(0.649890058100027,3.86130785683367,-2.01545299553696E-6));
#8493=CARTESIAN_POINT('Origin',(-8.935,-9.64468000574925E-6,1.98114185830701));
#8494=CARTESIAN_POINT('',(-8.935,-9.64468000574925E-6,0.606141858307005));
#8495=CARTESIAN_POINT('',(-8.935,1.97661684439,0.856141858307005));
#8496=CARTESIAN_POINT('',(-8.935,1.97661684439,2.456141858307));
#8497=CARTESIAN_POINT('',(-8.935,2.71240689643,0.856141858307005));
#8498=CARTESIAN_POINT('',(-8.935,-9.64468000574925E-6,0.856141858307005));
#8499=CARTESIAN_POINT('',(-8.935,2.71240689643,2.456141858307));
#8500=CARTESIAN_POINT('',(-8.935,2.71240689643,5.268641858307));
#8501=CARTESIAN_POINT('',(-8.935,1.49999035531999,2.456141858307));
#8502=CARTESIAN_POINT('',(-8.935,1.64999035532,2.456141858307));
#8503=CARTESIAN_POINT('',(-8.935,1.49999035531999,3.35614185830701));
#8504=CARTESIAN_POINT('',(-8.935,1.49999035531999,2.16864185830701));
#8505=CARTESIAN_POINT('',(-8.935,-1.50000964468001,3.35614185830701));
#8506=CARTESIAN_POINT('',(-8.935,-9.64468000574925E-6,3.35614185830701));
#8507=CARTESIAN_POINT('',(-8.935,-1.50000964468001,2.456141858307));
#8508=CARTESIAN_POINT('',(-8.935,-1.50000964468001,2.16864185830701));
#8509=CARTESIAN_POINT('',(-8.935,-2.71242618578,2.456141858307));
#8510=CARTESIAN_POINT('',(-8.935,1.64999035532,2.456141858307));
#8511=CARTESIAN_POINT('',(-8.935,-2.71242618578,0.856141858307005));
#8512=CARTESIAN_POINT('',(-8.935,-2.71242618578,5.268641858307));
#8513=CARTESIAN_POINT('',(-8.935,-1.97663613374,0.856141858307005));
#8514=CARTESIAN_POINT('',(-8.935,-9.64468000574925E-6,0.856141858307005));
#8515=CARTESIAN_POINT('',(-8.935,-1.97663613374,2.456141858307));
#8516=CARTESIAN_POINT('Origin',(-5.40010994189998,-9.64468000574925E-6,
2.456141858307));
#8517=CARTESIAN_POINT('',(-8.61319097009999,-2.46549343216,0.856141858307005));
#8518=CARTESIAN_POINT('Origin',(-5.40010994189998,-9.64468000574925E-6,
0.856141858307005));
#8519=CARTESIAN_POINT('',(-8.61319097009999,-2.46549343216,2.456141858307));
#8520=CARTESIAN_POINT('',(-8.61319097009999,-2.46549343216,2.456141858307));
#8521=CARTESIAN_POINT('',(-8.45286097349998,-2.66143992539,2.456141858307));
#8522=CARTESIAN_POINT('Origin',(-5.40010994189998,-9.64468000574925E-6,
2.456141858307));
#8523=CARTESIAN_POINT('',(-7.86559372940002,-3.21309067286,2.456141858307));
#8524=CARTESIAN_POINT('Origin',(-5.40010994189998,-9.64468000574925E-6,
2.456141858307));
#8525=CARTESIAN_POINT('',(-7.86559372940002,-3.21309067286,2.456141858307));
#8526=CARTESIAN_POINT('',(-5.80010994189996,-4.03020815095001,2.456141858307));
#8527=CARTESIAN_POINT('',(-5.80010994189996,-4.03020815095001,4.352906782543));
#8528=CARTESIAN_POINT('',(-5.00010994189998,-4.03020815095001,2.456141858307));
#8529=CARTESIAN_POINT('Origin',(-5.40010994189998,-9.64468000574925E-6,
2.456141858307));
#8530=CARTESIAN_POINT('',(-5.00010994189998,-4.03020815095001,0.856141858307005));
#8531=CARTESIAN_POINT('',(-5.00010994189998,-4.03020815095001,4.352906782543));
#8532=CARTESIAN_POINT('',(-1.35010994189997,-9.64468000574925E-6,0.856141858307005));
#8533=CARTESIAN_POINT('Origin',(-5.40010994189998,-9.64468000574925E-6,
0.856141858307005));
#8534=CARTESIAN_POINT('',(-5.00010994189998,4.0301888616,0.856141858307005));
#8535=CARTESIAN_POINT('Origin',(-5.40010994189998,-9.64468000574925E-6,
0.856141858307005));
#8536=CARTESIAN_POINT('',(-5.00010994189998,4.0301888616,2.456141858307));
#8537=CARTESIAN_POINT('',(-5.00010994189998,4.0301888616,4.352906782543));
#8538=CARTESIAN_POINT('',(-5.80010994189996,4.0301888616,2.456141858307));
#8539=CARTESIAN_POINT('Origin',(-5.40010994189998,-9.64468000574925E-6,
2.456141858307));
#8540=CARTESIAN_POINT('',(-5.80010994189996,4.0301888616,4.352906782543));
#8541=CARTESIAN_POINT('',(-7.86559372940002,3.2130713835,2.456141858307));
#8542=CARTESIAN_POINT('',(-7.86559372940002,3.2130713835,2.456141858307));
#8543=CARTESIAN_POINT('',(-8.45286097349998,2.66142063604,2.456141858307));
#8544=CARTESIAN_POINT('Origin',(-5.40010994189998,-9.64468000574925E-6,
2.456141858307));
#8545=CARTESIAN_POINT('',(-8.61319097009999,2.46547414281,2.456141858307));
#8546=CARTESIAN_POINT('Origin',(-5.40010994189998,-9.64468000574925E-6,
2.456141858307));
#8547=CARTESIAN_POINT('',(-8.61319097009999,2.46547414281,0.856141858307005));
#8548=CARTESIAN_POINT('',(-8.61319097009999,2.46547414281,2.456141858307));
#8549=CARTESIAN_POINT('Origin',(-5.40010994189998,-9.64468000574925E-6,
0.856141858307005));
#8550=CARTESIAN_POINT('Origin',(-5.40010994189998,-9.64468000574925E-6,
0.606141858307005));
#8551=CARTESIAN_POINT('Origin',(-6.18547049,-9.64468000574925E-6,0.606141858307005));
#8552=CARTESIAN_POINT('Origin',(-10.9644692959,4.94999035532,3.15614185830701));
#8553=CARTESIAN_POINT('',(-5.80010994189996,4.94999035532,2.456141858307));
#8554=CARTESIAN_POINT('',(-5.80010994189996,4.94999035532,4.352906782543));
#8555=CARTESIAN_POINT('',(-5.00010994189998,4.94999035532,2.456141858307));
#8556=CARTESIAN_POINT('',(-5.40010994189998,4.94999035532,2.456141858307));
#8557=CARTESIAN_POINT('',(-5.00010994189998,4.94999035532,0.856141858307005));
#8558=CARTESIAN_POINT('',(-5.00010994189998,4.94999035532,4.352906782543));
#8559=CARTESIAN_POINT('',(-0.150109941899984,4.94999035532,0.856141858307005));
#8560=CARTESIAN_POINT('',(-6.52510994189998,4.94999035532,0.856141858307005));
#8561=CARTESIAN_POINT('',(-0.150109941899984,4.94999035532,0.606141858307005));
#8562=CARTESIAN_POINT('',(-0.150109941899984,4.94999035532,3.15614185830701));
#8563=CARTESIAN_POINT('',(-6.52510994189998,4.94999035532,0.606141858307005));
#8564=CARTESIAN_POINT('',(-5.40010994189998,4.94999035532,0.931141858307004));
#8565=CARTESIAN_POINT('Origin',(-5.40010994189998,4.94999035532,1.056141858307));
#8566=CARTESIAN_POINT('Origin',(0.0498900581000044,-2.3513996069,-0.0380647857729954));
#8567=CARTESIAN_POINT('',(0.0332233913999858,-2.65093628616,0.606141858307005));
#8568=CARTESIAN_POINT('',(0.0332233913999858,-2.65093628616,-0.0380647857729954));
#8569=CARTESIAN_POINT('',(0.349890058100016,-2.3513996069,0.606141858307005));
#8570=CARTESIAN_POINT('Origin',(0.0498900581000044,-2.3513996069,0.606141858307005));
#8571=CARTESIAN_POINT('',(0.349890058100016,-2.3513996069,0.606141858307005));
#8572=CARTESIAN_POINT('Origin',(-0.000109941899950172,-3.25000964468,-0.0380647857729954));
#8573=CARTESIAN_POINT('',(0.0332233913999858,-3.8490830032,0.606141858307005));
#8574=CARTESIAN_POINT('',(0.0332233913999858,-3.8490830032,-0.0380647857729954));
#8575=CARTESIAN_POINT('Origin',(-0.000109941899950172,-3.25000964468,0.606141858307005));
#8576=CARTESIAN_POINT('Origin',(0.0498900581000044,-4.14861968246001,-0.0380647857729954));
#8577=CARTESIAN_POINT('',(0.349890058100016,-4.14861968246001,0.0527995160830024));
#8578=CARTESIAN_POINT('Ctrl Pts',(0.349890058100016,-4.14861968246001,0.0527995160830024));
#8579=CARTESIAN_POINT('Ctrl Pts',(0.349890058100016,-4.14474246978,0.0527995160830024));
#8580=CARTESIAN_POINT('Ctrl Pts',(0.349814894285373,-4.14086566527142,0.052812126325005));
#8581=CARTESIAN_POINT('Ctrl Pts',(0.349664613665198,-4.13699144804201,0.0528373361465739));
#8582=CARTESIAN_POINT('Ctrl Pts',(0.349492013968415,-4.13254184756637,0.0528662900300034));
#8583=CARTESIAN_POINT('Ctrl Pts',(0.349220373377079,-4.12809681543151,0.0529118565440037));
#8584=CARTESIAN_POINT('Ctrl Pts',(0.348849915872961,-4.1236596455933,0.0529739849119579));
#8585=CARTESIAN_POINT('Ctrl Pts',(0.348029431281304,-4.11383225799246,0.0531115860350013));
#8586=CARTESIAN_POINT('Ctrl Pts',(0.346725033682617,-4.10405312633328,0.0533303063220032));
#8587=CARTESIAN_POINT('Ctrl Pts',(0.34494198030194,-4.09435769572038,0.0536289564991321));
#8588=CARTESIAN_POINT('Ctrl Pts',(0.341737540938539,-4.07693341676275,0.0541656798490031));
#8589=CARTESIAN_POINT('Ctrl Pts',(0.337003168390822,-4.05986574440559,0.0549578597560014));
#8590=CARTESIAN_POINT('Ctrl Pts',(0.330812817799881,-4.04334668932969,0.0559899602462792));
#8591=CARTESIAN_POINT('Ctrl Pts',(0.32631973712688,-4.03135682768825,0.0567390794920009));
#8592=CARTESIAN_POINT('Ctrl Pts',(0.321059550651,-4.01965596286334,0.0576145275280027));
#8593=CARTESIAN_POINT('Ctrl Pts',(0.315060670993148,-4.00831805717407,0.0586095233737964));
#8594=CARTESIAN_POINT('Ctrl Pts',(0.308958540265923,-3.99678500656549,0.0596216448148603));
#8595=CARTESIAN_POINT('Ctrl Pts',(0.302125388374707,-3.98569035935476,0.0607519705531763));
#8596=CARTESIAN_POINT('Ctrl Pts',(0.294614409372757,-3.97509737296024,0.0619894024637106));
#8597=CARTESIAN_POINT('',(0.349890058100016,-4.14861968246001,0.606141858307005));
#8598=CARTESIAN_POINT('',(0.349890058100016,-4.14861968246001,0.0527995160830024));
#8599=CARTESIAN_POINT('Origin',(0.0498900581000044,-4.14861968246001,0.606141858307005));
#8600=CARTESIAN_POINT('Origin',(0.649890058100027,4.14999035532,-2.01545299560735E-6));
#8601=CARTESIAN_POINT('',(0.649890058100027,4.14999035532,-2.01545299560735E-6));
#8602=CARTESIAN_POINT('',(0.649890058100027,5.99999035532,-2.01545299560735E-6));
#8603=CARTESIAN_POINT('',(0.961500944399972,4.14999035532,0.856141858307005));
#8604=CARTESIAN_POINT('',(0.649890058100027,4.14999035532,-2.01545299560735E-6));
#8605=CARTESIAN_POINT('',(0.961500944399972,2.74999035531999,0.856141858307005));
#8606=CARTESIAN_POINT('',(0.961500944399972,4.14999035532,0.856141858307005));
#8607=CARTESIAN_POINT('',(1.47073840209998,2.74999035531999,2.255260274433));
#8608=CARTESIAN_POINT('',(0.649890058100027,2.74999035531999,-2.01545299560735E-6));
#8609=CARTESIAN_POINT('',(1.57334444510002,2.44999035531999,2.537168060669));
#8610=CARTESIAN_POINT('Origin',(1.47073840209998,2.44999035531999,2.255260274433));
#8611=CARTESIAN_POINT('',(1.57334444510002,-2.45000964468001,2.537168060669));
#8612=CARTESIAN_POINT('',(1.57334444510002,4.14999035532,2.537168060669));
#8613=CARTESIAN_POINT('',(1.47073840209998,-2.75000964468,2.255260274433));
#8614=CARTESIAN_POINT('Origin',(1.47073840209998,-2.45000964468001,2.255260274433));
#8615=CARTESIAN_POINT('',(0.961500944399972,-2.75000964468,0.856141858307005));
#8616=CARTESIAN_POINT('',(0.649890058100027,-2.75000964468,-2.01545299560735E-6));
#8617=CARTESIAN_POINT('',(0.961500944399972,-4.15000964468001,0.856141858307005));
#8618=CARTESIAN_POINT('',(0.961500944399972,4.14999035532,0.856141858307005));
#8619=CARTESIAN_POINT('',(0.649890058100027,-4.15000964468001,-2.01545299560735E-6));
#8620=CARTESIAN_POINT('',(0.649890058100027,-4.15000964468001,-2.01545299560735E-6));
#8621=CARTESIAN_POINT('',(0.649890058100027,5.99999035532,-2.01545299560735E-6));
#8622=CARTESIAN_POINT('',(1.42285558200001,-2.25000964468,2.123703307523));
#8623=CARTESIAN_POINT('Origin',(1.3681323591,-2.25000964468,1.973352488197));
#8624=CARTESIAN_POINT('',(1.42285558200001,2.24999035531999,2.123703307523));
#8625=CARTESIAN_POINT('Origin',(1.3681323591,2.24999035531999,1.973352488197));
#8626=CARTESIAN_POINT('Ctrl Pts',(-0.614270605999991,4.14999035532,0.190285067886006));
#8627=CARTESIAN_POINT('Ctrl Pts',(-0.614270605999991,-7.80200964468,0.190285067886006));
#8628=CARTESIAN_POINT('Ctrl Pts',(-0.226769561999959,4.14999035532,0.144070471365005));
#8629=CARTESIAN_POINT('Ctrl Pts',(-0.226769561999959,-7.80200964468,0.144070471365005));
#8630=CARTESIAN_POINT('Ctrl Pts',(0.190921801700029,4.14999035532,0.0845767126020043));
#8631=CARTESIAN_POINT('Ctrl Pts',(0.190921801700029,-7.80200964468,0.0845767126020043));
#8632=CARTESIAN_POINT('Ctrl Pts',(0.649890058100027,4.14999035532,-2.01545299560735E-6));
#8633=CARTESIAN_POINT('Ctrl Pts',(0.649890058100027,-7.80200964468,-2.01545299560735E-6));
#8634=CARTESIAN_POINT('',(0.174890058100004,3.24999035531999,0.0813256684150012));
#8635=CARTESIAN_POINT('',(-0.17510994189995,3.24999035531999,0.133485036175813));
#8636=CARTESIAN_POINT('Ctrl Pts',(0.174890058157884,3.24999035531999,0.0813256684030991));
#8637=CARTESIAN_POINT('Ctrl Pts',(0.174890058265695,3.24793788220058,0.0813256683860353));
#8638=CARTESIAN_POINT('Ctrl Pts',(0.174853949722454,3.24588552494858,0.0813313835767243));
#8639=CARTESIAN_POINT('Ctrl Pts',(0.17478174510215,3.24383423498544,0.0813428113546076));
#8640=CARTESIAN_POINT('Ctrl Pts',(0.174661934876282,3.24043049831632,0.0813617736404504));
#8641=CARTESIAN_POINT('Ctrl Pts',(0.174442789928852,3.23703111935737,0.0813964572004783));
#8642=CARTESIAN_POINT('Ctrl Pts',(0.174124612837378,3.23364043374435,0.0814468036439795));
#8643=CARTESIAN_POINT('Ctrl Pts',(0.173452323428889,3.22647611523672,0.0815531827065455));
#8644=CARTESIAN_POINT('Ctrl Pts',(0.172338949738543,3.21936173162803,0.0817293349712804));
#8645=CARTESIAN_POINT('Ctrl Pts',(0.170791411534678,3.21233763438007,0.0819739310430282));
#8646=CARTESIAN_POINT('Ctrl Pts',(0.167434342411145,3.19710028519352,0.0825045324318347));
#8647=CARTESIAN_POINT('Ctrl Pts',(0.162058215864735,3.18239635956349,0.0833536140213781));
#8648=CARTESIAN_POINT('Ctrl Pts',(0.154817283835439,3.1686112749251,0.0844918719179635));
#8649=CARTESIAN_POINT('Ctrl Pts',(0.146478454867984,3.15273604468729,0.085802716693481));
#8650=CARTESIAN_POINT('Ctrl Pts',(0.1357636502983,3.13826384568709,0.0874816408505922));
#8651=CARTESIAN_POINT('Ctrl Pts',(0.123067973330587,3.12568347216598,0.0894558052809766));
#8652=CARTESIAN_POINT('Ctrl Pts',(0.10894321995132,3.11168700125256,0.0916521895919682));
#8653=CARTESIAN_POINT('Ctrl Pts',(0.0925605396353174,3.10022384539695,0.0941833891211946));
#8654=CARTESIAN_POINT('Ctrl Pts',(0.0746397472630399,3.09175798198871,0.0969238669031347));
#8655=CARTESIAN_POINT('Ctrl Pts',(0.0551686583108092,3.08255975146102,0.099901418651701));
#8656=CARTESIAN_POINT('Ctrl Pts',(0.0341813999301094,3.07704099530519,0.10307959881129));
#8657=CARTESIAN_POINT('Ctrl Pts',(0.0127364558484662,3.07546250635345,0.106288926999016));
#8658=CARTESIAN_POINT('Ctrl Pts',(0.00131112273946619,3.07462152667946,
0.107998777277071));
#8659=CARTESIAN_POINT('Ctrl Pts',(-0.0101713926808235,3.07490434296424,
0.109706802236996));
#8660=CARTESIAN_POINT('Ctrl Pts',(-0.021545655483893,3.07630814499566,0.111388591223761));
#8661=CARTESIAN_POINT('Ctrl Pts',(-0.0446266309751027,3.07915677974612,
0.114801324959298));
#8662=CARTESIAN_POINT('Ctrl Pts',(-0.0669419242713558,3.08658187796317,
0.118057765118544));
#8663=CARTESIAN_POINT('Ctrl Pts',(-0.0871716525774242,3.09818370680319,
0.120980036157112));
#8664=CARTESIAN_POINT('Ctrl Pts',(-0.1064529384694,3.10924160018415,0.123765300620184));
#8665=CARTESIAN_POINT('Ctrl Pts',(-0.123488880411947,3.12389341148026,0.126197200374502));
#8666=CARTESIAN_POINT('Ctrl Pts',(-0.137334940880857,3.14138879154353,0.128161710377658));
#8667=CARTESIAN_POINT('Ctrl Pts',(-0.149873333813579,3.15723185031344,0.129940685588342));
#8668=CARTESIAN_POINT('Ctrl Pts',(-0.159591503636773,3.17514969490753,0.131307964327772));
#8669=CARTESIAN_POINT('Ctrl Pts',(-0.166032184447431,3.19435934393193,0.13221238889463));
#8670=CARTESIAN_POINT('Ctrl Pts',(-0.16969258647872,3.20527667400562,0.132726396282824));
#8671=CARTESIAN_POINT('Ctrl Pts',(-0.172268133214473,3.21653338945459,0.133087133043178));
#8672=CARTESIAN_POINT('Ctrl Pts',(-0.17371850735548,3.22796614134844,0.133290235874867));
#8673=CARTESIAN_POINT('Ctrl Pts',(-0.174243335177932,3.23210316097078,0.133363730026394));
#8674=CARTESIAN_POINT('Ctrl Pts',(-0.174620157871276,3.23625791766409,0.133416479075856));
#8675=CARTESIAN_POINT('Ctrl Pts',(-0.174848189501158,3.2404224493173,0.133448398414088));
#8676=CARTESIAN_POINT('Ctrl Pts',(-0.17499367845891,3.2430795077704,0.133468763620677));
#8677=CARTESIAN_POINT('Ctrl Pts',(-0.175078547201947,3.245739599975,0.133480642024062));
#8678=CARTESIAN_POINT('Ctrl Pts',(-0.175102721269419,3.2484006482508,0.133484025542921));
#8679=CARTESIAN_POINT('Ctrl Pts',(-0.175107535954304,3.2489306421762,0.133484699429395));
#8680=CARTESIAN_POINT('Ctrl Pts',(-0.175109941433335,3.24946049676456,0.133485036110503));
#8681=CARTESIAN_POINT('Ctrl Pts',(-0.175109941433699,3.24999035531999,0.133485036110554));
#8682=CARTESIAN_POINT('Ctrl Pts',(-0.175109941433699,3.24999035531999,0.133485036110554));
#8683=CARTESIAN_POINT('Ctrl Pts',(-0.175109941434955,3.25252728338463,0.13348503611073));
#8684=CARTESIAN_POINT('Ctrl Pts',(-0.175054776581244,3.25506391076386,0.133477315222886));
#8685=CARTESIAN_POINT('Ctrl Pts',(-0.174944482587442,3.25759846826625,0.133461877062455));
#8686=CARTESIAN_POINT('Ctrl Pts',(-0.174786763709017,3.26122285027293,0.133439800707576));
#8687=CARTESIAN_POINT('Ctrl Pts',(-0.1745163864693,3.26484132045201,0.133401954313806));
#8688=CARTESIAN_POINT('Ctrl Pts',(-0.174133768222087,3.26844862913477,0.133348382482226));
#8689=CARTESIAN_POINT('Ctrl Pts',(-0.173189972648798,3.27734669395805,0.133216238085385));
#8690=CARTESIAN_POINT('Ctrl Pts',(-0.171565351823836,3.28615700054563,0.132988734682132));
#8691=CARTESIAN_POINT('Ctrl Pts',(-0.169275245186199,3.29480218594641,0.1326675253576));
#8692=CARTESIAN_POINT('Ctrl Pts',(-0.166097909081524,3.30679667530951,0.132221873628017));
#8693=CARTESIAN_POINT('Ctrl Pts',(-0.161656097859895,3.31841099066016,0.131598200511215));
#8694=CARTESIAN_POINT('Ctrl Pts',(-0.156029684856982,3.32945124982919,0.130805264497543));
#8695=CARTESIAN_POINT('Ctrl Pts',(-0.147905420080349,3.34539284328231,0.129660303734323));
#8696=CARTESIAN_POINT('Ctrl Pts',(-0.137396425428776,3.35997104705067,0.128174431306223));
#8697=CARTESIAN_POINT('Ctrl Pts',(-0.124886537115186,3.37269243878438,0.12639154842942));
#8698=CARTESIAN_POINT('Ctrl Pts',(-0.11092658738847,3.38688840797329,0.124402005860782));
#8699=CARTESIAN_POINT('Ctrl Pts',(-0.0946709559006467,3.39857364147129,
0.122070099551695));
#8700=CARTESIAN_POINT('Ctrl Pts',(-0.0768360403007609,3.40727387583054,
0.119484257389026));
#8701=CARTESIAN_POINT('Ctrl Pts',(-0.0574020051625185,3.41675419320583,
0.116666562672737));
#8702=CARTESIAN_POINT('Ctrl Pts',(-0.0364021989501204,3.42253980105374,
0.113591572380783));
#8703=CARTESIAN_POINT('Ctrl Pts',(-0.0149054035284524,3.42436378883324,
0.110405617718574));
#8704=CARTESIAN_POINT('Ctrl Pts',(-0.00345147572505457,3.42533564644881,
0.108708076574881));
#8705=CARTESIAN_POINT('Ctrl Pts',(0.00806931341987918,3.4251765073046,0.106990239849998));
#8706=CARTESIAN_POINT('Ctrl Pts',(0.0194899600152799,3.42388930254198,0.105277037892148));
#8707=CARTESIAN_POINT('Ctrl Pts',(0.0426214076859171,3.42128219011982,0.101807108137629));
#8708=CARTESIAN_POINT('Ctrl Pts',(0.0650253464801762,3.41408313194581,0.0984026575930964));
#8709=CARTESIAN_POINT('Ctrl Pts',(0.0853776930071858,3.40268896133191,0.0952787429830432));
#8710=CARTESIAN_POINT('Ctrl Pts',(0.104748224770285,3.39184445534349,0.0923055287102348));
#8711=CARTESIAN_POINT('Ctrl Pts',(0.121918047403444,3.37739086337832,0.0896398345341429));
#8712=CARTESIAN_POINT('Ctrl Pts',(0.135936603739105,3.36006459126863,0.0874503230830519));
#8713=CARTESIAN_POINT('Ctrl Pts',(0.148619057633231,3.34438967853677,0.0854694930058146));
#8714=CARTESIAN_POINT('Ctrl Pts',(0.158519004212134,3.32661380092374,0.083910788934009));
#8715=CARTESIAN_POINT('Ctrl Pts',(0.165168230964548,3.30750666235186,0.0828618534964644));
#8716=CARTESIAN_POINT('Ctrl Pts',(0.169068377551974,3.29629924770481,0.0822465936896478));
#8717=CARTESIAN_POINT('Ctrl Pts',(0.171820667811269,3.28471789078004,0.0818112887504599));
#8718=CARTESIAN_POINT('Ctrl Pts',(0.173378659346632,3.2729404149828,0.0815648239206966));
#8719=CARTESIAN_POINT('Ctrl Pts',(0.173948753017323,3.26863085087007,0.0814746385529927));
#8720=CARTESIAN_POINT('Ctrl Pts',(0.174358124276827,3.26430113590914,0.0814098543714093));
#8721=CARTESIAN_POINT('Ctrl Pts',(0.174605830108531,3.2599602606084,0.0813706524736987));
#8722=CARTESIAN_POINT('Ctrl Pts',(0.174764485323405,3.25717993646808,0.0813455437168239));
#8723=CARTESIAN_POINT('Ctrl Pts',(0.174856755668258,3.25439614515581,0.0813309393482128));
#8724=CARTESIAN_POINT('Ctrl Pts',(0.174882551261713,3.25161126157128,0.0813268565568136));
#8725=CARTESIAN_POINT('Ctrl Pts',(0.174887555895165,3.25107096302879,0.0813260644496481));
#8726=CARTESIAN_POINT('Ctrl Pts',(0.174890058129505,3.25053065515976,0.0813256684075909));
#8727=CARTESIAN_POINT('Ctrl Pts',(0.174890058157884,3.24999035531999,0.0813256684030991));
#8728=CARTESIAN_POINT('Ctrl Pts',(-0.614270605999991,4.14999035532,0.190285067886006));
#8729=CARTESIAN_POINT('Ctrl Pts',(-0.614270605999991,-7.80200964468,0.190285067886006));
#8730=CARTESIAN_POINT('Ctrl Pts',(-0.226769561999959,4.14999035532,0.144070471365005));
#8731=CARTESIAN_POINT('Ctrl Pts',(-0.226769561999959,-7.80200964468,0.144070471365005));
#8732=CARTESIAN_POINT('Ctrl Pts',(0.190921801700029,4.14999035532,0.0845767126020043));
#8733=CARTESIAN_POINT('Ctrl Pts',(0.190921801700029,-7.80200964468,0.0845767126020043));
#8734=CARTESIAN_POINT('Ctrl Pts',(0.649890058100027,4.14999035532,-2.01545299560735E-6));
#8735=CARTESIAN_POINT('Ctrl Pts',(0.649890058100027,-7.80200964468,-2.01545299560735E-6));
#8736=CARTESIAN_POINT('',(0.349890058100016,4.1486003931,0.0527995160830024));
#8737=CARTESIAN_POINT('Ctrl Pts',(0.294614991350508,3.97507890438596,0.0619893032629062));
#8738=CARTESIAN_POINT('Ctrl Pts',(0.29655853947123,3.97781997517574,0.0616691005935727));
#8739=CARTESIAN_POINT('Ctrl Pts',(0.298456700376969,3.98059463811641,0.0613560691508119));
#8740=CARTESIAN_POINT('Ctrl Pts',(0.300308543395943,3.98340177863215,0.0610504063608062));
#8741=CARTESIAN_POINT('Ctrl Pts',(0.305577172877349,3.9913882996969,0.0601807732600044));
#8742=CARTESIAN_POINT('Ctrl Pts',(0.310470986317171,3.99963781902878,0.0593707623150017));
#8743=CARTESIAN_POINT('Ctrl Pts',(0.314968836455137,4.00812533742911,0.0586247551534385));
#8744=CARTESIAN_POINT('Ctrl Pts',(0.323245421447666,4.02374339166863,0.0572520122900038));
#8745=CARTESIAN_POINT('Ctrl Pts',(0.330119698530041,4.04005139592027,0.0561062771050018));
#8746=CARTESIAN_POINT('Ctrl Pts',(0.335517435062968,4.05685617513911,0.055204984534754));
#8747=CARTESIAN_POINT('Ctrl Pts',(0.339449143380534,4.06909676706628,0.0545484835230035));
#8748=CARTESIAN_POINT('Ctrl Pts',(0.342597545732644,4.08160102105202,0.0540216334520025));
#8749=CARTESIAN_POINT('Ctrl Pts',(0.34493394574406,4.09429473626854,0.0536303022350779));
#8750=CARTESIAN_POINT('Ctrl Pts',(0.34672016493198,4.10399930636563,0.0533311225890039));
#8751=CARTESIAN_POINT('Ctrl Pts',(0.348026810972613,4.11378780645271,0.0531120254210045));
#8752=CARTESIAN_POINT('Ctrl Pts',(0.348848607386969,4.12362468874067,0.0529742043543919));
#8753=CARTESIAN_POINT('Ctrl Pts',(0.349219555340255,4.12806492635644,0.0529119937610041));
#8754=CARTESIAN_POINT('Ctrl Pts',(0.349491549216964,4.13251304212889,0.0528663679900028));
#8755=CARTESIAN_POINT('Ctrl Pts',(0.349664364430168,4.13696573520745,0.0528373779562763));
#8756=CARTESIAN_POINT('Ctrl Pts',(0.349814811172507,4.14084209051146,0.052812140270003));
#8757=CARTESIAN_POINT('Ctrl Pts',(0.349890058100016,4.14472103738,0.0527995160830024));
#8758=CARTESIAN_POINT('Ctrl Pts',(0.349890058100016,4.1486003931,0.0527995160830024));
#8759=CARTESIAN_POINT('',(0.349890058100016,4.14999035532,0.0527995160830024));
#8760=CARTESIAN_POINT('',(0.349890058100016,5.99999035532,0.0527995160830024));
#8761=CARTESIAN_POINT('Origin',(-2.79488122879997,4.14999035534,-18.6933496600956));
#8762=CARTESIAN_POINT('Ctrl Pts',(-0.614270605999991,4.14999035532,0.190285067886006));
#8763=CARTESIAN_POINT('Ctrl Pts',(-0.614270605999991,-7.80200964468,0.190285067886006));
#8764=CARTESIAN_POINT('Ctrl Pts',(-0.226769561999959,4.14999035532,0.144070471365005));
#8765=CARTESIAN_POINT('Ctrl Pts',(-0.226769561999959,-7.80200964468,0.144070471365005));
#8766=CARTESIAN_POINT('Ctrl Pts',(0.190921801700029,4.14999035532,0.0845767126020043));
#8767=CARTESIAN_POINT('Ctrl Pts',(0.190921801700029,-7.80200964468,0.0845767126020043));
#8768=CARTESIAN_POINT('Ctrl Pts',(0.649890058100027,4.14999035532,-2.01545299560735E-6));
#8769=CARTESIAN_POINT('Ctrl Pts',(0.649890058100027,-7.80200964468,-2.01545299560735E-6));
#8770=CARTESIAN_POINT('',(0.349890058100016,-4.15000964468001,0.0527995160830024));
#8771=CARTESIAN_POINT('Origin',(-2.79488122869998,-4.1500096447,-18.6933496599499));
#8772=CARTESIAN_POINT('',(0.349890058100016,5.99999035532,0.0527995160830024));
#8773=CARTESIAN_POINT('Origin',(-11.6,0.,2.));
#8774=CARTESIAN_POINT('',(-11.6,-4.37486283120393,0.856141858307005));
#8775=CARTESIAN_POINT('Origin',(-11.6,0.,2.));
#8776=CARTESIAN_POINT('',(-11.6,-4.22515645815608,0.856141858307005));
#8777=CARTESIAN_POINT('',(-11.6,-2.79992718488238,-0.143858141692995));
#8778=CARTESIAN_POINT('Origin',(-11.6,0.,2.));
#8779=CARTESIAN_POINT('',(-11.6,2.79990789552237,-0.143858141692995));
#8780=CARTESIAN_POINT('',(-11.6,4.22513716879607,0.856141858307005));
#8781=CARTESIAN_POINT('Origin',(-6.18547049,-9.64468000574925E-6,0.606141858307005));
#8782=CARTESIAN_POINT('',(0.649890058100027,4.14999035532,0.606141858307005));
#8783=CARTESIAN_POINT('Origin',(-0.150109941899984,4.14999035532,0.606141858307005));
#8784=CARTESIAN_POINT('',(0.349890058100016,4.14999035532,0.606141858307005));
#8785=CARTESIAN_POINT('',(0.649890058100027,4.14999035532,0.606141858307005));
#8786=CARTESIAN_POINT('',(0.349890058100016,4.1486003931,0.606141858307005));
#8787=CARTESIAN_POINT('',(0.349890058100016,3.73733007256,0.606141858307005));
#8788=CARTESIAN_POINT('',(0.0332233913999858,3.84906371384,0.606141858307005));
#8789=CARTESIAN_POINT('Origin',(0.0498900581000044,4.1486003931,0.606141858307005));
#8790=CARTESIAN_POINT('',(0.0332233913999858,2.6509169968,0.606141858307005));
#8791=CARTESIAN_POINT('Origin',(-0.000109941899950172,3.24999035531999,
0.606141858307005));
#8792=CARTESIAN_POINT('',(0.349890058100016,2.35138031754,0.606141858307005));
#8793=CARTESIAN_POINT('Origin',(0.0498900581000044,2.35138031754,0.606141858307005));
#8794=CARTESIAN_POINT('',(0.349890058100016,-2.76266992744,0.606141858307005));
#8795=CARTESIAN_POINT('',(0.349890058100016,-4.15000964468001,0.606141858307005));
#8796=CARTESIAN_POINT('',(0.349890058100016,-4.15000964468001,0.606141858307005));
#8797=CARTESIAN_POINT('',(0.649890058100027,-4.15000964468001,0.606141858307005));
#8798=CARTESIAN_POINT('',(0.649890058100027,-4.15000964468001,0.606141858307005));
#8799=CARTESIAN_POINT('Origin',(-0.150109941899984,-4.15000964468001,0.606141858307005));
#8800=CARTESIAN_POINT('',(-0.825109941899996,4.29999035531999,0.606141858307005));
#8801=CARTESIAN_POINT('Origin',(-0.700109941899996,4.29999035531999,0.606141858307005));
#8802=CARTESIAN_POINT('',(-0.825109941899996,-4.30000964468001,0.606141858307005));
#8803=CARTESIAN_POINT('Origin',(-0.700109941899996,-4.30000964468001,0.606141858307005));
#8804=CARTESIAN_POINT('',(-0.0751099418999956,2.39999035532,0.606141858307005));
#8805=CARTESIAN_POINT('Origin',(-0.400109941899984,2.39999035532,0.606141858307005));
#8806=CARTESIAN_POINT('',(-0.0751099418999956,-2.40000964468001,0.606141858307005));
#8807=CARTESIAN_POINT('Origin',(-0.400109941899984,-2.40000964468001,0.606141858307005));
#8808=CARTESIAN_POINT('',(-1.60599739219998,3.39410290502,0.606141858307005));
#8809=CARTESIAN_POINT('Origin',(-2.00599739219996,3.39410290502,0.606141858307005));
#8810=CARTESIAN_POINT('',(-1.60599739219998,-3.39412219437,0.606141858307005));
#8811=CARTESIAN_POINT('Origin',(-2.00599739219996,-3.39412219437,0.606141858307005));
#8812=CARTESIAN_POINT('Origin',(-0.400109941899984,-2.40000964468001,1.60614185830701));
#8813=CARTESIAN_POINT('',(-0.0751099418999956,-2.40000964468001,0.856141858307005));
#8814=CARTESIAN_POINT('Origin',(-0.400109941899984,-2.40000964468001,0.856141858307005));
#8815=CARTESIAN_POINT('',(-0.0751099418999843,-2.40000964468001,1.60614185830701));
#8816=CARTESIAN_POINT('Origin',(-1.35010994189997,-3.30000964468001,0.856141858307005));
#8817=CARTESIAN_POINT('',(-0.149385601999995,-2.45985957328,0.856141858307005));
#8818=CARTESIAN_POINT('Origin',(-0.366793599799962,-2.45985957328,0.856141858307005));
#8819=CARTESIAN_POINT('Origin',(-0.400109941899984,2.39999035532,1.60614185830701));
#8820=CARTESIAN_POINT('',(-0.0751099418999956,2.39999035532,0.856141858307005));
#8821=CARTESIAN_POINT('Origin',(-0.400109941899984,2.39999035532,0.856141858307005));
#8822=CARTESIAN_POINT('',(-0.0751099418999843,2.39999035532,1.60614185830701));
#8823=CARTESIAN_POINT('Origin',(-1.35010994189997,-3.30000964468001,0.856141858307005));
#8824=CARTESIAN_POINT('',(-0.149385601999995,2.45984028393,0.856141858307005));
#8825=CARTESIAN_POINT('Origin',(-0.366793599799962,2.45984028393,0.856141858307005));
#8826=CARTESIAN_POINT('Origin',(-11.3501099419,-1.50000964468001,2.35614185830701));
#8827=CARTESIAN_POINT('',(-8.60081409740002,-1.50000964468001,3.35614185830701));
#8828=CARTESIAN_POINT('',(-11.3501099419,-1.50000964468001,3.35614185830701));
#8829=CARTESIAN_POINT('',(-7.65010994189998,-1.50000964468001,3.101401447596));
#8830=CARTESIAN_POINT('',(-0.950109941899996,-1.50000964468001,1.306141858307));
#8831=CARTESIAN_POINT('',(-7.65010994189998,-1.50000964468001,2.687290975431));
#8832=CARTESIAN_POINT('',(-7.65010994189998,-1.50000964468001,2.606906217702));
#8833=CARTESIAN_POINT('',(-7.85010994189997,-1.50000964468001,2.740880813918));
#8834=CARTESIAN_POINT('',(-1.35010994189997,-1.50000964468001,0.999211063115002));
#8835=CARTESIAN_POINT('',(-7.85010994189997,-1.50000964468001,2.456141858307));
#8836=CARTESIAN_POINT('',(-7.85010994189997,-1.50000964468001,2.740880813918));
#8837=CARTESIAN_POINT('',(-9.35010994189997,-1.50000964468001,2.456141858307));
#8838=CARTESIAN_POINT('Origin',(-9.35010994189997,3.29999035531999,2.456141858307));
#8839=CARTESIAN_POINT('',(-7.85010994189997,-3.70000964468001,2.456141858307));
#8840=CARTESIAN_POINT('',(-7.85010994189997,3.29999035531999,2.456141858307));
#8841=CARTESIAN_POINT('',(-8.15010994189998,-4.00000964468,2.456141858307));
#8842=CARTESIAN_POINT('Origin',(-8.15010994189998,-3.70000964468001,2.456141858307));
#8843=CARTESIAN_POINT('',(-8.46941789379997,-4.00000964468,2.456141858307));
#8844=CARTESIAN_POINT('',(-7.85010994189997,-4.00000964468,2.456141858307));
#8845=CARTESIAN_POINT('',(-5.40010994189998,-9.64468000574925E-6,2.456141858307));
#8846=CARTESIAN_POINT('',(-8.3580866930139,-2.48803751696,2.456141858307));
#8847=CARTESIAN_POINT('Origin',(-8.5754946909,-2.48803751696,2.456141858307));
#8848=CARTESIAN_POINT('',(-8.76851413519998,-2.58467708858,2.456141858307));
#8849=CARTESIAN_POINT('Origin',(-8.5754946909,-2.48803751696,2.456141858307));
#8850=CARTESIAN_POINT('',(-5.40010994189998,-9.64468000574925E-6,2.456141858307));
#8851=CARTESIAN_POINT('',(-8.38859692099999,-1.95000964468001,2.456141858307));
#8852=CARTESIAN_POINT('Origin',(-8.5180064436,-1.95000964468001,2.456141858307));
#8853=CARTESIAN_POINT('Origin',(-5.40010994189998,-9.64468000574925E-6,
8.556141858307));
#8854=CARTESIAN_POINT('',(-5.40010994189998,-9.64468000574925E-6,2.456141858307));
#8855=CARTESIAN_POINT('',(-5.40010994189998,-9.64468000574925E-6,0.856141858307005));
#8856=CARTESIAN_POINT('Origin',(-6.52510994189998,-9.64468000574925E-6,
0.856141858307005));
#8857=CARTESIAN_POINT('Origin',(-6.52510994189998,-9.64468000574925E-6,
0.856141858307005));
#8858=CARTESIAN_POINT('',(-5.40010994189998,-9.64468000574925E-6,0.856141858307005));
#8859=CARTESIAN_POINT('Origin',(-5.40010994189998,-9.64468000574925E-6,
8.556141858307));
#8860=CARTESIAN_POINT('',(-8.76851413519998,2.58465779923,2.456141858307));
#8861=CARTESIAN_POINT('',(-5.40010994189998,-9.64468000574925E-6,2.456141858307));
#8862=CARTESIAN_POINT('',(-5.40010994189998,-9.64468000574925E-6,2.456141858307));
#8863=CARTESIAN_POINT('Origin',(-9.35010994189997,3.29999035531999,2.456141858307));
#8864=CARTESIAN_POINT('',(-8.3580866930139,2.4880182276,2.456141858307));
#8865=CARTESIAN_POINT('Origin',(-8.5754946909,2.4880182276,2.456141858307));
#8866=CARTESIAN_POINT('Origin',(-8.5754946909,2.4880182276,2.456141858307));
#8867=CARTESIAN_POINT('',(-8.46941789379997,3.99999035531999,2.456141858307));
#8868=CARTESIAN_POINT('',(-5.40010994189998,-9.64468000574925E-6,2.456141858307));
#8869=CARTESIAN_POINT('',(-8.15010994189998,3.99999035531999,2.456141858307));
#8870=CARTESIAN_POINT('',(-7.85010994189997,3.99999035531999,2.456141858307));
#8871=CARTESIAN_POINT('',(-7.85010994189997,3.69999035531999,2.456141858307));
#8872=CARTESIAN_POINT('Origin',(-8.15010994189998,3.69999035531999,2.456141858307));
#8873=CARTESIAN_POINT('',(-7.85010994189997,1.49999035531999,2.456141858307));
#8874=CARTESIAN_POINT('',(-7.85010994189997,3.29999035531999,2.456141858307));
#8875=CARTESIAN_POINT('',(-9.35010994189997,1.49999035531999,2.456141858307));
#8876=CARTESIAN_POINT('Origin',(-11.3501099419,1.49999035531999,2.35614185830701));
#8877=CARTESIAN_POINT('',(-7.85010994189997,1.49999035531999,2.740880813918));
#8878=CARTESIAN_POINT('',(-7.85010994189997,1.49999035531999,2.740880813918));
#8879=CARTESIAN_POINT('',(-7.65010994189998,1.49999035531999,2.687290975431));
#8880=CARTESIAN_POINT('',(-1.35010994189997,1.49999035531999,0.999211063115002));
#8881=CARTESIAN_POINT('',(-7.65010994189998,1.49999035531999,3.101401447596));
#8882=CARTESIAN_POINT('',(-7.65010994189998,1.49999035531999,3.021016689866));
#8883=CARTESIAN_POINT('',(-8.60081409740002,1.49999035531999,3.35614185830701));
#8884=CARTESIAN_POINT('',(-0.950109941899996,1.49999035531999,1.306141858307));
#8885=CARTESIAN_POINT('',(-11.3501099419,1.49999035531999,3.35614185830701));
#8886=CARTESIAN_POINT('Origin',(-0.950109941899996,-3.30000964468001,1.306141858307));
#8887=CARTESIAN_POINT('',(-8.60081409740002,-3.67375267741,3.35614185830701));
#8888=CARTESIAN_POINT('',(-8.60081409740002,-3.11449176134,3.35614185830701));
#8889=CARTESIAN_POINT('Origin',(-8.79422249159998,-3.39412221937,3.407965481337));
#8890=CARTESIAN_POINT('',(-8.60081409740002,-4.00000964468,3.35614185830701));
#8891=CARTESIAN_POINT('',(-8.60081409740002,-3.30000964468001,3.35614185830701));
#8892=CARTESIAN_POINT('',(-8.15010994189998,-4.00000964468,3.235376043811));
#8893=CARTESIAN_POINT('',(-8.60081409740002,-4.00000964468,3.35614185830701));
#8894=CARTESIAN_POINT('',(-7.85010994189997,-3.70000964468001,3.15499128608201));
#8895=CARTESIAN_POINT('Origin',(-8.15010994189998,-3.70000964468001,3.235376043811));
#8896=CARTESIAN_POINT('',(-7.85010994189997,-3.60000964468,3.15499128608201));
#8897=CARTESIAN_POINT('',(-7.85010994189997,-4.00000964468,3.15499128608201));
#8898=CARTESIAN_POINT('',(-7.55010994189996,-3.30000964468001,3.074606528352));
#8899=CARTESIAN_POINT('Origin',(-7.55010994189996,-3.60000964468,3.074606528352));
#8900=CARTESIAN_POINT('',(-0.550109941899962,-3.30000964468001,1.198962181335));
#8901=CARTESIAN_POINT('',(-0.950109941899996,-3.30000964468001,1.306141858307));
#8902=CARTESIAN_POINT('',(0.24989005810005,-2.50000964468,0.984602827390002));
#8903=CARTESIAN_POINT('',(-0.505772374599985,-3.25567207738,1.187081965983));
#8904=CARTESIAN_POINT('',(0.24989005810005,2.49999035531999,0.984602827390002));
#8905=CARTESIAN_POINT('',(0.24989005810005,-3.30000964468001,0.984602827390002));
#8906=CARTESIAN_POINT('',(-0.550109941899962,3.29999035531999,1.198962181335));
#8907=CARTESIAN_POINT('',(0.266504145599981,2.48337626776999,0.980151096047003));
#8908=CARTESIAN_POINT('',(-7.55010994189996,3.29999035531999,3.074606528352));
#8909=CARTESIAN_POINT('',(-0.950109941899996,3.29999035531999,1.306141858307));
#8910=CARTESIAN_POINT('',(-7.85010994189997,3.59999035532,3.15499128608201));
#8911=CARTESIAN_POINT('Origin',(-7.55010994189996,3.59999035532,3.074606528352));
#8912=CARTESIAN_POINT('',(-7.85010994189997,3.69999035531999,3.15499128608201));
#8913=CARTESIAN_POINT('',(-7.85010994189997,3.99999035531999,3.15499128608201));
#8914=CARTESIAN_POINT('',(-8.15010994189998,3.99999035531999,3.235376043811));
#8915=CARTESIAN_POINT('Origin',(-8.15010994189998,3.69999035531999,3.235376043811));
#8916=CARTESIAN_POINT('',(-8.60081409740002,3.99999035531999,3.35614185830701));
#8917=CARTESIAN_POINT('',(-8.60081409740002,3.99999035531999,3.35614185830701));
#8918=CARTESIAN_POINT('',(-8.60081409740002,3.67373338805,3.35614185830701));
#8919=CARTESIAN_POINT('',(-8.60081409740002,-3.30000964468001,3.35614185830701));
#8920=CARTESIAN_POINT('',(-8.60081409740002,3.11447247198,3.35614185830701));
#8921=CARTESIAN_POINT('Origin',(-8.79422249159998,3.39410293001999,3.407965481337));
#8922=CARTESIAN_POINT('',(-8.60081409740002,-3.30000964468001,3.35614185830701));
#8923=CARTESIAN_POINT('',(-7.35010994189997,1.19999035531999,3.021016689866));
#8924=CARTESIAN_POINT('Origin',(-7.65010994189998,1.19999035531999,3.101401447596));
#8925=CARTESIAN_POINT('',(-7.35010994189997,-1.20000964468001,3.021016689866));
#8926=CARTESIAN_POINT('',(-7.35010994189997,-3.30000964468001,3.021016689866));
#8927=CARTESIAN_POINT('Origin',(-7.65010994189998,-1.20000964468001,3.101401447596));
#8928=CARTESIAN_POINT('',(-8.60081409740002,-3.30000964468001,3.35614185830701));
#8929=CARTESIAN_POINT('',(-1.84359133119995,1.79999035531999,1.545549475027));
#8930=CARTESIAN_POINT('Origin',(-2.01262835079996,1.79999035531999,1.59084280792));
#8931=CARTESIAN_POINT('',(-6.48003529739998,-1.80000964468001,2.78788089151901));
#8932=CARTESIAN_POINT('Origin',(-6.64907231699999,-1.80000964468001,2.833174224412));
#8933=CARTESIAN_POINT('',(-1.84359133119995,-1.80000964468001,1.545549475027));
#8934=CARTESIAN_POINT('Origin',(-2.01262835079996,-1.80000964468001,1.59084280792));
#8935=CARTESIAN_POINT('',(-6.48003529739998,1.79999035531999,2.78788089151901));
#8936=CARTESIAN_POINT('Origin',(-6.64907231699999,1.79999035531999,2.833174224412));
#8937=CARTESIAN_POINT('',(-8.14934634599999,2.4880182276,3.23517143891));
#8938=CARTESIAN_POINT('Origin',(-8.35219076959999,2.4880182276,3.289523438381));
#8939=CARTESIAN_POINT('',(-8.14934634599999,-2.48803751696,3.23517143891));
#8940=CARTESIAN_POINT('Origin',(-8.35219076959999,-2.48803751696,3.289523438381));
#8941=CARTESIAN_POINT('',(-0.0905239620000202,2.45984028393,1.075816489168));
#8942=CARTESIAN_POINT('Origin',(-0.293368385500003,2.45984028393,1.130168488639));
#8943=CARTESIAN_POINT('',(-0.0905239620000202,-2.45985957328,1.075816489168));
#8944=CARTESIAN_POINT('Origin',(-0.293368385500003,-2.45985957328,1.130168488639));
#8945=CARTESIAN_POINT('',(-0.353813583299996,-1.95000964468001,1.14636473057901));
#8946=CARTESIAN_POINT('Origin',(-0.474554311600002,-1.95000964468001,1.178717111217));
#8947=CARTESIAN_POINT('',(-8.17781277629996,-1.95000964468001,3.242798995909));
#8948=CARTESIAN_POINT('Origin',(-8.29855350459997,-1.95000964468001,3.275151376547));
#8949=CARTESIAN_POINT('',(-8.17781277629996,3.14999035532,3.242798995909));
#8950=CARTESIAN_POINT('Origin',(-8.29855350459997,3.14999035532,3.275151376547));
#8951=CARTESIAN_POINT('',(-1.0751099419,-1.58350329373,1.339635507361));
#8952=CARTESIAN_POINT('',(-1.0751099419,-2.01651599562001,1.339635507361));
#8953=CARTESIAN_POINT('',(-1.0751099419,-2.55000964468001,1.339635507361));
#8954=CARTESIAN_POINT('Origin',(-0.950109941899996,-1.80000964468001,1.306141858307));
#8955=CARTESIAN_POINT('',(-1.0751099419,2.01649670627,1.339635507361));
#8956=CARTESIAN_POINT('',(-1.0751099419,1.58348400437999,1.339635507361));
#8957=CARTESIAN_POINT('',(-1.0751099419,-0.750009644680006,1.339635507361));
#8958=CARTESIAN_POINT('Origin',(-0.950109941899996,1.79999035531999,1.306141858307));
#8959=CARTESIAN_POINT('Origin',(-7.65010994189998,-1.20000964468001,2.35614185830701));
#8960=CARTESIAN_POINT('',(-7.35010994189997,-1.20000964468001,2.606906217702));
#8961=CARTESIAN_POINT('',(-7.35010994189997,-1.20000964468001,3.021016689866));
#8962=CARTESIAN_POINT('Origin',(-7.65010994189998,-1.20000964468001,2.687290975431));
#8963=CARTESIAN_POINT('Origin',(-1.35010994189997,-3.30000964468001,0.999211063115002));
#8964=CARTESIAN_POINT('',(-7.85010994189997,-3.60000964468,2.740880813918));
#8965=CARTESIAN_POINT('',(-7.85010994189997,4.24999035531999,2.740880813918));
#8966=CARTESIAN_POINT('',(-7.35010994189997,1.19999035531999,2.606906217702));
#8967=CARTESIAN_POINT('',(-7.35010994189997,-3.30000964468001,2.606906217702));
#8968=CARTESIAN_POINT('Origin',(-7.65010994189998,1.19999035531999,2.687290975431));
#8969=CARTESIAN_POINT('',(-7.85010994189997,3.59999035532,2.740880813918));
#8970=CARTESIAN_POINT('',(-7.85010994189997,4.24999035531999,2.740880813918));
#8971=CARTESIAN_POINT('',(-7.55010994189996,3.29999035531999,2.66049605618801));
#8972=CARTESIAN_POINT('Origin',(-7.55010994189996,3.59999035532,2.66049605618801));
#8973=CARTESIAN_POINT('',(-1.35010994189997,3.29999035531999,0.999211063115002));
#8974=CARTESIAN_POINT('',(-1.35010994189997,3.29999035531999,0.999211063115002));
#8975=CARTESIAN_POINT('',(-1.35010994189997,-3.30000964468001,0.999211063115002));
#8976=CARTESIAN_POINT('',(-1.35010994189997,-3.30000964468001,0.999211063115002));
#8977=CARTESIAN_POINT('',(-7.55010994189996,-3.30000964468001,2.66049605618801));
#8978=CARTESIAN_POINT('',(-1.35010994189997,-3.30000964468001,0.999211063115002));
#8979=CARTESIAN_POINT('Origin',(-7.55010994189996,-3.60000964468,2.66049605618801));
#8980=CARTESIAN_POINT('',(-6.58356291549998,1.79999035531999,2.401510561003));
#8981=CARTESIAN_POINT('Origin',(-6.75259993509999,1.79999035531999,2.446803893896));
#8982=CARTESIAN_POINT('',(-1.94711894930003,-1.80000964468001,1.159179144511));
#8983=CARTESIAN_POINT('Origin',(-2.11615596889999,-1.80000964468001,1.204472477404));
#8984=CARTESIAN_POINT('',(-1.94711894930003,1.79999035531999,1.159179144511));
#8985=CARTESIAN_POINT('Origin',(-2.11615596889999,1.79999035531999,1.204472477404));
#8986=CARTESIAN_POINT('',(-6.58356291549998,-1.80000964468001,2.401510561003));
#8987=CARTESIAN_POINT('Origin',(-6.75259993509999,-1.80000964468001,2.446803893896));
#8988=CARTESIAN_POINT('Origin',(-7.85010994189997,4.24999035531999,2.740880813918));
#8989=CARTESIAN_POINT('',(-7.85010994189997,-3.60000964468,2.740880813918));
#8990=CARTESIAN_POINT('',(-7.85010994189997,-3.70000964468001,2.740880813918));
#8991=CARTESIAN_POINT('Origin',(-8.15010994189998,-3.70000964468001,2.740880813918));
#8992=CARTESIAN_POINT('',(-8.15010994189998,-4.00000964468,0.856141858307005));
#8993=CARTESIAN_POINT('Origin',(-8.95010994189997,-4.00000964468,0.856141858307005));
#8994=CARTESIAN_POINT('',(-9.05010994189996,-4.00000964468,3.35614185830701));
#8995=CARTESIAN_POINT('',(-9.35010994189997,-4.00000964468,3.35614185830701));
#8996=CARTESIAN_POINT('',(-9.05010994189996,-4.00000964468,2.456141858307));
#8997=CARTESIAN_POINT('',(-9.05010994189996,-4.00000964468,2.456141858307));
#8998=CARTESIAN_POINT('',(-8.87717767209998,-4.00000964468,2.456141858307));
#8999=CARTESIAN_POINT('',(-7.85010994189997,-4.00000964468,2.456141858307));
#9000=CARTESIAN_POINT('',(-7.17510994189996,-4.00000964468,2.456141858307));
#9001=CARTESIAN_POINT('Origin',(-5.40010994189998,-9.64468000574925E-6,
8.556141858307));
#9002=CARTESIAN_POINT('',(-8.6265455157,-4.20478234822,2.456141858307));
#9003=CARTESIAN_POINT('',(-8.6265455157,-4.20478234822,8.556141858307));
#9004=CARTESIAN_POINT('',(-5.40010994189998,-9.64468000574925E-6,2.456141858307));
#9005=CARTESIAN_POINT('Origin',(-8.35219076959999,-2.48803751696,3.289523438381));
#9006=CARTESIAN_POINT('',(-8.14934634607931,-2.48803751696,3.23517143890938));
#9007=CARTESIAN_POINT('Origin',(-8.5754946909,-2.48803751696,2.456141858307));
#9008=CARTESIAN_POINT('Origin',(-8.29855350459997,-1.95000964468001,3.275151376547));
#9009=CARTESIAN_POINT('',(-8.17781277631385,-1.95000964468001,3.24279899590913));
#9010=CARTESIAN_POINT('Origin',(-5.40010994189998,-9.64468000574925E-6,
2.456141858307));
#9011=CARTESIAN_POINT('Origin',(-5.40010994189998,-9.64468000574925E-6,
2.456141858307));
#9012=CARTESIAN_POINT('Origin',(-8.5754946909,2.4880182276,2.456141858307));
#9013=CARTESIAN_POINT('Origin',(-5.40010994189998,-9.64468000574925E-6,
8.556141858307));
#9014=CARTESIAN_POINT('',(-8.6265455157,4.20476305887,2.456141858307));
#9015=CARTESIAN_POINT('',(-8.6265455157,4.20476305887,8.556141858307));
#9016=CARTESIAN_POINT('',(-5.40010994189998,-9.64468000574925E-6,2.456141858307));
#9017=CARTESIAN_POINT('Origin',(-5.80010994189996,4.0301888616,4.352906782543));
#9018=CARTESIAN_POINT('',(-5.80010994189996,4.0301888616,2.456141858307));
#9019=CARTESIAN_POINT('Origin',(-5.40010994189998,-9.64468000574925E-6,
2.456141858307));
#9020=CARTESIAN_POINT('',(-5.00010994189998,4.0301888616,2.456141858307));
#9021=CARTESIAN_POINT('',(-5.20010994189997,4.49999035531999,2.456141858307));
#9022=CARTESIAN_POINT('Origin',(-5.40010994189998,4.49999035531999,2.456141858307));
#9023=CARTESIAN_POINT('Origin',(-5.00010994189998,4.0301888616,4.352906782543));
#9024=CARTESIAN_POINT('',(-5.00010994189998,4.0301888616,0.856141858307005));
#9025=CARTESIAN_POINT('Origin',(-6.52510994189998,-9.64468000574925E-6,
0.856141858307005));
#9026=CARTESIAN_POINT('',(-5.00010994189998,-4.03020815095001,0.856141858307005));
#9027=CARTESIAN_POINT('',(0.649890058100027,-4.15000964468001,0.856141858307005));
#9028=CARTESIAN_POINT('Origin',(-0.150109941899984,-4.15000964468001,0.856141858307005));
#9029=CARTESIAN_POINT('',(0.514105309100046,-4.15000964468001,0.856141858307005));
#9030=CARTESIAN_POINT('',(0.345352732200013,-2.75000964468,0.856141858307005));
#9031=CARTESIAN_POINT('',(2.83686216219996,-2.75000964468,0.856141858307005));
#9032=CARTESIAN_POINT('',(0.345352732200013,2.74999035531999,0.856141858307005));
#9033=CARTESIAN_POINT('',(0.345352732200013,-9.64468000574925E-6,0.856141858307005));
#9034=CARTESIAN_POINT('',(2.83686216219996,2.74999035531999,0.856141858307005));
#9035=CARTESIAN_POINT('',(0.649890058100027,4.14999035532,0.856141858307005));
#9036=CARTESIAN_POINT('',(0.514105309100046,4.14999035532,0.856141858307005));
#9037=CARTESIAN_POINT('Origin',(-0.150109941899984,4.14999035532,0.856141858307005));
#9038=CARTESIAN_POINT('',(-1.35010994189997,3.29999035531999,0.856141858307005));
#9039=CARTESIAN_POINT('',(-1.35010994189997,-1.65000964468001,0.856141858307005));
#9040=CARTESIAN_POINT('',(-0.550109941899962,3.29999035531999,0.856141858307005));
#9041=CARTESIAN_POINT('',(-7.73760994189996,3.29999035531999,0.856141858307005));
#9042=CARTESIAN_POINT('',(0.24989005810005,2.49999035531999,0.856141858307005));
#9043=CARTESIAN_POINT('',(-0.818859941899973,3.56874035532,0.856141858307005));
#9044=CARTESIAN_POINT('',(0.24989005810005,-2.50000964468,0.856141858307005));
#9045=CARTESIAN_POINT('',(0.24989005810005,-1.65000964468001,0.856141858307005));
#9046=CARTESIAN_POINT('',(-0.550109941899962,-3.30000964468001,0.856141858307005));
#9047=CARTESIAN_POINT('',(-1.21885994189995,-3.96875964468,0.856141858307005));
#9048=CARTESIAN_POINT('',(-1.35010994189997,-3.30000964468001,0.856141858307005));
#9049=CARTESIAN_POINT('',(-7.73760994189996,-3.30000964468001,0.856141858307005));
#9050=CARTESIAN_POINT('',(-1.35010994189997,-1.65000964468001,0.856141858307005));
#9051=CARTESIAN_POINT('',(-0.825109941899996,-4.30000964468001,0.856141858307005));
#9052=CARTESIAN_POINT('Origin',(-0.700109941899996,-4.30000964468001,0.856141858307005));
#9053=CARTESIAN_POINT('',(-0.825109941899996,4.29999035531999,0.856141858307005));
#9054=CARTESIAN_POINT('Origin',(-0.700109941899996,4.29999035531999,0.856141858307005));
#9055=CARTESIAN_POINT('',(-2.40355755489998,3.34999035532,0.856141858307005));
#9056=CARTESIAN_POINT('',(-2.82956453219998,3.34999035532,0.856141858307005));
#9057=CARTESIAN_POINT('',(-1.00613644559996,3.34999035532,0.856141858307005));
#9058=CARTESIAN_POINT('',(-2.17367436820001,4.20476305887,0.856141858307005));
#9059=CARTESIAN_POINT('',(-5.40010994189998,-9.64468000574925E-6,0.856141858307005));
#9060=CARTESIAN_POINT('',(-1.29310373300001,3.34999035532,0.856141858307005));
#9061=CARTESIAN_POINT('Origin',(-5.40010994189998,-9.64468000574925E-6,
0.856141858307005));
#9062=CARTESIAN_POINT('',(-1.6084372295,3.34999035532,0.856141858307005));
#9063=CARTESIAN_POINT('',(-1.00613644559996,3.34999035532,0.856141858307005));
#9064=CARTESIAN_POINT('Origin',(-2.00599739219996,3.39410290502,0.856141858307005));
#9065=CARTESIAN_POINT('',(-1.6084372295,-3.35000964468,0.856141858307005));
#9066=CARTESIAN_POINT('',(-1.29310373300001,-3.35000964468,0.856141858307005));
#9067=CARTESIAN_POINT('',(-1.00613644559996,-3.35000964468,0.856141858307005));
#9068=CARTESIAN_POINT('',(-2.17367436820001,-4.20478234822,0.856141858307005));
#9069=CARTESIAN_POINT('Origin',(-5.40010994189998,-9.64468000574925E-6,
0.856141858307005));
#9070=CARTESIAN_POINT('',(-2.82956453219998,-3.35000964468,0.856141858307005));
#9071=CARTESIAN_POINT('',(-5.40010994189998,-9.64468000574925E-6,0.856141858307005));
#9072=CARTESIAN_POINT('',(-2.40355755489998,-3.35000964468,0.856141858307005));
#9073=CARTESIAN_POINT('',(-1.00613644559996,-3.35000964468,0.856141858307005));
#9074=CARTESIAN_POINT('Origin',(-2.00599739219996,-3.39412219437,0.856141858307005));
#9075=CARTESIAN_POINT('',(-0.350109941899973,3.24999035531999,0.856141858307005));
#9076=CARTESIAN_POINT('Origin',(-0.000109941899950172,3.24999035531999,
0.856141858307005));
#9077=CARTESIAN_POINT('',(-0.350109941899973,-3.25000964468,0.856141858307005));
#9078=CARTESIAN_POINT('Origin',(-0.000109941899950172,-3.25000964468,0.856141858307005));
#9079=CARTESIAN_POINT('Origin',(-5.00010994189998,-4.03020815095001,4.352906782543));
#9080=CARTESIAN_POINT('',(-5.00010994189998,-4.03020815095001,2.456141858307));
#9081=CARTESIAN_POINT('Origin',(-5.40010994189998,-9.64468000574925E-6,
2.456141858307));
#9082=CARTESIAN_POINT('',(-5.80010994189996,-4.03020815095001,2.456141858307));
#9083=CARTESIAN_POINT('',(-5.20010994189997,-4.50000964468,2.456141858307));
#9084=CARTESIAN_POINT('Origin',(-5.40010994189998,-4.50000964468,2.456141858307));
#9085=CARTESIAN_POINT('Origin',(-5.80010994189996,-4.03020815095001,4.352906782543));
#9086=CARTESIAN_POINT('Origin',(-8.35219076959999,2.4880182276,3.289523438381));
#9087=CARTESIAN_POINT('',(-8.14934634607931,2.4880182276,3.23517143890938));
#9088=CARTESIAN_POINT('Origin',(-8.95010994189997,3.99999035531999,0.856141858307005));
#9089=CARTESIAN_POINT('',(-8.15010994189998,3.99999035531999,0.856141858307005));
#9090=CARTESIAN_POINT('',(-8.87717767209998,3.99999035531999,2.456141858307));
#9091=CARTESIAN_POINT('',(-7.17510994189996,3.99999035531999,2.456141858307));
#9092=CARTESIAN_POINT('',(-9.05010994189996,3.99999035531999,2.456141858307));
#9093=CARTESIAN_POINT('',(-7.85010994189997,3.99999035531999,2.456141858307));
#9094=CARTESIAN_POINT('',(-9.05010994189996,3.99999035531999,3.35614185830701));
#9095=CARTESIAN_POINT('',(-9.05010994189996,3.99999035531999,3.35614185830701));
#9096=CARTESIAN_POINT('',(-9.35010994189997,3.99999035531999,3.35614185830701));
#9097=CARTESIAN_POINT('Origin',(-8.15010994189998,3.69999035531999,0.856141858307005));
#9098=CARTESIAN_POINT('',(-7.85010994189997,3.69999035531999,2.740880813918));
#9099=CARTESIAN_POINT('Origin',(-7.85010994189997,4.24999035531999,2.740880813918));
#9100=CARTESIAN_POINT('',(-7.85010994189997,3.59999035532,2.740880813918));
#9101=CARTESIAN_POINT('Origin',(-7.65010994189998,1.19999035531999,2.35614185830701));
#9102=CARTESIAN_POINT('',(-7.35010994189997,1.19999035531999,2.606906217702));
#9103=CARTESIAN_POINT('Origin',(-8.79422249159998,-3.39412221937,2.756141858307));
#9104=CARTESIAN_POINT('Origin',(-8.79422249159998,-3.39412221937,3.35614185830701));
#9105=CARTESIAN_POINT('Origin',(-9.05010994189996,-3.70000964468001,3.056141858307));
#9106=CARTESIAN_POINT('',(-9.35010994189997,-3.70000964468001,2.456141858307));
#9107=CARTESIAN_POINT('Origin',(-9.05010994189996,-3.70000964468001,2.456141858307));
#9108=CARTESIAN_POINT('',(-9.35010994189997,-3.70000964468001,3.35614185830701));
#9109=CARTESIAN_POINT('Origin',(-9.05010994189996,-3.70000964468001,3.35614185830701));
#9110=CARTESIAN_POINT('',(-9.35010994189997,-3.70000964468001,3.35614185830701));
#9111=CARTESIAN_POINT('Origin',(-9.35010994189997,3.29999035531999,3.056141858307));
#9112=CARTESIAN_POINT('',(-9.35010994189997,-3.39412221937,3.35614185830701));
#9113=CARTESIAN_POINT('',(-9.35010994189997,-3.39412221937,2.456141858307));
#9114=CARTESIAN_POINT('',(-9.35010994189997,-3.39412221937,2.518641858307));
#9115=CARTESIAN_POINT('',(-9.35010994189997,-3.53377534149,2.456141858307));
#9116=CARTESIAN_POINT('',(-9.35010994189997,1.64999035532,2.456141858307));
#9117=CARTESIAN_POINT('',(-9.35010994189997,3.29999035531999,2.456141858307));
#9118=CARTESIAN_POINT('',(-9.35010994189997,3.29999035531999,3.35614185830701));
#9119=CARTESIAN_POINT('Origin',(-7.55010994189996,-3.60000964468,0.856141858307005));
#9120=CARTESIAN_POINT('',(-7.55010994189996,-3.30000964468001,0.856141858307005));
#9121=CARTESIAN_POINT('Origin',(-8.95010994189997,-3.30000964468001,0.856141858307005));
#9122=CARTESIAN_POINT('',(-1.35010994189997,-3.30000964468001,0.856141858307005));
#9123=CARTESIAN_POINT('',(-0.550109941899962,-3.30000964468001,0.984602827390002));
#9124=CARTESIAN_POINT('Origin',(-0.550109941899962,-3.30000964468001,0.856141858307005));
#9125=CARTESIAN_POINT('',(0.24989005810005,-2.50000964468,0.856141858307005));
#9126=CARTESIAN_POINT('Origin',(0.24989005810005,-3.30000964468001,0.856141858307005));
#9127=CARTESIAN_POINT('',(0.24989005810005,2.49999035531999,0.856141858307005));
#9128=CARTESIAN_POINT('Origin',(0.24989005810005,2.49999035531999,0.856141858307005));
#9129=CARTESIAN_POINT('',(-0.550109941899962,3.29999035531999,0.856141858307005));
#9130=CARTESIAN_POINT('Origin',(-8.95010994189997,3.29999035531999,0.856141858307005));
#9131=CARTESIAN_POINT('',(-7.55010994189996,3.29999035531999,3.15499128608201));
#9132=CARTESIAN_POINT('',(-1.35010994189997,3.29999035531999,0.856141858307005));
#9133=CARTESIAN_POINT('Origin',(-7.55010994189996,3.59999035532,2.740880813918));
#9134=CARTESIAN_POINT('Origin',(-8.79422249159998,3.39410293001999,2.756141858307));
#9135=CARTESIAN_POINT('Origin',(-8.79422249159998,3.39410293001999,3.35614185830701));
#9136=CARTESIAN_POINT('Origin',(-7.35010994189997,-1.50000964468001,2.35614185830701));
#9137=CARTESIAN_POINT('Origin',(-3.72083404850002,1.79999035531999,-4.784267645588));
#9138=CARTESIAN_POINT('',(-3.55179702889946,1.79999035531999,-4.82956097848102));
#9139=CARTESIAN_POINT('Origin',(-8.35727801469997,-1.80000964468001,-3.541936229096));
#9140=CARTESIAN_POINT('',(-8.18824099509941,-1.80000964468001,-3.58722956198902));
#9141=CARTESIAN_POINT('Origin',(-3.72083404850002,-1.80000964468001,-4.784267645588));
#9142=CARTESIAN_POINT('',(-3.55179702889946,-1.80000964468001,-4.82956097848102));
#9143=CARTESIAN_POINT('Origin',(-8.35727801469997,1.79999035531999,-3.541936229096));
#9144=CARTESIAN_POINT('',(-8.18824099509941,1.79999035531999,-3.58722956198902));
#9145=CARTESIAN_POINT('Origin',(-0.293368385500003,2.45984028393,1.130168488639));
#9146=CARTESIAN_POINT('',(-0.0905239619793244,2.45984028393,1.07581648916738));
#9147=CARTESIAN_POINT('Origin',(-0.293368385500003,-2.45985957328,1.130168488639));
#9148=CARTESIAN_POINT('',(-0.0905239619793244,-2.45985957328,1.07581648916738));
#9149=CARTESIAN_POINT('Origin',(-0.474554311600002,-1.95000964468001,1.178717111217));
#9150=CARTESIAN_POINT('',(-0.431578567600013,-1.95000964468001,0.856141858307005));
#9151=CARTESIAN_POINT('Origin',(-0.560988090199999,-1.95000964468001,0.856141858307005));
#9152=CARTESIAN_POINT('',(-0.353813583313884,-1.95000964468001,1.14636473057913));
#9153=CARTESIAN_POINT('Origin',(-8.29855350459997,3.14999035532,3.275151376547));
#9154=CARTESIAN_POINT('',(-8.63386093949998,3.09429603785,2.456141858307));
#9155=CARTESIAN_POINT('',(-8.3885969210487,3.14999035532,2.456141858307));
#9156=CARTESIAN_POINT('Origin',(-8.5180064436,3.14999035532,2.456141858307));
#9157=CARTESIAN_POINT('',(-8.47811346809999,3.26890274918,2.456141858307));
#9158=CARTESIAN_POINT('Ctrl Pts',(-8.47811346813842,3.26890274916477,2.45614185830927));
#9159=CARTESIAN_POINT('Ctrl Pts',(-8.47651571314022,3.27293680701327,2.51020340207217));
#9160=CARTESIAN_POINT('Ctrl Pts',(-8.475769677908,3.27499035532,2.56324065391998));
#9161=CARTESIAN_POINT('Ctrl Pts',(-8.475769677908,3.27499035532,2.65207475499079));
#9162=CARTESIAN_POINT('Ctrl Pts',(-8.47619353270653,3.2738101954513,2.69415600925148));
#9163=CARTESIAN_POINT('Ctrl Pts',(-8.47879206403388,3.26715245292806,2.77762038305656));
#9164=CARTESIAN_POINT('Ctrl Pts',(-8.48074017849552,3.26203389210749,2.81903865098598));
#9165=CARTESIAN_POINT('Ctrl Pts',(-8.48648471113916,3.24950950679802,2.86664819720771));
#9166=CARTESIAN_POINT('Ctrl Pts',(-8.48817277474112,3.24591247387399,2.87826197003923));
#9167=CARTESIAN_POINT('Ctrl Pts',(-8.49167016279009,3.23896154110546,2.89392361264877));
#9168=CARTESIAN_POINT('Ctrl Pts',(-8.49298809422206,3.2364035196956,2.8988201750704));
#9169=CARTESIAN_POINT('Ctrl Pts',(-8.49616042343328,3.23048669119849,2.9074820663967));
#9170=CARTESIAN_POINT('Ctrl Pts',(-8.49796640035888,3.22719769638266,2.91131248620527));
#9171=CARTESIAN_POINT('Ctrl Pts',(-8.50160426239032,3.22095702769541,2.91504142081601));
#9172=CARTESIAN_POINT('Ctrl Pts',(-8.50292605591724,3.21873643752087,2.91591784572838));
#9173=CARTESIAN_POINT('Ctrl Pts',(-8.50569446095679,3.2142179788207,2.91655164910794));
#9174=CARTESIAN_POINT('Ctrl Pts',(-8.50714172098904,3.2119202991359,2.91630754010651));
#9175=CARTESIAN_POINT('Ctrl Pts',(-8.51059988911177,3.2065559174086,2.91471544941055));
#9176=CARTESIAN_POINT('Ctrl Pts',(-8.51275506353025,3.20334502412788,2.91266910922015));
#9177=CARTESIAN_POINT('Ctrl Pts',(-8.51680068022185,3.19750722591647,2.90752137370502));
#9178=CARTESIAN_POINT('Ctrl Pts',(-8.51869248592183,3.19487721607173,2.90442457261705));
#9179=CARTESIAN_POINT('Ctrl Pts',(-8.52542005671461,3.18573078493916,2.89214645192465));
#9180=CARTESIAN_POINT('Ctrl Pts',(-8.52941152085796,3.18077406114576,2.88200077574195));
#9181=CARTESIAN_POINT('Ctrl Pts',(-8.53688734995339,3.17181334505993,2.86155249142963));
#9182=CARTESIAN_POINT('Ctrl Pts',(-8.54028275342102,3.16796603291626,2.85114922066221));
#9183=CARTESIAN_POINT('Ctrl Pts',(-8.55002914973568,3.15732920874025,2.8195461736752));
#9184=CARTESIAN_POINT('Ctrl Pts',(-8.55590629390539,3.15147838492741,2.79806990943872));
#9185=CARTESIAN_POINT('Ctrl Pts',(-8.57303451600774,3.13541201600896,2.73222496113703));
#9186=CARTESIAN_POINT('Ctrl Pts',(-8.58360730309809,3.12687378497221,2.68693402625257));
#9187=CARTESIAN_POINT('Ctrl Pts',(-8.60753381726825,3.10946080006432,2.5805384374358));
#9188=CARTESIAN_POINT('Ctrl Pts',(-8.62063924946935,3.10136809250419,2.5190847713878));
#9189=CARTESIAN_POINT('Ctrl Pts',(-8.63386093948015,3.09429603783484,2.45614185830454));
#9190=CARTESIAN_POINT('Origin',(-8.5180064436,3.14999035532,2.456141858307));
#9191=CARTESIAN_POINT('',(-8.17781277631385,3.14999035532,3.24279899590913));
#9192=CARTESIAN_POINT('Origin',(-0.950109941899996,-1.80000964468001,1.339635507361));
#9193=CARTESIAN_POINT('Origin',(-0.950109941899996,-1.80000964468001,1.339635507361));
#9194=CARTESIAN_POINT('Origin',(-0.950109941899996,-1.80000964468001,0.972888682834004));
#9195=CARTESIAN_POINT('Origin',(-0.950109941899996,1.79999035531999,1.339635507361));
#9196=CARTESIAN_POINT('Origin',(-0.950109941899996,1.79999035531999,1.339635507361));
#9197=CARTESIAN_POINT('Origin',(-0.950109941899996,1.79999035531999,0.972888682834004));
#9198=CARTESIAN_POINT('Origin',(-1.35010994189997,-3.30000964468001,0.856141858307005));
#9199=CARTESIAN_POINT('Origin',(-9.35010994189997,3.29999035531999,2.456141858307));
#9200=CARTESIAN_POINT('Origin',(-5.40010994189998,-9.64468000574925E-6,
2.456141858307));
#9201=CARTESIAN_POINT('Origin',(-5.40010994189998,-9.64468000574925E-6,
2.456141858307));
#9202=CARTESIAN_POINT('Origin',(-5.40010994189998,-9.64468000574925E-6,
2.456141858307));
#9203=CARTESIAN_POINT('Origin',(-5.40010994189998,-9.64468000574925E-6,
2.456141858307));
#9204=CARTESIAN_POINT('',(-9.47073640849999,-3.39412221937,2.456141858307));
#9205=CARTESIAN_POINT('',(-9.47073640849999,-3.39412221937,2.456141858307));
#9206=CARTESIAN_POINT('Origin',(-5.40010994189998,-9.64468000574925E-6,
2.456141858307));
#9207=CARTESIAN_POINT('Origin',(-0.150109941899984,-4.15000964468001,0.856141858307005));
#9208=CARTESIAN_POINT('',(0.649890058100027,-4.15000964468001,0.856141858307005));
#9209=CARTESIAN_POINT('Origin',(0.649890058100027,-4.15000964468001,-0.0259505771769959));
#9210=CARTESIAN_POINT('',(0.349890058100016,-4.15000964468001,-0.0259505771769959));
#9211=CARTESIAN_POINT('Origin',(0.349890058100016,-4.15000964468001,-0.0259505771769959));
#9212=CARTESIAN_POINT('Origin',(-13.7001099419,-9.64468000574925E-6,-0.143858141692995));
#9213=CARTESIAN_POINT('Origin',(0.349890058100016,-2.76266992744,-0.0259505771769959));
#9214=CARTESIAN_POINT('',(0.349890058100016,2.35138031754,0.0527995160830024));
#9215=CARTESIAN_POINT('Origin',(0.0498900581000044,2.35138031754,-0.0380647857729954));
#9216=CARTESIAN_POINT('',(0.0332233913999858,2.6509169968,-0.0380647857729954));
#9217=CARTESIAN_POINT('Origin',(-0.000109941899950172,3.24999035531999,
-0.0380647857729954));
#9218=CARTESIAN_POINT('',(0.0332233913999858,3.84906371384,-0.0380647857729954));
#9219=CARTESIAN_POINT('Origin',(0.0498900581000044,4.1486003931,-0.0380647857729954));
#9220=CARTESIAN_POINT('',(0.349890058100016,4.1486003931,0.606141858307005));
#9221=CARTESIAN_POINT('Origin',(0.349890058100016,3.73733007256,-0.0259505771769959));
#9222=CARTESIAN_POINT('',(0.349890058100016,4.14999035532,-0.0259505771769959));
#9223=CARTESIAN_POINT('Origin',(0.649890058100027,4.14999035532,-0.0259505771769959));
#9224=CARTESIAN_POINT('',(0.649890058100027,4.14999035532,0.856141858307005));
#9225=CARTESIAN_POINT('Origin',(-0.150109941899984,4.14999035532,3.15614185830701));
#9226=CARTESIAN_POINT('Origin',(-11.7001099419,-4.30000964468001,0.856141858307005));
#9227=CARTESIAN_POINT('Origin',(-2.00599739219996,-3.39412219437,2.15614185830701));
#9228=CARTESIAN_POINT('',(-1.6084372295,-3.35000964468,2.15614185830701));
#9229=CARTESIAN_POINT('',(-1.60599739219996,-3.39412219437,2.15614185830701));
#9230=CARTESIAN_POINT('Origin',(-2.00599739219996,-3.39412219437,2.15614185830701));
#9231=CARTESIAN_POINT('',(-1.6084372295,-3.35000964468,2.15614185830701));
#9232=CARTESIAN_POINT('',(-2.40355755489998,-3.35000964468,2.15614185830701));
#9233=CARTESIAN_POINT('',(-2.40355755489998,-3.35000964468,2.15614185830701));
#9234=CARTESIAN_POINT('Origin',(-2.00599739219996,-3.39412219437,2.15614185830701));
#9235=CARTESIAN_POINT('',(-1.60599739219996,-3.39412219437,2.15614185830701));
#9236=CARTESIAN_POINT('Origin',(-0.700109941899996,-4.30000964468001,0.856141858307005));
#9237=CARTESIAN_POINT('',(-0.825109941899996,-4.30000964468001,0.856141858307005));
#9238=CARTESIAN_POINT('Origin',(-11.7001099419,4.29999035531999,0.856141858307005));
#9239=CARTESIAN_POINT('Origin',(-2.00599739219996,3.39410290502,2.15614185830701));
#9240=CARTESIAN_POINT('',(-2.40355755489998,3.34999035532,2.15614185830701));
#9241=CARTESIAN_POINT('',(-1.60599739219996,3.39410290502,2.15614185830701));
#9242=CARTESIAN_POINT('Origin',(-2.00599739219996,3.39410290502,2.15614185830701));
#9243=CARTESIAN_POINT('',(-2.40355755489998,3.34999035532,2.15614185830701));
#9244=CARTESIAN_POINT('',(-1.6084372295,3.34999035532,2.15614185830701));
#9245=CARTESIAN_POINT('',(-1.6084372295,3.34999035532,2.15614185830701));
#9246=CARTESIAN_POINT('Origin',(-2.00599739219996,3.39410290502,2.15614185830701));
#9247=CARTESIAN_POINT('',(-1.60599739219996,3.39410290502,2.15614185830701));
#9248=CARTESIAN_POINT('Origin',(-0.700109941899996,4.29999035531999,0.856141858307005));
#9249=CARTESIAN_POINT('',(-0.825109941899996,4.29999035531999,0.856141858307005));
#9250=CARTESIAN_POINT('Origin',(-5.40010994189998,-9.64468000574925E-6,
2.456141858307));
#9251=CARTESIAN_POINT('',(-9.47073640849999,3.39410293001999,2.456141858307));
#9252=CARTESIAN_POINT('',(-9.47073640849999,3.39410293001999,2.456141858307));
#9253=CARTESIAN_POINT('',(-9.35010994189997,3.53375605214,2.456141858307));
#9254=CARTESIAN_POINT('Origin',(-5.40010994189998,-9.64468000574925E-6,
2.456141858307));
#9255=CARTESIAN_POINT('Origin',(-5.40010994189998,-9.64468000574925E-6,
2.456141858307));
#9256=CARTESIAN_POINT('Origin',(-5.40010994189998,-9.64468000574925E-6,
2.456141858307));
#9257=CARTESIAN_POINT('Origin',(-5.40010994189998,-9.64468000574925E-6,
2.456141858307));
#9258=CARTESIAN_POINT('Origin',(-9.935,-3.39412221937,0.606141858307005));
#9259=CARTESIAN_POINT('',(-9.935,-3.39412221937,3.35614185830701));
#9260=CARTESIAN_POINT('',(-9.935,-3.39412221937,0.606141858307005));
#9261=CARTESIAN_POINT('',(-9.935,3.39410293001999,3.35614185830701));
#9262=CARTESIAN_POINT('',(-9.935,-3.39412221937,3.35614185830701));
#9263=CARTESIAN_POINT('',(-9.935,3.39410293001999,0.606141858307005));
#9264=CARTESIAN_POINT('Origin',(-5.40010994189998,4.49999035531999,2.706141858307));
#9265=CARTESIAN_POINT('',(-5.20010994189997,4.49999035531999,2.676141858307));
#9266=CARTESIAN_POINT('',(-5.20010994189998,4.49999035531999,2.706141858307));
#9267=CARTESIAN_POINT('Origin',(-5.40010994189998,4.49999035531999,2.676141858307));
#9268=CARTESIAN_POINT('Origin',(2.83686216219996,-2.75000964468,4.556141858307));
#9269=CARTESIAN_POINT('',(1.23581524690002,-2.75000964468,2.340765310264));
#9270=CARTESIAN_POINT('',(1.23581524690002,-2.75000964468,2.340765310264));
#9271=CARTESIAN_POINT('',(0.815199042500012,-2.75000964468,1.185131786644));
#9272=CARTESIAN_POINT('',(0.695456501299986,-2.75000964468,0.856141858307005));
#9273=CARTESIAN_POINT('Origin',(0.345352732200013,-2.75000964468,1.35614185830701));
#9274=CARTESIAN_POINT('Origin',(0.345352732200013,4.14999035532,1.35614185830701));
#9275=CARTESIAN_POINT('',(0.815199042500012,2.74999035531999,1.185131786644));
#9276=CARTESIAN_POINT('',(0.815199042500012,4.14999035532,1.185131786644));
#9277=CARTESIAN_POINT('Origin',(0.345352732200013,2.74999035531999,1.35614185830701));
#9278=CARTESIAN_POINT('Origin',(2.83686216219996,2.74999035531999,4.556141858307));
#9279=CARTESIAN_POINT('',(1.23581524690002,2.74999035531999,2.340765310264));
#9280=CARTESIAN_POINT('',(0.695456501299986,2.74999035531999,0.856141858307005));
#9281=CARTESIAN_POINT('',(1.47073840209998,2.74999035531999,2.255260274433));
#9282=CARTESIAN_POINT('Origin',(-1.00613644559996,3.34999035532,3.556141858307));
#9283=CARTESIAN_POINT('',(-2.22663075999998,3.34999035532,2.15614185830701));
#9284=CARTESIAN_POINT('',(-2.00599739219996,3.34999035532,2.15614185830701));
#9285=CARTESIAN_POINT('',(-2.22663075999998,3.34999035532,2.456141858307));
#9286=CARTESIAN_POINT('',(-2.22663075999998,3.34999035532,-5.243858141693));
#9287=CARTESIAN_POINT('',(-2.82956453219998,3.34999035532,2.456141858307));
#9288=CARTESIAN_POINT('',(-5.40010994189998,3.34999035532,2.456141858307));
#9289=CARTESIAN_POINT('',(-2.82956453219998,3.34999035532,8.556141858307));
#9290=CARTESIAN_POINT('Origin',(-5.40010994189998,-9.64468000574925E-6,
8.556141858307));
#9291=CARTESIAN_POINT('',(-2.17367436820001,4.20476305887,2.456141858307));
#9292=CARTESIAN_POINT('',(-5.40010994189998,-9.64468000574925E-6,2.456141858307));
#9293=CARTESIAN_POINT('',(-2.17367436820001,4.20476305887,8.556141858307));
#9294=CARTESIAN_POINT('Origin',(-5.40010994189998,-9.64468000574925E-6,
2.456141858307));
#9295=CARTESIAN_POINT('',(-1.29310373300001,3.34999035532,2.456141858307));
#9296=CARTESIAN_POINT('',(-1.29310373300001,3.34999035532,2.456141858307));
#9297=CARTESIAN_POINT('Origin',(-5.40010994189998,-9.64468000574925E-6,
2.456141858307));
#9298=CARTESIAN_POINT('Origin',(-1.00613644559996,3.34999035532,3.556141858307));
#9299=CARTESIAN_POINT('',(-1.78536402449998,3.34999035532,2.456141858307));
#9300=CARTESIAN_POINT('',(-5.40010994189998,3.34999035532,2.456141858307));
#9301=CARTESIAN_POINT('',(-1.78536402449998,3.34999035532,2.15614185830701));
#9302=CARTESIAN_POINT('',(-1.78536402449998,3.34999035532,-5.243858141693));
#9303=CARTESIAN_POINT('',(-2.00599739219996,3.34999035532,2.15614185830701));
#9304=CARTESIAN_POINT('Origin',(-1.00613644559996,-3.35000964468,3.556141858307));
#9305=CARTESIAN_POINT('',(-1.29310373300001,-3.35000964468,2.456141858307));
#9306=CARTESIAN_POINT('',(-1.29310373300001,-3.35000964468,2.456141858307));
#9307=CARTESIAN_POINT('',(-1.78536402449998,-3.35000964468,2.15614185830701));
#9308=CARTESIAN_POINT('',(-2.00599739219996,-3.35000964468,2.15614185830701));
#9309=CARTESIAN_POINT('',(-1.78536402449998,-3.35000964468,2.456141858307));
#9310=CARTESIAN_POINT('',(-1.78536402449998,-3.35000964468,-5.243858141693));
#9311=CARTESIAN_POINT('',(-5.40010994189998,-3.35000964468,2.456141858307));
#9312=CARTESIAN_POINT('Origin',(-5.40010994189998,-9.64468000574925E-6,
2.456141858307));
#9313=CARTESIAN_POINT('',(-2.17367436820001,-4.20478234822,2.456141858307));
#9314=CARTESIAN_POINT('Origin',(-5.40010994189998,-9.64468000574925E-6,
2.456141858307));
#9315=CARTESIAN_POINT('',(-2.17367436820001,-4.20478234822,8.556141858307));
#9316=CARTESIAN_POINT('Origin',(-5.40010994189998,-9.64468000574925E-6,
8.556141858307));
#9317=CARTESIAN_POINT('',(-2.82956453219998,-3.35000964468,2.456141858307));
#9318=CARTESIAN_POINT('',(-5.40010994189998,-9.64468000574925E-6,2.456141858307));
#9319=CARTESIAN_POINT('',(-2.82956453219998,-3.35000964468,8.556141858307));
#9320=CARTESIAN_POINT('Origin',(-1.00613644559996,-3.35000964468,3.556141858307));
#9321=CARTESIAN_POINT('',(-2.22663075999998,-3.35000964468,2.456141858307));
#9322=CARTESIAN_POINT('',(-5.40010994189998,-3.35000964468,2.456141858307));
#9323=CARTESIAN_POINT('',(-2.22663075999998,-3.35000964468,2.15614185830701));
#9324=CARTESIAN_POINT('',(-2.22663075999998,-3.35000964468,-5.243858141693));
#9325=CARTESIAN_POINT('',(-2.00599739219996,-3.35000964468,2.15614185830701));
#9326=CARTESIAN_POINT('Origin',(-0.000109941899950172,3.24999035531999,
0.556141858307004));
#9327=CARTESIAN_POINT('',(-0.350109941899973,3.24999035531999,0.556141858307004));
#9328=CARTESIAN_POINT('Origin',(-0.000109941899950172,3.24999035531999,
0.556141858307004));
#9329=CARTESIAN_POINT('',(-0.35010994189995,3.24999035531999,0.556141858307004));
#9330=CARTESIAN_POINT('Origin',(-0.000109941899950172,-3.25000964468,0.556141858307004));
#9331=CARTESIAN_POINT('',(-0.350109941899973,-3.25000964468,0.556141858307004));
#9332=CARTESIAN_POINT('Origin',(-0.000109941899950172,-3.25000964468,0.556141858307004));
#9333=CARTESIAN_POINT('',(-0.35010994189995,-3.25000964468,0.556141858307004));
#9334=CARTESIAN_POINT('Origin',(-5.40010994189998,-4.50000964468,2.706141858307));
#9335=CARTESIAN_POINT('',(-5.20010994189997,-4.50000964468,2.676141858307));
#9336=CARTESIAN_POINT('',(-5.20010994189998,-4.50000964468,2.706141858307));
#9337=CARTESIAN_POINT('Origin',(-5.40010994189998,-4.50000964468,2.676141858307));
#9338=CARTESIAN_POINT('Origin',(-9.35010994189997,3.29999035531999,2.456141858307));
#9339=CARTESIAN_POINT('',(-9.35010994189997,3.69999035531999,2.456141858307));
#9340=CARTESIAN_POINT('',(-9.35010994189997,3.29999035531999,2.456141858307));
#9341=CARTESIAN_POINT('Origin',(-9.05010994189996,3.69999035531999,2.456141858307));
#9342=CARTESIAN_POINT('Origin',(-9.05010994189996,3.69999035531999,0.856141858307005));
#9343=CARTESIAN_POINT('',(-9.35010994189997,3.69999035531999,3.35614185830701));
#9344=CARTESIAN_POINT('',(-9.35010994189997,3.69999035531999,2.456141858307));
#9345=CARTESIAN_POINT('Origin',(-9.05010994189996,3.69999035531999,3.35614185830701));
#9346=CARTESIAN_POINT('Origin',(-9.35010994189997,3.29999035531999,3.056141858307));
#9347=CARTESIAN_POINT('',(-9.35010994189997,3.39410293001999,2.456141858307));
#9348=CARTESIAN_POINT('',(-9.35010994189997,3.39410293001999,3.35614185830701));
#9349=CARTESIAN_POINT('',(-9.35010994189997,3.39410293001999,2.518641858307));
#9350=CARTESIAN_POINT('',(-9.35010994189997,3.29999035531999,3.35614185830701));
#9351=CARTESIAN_POINT('',(-9.35010994189997,1.64999035532,2.456141858307));
#9352=CARTESIAN_POINT('Origin',(-5.40010994189998,-9.64468000574925E-6,
2.456141858307));
#9353=CARTESIAN_POINT('',(-7.31755497099999,-3.39412221937,2.456141858307));
#9354=CARTESIAN_POINT('Origin',(-5.40010994189998,-9.64468000574925E-6,
2.456141858307));
#9355=CARTESIAN_POINT('',(-7.31755497099999,3.39410293001999,2.456141858307));
#9356=CARTESIAN_POINT('Origin',(-6.52510994189998,-9.64468000574925E-6,
0.856141858307005));
#9357=CARTESIAN_POINT('Origin',(-5.40010994189998,-9.64468000574925E-6,
2.456141858307));
#9358=CARTESIAN_POINT('Origin',(-8.79422249159998,3.39410293001999,2.456141858307));
#9359=CARTESIAN_POINT('Origin',(-8.79422249159998,3.39410293001999,2.756141858307));
#9360=CARTESIAN_POINT('Origin',(-5.40010994189998,-4.95000964468001,1.056141858307));
#9361=CARTESIAN_POINT('',(-5.40010994189998,-4.35000964468,1.181141858307));
#9362=CARTESIAN_POINT('Origin',(-5.40010994189998,-4.35000964468,1.056141858307));
#9363=CARTESIAN_POINT('',(-5.40010994189998,-4.95000964468001,1.181141858307));
#9364=CARTESIAN_POINT('Ctrl Pts',(-0.614270605999991,4.14999035532,0.190285067886006));
#9365=CARTESIAN_POINT('Ctrl Pts',(-0.614270605999991,-7.80200964468,0.190285067886006));
#9366=CARTESIAN_POINT('Ctrl Pts',(-0.226769561999959,4.14999035532,0.144070471365005));
#9367=CARTESIAN_POINT('Ctrl Pts',(-0.226769561999959,-7.80200964468,0.144070471365005));
#9368=CARTESIAN_POINT('Ctrl Pts',(0.190921801700029,4.14999035532,0.0845767126020043));
#9369=CARTESIAN_POINT('Ctrl Pts',(0.190921801700029,-7.80200964468,0.0845767126020043));
#9370=CARTESIAN_POINT('Ctrl Pts',(0.649890058100027,4.14999035532,-2.01545299560735E-6));
#9371=CARTESIAN_POINT('Ctrl Pts',(0.649890058100027,-7.80200964468,-2.01545299560735E-6));
#9372=CARTESIAN_POINT('',(0.174890058100004,-3.25000964468,0.0813256684150012));
#9373=CARTESIAN_POINT('',(-0.17510994189995,-3.25000964468,0.133485036175813));
#9374=CARTESIAN_POINT('Ctrl Pts',(0.174890058157803,-3.25000964468,0.0813256684031121));
#9375=CARTESIAN_POINT('Ctrl Pts',(0.174890058265602,-3.25206211797335,0.08132566838605));
#9376=CARTESIAN_POINT('Ctrl Pts',(0.174853949716226,-3.25411447539925,0.0813313835777101));
#9377=CARTESIAN_POINT('Ctrl Pts',(0.174781745083776,-3.25616576553413,0.0813428113575157));
#9378=CARTESIAN_POINT('Ctrl Pts',(0.174661934844476,-3.25956950229717,0.0813617736454841));
#9379=CARTESIAN_POINT('Ctrl Pts',(0.174442789878518,-3.26296888135055,0.0813964572084441));
#9380=CARTESIAN_POINT('Ctrl Pts',(0.174124612761114,-3.26635956706962,0.0814468036560471));
#9381=CARTESIAN_POINT('Ctrl Pts',(0.17345232327342,-3.27352388606151,0.0815531827311434));
#9382=CARTESIAN_POINT('Ctrl Pts',(0.172338949445306,-3.2806382701475,0.0817293350176693));
#9383=CARTESIAN_POINT('Ctrl Pts',(0.170791411039018,-3.28766236787347,0.0819739311213698));
#9384=CARTESIAN_POINT('Ctrl Pts',(0.167434341441895,-3.30289971825343,0.0825045325849402));
#9385=CARTESIAN_POINT('Ctrl Pts',(0.1620582140998,-3.31760364496126,0.0833536142999208));
#9386=CARTESIAN_POINT('Ctrl Pts',(0.154817281004925,-3.33138873046359,0.0844918723629138));
#9387=CARTESIAN_POINT('Ctrl Pts',(0.146478451361947,-3.34726396064618,0.0858027172433565));
#9388=CARTESIAN_POINT('Ctrl Pts',(0.135763646093475,-3.36173615947028,0.0874816415077563));
#9389=CARTESIAN_POINT('Ctrl Pts',(0.12306796843562,-3.37431653268446,0.0894558060421389));
#9390=CARTESIAN_POINT('Ctrl Pts',(0.108943214358633,-3.38831300318693,0.0916521904579334));
#9391=CARTESIAN_POINT('Ctrl Pts',(0.092560533393292,-3.39977615849436,0.0941833900822027));
#9392=CARTESIAN_POINT('Ctrl Pts',(0.0746397404586363,-3.40824202122565,
0.0969238679436756));
#9393=CARTESIAN_POINT('Ctrl Pts',(0.0551686509415056,-3.41744025099604,
0.0999014197716008));
#9394=CARTESIAN_POINT('Ctrl Pts',(0.0341813921195876,-3.4229590062692,0.10307959998928));
#9395=CARTESIAN_POINT('Ctrl Pts',(0.0127364477579834,-3.42453749424206,
0.106288928209791));
#9396=CARTESIAN_POINT('Ctrl Pts',(0.00131111456257089,-3.4253784733899,
0.107998778495924));
#9397=CARTESIAN_POINT('Ctrl Pts',(-0.0101714008970524,-3.42509565656733,
0.109706803456714));
#9398=CARTESIAN_POINT('Ctrl Pts',(-0.0215456636902382,-3.42369185399152,
0.111388592437144));
#9399=CARTESIAN_POINT('Ctrl Pts',(-0.0446266389875886,-3.42084321815781,
0.11480132613413));
#9400=CARTESIAN_POINT('Ctrl Pts',(-0.0669419318888403,-3.41341811891576,
0.118057766226268));
#9401=CARTESIAN_POINT('Ctrl Pts',(-0.0871716596221581,-3.40181628915668,
0.120980037174754));
#9402=CARTESIAN_POINT('Ctrl Pts',(-0.106452944784151,-3.39075839500532,
0.123765301525375));
#9403=CARTESIAN_POINT('Ctrl Pts',(-0.123488885889118,-3.37610658311871,
0.126197201154856));
#9404=CARTESIAN_POINT('Ctrl Pts',(-0.137334945471306,-3.3586112026562,0.128161711028961));
#9405=CARTESIAN_POINT('Ctrl Pts',(-0.149873338206051,-3.34276814276031,
0.129940686208621));
#9406=CARTESIAN_POINT('Ctrl Pts',(-0.159591507529335,-3.32485029700601,
0.131307964875383));
#9407=CARTESIAN_POINT('Ctrl Pts',(-0.16603218752293,-3.30564064689499,0.132212389326503));
#9408=CARTESIAN_POINT('Ctrl Pts',(-0.169692588174606,-3.29472331893353,
0.132726396520397));
#9409=CARTESIAN_POINT('Ctrl Pts',(-0.172268133975465,-3.28346660578995,
0.133087133149765));
#9410=CARTESIAN_POINT('Ctrl Pts',(-0.173718507654509,-3.27203385629417,
0.133290235916742));
#9411=CARTESIAN_POINT('Ctrl Pts',(-0.174243335372306,-3.26789683704686,
0.133363730053605));
#9412=CARTESIAN_POINT('Ctrl Pts',(-0.174620157988431,-3.26374208073068,
0.133416479092256));
#9413=CARTESIAN_POINT('Ctrl Pts',(-0.174848189568253,-3.25957754945631,
0.13344839842348));
#9414=CARTESIAN_POINT('Ctrl Pts',(-0.17499367850277,-3.25692049108596,0.133468763626816));
#9415=CARTESIAN_POINT('Ctrl Pts',(-0.175078547226219,-3.25426039896911,
0.13348064202746));
#9416=CARTESIAN_POINT('Ctrl Pts',(-0.175102721278167,-3.25159935078067,
0.133484025544145));
#9417=CARTESIAN_POINT('Ctrl Pts',(-0.175107535957248,-3.25106935717121,
0.133484699429807));
#9418=CARTESIAN_POINT('Ctrl Pts',(-0.175109941433354,-3.25053950290919,
0.133485036110506));
#9419=CARTESIAN_POINT('Ctrl Pts',(-0.175109941433598,-3.25000964468,0.13348503611054));
#9420=CARTESIAN_POINT('Ctrl Pts',(-0.175109941433598,-3.25000964468,0.13348503611054));
#9421=CARTESIAN_POINT('Ctrl Pts',(-0.175109941434856,-3.24747271654512,
0.133485036110716));
#9422=CARTESIAN_POINT('Ctrl Pts',(-0.175054776578126,-3.2449360890949,0.13347731522245));
#9423=CARTESIAN_POINT('Ctrl Pts',(-0.174944482578029,-3.24240153151939,
0.133461877061137));
#9424=CARTESIAN_POINT('Ctrl Pts',(-0.174786763692966,-3.23877714946247,
0.13343980070533));
#9425=CARTESIAN_POINT('Ctrl Pts',(-0.174516386443574,-3.23515867923235,
0.133401954310204));
#9426=CARTESIAN_POINT('Ctrl Pts',(-0.174133768182951,-3.23155137049611,
0.133348382476746));
#9427=CARTESIAN_POINT('Ctrl Pts',(-0.17318997255857,-3.22265330537108,0.13321623807275));
#9428=CARTESIAN_POINT('Ctrl Pts',(-0.171565351635954,-3.21384299848693,
0.132988734655818));
#9429=CARTESIAN_POINT('Ctrl Pts',(-0.16927524485441,-3.20519781280142,0.132667525311063));
#9430=CARTESIAN_POINT('Ctrl Pts',(-0.1660979085243,-3.19320332294596,0.132221873549807));
#9431=CARTESIAN_POINT('Ctrl Pts',(-0.161656096970722,-3.18158900714308,
0.131598200386279));
#9432=CARTESIAN_POINT('Ctrl Pts',(-0.156029683540507,-3.17054874758769,
0.13080526431201));
#9433=CARTESIAN_POINT('Ctrl Pts',(-0.147905418441122,-3.15460715415408,
0.129660303502762));
#9434=CARTESIAN_POINT('Ctrl Pts',(-0.137396423452858,-3.14002895046056,
0.128174431026098));
#9435=CARTESIAN_POINT('Ctrl Pts',(-0.124886534802903,-3.12730755886433,
0.126391548099878));
#9436=CARTESIAN_POINT('Ctrl Pts',(-0.110926584739628,-3.11311158986828,
0.124402005481624));
#9437=CARTESIAN_POINT('Ctrl Pts',(-0.0946709529357879,-3.1014263566269,
0.122070099124817));
#9438=CARTESIAN_POINT('Ctrl Pts',(-0.0768360370561911,-3.09272612258667,
0.119484256918604));
#9439=CARTESIAN_POINT('Ctrl Pts',(-0.0574020016409428,-3.08324580557255,
0.116666562158895));
#9440=CARTESIAN_POINT('Ctrl Pts',(-0.0364021952078862,-3.0774601981459,
0.11359157183053));
#9441=CARTESIAN_POINT('Ctrl Pts',(-0.0149053996400302,-3.07563621083681,
0.110405617142287));
#9442=CARTESIAN_POINT('Ctrl Pts',(-0.00345147179225925,-3.07466435347474,
0.108708075989689));
#9443=CARTESIAN_POINT('Ctrl Pts',(0.00806931737630703,-3.07482349287811,
0.106990239258874));
#9444=CARTESIAN_POINT('Ctrl Pts',(0.0194899639728856,-3.07611069790407,
0.105277037298471));
#9445=CARTESIAN_POINT('Ctrl Pts',(0.0426214115505227,-3.07871781084885,
0.101807107553089));
#9446=CARTESIAN_POINT('Ctrl Pts',(0.0650253501596638,-3.08591686951682,
0.0984026570320142));
#9447=CARTESIAN_POINT('Ctrl Pts',(0.0853776964189377,-3.0973110405781,0.0952787424593678));
#9448=CARTESIAN_POINT('Ctrl Pts',(0.104748227829574,-3.10815554693765,0.0923055282371491));
#9449=CARTESIAN_POINT('Ctrl Pts',(0.121918050062127,-3.12260913918796,0.0896398341205686));
#9450=CARTESIAN_POINT('Ctrl Pts',(0.135936605974996,-3.13993541149485,0.0874503227338356));
#9451=CARTESIAN_POINT('Ctrl Pts',(0.148619059768172,-3.1556103247531,0.0854694926708485));
#9452=CARTESIAN_POINT('Ctrl Pts',(0.158519006109704,-3.17338620291009,0.0839107886352016));
#9453=CARTESIAN_POINT('Ctrl Pts',(0.165168232477337,-3.1924933419953,0.0828618532578174));
#9454=CARTESIAN_POINT('Ctrl Pts',(0.16906837839032,-3.20370075565394,0.0822465935570795));
#9455=CARTESIAN_POINT('Ctrl Pts',(0.17182066819121,-3.21528211149412,0.0818112886903683));
#9456=CARTESIAN_POINT('Ctrl Pts',(0.173378659498046,-3.22705958616122,0.0815648238967437));
#9457=CARTESIAN_POINT('Ctrl Pts',(0.173948753116241,-3.23136915009569,0.0814746385373399));
#9458=CARTESIAN_POINT('Ctrl Pts',(0.174358124336413,-3.23569886487324,0.0814098543619796));
#9459=CARTESIAN_POINT('Ctrl Pts',(0.174605830142713,-3.24003973999031,0.0813706524682892));
#9460=CARTESIAN_POINT('Ctrl Pts',(0.174764485345662,-3.24282006408916,0.0813455437133013));
#9461=CARTESIAN_POINT('Ctrl Pts',(0.174856755680502,-3.24560385535956,0.0813309393462749));
#9462=CARTESIAN_POINT('Ctrl Pts',(0.174882551266028,-3.24838873890283,0.0813268565561307));
#9463=CARTESIAN_POINT('Ctrl Pts',(0.174887555896553,-3.24892903728726,0.0813260644494286));
#9464=CARTESIAN_POINT('Ctrl Pts',(0.174890058129426,-3.24946934499827,0.0813256684076034));
#9465=CARTESIAN_POINT('Ctrl Pts',(0.174890058157803,-3.25000964468,0.0813256684031121));
#9466=CARTESIAN_POINT('Origin',(-5.40010994189998,4.94999035532,1.056141858307));
#9467=CARTESIAN_POINT('',(-5.40010994189998,4.34999035532,0.931141858307004));
#9468=CARTESIAN_POINT('Origin',(-5.40010994189998,4.34999035532,1.056141858307));
#9469=CARTESIAN_POINT('',(-5.40010994189998,4.94999035532,0.931141858307004));
#9470=CARTESIAN_POINT('Origin',(-2.00599739219996,-3.39412219437,2.15614185830701));
#9471=CARTESIAN_POINT('Origin',(-2.00599739219996,-3.39412219437,2.15614185830701));
#9472=CARTESIAN_POINT('Origin',(-2.00599739219996,3.39410290502,2.15614185830701));
#9473=CARTESIAN_POINT('Origin',(-2.00599739219996,3.39410290502,2.15614185830701));
#9474=CARTESIAN_POINT('Origin',(-5.40010994189998,4.49999035531999,2.706141858307));
#9475=CARTESIAN_POINT('',(-5.2301099419,4.49999035531999,2.706141858307));
#9476=CARTESIAN_POINT('',(-5.23010994189998,4.49999035531999,2.706141858307));
#9477=CARTESIAN_POINT('Origin',(-5.40010994189998,4.49999035531999,2.706141858307));
#9478=CARTESIAN_POINT('Origin',(1.3384212899,4.14999035532,2.62267309650001));
#9479=CARTESIAN_POINT('',(1.3384212899,2.44999035531999,2.62267309650001));
#9480=CARTESIAN_POINT('',(1.3384212899,-2.45000964468001,2.62267309650001));
#9481=CARTESIAN_POINT('',(1.3384212899,4.14999035532,2.62267309650001));
#9482=CARTESIAN_POINT('',(1.57334444510002,-2.45000964468001,2.537168060669));
#9483=CARTESIAN_POINT('',(1.3384212899,2.44999035531999,2.62267309650001));
#9484=CARTESIAN_POINT('Origin',(1.93756695299999,-2.45000964468001,2.085348577401));
#9485=CARTESIAN_POINT('Origin',(1.23581524690002,-2.45000964468001,2.340765310264));
#9486=CARTESIAN_POINT('Origin',(1.93756695299999,2.44999035531999,2.085348577401));
#9487=CARTESIAN_POINT('Origin',(1.23581524690002,2.44999035531999,2.340765310264));
#9488=CARTESIAN_POINT('Origin',(0.428439738299971,2.24999035531999,2.315372631523));
#9489=CARTESIAN_POINT('',(1.18793242679999,2.24999035531999,2.209208343354));
#9490=CARTESIAN_POINT('Origin',(1.13320920390004,2.24999035531999,2.058857524029));
#9491=CARTESIAN_POINT('',(0.48316296123212,2.24999035531999,2.46572345084873));
#9492=CARTESIAN_POINT('Origin',(0.428439738299971,-2.25000964468,2.315372631523));
#9493=CARTESIAN_POINT('',(1.18793242679999,-2.25000964468,2.209208343354));
#9494=CARTESIAN_POINT('Origin',(1.13320920390004,-2.25000964468,2.058857524029));
#9495=CARTESIAN_POINT('',(0.48316296123212,-2.25000964468,2.46572345084873));
#9496=CARTESIAN_POINT('Origin',(0.695456501299986,4.14999035532,0.856141858307005));
#9497=CARTESIAN_POINT('Origin',(-2.00599739219996,3.39410290502,-5.243858141693));
#9498=CARTESIAN_POINT('Origin',(-2.00599739219996,3.39410290502,2.456141858307));
#9499=CARTESIAN_POINT('Origin',(-5.40010994189998,-9.64468000574925E-6,
2.456141858307));
#9500=CARTESIAN_POINT('Origin',(-2.00599739219996,-3.39412219437,-5.243858141693));
#9501=CARTESIAN_POINT('Origin',(-2.00599739219996,-3.39412219437,2.456141858307));
#9502=CARTESIAN_POINT('Origin',(-5.40010994189998,-9.64468000574925E-6,
2.456141858307));
#9503=CARTESIAN_POINT('Origin',(-0.000109941899950172,3.24999035531999,
0.556141858307004));
#9504=CARTESIAN_POINT('',(-0.175109941899962,3.24999035531999,0.556141858307004));
#9505=CARTESIAN_POINT('Origin',(-0.000109941899950172,3.24999035531999,
0.556141858307004));
#9506=CARTESIAN_POINT('Origin',(-0.000109941899950172,-3.25000964468,0.556141858307004));
#9507=CARTESIAN_POINT('',(-0.175109941899962,-3.25000964468,0.556141858307004));
#9508=CARTESIAN_POINT('Origin',(-0.000109941899950172,-3.25000964468,0.556141858307004));
#9509=CARTESIAN_POINT('Origin',(-5.40010994189998,-4.50000964468,2.706141858307));
#9510=CARTESIAN_POINT('',(-5.2301099419,-4.50000964468,2.706141858307));
#9511=CARTESIAN_POINT('',(-5.23010994189998,-4.50000964468,2.706141858307));
#9512=CARTESIAN_POINT('Origin',(-5.40010994189998,-4.50000964468,2.706141858307));
#9513=CARTESIAN_POINT('Origin',(-5.40010994189998,-4.35000964468,1.056141858307));
#9514=CARTESIAN_POINT('',(-5.40010994189998,-4.2749020673,1.056141858307));
#9515=CARTESIAN_POINT('',(-5.40010994189998,-4.35000964468,1.181141858307));
#9516=CARTESIAN_POINT('Origin',(-0.000109941899950172,3.24999035531999,
-0.143858141692995));
#9517=CARTESIAN_POINT('',(-0.17510994189995,3.24999035531999,-0.143858141692995));
#9518=CARTESIAN_POINT('Origin',(-0.000109941899950172,-3.25000964468,-0.143858141692995));
#9519=CARTESIAN_POINT('',(-0.17510994189995,-3.25000964468,-0.143858141692995));
#9520=CARTESIAN_POINT('Origin',(-5.40010994189998,4.34999035532,1.056141858307));
#9521=CARTESIAN_POINT('',(-5.40010994189998,4.27488277794999,1.056141858307));
#9522=CARTESIAN_POINT('',(-5.40010994189998,4.34999035532,0.931141858307004));
#9523=CARTESIAN_POINT('Origin',(-5.40010994189998,4.49999035531999,2.706141858307));
#9524=CARTESIAN_POINT('Origin',(-5.40010994189998,-4.50000964468,2.706141858307));
#9525=CARTESIAN_POINT('Origin',(-9.252101039,-9.64468000574925E-6,3.35614185830701));
#9526=CARTESIAN_POINT('',(-9.23499999999999,3.39410293001999,3.35614185830701));
#9527=CARTESIAN_POINT('',(-9.935,-3.39412221937,3.35614185830701));
#9528=CARTESIAN_POINT('Origin',(-9.67383685509998,-3.39412221937,2.137423742405));
#9529=CARTESIAN_POINT('Origin',(-9.67383685509998,3.39410293001999,2.137423742405));
#9530=UNCERTAINTY_MEASURE_WITH_UNIT(LENGTH_MEASURE(0.001),#9534,
'DISTANCE_ACCURACY_VALUE',
'Maximum model space distance between geometric entities at asserted c
onnectivities');
#9531=UNCERTAINTY_MEASURE_WITH_UNIT(LENGTH_MEASURE(0.001),#9534,
'DISTANCE_ACCURACY_VALUE',
'Maximum model space distance between geometric entities at asserted c
onnectivities');
#9532=(
GEOMETRIC_REPRESENTATION_CONTEXT(3)
GLOBAL_UNCERTAINTY_ASSIGNED_CONTEXT((#9530))
GLOBAL_UNIT_ASSIGNED_CONTEXT((#9534,#9536,#9537))
REPRESENTATION_CONTEXT('','3D')
);
#9533=(
GEOMETRIC_REPRESENTATION_CONTEXT(3)
GLOBAL_UNCERTAINTY_ASSIGNED_CONTEXT((#9531))
GLOBAL_UNIT_ASSIGNED_CONTEXT((#9534,#9536,#9537))
REPRESENTATION_CONTEXT('','3D')
);
#9534=(
LENGTH_UNIT()
NAMED_UNIT(*)
SI_UNIT(.CENTI.,.METRE.)
);
#9535=(
LENGTH_UNIT()
NAMED_UNIT(*)
SI_UNIT($,.METRE.)
);
#9536=(
NAMED_UNIT(*)
PLANE_ANGLE_UNIT()
SI_UNIT($,.RADIAN.)
);
#9537=(
NAMED_UNIT(*)
SI_UNIT($,.STERADIAN.)
SOLID_ANGLE_UNIT()
);
#9538=SHAPE_DEFINITION_REPRESENTATION(#9539,#9540);
#9539=PRODUCT_DEFINITION_SHAPE('',$,#9542);
#9540=SHAPE_REPRESENTATION('',(#3589),#9532);
#9541=PRODUCT_DEFINITION_CONTEXT('part definition',#9546,'design');
#9542=PRODUCT_DEFINITION('2026-07-30-07-38-23-312','Carrier_rev_e',#9543,
#9541);
#9543=PRODUCT_DEFINITION_FORMATION('',$,#9548);
#9544=PRODUCT_RELATED_PRODUCT_CATEGORY('Carrier_rev_e','Carrier_rev_e',
(#9548));
#9545=APPLICATION_PROTOCOL_DEFINITION('international standard',
'automotive_design',2009,#9546);
#9546=APPLICATION_CONTEXT(
'Core Data for Automotive Mechanical Design Process');
#9547=PRODUCT_CONTEXT('part definition',#9546,'mechanical');
#9548=PRODUCT('2026-07-30-07-38-23-312','Carrier_rev_e',$,(#9547));
#9549=PRESENTATION_STYLE_ASSIGNMENT((#9550));
#9550=SURFACE_STYLE_USAGE(.BOTH.,#9551);
#9551=SURFACE_SIDE_STYLE('',(#9552));
#9552=SURFACE_STYLE_FILL_AREA(#9553);
#9553=FILL_AREA_STYLE('Steel - Satin',(#9554));
#9554=FILL_AREA_STYLE_COLOUR('Steel - Satin',#9555);
#9555=COLOUR_RGB('Steel - Satin',0.627450980392157,0.627450980392157,0.627450980392157);
ENDSEC;
END-ISO-10303-21;
