[INFO][AppLauncher]: Using device: cpu
[INFO][AppLauncher]: Loading experience file: /home/sun/ssh/sun/IsaacLab/apps/isaaclab.python.headless.rendering.kit
Loading user config located at: '/home/sun/miniconda3/envs/isaaclab/lib/python3.11/site-packages/isaacsim/kit/data/Kit/Isaac-Sim/5.1/user.config.json'
[Info] [carb] Logging to file: /home/sun/miniconda3/envs/isaaclab/lib/python3.11/site-packages/isaacsim/kit/logs/Kit/Isaac-Sim/5.1/kit_20260814_190132.log
2026-08-14T23:01:32Z [240ms] [Warning] [carb.windowing-glfw.plugin] GLFW initialization failed.
2026-08-14T23:01:32Z [240ms] [Warning] [carb] Failed to startup plugin carb.windowing-glfw.plugin (interfaces: [carb::windowing::IGLContext v1.0],[carb::windowing::IWindowing v1.5]) (impl: carb.windowing-glfw.plugin)
2026-08-14T23:01:32Z [245ms] [Warning] [omni.platforminfo.plugin] failed to open the default display.  Can't verify X Server version.
2026-08-14T23:01:32Z [338ms] [Warning] [carb.windowing-glfw.plugin] GLFW initialization failed.
2026-08-14T23:01:32Z [338ms] [Warning] [carb] Failed to startup plugin carb.windowing-glfw.plugin (interfaces: [carb::windowing::IGLContext v1.0],[carb::windowing::IWindowing v1.5]) (impl: carb.windowing-glfw.plugin)
2026-08-14T23:01:32Z [457ms] [Warning] [gpu.foundation.plugin] Skipping unsupported non-NVIDIA GPU: AMD Ryzen 7 9700X 8-Core Processor (RADV RAPHAEL_MENDOCINO)
2026-08-14T23:01:32Z [457ms] [Warning] [gpu.foundation.plugin] Skipping unsupported non-NVIDIA GPU: AMD Ryzen 7 9700X 8-Core Processor (RADV RAPHAEL_MENDOCINO)

|---------------------------------------------------------------------------------------------|
| Driver Version: 580.126.09    | Graphics API: Vulkan
|=============================================================================================|
| GPU | Name                             | Active | LDA | GPU Memory | Vendor-ID | LUID       |
|     |                                  |        |     |            | Device-ID | UUID       |
|     |                                  |        |     |            | Bus-ID    |            |
|---------------------------------------------------------------------------------------------|
| 0   | NVIDIA GeForce RTX 5070 Ti       | Yes: 0 |     | 16303   MB | 10de      | 0          |
|     |                                  |        |     |            | 2c05      | 9a0eb7bb.. |
|     |                                  |        |     |            | 1         |            |
|---------------------------------------------------------------------------------------------|
| 1   | AMD Ryzen 7 9700X 8-Core Proce.. |        |     | 10720   MB | 1002      | 0          |
|     |                                  |        |     |            | 13c0      | 00000000.. |
|     |                                  |        |     |            | 11        |            |
|=============================================================================================|
| OS: 24.04.3 LTS (Noble Numbat) ubuntu, Version: 24.04.3, Kernel: 6.17.0-22-generic
| Processor: AMD Ryzen 7 9700X 8-Core Processor
| Cores: 8 | Logical Cores: 16
|---------------------------------------------------------------------------------------------|
| Total Memory (MB): 31137 | Free Memory: 27962
| Total Page/Swap (MB): 69497 | Free Page/Swap: 69497
|---------------------------------------------------------------------------------------------|
2026-08-14T23:01:33Z [682ms] [Warning] [gpu.foundation.plugin] IOMMU is enabled.
2026-08-14T23:01:33Z [682ms] [Warning] [gpu.foundation.plugin] Detected IOMMU is enabled. Running CUDA peer-to-peer bandwidth and latency validation.
Unidirectional P2P=Enabled Bandwidth (P2P Writes) Matrix (GB/s)
   D\D     0 
     0 764.43 
P2P=Enabled Latency (P2P Writes) Matrix (us)
   GPU     0 
     0   2.07 

   CPU     0 
     0   1.85 
2026-08-14T23:01:33Z [966ms] [Warning] [carb.windowing-glfw.plugin] GLFW initialization failed.
2026-08-14T23:01:33Z [966ms] [Warning] [carb] Failed to startup plugin carb.windowing-glfw.plugin (interfaces: [carb::windowing::IGLContext v1.0],[carb::windowing::IWindowing v1.5]) (impl: carb.windowing-glfw.plugin)
2026-08-14T23:01:33Z [976ms] [Warning] [carb.windowing-glfw.plugin] GLFW initialization failed.
2026-08-14T23:01:33Z [976ms] [Warning] [carb] Failed to startup plugin carb.windowing-glfw.plugin (interfaces: [carb::windowing::IGLContext v1.0],[carb::windowing::IWindowing v1.5]) (impl: carb.windowing-glfw.plugin)
2026-08-14T23:01:33Z [980ms] [Warning] [carb.windowing-glfw.plugin] GLFW initialization failed.
2026-08-14T23:01:33Z [980ms] [Warning] [carb] Failed to startup plugin carb.windowing-glfw.plugin (interfaces: [carb::windowing::IGLContext v1.0],[carb::windowing::IWindowing v1.5]) (impl: carb.windowing-glfw.plugin)
2026-08-14T23:01:33Z [983ms] [Warning] [carb.windowing-glfw.plugin] GLFW initialization failed.
2026-08-14T23:01:33Z [983ms] [Warning] [carb] Failed to startup plugin carb.windowing-glfw.plugin (interfaces: [carb::windowing::IGLContext v1.0],[carb::windowing::IWindowing v1.5]) (impl: carb.windowing-glfw.plugin)
2026-08-14T23:01:33Z [984ms] [Warning] [carb.windowing-glfw.plugin] GLFW initialization failed.
2026-08-14T23:01:33Z [984ms] [Warning] [carb] Failed to startup plugin carb.windowing-glfw.plugin (interfaces: [carb::windowing::IGLContext v1.0],[carb::windowing::IWindowing v1.5]) (impl: carb.windowing-glfw.plugin)
2026-08-14T23:01:33Z [984ms] [Warning] [carb.windowing-glfw.plugin] GLFW initialization failed.
2026-08-14T23:01:33Z [984ms] [Warning] [carb] Failed to startup plugin carb.windowing-glfw.plugin (interfaces: [carb::windowing::IGLContext v1.0],[carb::windowing::IWindowing v1.5]) (impl: carb.windowing-glfw.plugin)
2026-08-14T23:01:33Z [1,139ms] [Warning] [omni.log] Source: omni.hydra was already registered.
2026-08-14T23:01:33Z [1,287ms] [Warning] [carb] Acquiring non optional plugin interface which is not listed as dependency: [omni::physx::IPhysxBenchmarks v1.0] (plugin: <default plugin>), by client: omni.physics.physx.plugin. Add it to CARB_PLUGIN_IMPL_DEPS() macro of a client.
2026-08-14T23:01:33Z [1,295ms] [Warning] [omni.isaac.dynamic_control] omni.isaac.dynamic_control is deprecated as of Isaac Sim 4.5. No action is needed from end-users.
2026-08-14T23:01:34Z [2,216ms] [Warning] [pxr.Semantics] pxr.Semantics is deprecated - please use Semantics instead
2026-08-14T23:01:34Z [2,266ms] [Warning] [omni.graph.core.plugin] Found duplicate of category 'Replicator' - was 'Annotators', adding 'Fabric Reader'
2026-08-14T23:01:34Z [2,266ms] [Warning] [omni.graph.core.plugin] Category 'Replicator' not accepted on node type 'omni.replicator.core.FabricReader' in extension 'omni.replicator.core'
2026-08-14T23:01:34Z [2,267ms] [Warning] [omni.replicator.core.scripts.extension] No material configuration file, adding configuration to material settings directly.
2026-08-14T23:01:34Z [2,586ms] [Warning] [omni.graph.core._impl._registration.register_python_ogn] Python import process in omni.anim.graph.core failed - 'NoneType' object is not subscriptable. Aborting Python node registration
2026-08-14T23:01:35Z [2,681ms] [Warning] [omni.stageupdate.plugin] Deprecated: direct use of IStageUpdate callbacks is deprecated. Use IStageUpdate::getStageUpdate instead.
2026-08-14T23:01:35Z [3,101ms] [Warning] [omni.anim.widget.timeline.views.timeline_view] Could not import omni.kit.window.cursor
2026-08-14T23:01:35Z [3,129ms] [Warning] [omni.graph.io._impl.extension] omni.graph.io is deprecated. Nodes in this extension have been moved to omni.graph.nodes. Update any dependencies accordingly.
Warning: Possible version incompatibility. Attempting to load omni::fabric::IStageReaderWriter with version v0.14 against v0.13.
2026-08-14T23:01:36Z [4,404ms] [Warning] [omni.fabric.plugin] Warning: attribute viewportHandle not found for bucket id 9

2026-08-14T23:01:36Z [4,494ms] [Warning] [omni.kit.widget.toolbar.toolbar] No root frame specified. Please specify a root frame for this widget
[forest-v4] run_enter
[forest-v4] layout_imports_start
[forest-v4] layout_imports_ready
[forest-v4] terrain_generation_start
[forest-v4] terrain_generation_ready
[forest-v4] bounded_visual_generation_start
[forest-v4] bounded_visual_generation_ready count=47 counts={'Pine': 4, 'Birch': 4, 'Rock': 3, 'Bush': 6, 'Grass': 30}
[forest-v4] visual_records_ready
[forest-v4] proxy_records_ready count=11
[forest-v4] terrain_identity_ready
[forest-v4] layout_ready visuals=47 proxies=11
[forest-v4] run_identity_start
[INFO]: Parsing configuration from: robot_lab.tasks.lite3.env_cfg:Lite3EnvCfg
[INFO]: Parsing configuration from: robot_lab.tasks.lite3.rsl_rl_cfg:Lite3MoECTSRunnerCfg

[36m======================================================================================[0m
[36m[1m[INFO][IsaacLab]: Logging to file: /tmp/isaaclab/logs/isaaclab_2026-08-14_19-01-43.log[0m
[36m======================================================================================[0m

[INFO]: Base environment:
	Environment device    : cpu
	Environment seed      : 42
	Physics step-size     : 0.005
	Rendering step-size   : 0.02
	Environment step-size : 0.02
2026-08-14T23:01:43Z [11,473ms] [Warning] [omni.usd] Warning: in _ReportErrors at line 3172 of /builds/omniverse/usd-ci/USD/pxr/usd/usd/stage.cpp -- In </Lite3ProSensorRigRealWithInterfaceV1/FL_FOOT/visuals>: Unresolved reference prim path @/tmp/IsaacLab/usd_20260814_190143_1824/configuration/lite3_pro_sensor_rig_real_with_interface_isaac_physics.usd@</visuals/FL_FOOT> introduced by @/tmp/IsaacLab/usd_20260814_190143_1824/configuration/lite3_pro_sensor_rig_real_with_interface_isaac_base.usd@</Lite3ProSensorRigRealWithInterfaceV1/FL_FOOT/visuals> (recomposing stage on stage @/tmp/IsaacLab/usd_20260814_190143_1824/configuration/lite3_pro_sensor_rig_real_with_interface_isaac_physics.usd@ <0x5f6f4ee95f40>)

2026-08-14T23:01:43Z [11,473ms] [Warning] [omni.usd] Warning: in _ReportErrors at line 3172 of /builds/omniverse/usd-ci/USD/pxr/usd/usd/stage.cpp -- In </Lite3ProSensorRigRealWithInterfaceV1/FL_FOOT/visuals>: Unresolved reference prim path @/tmp/IsaacLab/usd_20260814_190143_1824/configuration/lite3_pro_sensor_rig_real_with_interface_isaac_physics.usd@</visuals/FL_FOOT> introduced by @/tmp/IsaacLab/usd_20260814_190143_1824/configuration/lite3_pro_sensor_rig_real_with_interface_isaac_base.usd@</Lite3ProSensorRigRealWithInterfaceV1/FL_FOOT/visuals> (recomposing stage on stage @/tmp/IsaacLab/usd_20260814_190143_1824/configuration/lite3_pro_sensor_rig_real_with_interface_isaac_physics.usd@ <0x5f6f4ee95f40>)

2026-08-14T23:01:43Z [11,473ms] [Warning] [omni.usd] Warning: in _ReportErrors at line 3172 of /builds/omniverse/usd-ci/USD/pxr/usd/usd/stage.cpp -- In </Lite3ProSensorRigRealWithInterfaceV1/FL_FOOT/visuals>: Unresolved reference prim path @/tmp/IsaacLab/usd_20260814_190143_1824/configuration/lite3_pro_sensor_rig_real_with_interface_isaac_physics.usd@</visuals/FL_FOOT> introduced by @/tmp/IsaacLab/usd_20260814_190143_1824/configuration/lite3_pro_sensor_rig_real_with_interface_isaac_base.usd@</Lite3ProSensorRigRealWithInterfaceV1/FL_FOOT/visuals> (recomposing stage on stage @/tmp/IsaacLab/usd_20260814_190143_1824/configuration/lite3_pro_sensor_rig_real_with_interface_isaac_physics.usd@ <0x5f6f4ee95f40>)

2026-08-14T23:01:43Z [11,473ms] [Warning] [omni.usd] Warning: in _ReportErrors at line 3172 of /builds/omniverse/usd-ci/USD/pxr/usd/usd/stage.cpp -- In </Lite3ProSensorRigRealWithInterfaceV1/FL_FOOT/visuals>: Unresolved reference prim path @/tmp/IsaacLab/usd_20260814_190143_1824/lite3_pro_sensor_rig_real_with_interface_isaac.usd@</visuals/FL_FOOT> introduced by @/tmp/IsaacLab/usd_20260814_190143_1824/configuration/lite3_pro_sensor_rig_real_with_interface_isaac_base.usd@</Lite3ProSensorRigRealWithInterfaceV1/FL_FOOT/visuals> (recomposing stage on stage @/tmp/IsaacLab/usd_20260814_190143_1824/lite3_pro_sensor_rig_real_with_interface_isaac.usd@ <0x5f6f4ee86850>)

2026-08-14T23:01:43Z [11,473ms] [Warning] [omni.usd] Warning: in _ReportErrors at line 3172 of /builds/omniverse/usd-ci/USD/pxr/usd/usd/stage.cpp -- In </Lite3ProSensorRigRealWithInterfaceV1/FL_FOOT/visuals>: Unresolved reference prim path @/tmp/IsaacLab/usd_20260814_190143_1824/lite3_pro_sensor_rig_real_with_interface_isaac.usd@</visuals/FL_FOOT> introduced by @/tmp/IsaacLab/usd_20260814_190143_1824/configuration/lite3_pro_sensor_rig_real_with_interface_isaac_base.usd@</Lite3ProSensorRigRealWithInterfaceV1/FL_FOOT/visuals> (recomposing stage on stage @/tmp/IsaacLab/usd_20260814_190143_1824/lite3_pro_sensor_rig_real_with_interface_isaac.usd@ <0x5f6f4ee86850>)

2026-08-14T23:01:43Z [11,473ms] [Warning] [omni.usd] Warning: in _ReportErrors at line 3172 of /builds/omniverse/usd-ci/USD/pxr/usd/usd/stage.cpp -- In </Lite3ProSensorRigRealWithInterfaceV1/FL_FOOT/visuals>: Unresolved reference prim path @/tmp/IsaacLab/usd_20260814_190143_1824/lite3_pro_sensor_rig_real_with_interface_isaac.usd@</visuals/FL_FOOT> introduced by @/tmp/IsaacLab/usd_20260814_190143_1824/configuration/lite3_pro_sensor_rig_real_with_interface_isaac_base.usd@</Lite3ProSensorRigRealWithInterfaceV1/FL_FOOT/visuals> (recomposing stage on stage @/tmp/IsaacLab/usd_20260814_190143_1824/lite3_pro_sensor_rig_real_with_interface_isaac.usd@ <0x5f6f4ee86850>)

2026-08-14T23:01:43Z [11,473ms] [Warning] [omni.usd] Warning: in _ReportErrors at line 3172 of /builds/omniverse/usd-ci/USD/pxr/usd/usd/stage.cpp -- In </Lite3ProSensorRigRealWithInterfaceV1/FL_FOOT/visuals>: Unresolved reference prim path @/tmp/IsaacLab/usd_20260814_190143_1824/lite3_pro_sensor_rig_real_with_interface_isaac.usd@</visuals/FL_FOOT> introduced by @/tmp/IsaacLab/usd_20260814_190143_1824/configuration/lite3_pro_sensor_rig_real_with_interface_isaac_base.usd@</Lite3ProSensorRigRealWithInterfaceV1/FL_FOOT/visuals> (recomposing stage on stage @/tmp/IsaacLab/usd_20260814_190143_1824/lite3_pro_sensor_rig_real_with_interface_isaac.usd@ <0x5f6f4ee81850>)

2026-08-14T23:01:43Z [11,473ms] [Warning] [omni.usd] Warning: in _ReportErrors at line 3172 of /builds/omniverse/usd-ci/USD/pxr/usd/usd/stage.cpp -- In </Lite3ProSensorRigRealWithInterfaceV1/FL_FOOT/visuals>: Unresolved reference prim path @/tmp/IsaacLab/usd_20260814_190143_1824/lite3_pro_sensor_rig_real_with_interface_isaac.usd@</visuals/FL_FOOT> introduced by @/tmp/IsaacLab/usd_20260814_190143_1824/configuration/lite3_pro_sensor_rig_real_with_interface_isaac_base.usd@</Lite3ProSensorRigRealWithInterfaceV1/FL_FOOT/visuals> (recomposing stage on stage @/tmp/IsaacLab/usd_20260814_190143_1824/lite3_pro_sensor_rig_real_with_interface_isaac.usd@ <0x5f6f4ee81850>)

2026-08-14T23:01:43Z [11,473ms] [Warning] [omni.usd] Warning: in _ReportErrors at line 3172 of /builds/omniverse/usd-ci/USD/pxr/usd/usd/stage.cpp -- In </Lite3ProSensorRigRealWithInterfaceV1/FL_FOOT/visuals>: Unresolved reference prim path @/tmp/IsaacLab/usd_20260814_190143_1824/lite3_pro_sensor_rig_real_with_interface_isaac.usd@</visuals/FL_FOOT> introduced by @/tmp/IsaacLab/usd_20260814_190143_1824/configuration/lite3_pro_sensor_rig_real_with_interface_isaac_base.usd@</Lite3ProSensorRigRealWithInterfaceV1/FL_FOOT/visuals> (recomposing stage on stage @/tmp/IsaacLab/usd_20260814_190143_1824/lite3_pro_sensor_rig_real_with_interface_isaac.usd@ <0x5f6f4ee81850>)

2026-08-14T23:01:43Z [11,473ms] [Warning] [omni.usd] Warning: in _ReportErrors at line 3172 of /builds/omniverse/usd-ci/USD/pxr/usd/usd/stage.cpp -- In </Lite3ProSensorRigRealWithInterfaceV1/FL_FOOT/visuals>: Unresolved reference prim path @/tmp/IsaacLab/usd_20260814_190143_1824/configuration/lite3_pro_sensor_rig_real_with_interface_isaac_base.usd@</visuals/FL_FOOT> introduced by @/tmp/IsaacLab/usd_20260814_190143_1824/configuration/lite3_pro_sensor_rig_real_with_interface_isaac_base.usd@</Lite3ProSensorRigRealWithInterfaceV1/FL_FOOT/visuals> (recomposing stage on stage @/tmp/IsaacLab/usd_20260814_190143_1824/configuration/lite3_pro_sensor_rig_real_with_interface_isaac_base.usd@ <0x5f6f4ee9e820>)

2026-08-14T23:01:43Z [11,473ms] [Warning] [omni.usd] Warning: in _ReportErrors at line 3172 of /builds/omniverse/usd-ci/USD/pxr/usd/usd/stage.cpp -- In </Lite3ProSensorRigRealWithInterfaceV1/FL_FOOT/visuals>: Unresolved reference prim path @/tmp/IsaacLab/usd_20260814_190143_1824/configuration/lite3_pro_sensor_rig_real_with_interface_isaac_base.usd@</visuals/FL_FOOT> introduced by @/tmp/IsaacLab/usd_20260814_190143_1824/configuration/lite3_pro_sensor_rig_real_with_interface_isaac_base.usd@</Lite3ProSensorRigRealWithInterfaceV1/FL_FOOT/visuals> (recomposing stage on stage @/tmp/IsaacLab/usd_20260814_190143_1824/configuration/lite3_pro_sensor_rig_real_with_interface_isaac_base.usd@ <0x5f6f4ee9e820>)

2026-08-14T23:01:43Z [11,473ms] [Warning] [omni.usd] Warning: in _ReportErrors at line 3172 of /builds/omniverse/usd-ci/USD/pxr/usd/usd/stage.cpp -- In </Lite3ProSensorRigRealWithInterfaceV1/FL_FOOT/visuals>: Unresolved reference prim path @/tmp/IsaacLab/usd_20260814_190143_1824/configuration/lite3_pro_sensor_rig_real_with_interface_isaac_base.usd@</visuals/FL_FOOT> introduced by @/tmp/IsaacLab/usd_20260814_190143_1824/configuration/lite3_pro_sensor_rig_real_with_interface_isaac_base.usd@</Lite3ProSensorRigRealWithInterfaceV1/FL_FOOT/visuals> (recomposing stage on stage @/tmp/IsaacLab/usd_20260814_190143_1824/configuration/lite3_pro_sensor_rig_real_with_interface_isaac_base.usd@ <0x5f6f4ee9e820>)

2026-08-14T23:01:43Z [11,473ms] [Warning] [omni.usd] Warning: in _ReportErrors at line 3172 of /builds/omniverse/usd-ci/USD/pxr/usd/usd/stage.cpp -- In </Lite3ProSensorRigRealWithInterfaceV1/FL_FOOT/visuals>: Unresolved reference prim path @/tmp/IsaacLab/usd_20260814_190143_1824/configuration/lite3_pro_sensor_rig_real_with_interface_isaac_physics.usd@</visuals/FL_FOOT> introduced by @/tmp/IsaacLab/usd_20260814_190143_1824/configuration/lite3_pro_sensor_rig_real_with_interface_isaac_base.usd@</Lite3ProSensorRigRealWithInterfaceV1/FL_FOOT/visuals> (recomposing stage on stage @/tmp/IsaacLab/usd_20260814_190143_1824/configuration/lite3_pro_sensor_rig_real_with_interface_isaac_physics.usd@ <0x5f6f4ee95f40>)

2026-08-14T23:01:43Z [11,473ms] [Warning] [omni.usd] Warning: in _ReportErrors at line 3172 of /builds/omniverse/usd-ci/USD/pxr/usd/usd/stage.cpp -- In </Lite3ProSensorRigRealWithInterfaceV1/FL_FOOT/visuals>: Unresolved reference prim path @/tmp/IsaacLab/usd_20260814_190143_1824/configuration/lite3_pro_sensor_rig_real_with_interface_isaac_physics.usd@</visuals/FL_FOOT> introduced by @/tmp/IsaacLab/usd_20260814_190143_1824/configuration/lite3_pro_sensor_rig_real_with_interface_isaac_base.usd@</Lite3ProSensorRigRealWithInterfaceV1/FL_FOOT/visuals> (recomposing stage on stage @/tmp/IsaacLab/usd_20260814_190143_1824/configuration/lite3_pro_sensor_rig_real_with_interface_isaac_physics.usd@ <0x5f6f4ee95f40>)

2026-08-14T23:01:43Z [11,473ms] [Warning] [omni.usd] Warning: in _ReportErrors at line 3172 of /builds/omniverse/usd-ci/USD/pxr/usd/usd/stage.cpp -- In </Lite3ProSensorRigRealWithInterfaceV1/FL_FOOT/visuals>: Unresolved reference prim path @/tmp/IsaacLab/usd_20260814_190143_1824/configuration/lite3_pro_sensor_rig_real_with_interface_isaac_physics.usd@</visuals/FL_FOOT> introduced by @/tmp/IsaacLab/usd_20260814_190143_1824/configuration/lite3_pro_sensor_rig_real_with_interface_isaac_base.usd@</Lite3ProSensorRigRealWithInterfaceV1/FL_FOOT/visuals> (recomposing stage on stage @/tmp/IsaacLab/usd_20260814_190143_1824/configuration/lite3_pro_sensor_rig_real_with_interface_isaac_physics.usd@ <0x5f6f4ee95f40>)

2026-08-14T23:01:43Z [11,473ms] [Warning] [omni.usd] Warning: in _ReportErrors at line 3172 of /builds/omniverse/usd-ci/USD/pxr/usd/usd/stage.cpp -- In </Lite3ProSensorRigRealWithInterfaceV1/FL_FOOT/visuals>: Unresolved reference prim path @/tmp/IsaacLab/usd_20260814_190143_1824/lite3_pro_sensor_rig_real_with_interface_isaac.usd@</visuals/FL_FOOT> introduced by @/tmp/IsaacLab/usd_20260814_190143_1824/configuration/lite3_pro_sensor_rig_real_with_interface_isaac_base.usd@</Lite3ProSensorRigRealWithInterfaceV1/FL_FOOT/visuals> (recomposing stage on stage @/tmp/IsaacLab/usd_20260814_190143_1824/lite3_pro_sensor_rig_real_with_interface_isaac.usd@ <0x5f6f4ee86850>)

2026-08-14T23:01:43Z [11,473ms] [Warning] [omni.usd] Warning: in _ReportErrors at line 3172 of /builds/omniverse/usd-ci/USD/pxr/usd/usd/stage.cpp -- In </Lite3ProSensorRigRealWithInterfaceV1/FL_FOOT/visuals>: Unresolved reference prim path @/tmp/IsaacLab/usd_20260814_190143_1824/lite3_pro_sensor_rig_real_with_interface_isaac.usd@</visuals/FL_FOOT> introduced by @/tmp/IsaacLab/usd_20260814_190143_1824/configuration/lite3_pro_sensor_rig_real_with_interface_isaac_base.usd@</Lite3ProSensorRigRealWithInterfaceV1/FL_FOOT/visuals> (recomposing stage on stage @/tmp/IsaacLab/usd_20260814_190143_1824/lite3_pro_sensor_rig_real_with_interface_isaac.usd@ <0x5f6f4ee86850>)

2026-08-14T23:01:43Z [11,473ms] [Warning] [omni.usd] Warning: in _ReportErrors at line 3172 of /builds/omniverse/usd-ci/USD/pxr/usd/usd/stage.cpp -- In </Lite3ProSensorRigRealWithInterfaceV1/FL_FOOT/visuals>: Unresolved reference prim path @/tmp/IsaacLab/usd_20260814_190143_1824/lite3_pro_sensor_rig_real_with_interface_isaac.usd@</visuals/FL_FOOT> introduced by @/tmp/IsaacLab/usd_20260814_190143_1824/configuration/lite3_pro_sensor_rig_real_with_interface_isaac_base.usd@</Lite3ProSensorRigRealWithInterfaceV1/FL_FOOT/visuals> (recomposing stage on stage @/tmp/IsaacLab/usd_20260814_190143_1824/lite3_pro_sensor_rig_real_with_interface_isaac.usd@ <0x5f6f4ee86850>)

2026-08-14T23:01:43Z [11,473ms] [Warning] [omni.usd] Warning: in _ReportErrors at line 3172 of /builds/omniverse/usd-ci/USD/pxr/usd/usd/stage.cpp -- In </Lite3ProSensorRigRealWithInterfaceV1/FL_FOOT/visuals>: Unresolved reference prim path @/tmp/IsaacLab/usd_20260814_190143_1824/lite3_pro_sensor_rig_real_with_interface_isaac.usd@</visuals/FL_FOOT> introduced by @/tmp/IsaacLab/usd_20260814_190143_1824/configuration/lite3_pro_sensor_rig_real_with_interface_isaac_base.usd@</Lite3ProSensorRigRealWithInterfaceV1/FL_FOOT/visuals> (recomposing stage on stage @/tmp/IsaacLab/usd_20260814_190143_1824/lite3_pro_sensor_rig_real_with_interface_isaac.usd@ <0x5f6f4ee81850>)

2026-08-14T23:01:43Z [11,473ms] [Warning] [omni.usd] Warning: in _ReportErrors at line 3172 of /builds/omniverse/usd-ci/USD/pxr/usd/usd/stage.cpp -- In </Lite3ProSensorRigRealWithInterfaceV1/FL_FOOT/visuals>: Unresolved reference prim path @/tmp/IsaacLab/usd_20260814_190143_1824/lite3_pro_sensor_rig_real_with_interface_isaac.usd@</visuals/FL_FOOT> introduced by @/tmp/IsaacLab/usd_20260814_190143_1824/configuration/lite3_pro_sensor_rig_real_with_interface_isaac_base.usd@</Lite3ProSensorRigRealWithInterfaceV1/FL_FOOT/visuals> (recomposing stage on stage @/tmp/IsaacLab/usd_20260814_190143_1824/lite3_pro_sensor_rig_real_with_interface_isaac.usd@ <0x5f6f4ee81850>)

2026-08-14T23:01:43Z [11,473ms] [Warning] [omni.usd] Warning: in _ReportErrors at line 3172 of /builds/omniverse/usd-ci/USD/pxr/usd/usd/stage.cpp -- In </Lite3ProSensorRigRealWithInterfaceV1/FL_FOOT/visuals>: Unresolved reference prim path @/tmp/IsaacLab/usd_20260814_190143_1824/lite3_pro_sensor_rig_real_with_interface_isaac.usd@</visuals/FL_FOOT> introduced by @/tmp/IsaacLab/usd_20260814_190143_1824/configuration/lite3_pro_sensor_rig_real_with_interface_isaac_base.usd@</Lite3ProSensorRigRealWithInterfaceV1/FL_FOOT/visuals> (recomposing stage on stage @/tmp/IsaacLab/usd_20260814_190143_1824/lite3_pro_sensor_rig_real_with_interface_isaac.usd@ <0x5f6f4ee81850>)

2026-08-14T23:01:43Z [11,473ms] [Warning] [omni.usd] Warning: in _ReportErrors at line 3172 of /builds/omniverse/usd-ci/USD/pxr/usd/usd/stage.cpp -- In </Lite3ProSensorRigRealWithInterfaceV1/FL_FOOT/visuals>: Unresolved reference prim path @/tmp/IsaacLab/usd_20260814_190143_1824/configuration/lite3_pro_sensor_rig_real_with_interface_isaac_base.usd@</visuals/FL_FOOT> introduced by @/tmp/IsaacLab/usd_20260814_190143_1824/configuration/lite3_pro_sensor_rig_real_with_interface_isaac_base.usd@</Lite3ProSensorRigRealWithInterfaceV1/FL_FOOT/visuals> (recomposing stage on stage @/tmp/IsaacLab/usd_20260814_190143_1824/configuration/lite3_pro_sensor_rig_real_with_interface_isaac_base.usd@ <0x5f6f4ee9e820>)

2026-08-14T23:01:43Z [11,473ms] [Warning] [omni.usd] Warning: in _ReportErrors at line 3172 of /builds/omniverse/usd-ci/USD/pxr/usd/usd/stage.cpp -- In </Lite3ProSensorRigRealWithInterfaceV1/FL_FOOT/visuals>: Unresolved reference prim path @/tmp/IsaacLab/usd_20260814_190143_1824/configuration/lite3_pro_sensor_rig_real_with_interface_isaac_base.usd@</visuals/FL_FOOT> introduced by @/tmp/IsaacLab/usd_20260814_190143_1824/configuration/lite3_pro_sensor_rig_real_with_interface_isaac_base.usd@</Lite3ProSensorRigRealWithInterfaceV1/FL_FOOT/visuals> (recomposing stage on stage @/tmp/IsaacLab/usd_20260814_190143_1824/configuration/lite3_pro_sensor_rig_real_with_interface_isaac_base.usd@ <0x5f6f4ee9e820>)

2026-08-14T23:01:43Z [11,473ms] [Warning] [omni.usd] Warning: in _ReportErrors at line 3172 of /builds/omniverse/usd-ci/USD/pxr/usd/usd/stage.cpp -- In </Lite3ProSensorRigRealWithInterfaceV1/FL_FOOT/visuals>: Unresolved reference prim path @/tmp/IsaacLab/usd_20260814_190143_1824/configuration/lite3_pro_sensor_rig_real_with_interface_isaac_base.usd@</visuals/FL_FOOT> introduced by @/tmp/IsaacLab/usd_20260814_190143_1824/configuration/lite3_pro_sensor_rig_real_with_interface_isaac_base.usd@</Lite3ProSensorRigRealWithInterfaceV1/FL_FOOT/visuals> (recomposing stage on stage @/tmp/IsaacLab/usd_20260814_190143_1824/configuration/lite3_pro_sensor_rig_real_with_interface_isaac_base.usd@ <0x5f6f4ee9e820>)

2026-08-14T23:01:43Z [11,504ms] [Warning] [omni.usd] Warning: in _ReportErrors at line 3172 of /builds/omniverse/usd-ci/USD/pxr/usd/usd/stage.cpp -- In </Lite3ProSensorRigRealWithInterfaceV1/FR_FOOT/visuals>: Unresolved reference prim path @/tmp/IsaacLab/usd_20260814_190143_1824/configuration/lite3_pro_sensor_rig_real_with_interface_isaac_physics.usd@</visuals/FR_FOOT> introduced by @/tmp/IsaacLab/usd_20260814_190143_1824/configuration/lite3_pro_sensor_rig_real_with_interface_isaac_base.usd@</Lite3ProSensorRigRealWithInterfaceV1/FR_FOOT/visuals> (recomposing stage on stage @/tmp/IsaacLab/usd_20260814_190143_1824/configuration/lite3_pro_sensor_rig_real_with_interface_isaac_physics.usd@ <0x5f6f4ee95f40>)

2026-08-14T23:01:43Z [11,504ms] [Warning] [omni.usd] Warning: in _ReportErrors at line 3172 of /builds/omniverse/usd-ci/USD/pxr/usd/usd/stage.cpp -- In </Lite3ProSensorRigRealWithInterfaceV1/FR_FOOT/visuals>: Unresolved reference prim path @/tmp/IsaacLab/usd_20260814_190143_1824/configuration/lite3_pro_sensor_rig_real_with_interface_isaac_physics.usd@</visuals/FR_FOOT> introduced by @/tmp/IsaacLab/usd_20260814_190143_1824/configuration/lite3_pro_sensor_rig_real_with_interface_isaac_base.usd@</Lite3ProSensorRigRealWithInterfaceV1/FR_FOOT/visuals> (recomposing stage on stage @/tmp/IsaacLab/usd_20260814_190143_1824/configuration/lite3_pro_sensor_rig_real_with_interface_isaac_physics.usd@ <0x5f6f4ee95f40>)

2026-08-14T23:01:43Z [11,504ms] [Warning] [omni.usd] Warning: in _ReportErrors at line 3172 of /builds/omniverse/usd-ci/USD/pxr/usd/usd/stage.cpp -- In </Lite3ProSensorRigRealWithInterfaceV1/FR_FOOT/visuals>: Unresolved reference prim path @/tmp/IsaacLab/usd_20260814_190143_1824/configuration/lite3_pro_sensor_rig_real_with_interface_isaac_physics.usd@</visuals/FR_FOOT> introduced by @/tmp/IsaacLab/usd_20260814_190143_1824/configuration/lite3_pro_sensor_rig_real_with_interface_isaac_base.usd@</Lite3ProSensorRigRealWithInterfaceV1/FR_FOOT/visuals> (recomposing stage on stage @/tmp/IsaacLab/usd_20260814_190143_1824/configuration/lite3_pro_sensor_rig_real_with_interface_isaac_physics.usd@ <0x5f6f4ee95f40>)

2026-08-14T23:01:43Z [11,504ms] [Warning] [omni.usd] Warning: in _ReportErrors at line 3172 of /builds/omniverse/usd-ci/USD/pxr/usd/usd/stage.cpp -- In </Lite3ProSensorRigRealWithInterfaceV1/FR_FOOT/visuals>: Unresolved reference prim path @/tmp/IsaacLab/usd_20260814_190143_1824/lite3_pro_sensor_rig_real_with_interface_isaac.usd@</visuals/FR_FOOT> introduced by @/tmp/IsaacLab/usd_20260814_190143_1824/configuration/lite3_pro_sensor_rig_real_with_interface_isaac_base.usd@</Lite3ProSensorRigRealWithInterfaceV1/FR_FOOT/visuals> (recomposing stage on stage @/tmp/IsaacLab/usd_20260814_190143_1824/lite3_pro_sensor_rig_real_with_interface_isaac.usd@ <0x5f6f4ee86850>)

2026-08-14T23:01:43Z [11,504ms] [Warning] [omni.usd] Warning: in _ReportErrors at line 3172 of /builds/omniverse/usd-ci/USD/pxr/usd/usd/stage.cpp -- In </Lite3ProSensorRigRealWithInterfaceV1/FR_FOOT/visuals>: Unresolved reference prim path @/tmp/IsaacLab/usd_20260814_190143_1824/lite3_pro_sensor_rig_real_with_interface_isaac.usd@</visuals/FR_FOOT> introduced by @/tmp/IsaacLab/usd_20260814_190143_1824/configuration/lite3_pro_sensor_rig_real_with_interface_isaac_base.usd@</Lite3ProSensorRigRealWithInterfaceV1/FR_FOOT/visuals> (recomposing stage on stage @/tmp/IsaacLab/usd_20260814_190143_1824/lite3_pro_sensor_rig_real_with_interface_isaac.usd@ <0x5f6f4ee86850>)

2026-08-14T23:01:43Z [11,504ms] [Warning] [omni.usd] Warning: in _ReportErrors at line 3172 of /builds/omniverse/usd-ci/USD/pxr/usd/usd/stage.cpp -- In </Lite3ProSensorRigRealWithInterfaceV1/FR_FOOT/visuals>: Unresolved reference prim path @/tmp/IsaacLab/usd_20260814_190143_1824/lite3_pro_sensor_rig_real_with_interface_isaac.usd@</visuals/FR_FOOT> introduced by @/tmp/IsaacLab/usd_20260814_190143_1824/configuration/lite3_pro_sensor_rig_real_with_interface_isaac_base.usd@</Lite3ProSensorRigRealWithInterfaceV1/FR_FOOT/visuals> (recomposing stage on stage @/tmp/IsaacLab/usd_20260814_190143_1824/lite3_pro_sensor_rig_real_with_interface_isaac.usd@ <0x5f6f4ee86850>)

2026-08-14T23:01:43Z [11,504ms] [Warning] [omni.usd] Warning: in _ReportErrors at line 3172 of /builds/omniverse/usd-ci/USD/pxr/usd/usd/stage.cpp -- In </Lite3ProSensorRigRealWithInterfaceV1/FR_FOOT/visuals>: Unresolved reference prim path @/tmp/IsaacLab/usd_20260814_190143_1824/lite3_pro_sensor_rig_real_with_interface_isaac.usd@</visuals/FR_FOOT> introduced by @/tmp/IsaacLab/usd_20260814_190143_1824/configuration/lite3_pro_sensor_rig_real_with_interface_isaac_base.usd@</Lite3ProSensorRigRealWithInterfaceV1/FR_FOOT/visuals> (recomposing stage on stage @/tmp/IsaacLab/usd_20260814_190143_1824/lite3_pro_sensor_rig_real_with_interface_isaac.usd@ <0x5f6f4ee81850>)

2026-08-14T23:01:43Z [11,504ms] [Warning] [omni.usd] Warning: in _ReportErrors at line 3172 of /builds/omniverse/usd-ci/USD/pxr/usd/usd/stage.cpp -- In </Lite3ProSensorRigRealWithInterfaceV1/FR_FOOT/visuals>: Unresolved reference prim path @/tmp/IsaacLab/usd_20260814_190143_1824/lite3_pro_sensor_rig_real_with_interface_isaac.usd@</visuals/FR_FOOT> introduced by @/tmp/IsaacLab/usd_20260814_190143_1824/configuration/lite3_pro_sensor_rig_real_with_interface_isaac_base.usd@</Lite3ProSensorRigRealWithInterfaceV1/FR_FOOT/visuals> (recomposing stage on stage @/tmp/IsaacLab/usd_20260814_190143_1824/lite3_pro_sensor_rig_real_with_interface_isaac.usd@ <0x5f6f4ee81850>)

2026-08-14T23:01:43Z [11,504ms] [Warning] [omni.usd] Warning: in _ReportErrors at line 3172 of /builds/omniverse/usd-ci/USD/pxr/usd/usd/stage.cpp -- In </Lite3ProSensorRigRealWithInterfaceV1/FR_FOOT/visuals>: Unresolved reference prim path @/tmp/IsaacLab/usd_20260814_190143_1824/lite3_pro_sensor_rig_real_with_interface_isaac.usd@</visuals/FR_FOOT> introduced by @/tmp/IsaacLab/usd_20260814_190143_1824/configuration/lite3_pro_sensor_rig_real_with_interface_isaac_base.usd@</Lite3ProSensorRigRealWithInterfaceV1/FR_FOOT/visuals> (recomposing stage on stage @/tmp/IsaacLab/usd_20260814_190143_1824/lite3_pro_sensor_rig_real_with_interface_isaac.usd@ <0x5f6f4ee81850>)

2026-08-14T23:01:43Z [11,504ms] [Warning] [omni.usd] Warning: in _ReportErrors at line 3172 of /builds/omniverse/usd-ci/USD/pxr/usd/usd/stage.cpp -- In </Lite3ProSensorRigRealWithInterfaceV1/FR_FOOT/visuals>: Unresolved reference prim path @/tmp/IsaacLab/usd_20260814_190143_1824/configuration/lite3_pro_sensor_rig_real_with_interface_isaac_base.usd@</visuals/FR_FOOT> introduced by @/tmp/IsaacLab/usd_20260814_190143_1824/configuration/lite3_pro_sensor_rig_real_with_interface_isaac_base.usd@</Lite3ProSensorRigRealWithInterfaceV1/FR_FOOT/visuals> (recomposing stage on stage @/tmp/IsaacLab/usd_20260814_190143_1824/configuration/lite3_pro_sensor_rig_real_with_interface_isaac_base.usd@ <0x5f6f4ee9e820>)

2026-08-14T23:01:43Z [11,504ms] [Warning] [omni.usd] Warning: in _ReportErrors at line 3172 of /builds/omniverse/usd-ci/USD/pxr/usd/usd/stage.cpp -- In </Lite3ProSensorRigRealWithInterfaceV1/FR_FOOT/visuals>: Unresolved reference prim path @/tmp/IsaacLab/usd_20260814_190143_1824/configuration/lite3_pro_sensor_rig_real_with_interface_isaac_base.usd@</visuals/FR_FOOT> introduced by @/tmp/IsaacLab/usd_20260814_190143_1824/configuration/lite3_pro_sensor_rig_real_with_interface_isaac_base.usd@</Lite3ProSensorRigRealWithInterfaceV1/FR_FOOT/visuals> (recomposing stage on stage @/tmp/IsaacLab/usd_20260814_190143_1824/configuration/lite3_pro_sensor_rig_real_with_interface_isaac_base.usd@ <0x5f6f4ee9e820>)

2026-08-14T23:01:43Z [11,504ms] [Warning] [omni.usd] Warning: in _ReportErrors at line 3172 of /builds/omniverse/usd-ci/USD/pxr/usd/usd/stage.cpp -- In </Lite3ProSensorRigRealWithInterfaceV1/FR_FOOT/visuals>: Unresolved reference prim path @/tmp/IsaacLab/usd_20260814_190143_1824/configuration/lite3_pro_sensor_rig_real_with_interface_isaac_base.usd@</visuals/FR_FOOT> introduced by @/tmp/IsaacLab/usd_20260814_190143_1824/configuration/lite3_pro_sensor_rig_real_with_interface_isaac_base.usd@</Lite3ProSensorRigRealWithInterfaceV1/FR_FOOT/visuals> (recomposing stage on stage @/tmp/IsaacLab/usd_20260814_190143_1824/configuration/lite3_pro_sensor_rig_real_with_interface_isaac_base.usd@ <0x5f6f4ee9e820>)

2026-08-14T23:01:43Z [11,504ms] [Warning] [omni.usd] Warning: in _ReportErrors at line 3172 of /builds/omniverse/usd-ci/USD/pxr/usd/usd/stage.cpp -- In </Lite3ProSensorRigRealWithInterfaceV1/FR_FOOT/visuals>: Unresolved reference prim path @/tmp/IsaacLab/usd_20260814_190143_1824/configuration/lite3_pro_sensor_rig_real_with_interface_isaac_physics.usd@</visuals/FR_FOOT> introduced by @/tmp/IsaacLab/usd_20260814_190143_1824/configuration/lite3_pro_sensor_rig_real_with_interface_isaac_base.usd@</Lite3ProSensorRigRealWithInterfaceV1/FR_FOOT/visuals> (recomposing stage on stage @/tmp/IsaacLab/usd_20260814_190143_1824/configuration/lite3_pro_sensor_rig_real_with_interface_isaac_physics.usd@ <0x5f6f4ee95f40>)

2026-08-14T23:01:43Z [11,504ms] [Warning] [omni.usd] Warning: in _ReportErrors at line 3172 of /builds/omniverse/usd-ci/USD/pxr/usd/usd/stage.cpp -- In </Lite3ProSensorRigRealWithInterfaceV1/FR_FOOT/visuals>: Unresolved reference prim path @/tmp/IsaacLab/usd_20260814_190143_1824/configuration/lite3_pro_sensor_rig_real_with_interface_isaac_physics.usd@</visuals/FR_FOOT> introduced by @/tmp/IsaacLab/usd_20260814_190143_1824/configuration/lite3_pro_sensor_rig_real_with_interface_isaac_base.usd@</Lite3ProSensorRigRealWithInterfaceV1/FR_FOOT/visuals> (recomposing stage on stage @/tmp/IsaacLab/usd_20260814_190143_1824/configuration/lite3_pro_sensor_rig_real_with_interface_isaac_physics.usd@ <0x5f6f4ee95f40>)

2026-08-14T23:01:43Z [11,504ms] [Warning] [omni.usd] Warning: in _ReportErrors at line 3172 of /builds/omniverse/usd-ci/USD/pxr/usd/usd/stage.cpp -- In </Lite3ProSensorRigRealWithInterfaceV1/FR_FOOT/visuals>: Unresolved reference prim path @/tmp/IsaacLab/usd_20260814_190143_1824/configuration/lite3_pro_sensor_rig_real_with_interface_isaac_physics.usd@</visuals/FR_FOOT> introduced by @/tmp/IsaacLab/usd_20260814_190143_1824/configuration/lite3_pro_sensor_rig_real_with_interface_isaac_base.usd@</Lite3ProSensorRigRealWithInterfaceV1/FR_FOOT/visuals> (recomposing stage on stage @/tmp/IsaacLab/usd_20260814_190143_1824/configuration/lite3_pro_sensor_rig_real_with_interface_isaac_physics.usd@ <0x5f6f4ee95f40>)

2026-08-14T23:01:43Z [11,504ms] [Warning] [omni.usd] Warning: in _ReportErrors at line 3172 of /builds/omniverse/usd-ci/USD/pxr/usd/usd/stage.cpp -- In </Lite3ProSensorRigRealWithInterfaceV1/FR_FOOT/visuals>: Unresolved reference prim path @/tmp/IsaacLab/usd_20260814_190143_1824/lite3_pro_sensor_rig_real_with_interface_isaac.usd@</visuals/FR_FOOT> introduced by @/tmp/IsaacLab/usd_20260814_190143_1824/configuration/lite3_pro_sensor_rig_real_with_interface_isaac_base.usd@</Lite3ProSensorRigRealWithInterfaceV1/FR_FOOT/visuals> (recomposing stage on stage @/tmp/IsaacLab/usd_20260814_190143_1824/lite3_pro_sensor_rig_real_with_interface_isaac.usd@ <0x5f6f4ee86850>)

2026-08-14T23:01:43Z [11,504ms] [Warning] [omni.usd] Warning: in _ReportErrors at line 3172 of /builds/omniverse/usd-ci/USD/pxr/usd/usd/stage.cpp -- In </Lite3ProSensorRigRealWithInterfaceV1/FR_FOOT/visuals>: Unresolved reference prim path @/tmp/IsaacLab/usd_20260814_190143_1824/lite3_pro_sensor_rig_real_with_interface_isaac.usd@</visuals/FR_FOOT> introduced by @/tmp/IsaacLab/usd_20260814_190143_1824/configuration/lite3_pro_sensor_rig_real_with_interface_isaac_base.usd@</Lite3ProSensorRigRealWithInterfaceV1/FR_FOOT/visuals> (recomposing stage on stage @/tmp/IsaacLab/usd_20260814_190143_1824/lite3_pro_sensor_rig_real_with_interface_isaac.usd@ <0x5f6f4ee86850>)

2026-08-14T23:01:43Z [11,504ms] [Warning] [omni.usd] Warning: in _ReportErrors at line 3172 of /builds/omniverse/usd-ci/USD/pxr/usd/usd/stage.cpp -- In </Lite3ProSensorRigRealWithInterfaceV1/FR_FOOT/visuals>: Unresolved reference prim path @/tmp/IsaacLab/usd_20260814_190143_1824/lite3_pro_sensor_rig_real_with_interface_isaac.usd@</visuals/FR_FOOT> introduced by @/tmp/IsaacLab/usd_20260814_190143_1824/configuration/lite3_pro_sensor_rig_real_with_interface_isaac_base.usd@</Lite3ProSensorRigRealWithInterfaceV1/FR_FOOT/visuals> (recomposing stage on stage @/tmp/IsaacLab/usd_20260814_190143_1824/lite3_pro_sensor_rig_real_with_interface_isaac.usd@ <0x5f6f4ee86850>)

2026-08-14T23:01:43Z [11,504ms] [Warning] [omni.usd] Warning: in _ReportErrors at line 3172 of /builds/omniverse/usd-ci/USD/pxr/usd/usd/stage.cpp -- In </Lite3ProSensorRigRealWithInterfaceV1/FR_FOOT/visuals>: Unresolved reference prim path @/tmp/IsaacLab/usd_20260814_190143_1824/lite3_pro_sensor_rig_real_with_interface_isaac.usd@</visuals/FR_FOOT> introduced by @/tmp/IsaacLab/usd_20260814_190143_1824/configuration/lite3_pro_sensor_rig_real_with_interface_isaac_base.usd@</Lite3ProSensorRigRealWithInterfaceV1/FR_FOOT/visuals> (recomposing stage on stage @/tmp/IsaacLab/usd_20260814_190143_1824/lite3_pro_sensor_rig_real_with_interface_isaac.usd@ <0x5f6f4ee81850>)

2026-08-14T23:01:43Z [11,504ms] [Warning] [omni.usd] Warning: in _ReportErrors at line 3172 of /builds/omniverse/usd-ci/USD/pxr/usd/usd/stage.cpp -- In </Lite3ProSensorRigRealWithInterfaceV1/FR_FOOT/visuals>: Unresolved reference prim path @/tmp/IsaacLab/usd_20260814_190143_1824/lite3_pro_sensor_rig_real_with_interface_isaac.usd@</visuals/FR_FOOT> introduced by @/tmp/IsaacLab/usd_20260814_190143_1824/configuration/lite3_pro_sensor_rig_real_with_interface_isaac_base.usd@</Lite3ProSensorRigRealWithInterfaceV1/FR_FOOT/visuals> (recomposing stage on stage @/tmp/IsaacLab/usd_20260814_190143_1824/lite3_pro_sensor_rig_real_with_interface_isaac.usd@ <0x5f6f4ee81850>)

2026-08-14T23:01:43Z [11,504ms] [Warning] [omni.usd] Warning: in _ReportErrors at line 3172 of /builds/omniverse/usd-ci/USD/pxr/usd/usd/stage.cpp -- In </Lite3ProSensorRigRealWithInterfaceV1/FR_FOOT/visuals>: Unresolved reference prim path @/tmp/IsaacLab/usd_20260814_190143_1824/lite3_pro_sensor_rig_real_with_interface_isaac.usd@</visuals/FR_FOOT> introduced by @/tmp/IsaacLab/usd_20260814_190143_1824/configuration/lite3_pro_sensor_rig_real_with_interface_isaac_base.usd@</Lite3ProSensorRigRealWithInterfaceV1/FR_FOOT/visuals> (recomposing stage on stage @/tmp/IsaacLab/usd_20260814_190143_1824/lite3_pro_sensor_rig_real_with_interface_isaac.usd@ <0x5f6f4ee81850>)

2026-08-14T23:01:43Z [11,504ms] [Warning] [omni.usd] Warning: in _ReportErrors at line 3172 of /builds/omniverse/usd-ci/USD/pxr/usd/usd/stage.cpp -- In </Lite3ProSensorRigRealWithInterfaceV1/FR_FOOT/visuals>: Unresolved reference prim path @/tmp/IsaacLab/usd_20260814_190143_1824/configuration/lite3_pro_sensor_rig_real_with_interface_isaac_base.usd@</visuals/FR_FOOT> introduced by @/tmp/IsaacLab/usd_20260814_190143_1824/configuration/lite3_pro_sensor_rig_real_with_interface_isaac_base.usd@</Lite3ProSensorRigRealWithInterfaceV1/FR_FOOT/visuals> (recomposing stage on stage @/tmp/IsaacLab/usd_20260814_190143_1824/configuration/lite3_pro_sensor_rig_real_with_interface_isaac_base.usd@ <0x5f6f4ee9e820>)

2026-08-14T23:01:43Z [11,504ms] [Warning] [omni.usd] Warning: in _ReportErrors at line 3172 of /builds/omniverse/usd-ci/USD/pxr/usd/usd/stage.cpp -- In </Lite3ProSensorRigRealWithInterfaceV1/FR_FOOT/visuals>: Unresolved reference prim path @/tmp/IsaacLab/usd_20260814_190143_1824/configuration/lite3_pro_sensor_rig_real_with_interface_isaac_base.usd@</visuals/FR_FOOT> introduced by @/tmp/IsaacLab/usd_20260814_190143_1824/configuration/lite3_pro_sensor_rig_real_with_interface_isaac_base.usd@</Lite3ProSensorRigRealWithInterfaceV1/FR_FOOT/visuals> (recomposing stage on stage @/tmp/IsaacLab/usd_20260814_190143_1824/configuration/lite3_pro_sensor_rig_real_with_interface_isaac_base.usd@ <0x5f6f4ee9e820>)

2026-08-14T23:01:43Z [11,504ms] [Warning] [omni.usd] Warning: in _ReportErrors at line 3172 of /builds/omniverse/usd-ci/USD/pxr/usd/usd/stage.cpp -- In </Lite3ProSensorRigRealWithInterfaceV1/FR_FOOT/visuals>: Unresolved reference prim path @/tmp/IsaacLab/usd_20260814_190143_1824/configuration/lite3_pro_sensor_rig_real_with_interface_isaac_base.usd@</visuals/FR_FOOT> introduced by @/tmp/IsaacLab/usd_20260814_190143_1824/configuration/lite3_pro_sensor_rig_real_with_interface_isaac_base.usd@</Lite3ProSensorRigRealWithInterfaceV1/FR_FOOT/visuals> (recomposing stage on stage @/tmp/IsaacLab/usd_20260814_190143_1824/configuration/lite3_pro_sensor_rig_real_with_interface_isaac_base.usd@ <0x5f6f4ee9e820>)

2026-08-14T23:01:43Z [11,535ms] [Warning] [omni.usd] Warning: in _ReportErrors at line 3172 of /builds/omniverse/usd-ci/USD/pxr/usd/usd/stage.cpp -- In </Lite3ProSensorRigRealWithInterfaceV1/HL_FOOT/visuals>: Unresolved reference prim path @/tmp/IsaacLab/usd_20260814_190143_1824/configuration/lite3_pro_sensor_rig_real_with_interface_isaac_physics.usd@</visuals/HL_FOOT> introduced by @/tmp/IsaacLab/usd_20260814_190143_1824/configuration/lite3_pro_sensor_rig_real_with_interface_isaac_base.usd@</Lite3ProSensorRigRealWithInterfaceV1/HL_FOOT/visuals> (recomposing stage on stage @/tmp/IsaacLab/usd_20260814_190143_1824/configuration/lite3_pro_sensor_rig_real_with_interface_isaac_physics.usd@ <0x5f6f4ee95f40>)

2026-08-14T23:01:43Z [11,535ms] [Warning] [omni.usd] Warning: in _ReportErrors at line 3172 of /builds/omniverse/usd-ci/USD/pxr/usd/usd/stage.cpp -- In </Lite3ProSensorRigRealWithInterfaceV1/HL_FOOT/visuals>: Unresolved reference prim path @/tmp/IsaacLab/usd_20260814_190143_1824/configuration/lite3_pro_sensor_rig_real_with_interface_isaac_physics.usd@</visuals/HL_FOOT> introduced by @/tmp/IsaacLab/usd_20260814_190143_1824/configuration/lite3_pro_sensor_rig_real_with_interface_isaac_base.usd@</Lite3ProSensorRigRealWithInterfaceV1/HL_FOOT/visuals> (recomposing stage on stage @/tmp/IsaacLab/usd_20260814_190143_1824/configuration/lite3_pro_sensor_rig_real_with_interface_isaac_physics.usd@ <0x5f6f4ee95f40>)

2026-08-14T23:01:43Z [11,535ms] [Warning] [omni.usd] Warning: in _ReportErrors at line 3172 of /builds/omniverse/usd-ci/USD/pxr/usd/usd/stage.cpp -- In </Lite3ProSensorRigRealWithInterfaceV1/HL_FOOT/visuals>: Unresolved reference prim path @/tmp/IsaacLab/usd_20260814_190143_1824/configuration/lite3_pro_sensor_rig_real_with_interface_isaac_physics.usd@</visuals/HL_FOOT> introduced by @/tmp/IsaacLab/usd_20260814_190143_1824/configuration/lite3_pro_sensor_rig_real_with_interface_isaac_base.usd@</Lite3ProSensorRigRealWithInterfaceV1/HL_FOOT/visuals> (recomposing stage on stage @/tmp/IsaacLab/usd_20260814_190143_1824/configuration/lite3_pro_sensor_rig_real_with_interface_isaac_physics.usd@ <0x5f6f4ee95f40>)

2026-08-14T23:01:43Z [11,535ms] [Warning] [omni.usd] Warning: in _ReportErrors at line 3172 of /builds/omniverse/usd-ci/USD/pxr/usd/usd/stage.cpp -- In </Lite3ProSensorRigRealWithInterfaceV1/HL_FOOT/visuals>: Unresolved reference prim path @/tmp/IsaacLab/usd_20260814_190143_1824/lite3_pro_sensor_rig_real_with_interface_isaac.usd@</visuals/HL_FOOT> introduced by @/tmp/IsaacLab/usd_20260814_190143_1824/configuration/lite3_pro_sensor_rig_real_with_interface_isaac_base.usd@</Lite3ProSensorRigRealWithInterfaceV1/HL_FOOT/visuals> (recomposing stage on stage @/tmp/IsaacLab/usd_20260814_190143_1824/lite3_pro_sensor_rig_real_with_interface_isaac.usd@ <0x5f6f4ee86850>)

2026-08-14T23:01:43Z [11,535ms] [Warning] [omni.usd] Warning: in _ReportErrors at line 3172 of /builds/omniverse/usd-ci/USD/pxr/usd/usd/stage.cpp -- In </Lite3ProSensorRigRealWithInterfaceV1/HL_FOOT/visuals>: Unresolved reference prim path @/tmp/IsaacLab/usd_20260814_190143_1824/lite3_pro_sensor_rig_real_with_interface_isaac.usd@</visuals/HL_FOOT> introduced by @/tmp/IsaacLab/usd_20260814_190143_1824/configuration/lite3_pro_sensor_rig_real_with_interface_isaac_base.usd@</Lite3ProSensorRigRealWithInterfaceV1/HL_FOOT/visuals> (recomposing stage on stage @/tmp/IsaacLab/usd_20260814_190143_1824/lite3_pro_sensor_rig_real_with_interface_isaac.usd@ <0x5f6f4ee86850>)

2026-08-14T23:01:43Z [11,535ms] [Warning] [omni.usd] Warning: in _ReportErrors at line 3172 of /builds/omniverse/usd-ci/USD/pxr/usd/usd/stage.cpp -- In </Lite3ProSensorRigRealWithInterfaceV1/HL_FOOT/visuals>: Unresolved reference prim path @/tmp/IsaacLab/usd_20260814_190143_1824/lite3_pro_sensor_rig_real_with_interface_isaac.usd@</visuals/HL_FOOT> introduced by @/tmp/IsaacLab/usd_20260814_190143_1824/configuration/lite3_pro_sensor_rig_real_with_interface_isaac_base.usd@</Lite3ProSensorRigRealWithInterfaceV1/HL_FOOT/visuals> (recomposing stage on stage @/tmp/IsaacLab/usd_20260814_190143_1824/lite3_pro_sensor_rig_real_with_interface_isaac.usd@ <0x5f6f4ee86850>)

2026-08-14T23:01:43Z [11,536ms] [Warning] [omni.usd] Warning: in _ReportErrors at line 3172 of /builds/omniverse/usd-ci/USD/pxr/usd/usd/stage.cpp -- In </Lite3ProSensorRigRealWithInterfaceV1/HL_FOOT/visuals>: Unresolved reference prim path @/tmp/IsaacLab/usd_20260814_190143_1824/lite3_pro_sensor_rig_real_with_interface_isaac.usd@</visuals/HL_FOOT> introduced by @/tmp/IsaacLab/usd_20260814_190143_1824/configuration/lite3_pro_sensor_rig_real_with_interface_isaac_base.usd@</Lite3ProSensorRigRealWithInterfaceV1/HL_FOOT/visuals> (recomposing stage on stage @/tmp/IsaacLab/usd_20260814_190143_1824/lite3_pro_sensor_rig_real_with_interface_isaac.usd@ <0x5f6f4ee81850>)

2026-08-14T23:01:43Z [11,536ms] [Warning] [omni.usd] Warning: in _ReportErrors at line 3172 of /builds/omniverse/usd-ci/USD/pxr/usd/usd/stage.cpp -- In </Lite3ProSensorRigRealWithInterfaceV1/HL_FOOT/visuals>: Unresolved reference prim path @/tmp/IsaacLab/usd_20260814_190143_1824/lite3_pro_sensor_rig_real_with_interface_isaac.usd@</visuals/HL_FOOT> introduced by @/tmp/IsaacLab/usd_20260814_190143_1824/configuration/lite3_pro_sensor_rig_real_with_interface_isaac_base.usd@</Lite3ProSensorRigRealWithInterfaceV1/HL_FOOT/visuals> (recomposing stage on stage @/tmp/IsaacLab/usd_20260814_190143_1824/lite3_pro_sensor_rig_real_with_interface_isaac.usd@ <0x5f6f4ee81850>)

2026-08-14T23:01:43Z [11,536ms] [Warning] [omni.usd] Warning: in _ReportErrors at line 3172 of /builds/omniverse/usd-ci/USD/pxr/usd/usd/stage.cpp -- In </Lite3ProSensorRigRealWithInterfaceV1/HL_FOOT/visuals>: Unresolved reference prim path @/tmp/IsaacLab/usd_20260814_190143_1824/lite3_pro_sensor_rig_real_with_interface_isaac.usd@</visuals/HL_FOOT> introduced by @/tmp/IsaacLab/usd_20260814_190143_1824/configuration/lite3_pro_sensor_rig_real_with_interface_isaac_base.usd@</Lite3ProSensorRigRealWithInterfaceV1/HL_FOOT/visuals> (recomposing stage on stage @/tmp/IsaacLab/usd_20260814_190143_1824/lite3_pro_sensor_rig_real_with_interface_isaac.usd@ <0x5f6f4ee81850>)

2026-08-14T23:01:43Z [11,536ms] [Warning] [omni.usd] Warning: in _ReportErrors at line 3172 of /builds/omniverse/usd-ci/USD/pxr/usd/usd/stage.cpp -- In </Lite3ProSensorRigRealWithInterfaceV1/HL_FOOT/visuals>: Unresolved reference prim path @/tmp/IsaacLab/usd_20260814_190143_1824/configuration/lite3_pro_sensor_rig_real_with_interface_isaac_base.usd@</visuals/HL_FOOT> introduced by @/tmp/IsaacLab/usd_20260814_190143_1824/configuration/lite3_pro_sensor_rig_real_with_interface_isaac_base.usd@</Lite3ProSensorRigRealWithInterfaceV1/HL_FOOT/visuals> (recomposing stage on stage @/tmp/IsaacLab/usd_20260814_190143_1824/configuration/lite3_pro_sensor_rig_real_with_interface_isaac_base.usd@ <0x5f6f4ee9e820>)

2026-08-14T23:01:43Z [11,536ms] [Warning] [omni.usd] Warning: in _ReportErrors at line 3172 of /builds/omniverse/usd-ci/USD/pxr/usd/usd/stage.cpp -- In </Lite3ProSensorRigRealWithInterfaceV1/HL_FOOT/visuals>: Unresolved reference prim path @/tmp/IsaacLab/usd_20260814_190143_1824/configuration/lite3_pro_sensor_rig_real_with_interface_isaac_base.usd@</visuals/HL_FOOT> introduced by @/tmp/IsaacLab/usd_20260814_190143_1824/configuration/lite3_pro_sensor_rig_real_with_interface_isaac_base.usd@</Lite3ProSensorRigRealWithInterfaceV1/HL_FOOT/visuals> (recomposing stage on stage @/tmp/IsaacLab/usd_20260814_190143_1824/configuration/lite3_pro_sensor_rig_real_with_interface_isaac_base.usd@ <0x5f6f4ee9e820>)

2026-08-14T23:01:43Z [11,536ms] [Warning] [omni.usd] Warning: in _ReportErrors at line 3172 of /builds/omniverse/usd-ci/USD/pxr/usd/usd/stage.cpp -- In </Lite3ProSensorRigRealWithInterfaceV1/HL_FOOT/visuals>: Unresolved reference prim path @/tmp/IsaacLab/usd_20260814_190143_1824/configuration/lite3_pro_sensor_rig_real_with_interface_isaac_base.usd@</visuals/HL_FOOT> introduced by @/tmp/IsaacLab/usd_20260814_190143_1824/configuration/lite3_pro_sensor_rig_real_with_interface_isaac_base.usd@</Lite3ProSensorRigRealWithInterfaceV1/HL_FOOT/visuals> (recomposing stage on stage @/tmp/IsaacLab/usd_20260814_190143_1824/configuration/lite3_pro_sensor_rig_real_with_interface_isaac_base.usd@ <0x5f6f4ee9e820>)

2026-08-14T23:01:43Z [11,536ms] [Warning] [omni.usd] Warning: in _ReportErrors at line 3172 of /builds/omniverse/usd-ci/USD/pxr/usd/usd/stage.cpp -- In </Lite3ProSensorRigRealWithInterfaceV1/HL_FOOT/visuals>: Unresolved reference prim path @/tmp/IsaacLab/usd_20260814_190143_1824/configuration/lite3_pro_sensor_rig_real_with_interface_isaac_physics.usd@</visuals/HL_FOOT> introduced by @/tmp/IsaacLab/usd_20260814_190143_1824/configuration/lite3_pro_sensor_rig_real_with_interface_isaac_base.usd@</Lite3ProSensorRigRealWithInterfaceV1/HL_FOOT/visuals> (recomposing stage on stage @/tmp/IsaacLab/usd_20260814_190143_1824/configuration/lite3_pro_sensor_rig_real_with_interface_isaac_physics.usd@ <0x5f6f4ee95f40>)

2026-08-14T23:01:43Z [11,536ms] [Warning] [omni.usd] Warning: in _ReportErrors at line 3172 of /builds/omniverse/usd-ci/USD/pxr/usd/usd/stage.cpp -- In </Lite3ProSensorRigRealWithInterfaceV1/HL_FOOT/visuals>: Unresolved reference prim path @/tmp/IsaacLab/usd_20260814_190143_1824/configuration/lite3_pro_sensor_rig_real_with_interface_isaac_physics.usd@</visuals/HL_FOOT> introduced by @/tmp/IsaacLab/usd_20260814_190143_1824/configuration/lite3_pro_sensor_rig_real_with_interface_isaac_base.usd@</Lite3ProSensorRigRealWithInterfaceV1/HL_FOOT/visuals> (recomposing stage on stage @/tmp/IsaacLab/usd_20260814_190143_1824/configuration/lite3_pro_sensor_rig_real_with_interface_isaac_physics.usd@ <0x5f6f4ee95f40>)

2026-08-14T23:01:43Z [11,536ms] [Warning] [omni.usd] Warning: in _ReportErrors at line 3172 of /builds/omniverse/usd-ci/USD/pxr/usd/usd/stage.cpp -- In </Lite3ProSensorRigRealWithInterfaceV1/HL_FOOT/visuals>: Unresolved reference prim path @/tmp/IsaacLab/usd_20260814_190143_1824/configuration/lite3_pro_sensor_rig_real_with_interface_isaac_physics.usd@</visuals/HL_FOOT> introduced by @/tmp/IsaacLab/usd_20260814_190143_1824/configuration/lite3_pro_sensor_rig_real_with_interface_isaac_base.usd@</Lite3ProSensorRigRealWithInterfaceV1/HL_FOOT/visuals> (recomposing stage on stage @/tmp/IsaacLab/usd_20260814_190143_1824/configuration/lite3_pro_sensor_rig_real_with_interface_isaac_physics.usd@ <0x5f6f4ee95f40>)

2026-08-14T23:01:43Z [11,536ms] [Warning] [omni.usd] Warning: in _ReportErrors at line 3172 of /builds/omniverse/usd-ci/USD/pxr/usd/usd/stage.cpp -- In </Lite3ProSensorRigRealWithInterfaceV1/HL_FOOT/visuals>: Unresolved reference prim path @/tmp/IsaacLab/usd_20260814_190143_1824/lite3_pro_sensor_rig_real_with_interface_isaac.usd@</visuals/HL_FOOT> introduced by @/tmp/IsaacLab/usd_20260814_190143_1824/configuration/lite3_pro_sensor_rig_real_with_interface_isaac_base.usd@</Lite3ProSensorRigRealWithInterfaceV1/HL_FOOT/visuals> (recomposing stage on stage @/tmp/IsaacLab/usd_20260814_190143_1824/lite3_pro_sensor_rig_real_with_interface_isaac.usd@ <0x5f6f4ee86850>)

2026-08-14T23:01:43Z [11,536ms] [Warning] [omni.usd] Warning: in _ReportErrors at line 3172 of /builds/omniverse/usd-ci/USD/pxr/usd/usd/stage.cpp -- In </Lite3ProSensorRigRealWithInterfaceV1/HL_FOOT/visuals>: Unresolved reference prim path @/tmp/IsaacLab/usd_20260814_190143_1824/lite3_pro_sensor_rig_real_with_interface_isaac.usd@</visuals/HL_FOOT> introduced by @/tmp/IsaacLab/usd_20260814_190143_1824/configuration/lite3_pro_sensor_rig_real_with_interface_isaac_base.usd@</Lite3ProSensorRigRealWithInterfaceV1/HL_FOOT/visuals> (recomposing stage on stage @/tmp/IsaacLab/usd_20260814_190143_1824/lite3_pro_sensor_rig_real_with_interface_isaac.usd@ <0x5f6f4ee86850>)

2026-08-14T23:01:43Z [11,536ms] [Warning] [omni.usd] Warning: in _ReportErrors at line 3172 of /builds/omniverse/usd-ci/USD/pxr/usd/usd/stage.cpp -- In </Lite3ProSensorRigRealWithInterfaceV1/HL_FOOT/visuals>: Unresolved reference prim path @/tmp/IsaacLab/usd_20260814_190143_1824/lite3_pro_sensor_rig_real_with_interface_isaac.usd@</visuals/HL_FOOT> introduced by @/tmp/IsaacLab/usd_20260814_190143_1824/configuration/lite3_pro_sensor_rig_real_with_interface_isaac_base.usd@</Lite3ProSensorRigRealWithInterfaceV1/HL_FOOT/visuals> (recomposing stage on stage @/tmp/IsaacLab/usd_20260814_190143_1824/lite3_pro_sensor_rig_real_with_interface_isaac.usd@ <0x5f6f4ee86850>)

2026-08-14T23:01:43Z [11,536ms] [Warning] [omni.usd] Warning: in _ReportErrors at line 3172 of /builds/omniverse/usd-ci/USD/pxr/usd/usd/stage.cpp -- In </Lite3ProSensorRigRealWithInterfaceV1/HL_FOOT/visuals>: Unresolved reference prim path @/tmp/IsaacLab/usd_20260814_190143_1824/lite3_pro_sensor_rig_real_with_interface_isaac.usd@</visuals/HL_FOOT> introduced by @/tmp/IsaacLab/usd_20260814_190143_1824/configuration/lite3_pro_sensor_rig_real_with_interface_isaac_base.usd@</Lite3ProSensorRigRealWithInterfaceV1/HL_FOOT/visuals> (recomposing stage on stage @/tmp/IsaacLab/usd_20260814_190143_1824/lite3_pro_sensor_rig_real_with_interface_isaac.usd@ <0x5f6f4ee81850>)

2026-08-14T23:01:43Z [11,536ms] [Warning] [omni.usd] Warning: in _ReportErrors at line 3172 of /builds/omniverse/usd-ci/USD/pxr/usd/usd/stage.cpp -- In </Lite3ProSensorRigRealWithInterfaceV1/HL_FOOT/visuals>: Unresolved reference prim path @/tmp/IsaacLab/usd_20260814_190143_1824/lite3_pro_sensor_rig_real_with_interface_isaac.usd@</visuals/HL_FOOT> introduced by @/tmp/IsaacLab/usd_20260814_190143_1824/configuration/lite3_pro_sensor_rig_real_with_interface_isaac_base.usd@</Lite3ProSensorRigRealWithInterfaceV1/HL_FOOT/visuals> (recomposing stage on stage @/tmp/IsaacLab/usd_20260814_190143_1824/lite3_pro_sensor_rig_real_with_interface_isaac.usd@ <0x5f6f4ee81850>)

2026-08-14T23:01:43Z [11,536ms] [Warning] [omni.usd] Warning: in _ReportErrors at line 3172 of /builds/omniverse/usd-ci/USD/pxr/usd/usd/stage.cpp -- In </Lite3ProSensorRigRealWithInterfaceV1/HL_FOOT/visuals>: Unresolved reference prim path @/tmp/IsaacLab/usd_20260814_190143_1824/lite3_pro_sensor_rig_real_with_interface_isaac.usd@</visuals/HL_FOOT> introduced by @/tmp/IsaacLab/usd_20260814_190143_1824/configuration/lite3_pro_sensor_rig_real_with_interface_isaac_base.usd@</Lite3ProSensorRigRealWithInterfaceV1/HL_FOOT/visuals> (recomposing stage on stage @/tmp/IsaacLab/usd_20260814_190143_1824/lite3_pro_sensor_rig_real_with_interface_isaac.usd@ <0x5f6f4ee81850>)

2026-08-14T23:01:43Z [11,536ms] [Warning] [omni.usd] Warning: in _ReportErrors at line 3172 of /builds/omniverse/usd-ci/USD/pxr/usd/usd/stage.cpp -- In </Lite3ProSensorRigRealWithInterfaceV1/HL_FOOT/visuals>: Unresolved reference prim path @/tmp/IsaacLab/usd_20260814_190143_1824/configuration/lite3_pro_sensor_rig_real_with_interface_isaac_base.usd@</visuals/HL_FOOT> introduced by @/tmp/IsaacLab/usd_20260814_190143_1824/configuration/lite3_pro_sensor_rig_real_with_interface_isaac_base.usd@</Lite3ProSensorRigRealWithInterfaceV1/HL_FOOT/visuals> (recomposing stage on stage @/tmp/IsaacLab/usd_20260814_190143_1824/configuration/lite3_pro_sensor_rig_real_with_interface_isaac_base.usd@ <0x5f6f4ee9e820>)

2026-08-14T23:01:43Z [11,536ms] [Warning] [omni.usd] Warning: in _ReportErrors at line 3172 of /builds/omniverse/usd-ci/USD/pxr/usd/usd/stage.cpp -- In </Lite3ProSensorRigRealWithInterfaceV1/HL_FOOT/visuals>: Unresolved reference prim path @/tmp/IsaacLab/usd_20260814_190143_1824/configuration/lite3_pro_sensor_rig_real_with_interface_isaac_base.usd@</visuals/HL_FOOT> introduced by @/tmp/IsaacLab/usd_20260814_190143_1824/configuration/lite3_pro_sensor_rig_real_with_interface_isaac_base.usd@</Lite3ProSensorRigRealWithInterfaceV1/HL_FOOT/visuals> (recomposing stage on stage @/tmp/IsaacLab/usd_20260814_190143_1824/configuration/lite3_pro_sensor_rig_real_with_interface_isaac_base.usd@ <0x5f6f4ee9e820>)

2026-08-14T23:01:43Z [11,536ms] [Warning] [omni.usd] Warning: in _ReportErrors at line 3172 of /builds/omniverse/usd-ci/USD/pxr/usd/usd/stage.cpp -- In </Lite3ProSensorRigRealWithInterfaceV1/HL_FOOT/visuals>: Unresolved reference prim path @/tmp/IsaacLab/usd_20260814_190143_1824/configuration/lite3_pro_sensor_rig_real_with_interface_isaac_base.usd@</visuals/HL_FOOT> introduced by @/tmp/IsaacLab/usd_20260814_190143_1824/configuration/lite3_pro_sensor_rig_real_with_interface_isaac_base.usd@</Lite3ProSensorRigRealWithInterfaceV1/HL_FOOT/visuals> (recomposing stage on stage @/tmp/IsaacLab/usd_20260814_190143_1824/configuration/lite3_pro_sensor_rig_real_with_interface_isaac_base.usd@ <0x5f6f4ee9e820>)

2026-08-14T23:01:43Z [11,568ms] [Warning] [omni.usd] Warning: in _ReportErrors at line 3172 of /builds/omniverse/usd-ci/USD/pxr/usd/usd/stage.cpp -- In </Lite3ProSensorRigRealWithInterfaceV1/HR_FOOT/visuals>: Unresolved reference prim path @/tmp/IsaacLab/usd_20260814_190143_1824/configuration/lite3_pro_sensor_rig_real_with_interface_isaac_physics.usd@</visuals/HR_FOOT> introduced by @/tmp/IsaacLab/usd_20260814_190143_1824/configuration/lite3_pro_sensor_rig_real_with_interface_isaac_base.usd@</Lite3ProSensorRigRealWithInterfaceV1/HR_FOOT/visuals> (recomposing stage on stage @/tmp/IsaacLab/usd_20260814_190143_1824/configuration/lite3_pro_sensor_rig_real_with_interface_isaac_physics.usd@ <0x5f6f4ee95f40>)

2026-08-14T23:01:43Z [11,568ms] [Warning] [omni.usd] Warning: in _ReportErrors at line 3172 of /builds/omniverse/usd-ci/USD/pxr/usd/usd/stage.cpp -- In </Lite3ProSensorRigRealWithInterfaceV1/HR_FOOT/visuals>: Unresolved reference prim path @/tmp/IsaacLab/usd_20260814_190143_1824/configuration/lite3_pro_sensor_rig_real_with_interface_isaac_physics.usd@</visuals/HR_FOOT> introduced by @/tmp/IsaacLab/usd_20260814_190143_1824/configuration/lite3_pro_sensor_rig_real_with_interface_isaac_base.usd@</Lite3ProSensorRigRealWithInterfaceV1/HR_FOOT/visuals> (recomposing stage on stage @/tmp/IsaacLab/usd_20260814_190143_1824/configuration/lite3_pro_sensor_rig_real_with_interface_isaac_physics.usd@ <0x5f6f4ee95f40>)

2026-08-14T23:01:43Z [11,568ms] [Warning] [omni.usd] Warning: in _ReportErrors at line 3172 of /builds/omniverse/usd-ci/USD/pxr/usd/usd/stage.cpp -- In </Lite3ProSensorRigRealWithInterfaceV1/HR_FOOT/visuals>: Unresolved reference prim path @/tmp/IsaacLab/usd_20260814_190143_1824/configuration/lite3_pro_sensor_rig_real_with_interface_isaac_physics.usd@</visuals/HR_FOOT> introduced by @/tmp/IsaacLab/usd_20260814_190143_1824/configuration/lite3_pro_sensor_rig_real_with_interface_isaac_base.usd@</Lite3ProSensorRigRealWithInterfaceV1/HR_FOOT/visuals> (recomposing stage on stage @/tmp/IsaacLab/usd_20260814_190143_1824/configuration/lite3_pro_sensor_rig_real_with_interface_isaac_physics.usd@ <0x5f6f4ee95f40>)

2026-08-14T23:01:43Z [11,568ms] [Warning] [omni.usd] Warning: in _ReportErrors at line 3172 of /builds/omniverse/usd-ci/USD/pxr/usd/usd/stage.cpp -- In </Lite3ProSensorRigRealWithInterfaceV1/HR_FOOT/visuals>: Unresolved reference prim path @/tmp/IsaacLab/usd_20260814_190143_1824/lite3_pro_sensor_rig_real_with_interface_isaac.usd@</visuals/HR_FOOT> introduced by @/tmp/IsaacLab/usd_20260814_190143_1824/configuration/lite3_pro_sensor_rig_real_with_interface_isaac_base.usd@</Lite3ProSensorRigRealWithInterfaceV1/HR_FOOT/visuals> (recomposing stage on stage @/tmp/IsaacLab/usd_20260814_190143_1824/lite3_pro_sensor_rig_real_with_interface_isaac.usd@ <0x5f6f4ee86850>)

2026-08-14T23:01:43Z [11,568ms] [Warning] [omni.usd] Warning: in _ReportErrors at line 3172 of /builds/omniverse/usd-ci/USD/pxr/usd/usd/stage.cpp -- In </Lite3ProSensorRigRealWithInterfaceV1/HR_FOOT/visuals>: Unresolved reference prim path @/tmp/IsaacLab/usd_20260814_190143_1824/lite3_pro_sensor_rig_real_with_interface_isaac.usd@</visuals/HR_FOOT> introduced by @/tmp/IsaacLab/usd_20260814_190143_1824/configuration/lite3_pro_sensor_rig_real_with_interface_isaac_base.usd@</Lite3ProSensorRigRealWithInterfaceV1/HR_FOOT/visuals> (recomposing stage on stage @/tmp/IsaacLab/usd_20260814_190143_1824/lite3_pro_sensor_rig_real_with_interface_isaac.usd@ <0x5f6f4ee86850>)

2026-08-14T23:01:43Z [11,568ms] [Warning] [omni.usd] Warning: in _ReportErrors at line 3172 of /builds/omniverse/usd-ci/USD/pxr/usd/usd/stage.cpp -- In </Lite3ProSensorRigRealWithInterfaceV1/HR_FOOT/visuals>: Unresolved reference prim path @/tmp/IsaacLab/usd_20260814_190143_1824/lite3_pro_sensor_rig_real_with_interface_isaac.usd@</visuals/HR_FOOT> introduced by @/tmp/IsaacLab/usd_20260814_190143_1824/configuration/lite3_pro_sensor_rig_real_with_interface_isaac_base.usd@</Lite3ProSensorRigRealWithInterfaceV1/HR_FOOT/visuals> (recomposing stage on stage @/tmp/IsaacLab/usd_20260814_190143_1824/lite3_pro_sensor_rig_real_with_interface_isaac.usd@ <0x5f6f4ee86850>)

2026-08-14T23:01:43Z [11,568ms] [Warning] [omni.usd] Warning: in _ReportErrors at line 3172 of /builds/omniverse/usd-ci/USD/pxr/usd/usd/stage.cpp -- In </Lite3ProSensorRigRealWithInterfaceV1/HR_FOOT/visuals>: Unresolved reference prim path @/tmp/IsaacLab/usd_20260814_190143_1824/lite3_pro_sensor_rig_real_with_interface_isaac.usd@</visuals/HR_FOOT> introduced by @/tmp/IsaacLab/usd_20260814_190143_1824/configuration/lite3_pro_sensor_rig_real_with_interface_isaac_base.usd@</Lite3ProSensorRigRealWithInterfaceV1/HR_FOOT/visuals> (recomposing stage on stage @/tmp/IsaacLab/usd_20260814_190143_1824/lite3_pro_sensor_rig_real_with_interface_isaac.usd@ <0x5f6f4ee81850>)

2026-08-14T23:01:43Z [11,568ms] [Warning] [omni.usd] Warning: in _ReportErrors at line 3172 of /builds/omniverse/usd-ci/USD/pxr/usd/usd/stage.cpp -- In </Lite3ProSensorRigRealWithInterfaceV1/HR_FOOT/visuals>: Unresolved reference prim path @/tmp/IsaacLab/usd_20260814_190143_1824/lite3_pro_sensor_rig_real_with_interface_isaac.usd@</visuals/HR_FOOT> introduced by @/tmp/IsaacLab/usd_20260814_190143_1824/configuration/lite3_pro_sensor_rig_real_with_interface_isaac_base.usd@</Lite3ProSensorRigRealWithInterfaceV1/HR_FOOT/visuals> (recomposing stage on stage @/tmp/IsaacLab/usd_20260814_190143_1824/lite3_pro_sensor_rig_real_with_interface_isaac.usd@ <0x5f6f4ee81850>)

2026-08-14T23:01:43Z [11,568ms] [Warning] [omni.usd] Warning: in _ReportErrors at line 3172 of /builds/omniverse/usd-ci/USD/pxr/usd/usd/stage.cpp -- In </Lite3ProSensorRigRealWithInterfaceV1/HR_FOOT/visuals>: Unresolved reference prim path @/tmp/IsaacLab/usd_20260814_190143_1824/lite3_pro_sensor_rig_real_with_interface_isaac.usd@</visuals/HR_FOOT> introduced by @/tmp/IsaacLab/usd_20260814_190143_1824/configuration/lite3_pro_sensor_rig_real_with_interface_isaac_base.usd@</Lite3ProSensorRigRealWithInterfaceV1/HR_FOOT/visuals> (recomposing stage on stage @/tmp/IsaacLab/usd_20260814_190143_1824/lite3_pro_sensor_rig_real_with_interface_isaac.usd@ <0x5f6f4ee81850>)

2026-08-14T23:01:43Z [11,568ms] [Warning] [omni.usd] Warning: in _ReportErrors at line 3172 of /builds/omniverse/usd-ci/USD/pxr/usd/usd/stage.cpp -- In </Lite3ProSensorRigRealWithInterfaceV1/HR_FOOT/visuals>: Unresolved reference prim path @/tmp/IsaacLab/usd_20260814_190143_1824/configuration/lite3_pro_sensor_rig_real_with_interface_isaac_base.usd@</visuals/HR_FOOT> introduced by @/tmp/IsaacLab/usd_20260814_190143_1824/configuration/lite3_pro_sensor_rig_real_with_interface_isaac_base.usd@</Lite3ProSensorRigRealWithInterfaceV1/HR_FOOT/visuals> (recomposing stage on stage @/tmp/IsaacLab/usd_20260814_190143_1824/configuration/lite3_pro_sensor_rig_real_with_interface_isaac_base.usd@ <0x5f6f4ee9e820>)

2026-08-14T23:01:43Z [11,568ms] [Warning] [omni.usd] Warning: in _ReportErrors at line 3172 of /builds/omniverse/usd-ci/USD/pxr/usd/usd/stage.cpp -- In </Lite3ProSensorRigRealWithInterfaceV1/HR_FOOT/visuals>: Unresolved reference prim path @/tmp/IsaacLab/usd_20260814_190143_1824/configuration/lite3_pro_sensor_rig_real_with_interface_isaac_base.usd@</visuals/HR_FOOT> introduced by @/tmp/IsaacLab/usd_20260814_190143_1824/configuration/lite3_pro_sensor_rig_real_with_interface_isaac_base.usd@</Lite3ProSensorRigRealWithInterfaceV1/HR_FOOT/visuals> (recomposing stage on stage @/tmp/IsaacLab/usd_20260814_190143_1824/configuration/lite3_pro_sensor_rig_real_with_interface_isaac_base.usd@ <0x5f6f4ee9e820>)

2026-08-14T23:01:43Z [11,568ms] [Warning] [omni.usd] Warning: in _ReportErrors at line 3172 of /builds/omniverse/usd-ci/USD/pxr/usd/usd/stage.cpp -- In </Lite3ProSensorRigRealWithInterfaceV1/HR_FOOT/visuals>: Unresolved reference prim path @/tmp/IsaacLab/usd_20260814_190143_1824/configuration/lite3_pro_sensor_rig_real_with_interface_isaac_base.usd@</visuals/HR_FOOT> introduced by @/tmp/IsaacLab/usd_20260814_190143_1824/configuration/lite3_pro_sensor_rig_real_with_interface_isaac_base.usd@</Lite3ProSensorRigRealWithInterfaceV1/HR_FOOT/visuals> (recomposing stage on stage @/tmp/IsaacLab/usd_20260814_190143_1824/configuration/lite3_pro_sensor_rig_real_with_interface_isaac_base.usd@ <0x5f6f4ee9e820>)

2026-08-14T23:01:43Z [11,568ms] [Warning] [omni.usd] Warning: in _ReportErrors at line 3172 of /builds/omniverse/usd-ci/USD/pxr/usd/usd/stage.cpp -- In </Lite3ProSensorRigRealWithInterfaceV1/HR_FOOT/visuals>: Unresolved reference prim path @/tmp/IsaacLab/usd_20260814_190143_1824/configuration/lite3_pro_sensor_rig_real_with_interface_isaac_physics.usd@</visuals/HR_FOOT> introduced by @/tmp/IsaacLab/usd_20260814_190143_1824/configuration/lite3_pro_sensor_rig_real_with_interface_isaac_base.usd@</Lite3ProSensorRigRealWithInterfaceV1/HR_FOOT/visuals> (recomposing stage on stage @/tmp/IsaacLab/usd_20260814_190143_1824/configuration/lite3_pro_sensor_rig_real_with_interface_isaac_physics.usd@ <0x5f6f4ee95f40>)

2026-08-14T23:01:43Z [11,568ms] [Warning] [omni.usd] Warning: in _ReportErrors at line 3172 of /builds/omniverse/usd-ci/USD/pxr/usd/usd/stage.cpp -- In </Lite3ProSensorRigRealWithInterfaceV1/HR_FOOT/visuals>: Unresolved reference prim path @/tmp/IsaacLab/usd_20260814_190143_1824/configuration/lite3_pro_sensor_rig_real_with_interface_isaac_physics.usd@</visuals/HR_FOOT> introduced by @/tmp/IsaacLab/usd_20260814_190143_1824/configuration/lite3_pro_sensor_rig_real_with_interface_isaac_base.usd@</Lite3ProSensorRigRealWithInterfaceV1/HR_FOOT/visuals> (recomposing stage on stage @/tmp/IsaacLab/usd_20260814_190143_1824/configuration/lite3_pro_sensor_rig_real_with_interface_isaac_physics.usd@ <0x5f6f4ee95f40>)

2026-08-14T23:01:43Z [11,568ms] [Warning] [omni.usd] Warning: in _ReportErrors at line 3172 of /builds/omniverse/usd-ci/USD/pxr/usd/usd/stage.cpp -- In </Lite3ProSensorRigRealWithInterfaceV1/HR_FOOT/visuals>: Unresolved reference prim path @/tmp/IsaacLab/usd_20260814_190143_1824/configuration/lite3_pro_sensor_rig_real_with_interface_isaac_physics.usd@</visuals/HR_FOOT> introduced by @/tmp/IsaacLab/usd_20260814_190143_1824/configuration/lite3_pro_sensor_rig_real_with_interface_isaac_base.usd@</Lite3ProSensorRigRealWithInterfaceV1/HR_FOOT/visuals> (recomposing stage on stage @/tmp/IsaacLab/usd_20260814_190143_1824/configuration/lite3_pro_sensor_rig_real_with_interface_isaac_physics.usd@ <0x5f6f4ee95f40>)

2026-08-14T23:01:43Z [11,568ms] [Warning] [omni.usd] Warning: in _ReportErrors at line 3172 of /builds/omniverse/usd-ci/USD/pxr/usd/usd/stage.cpp -- In </Lite3ProSensorRigRealWithInterfaceV1/HR_FOOT/visuals>: Unresolved reference prim path @/tmp/IsaacLab/usd_20260814_190143_1824/lite3_pro_sensor_rig_real_with_interface_isaac.usd@</visuals/HR_FOOT> introduced by @/tmp/IsaacLab/usd_20260814_190143_1824/configuration/lite3_pro_sensor_rig_real_with_interface_isaac_base.usd@</Lite3ProSensorRigRealWithInterfaceV1/HR_FOOT/visuals> (recomposing stage on stage @/tmp/IsaacLab/usd_20260814_190143_1824/lite3_pro_sensor_rig_real_with_interface_isaac.usd@ <0x5f6f4ee86850>)

2026-08-14T23:01:43Z [11,568ms] [Warning] [omni.usd] Warning: in _ReportErrors at line 3172 of /builds/omniverse/usd-ci/USD/pxr/usd/usd/stage.cpp -- In </Lite3ProSensorRigRealWithInterfaceV1/HR_FOOT/visuals>: Unresolved reference prim path @/tmp/IsaacLab/usd_20260814_190143_1824/lite3_pro_sensor_rig_real_with_interface_isaac.usd@</visuals/HR_FOOT> introduced by @/tmp/IsaacLab/usd_20260814_190143_1824/configuration/lite3_pro_sensor_rig_real_with_interface_isaac_base.usd@</Lite3ProSensorRigRealWithInterfaceV1/HR_FOOT/visuals> (recomposing stage on stage @/tmp/IsaacLab/usd_20260814_190143_1824/lite3_pro_sensor_rig_real_with_interface_isaac.usd@ <0x5f6f4ee86850>)

2026-08-14T23:01:43Z [11,568ms] [Warning] [omni.usd] Warning: in _ReportErrors at line 3172 of /builds/omniverse/usd-ci/USD/pxr/usd/usd/stage.cpp -- In </Lite3ProSensorRigRealWithInterfaceV1/HR_FOOT/visuals>: Unresolved reference prim path @/tmp/IsaacLab/usd_20260814_190143_1824/lite3_pro_sensor_rig_real_with_interface_isaac.usd@</visuals/HR_FOOT> introduced by @/tmp/IsaacLab/usd_20260814_190143_1824/configuration/lite3_pro_sensor_rig_real_with_interface_isaac_base.usd@</Lite3ProSensorRigRealWithInterfaceV1/HR_FOOT/visuals> (recomposing stage on stage @/tmp/IsaacLab/usd_20260814_190143_1824/lite3_pro_sensor_rig_real_with_interface_isaac.usd@ <0x5f6f4ee86850>)

2026-08-14T23:01:43Z [11,569ms] [Warning] [omni.usd] Warning: in _ReportErrors at line 3172 of /builds/omniverse/usd-ci/USD/pxr/usd/usd/stage.cpp -- In </Lite3ProSensorRigRealWithInterfaceV1/HR_FOOT/visuals>: Unresolved reference prim path @/tmp/IsaacLab/usd_20260814_190143_1824/lite3_pro_sensor_rig_real_with_interface_isaac.usd@</visuals/HR_FOOT> introduced by @/tmp/IsaacLab/usd_20260814_190143_1824/configuration/lite3_pro_sensor_rig_real_with_interface_isaac_base.usd@</Lite3ProSensorRigRealWithInterfaceV1/HR_FOOT/visuals> (recomposing stage on stage @/tmp/IsaacLab/usd_20260814_190143_1824/lite3_pro_sensor_rig_real_with_interface_isaac.usd@ <0x5f6f4ee81850>)

2026-08-14T23:01:43Z [11,569ms] [Warning] [omni.usd] Warning: in _ReportErrors at line 3172 of /builds/omniverse/usd-ci/USD/pxr/usd/usd/stage.cpp -- In </Lite3ProSensorRigRealWithInterfaceV1/HR_FOOT/visuals>: Unresolved reference prim path @/tmp/IsaacLab/usd_20260814_190143_1824/lite3_pro_sensor_rig_real_with_interface_isaac.usd@</visuals/HR_FOOT> introduced by @/tmp/IsaacLab/usd_20260814_190143_1824/configuration/lite3_pro_sensor_rig_real_with_interface_isaac_base.usd@</Lite3ProSensorRigRealWithInterfaceV1/HR_FOOT/visuals> (recomposing stage on stage @/tmp/IsaacLab/usd_20260814_190143_1824/lite3_pro_sensor_rig_real_with_interface_isaac.usd@ <0x5f6f4ee81850>)

2026-08-14T23:01:43Z [11,569ms] [Warning] [omni.usd] Warning: in _ReportErrors at line 3172 of /builds/omniverse/usd-ci/USD/pxr/usd/usd/stage.cpp -- In </Lite3ProSensorRigRealWithInterfaceV1/HR_FOOT/visuals>: Unresolved reference prim path @/tmp/IsaacLab/usd_20260814_190143_1824/lite3_pro_sensor_rig_real_with_interface_isaac.usd@</visuals/HR_FOOT> introduced by @/tmp/IsaacLab/usd_20260814_190143_1824/configuration/lite3_pro_sensor_rig_real_with_interface_isaac_base.usd@</Lite3ProSensorRigRealWithInterfaceV1/HR_FOOT/visuals> (recomposing stage on stage @/tmp/IsaacLab/usd_20260814_190143_1824/lite3_pro_sensor_rig_real_with_interface_isaac.usd@ <0x5f6f4ee81850>)

2026-08-14T23:01:43Z [11,569ms] [Warning] [omni.usd] Warning: in _ReportErrors at line 3172 of /builds/omniverse/usd-ci/USD/pxr/usd/usd/stage.cpp -- In </Lite3ProSensorRigRealWithInterfaceV1/HR_FOOT/visuals>: Unresolved reference prim path @/tmp/IsaacLab/usd_20260814_190143_1824/configuration/lite3_pro_sensor_rig_real_with_interface_isaac_base.usd@</visuals/HR_FOOT> introduced by @/tmp/IsaacLab/usd_20260814_190143_1824/configuration/lite3_pro_sensor_rig_real_with_interface_isaac_base.usd@</Lite3ProSensorRigRealWithInterfaceV1/HR_FOOT/visuals> (recomposing stage on stage @/tmp/IsaacLab/usd_20260814_190143_1824/configuration/lite3_pro_sensor_rig_real_with_interface_isaac_base.usd@ <0x5f6f4ee9e820>)

2026-08-14T23:01:43Z [11,569ms] [Warning] [omni.usd] Warning: in _ReportErrors at line 3172 of /builds/omniverse/usd-ci/USD/pxr/usd/usd/stage.cpp -- In </Lite3ProSensorRigRealWithInterfaceV1/HR_FOOT/visuals>: Unresolved reference prim path @/tmp/IsaacLab/usd_20260814_190143_1824/configuration/lite3_pro_sensor_rig_real_with_interface_isaac_base.usd@</visuals/HR_FOOT> introduced by @/tmp/IsaacLab/usd_20260814_190143_1824/configuration/lite3_pro_sensor_rig_real_with_interface_isaac_base.usd@</Lite3ProSensorRigRealWithInterfaceV1/HR_FOOT/visuals> (recomposing stage on stage @/tmp/IsaacLab/usd_20260814_190143_1824/configuration/lite3_pro_sensor_rig_real_with_interface_isaac_base.usd@ <0x5f6f4ee9e820>)

2026-08-14T23:01:43Z [11,569ms] [Warning] [omni.usd] Warning: in _ReportErrors at line 3172 of /builds/omniverse/usd-ci/USD/pxr/usd/usd/stage.cpp -- In </Lite3ProSensorRigRealWithInterfaceV1/HR_FOOT/visuals>: Unresolved reference prim path @/tmp/IsaacLab/usd_20260814_190143_1824/configuration/lite3_pro_sensor_rig_real_with_interface_isaac_base.usd@</visuals/HR_FOOT> introduced by @/tmp/IsaacLab/usd_20260814_190143_1824/configuration/lite3_pro_sensor_rig_real_with_interface_isaac_base.usd@</Lite3ProSensorRigRealWithInterfaceV1/HR_FOOT/visuals> (recomposing stage on stage @/tmp/IsaacLab/usd_20260814_190143_1824/configuration/lite3_pro_sensor_rig_real_with_interface_isaac_base.usd@ <0x5f6f4ee9e820>)

2026-08-14T23:01:43Z [11,575ms] [Warning] [isaacsim.asset.importer.urdf] The path pro-interface-envelope is not a valid usd path, modifying to pro_interface_envelope
2026-08-14T23:01:43Z [11,587ms] [Warning] [isaacsim.asset.importer.urdf] The path carrier-rev-j-print-ready-side is not a valid usd path, modifying to carrier_rev_j_print_ready_side
2026-08-14T23:01:43Z [11,601ms] [Warning] [isaacsim.asset.importer.urdf] The path d435i-body-runtime is not a valid usd path, modifying to d435i_body_runtime
2026-08-14T23:01:43Z [11,616ms] [Warning] [isaacsim.asset.importer.urdf] The path d435i-optical-runtime is not a valid usd path, modifying to d435i_optical_runtime
2026-08-14T23:01:43Z [11,628ms] [Warning] [omni.usd] Warning: in _ReportErrors at line 3172 of /builds/omniverse/usd-ci/USD/pxr/usd/usd/stage.cpp -- In </Lite3ProSensorRigRealWithInterfaceV1/d435i_depth_optical_frame/visuals>: Unresolved reference prim path @/tmp/IsaacLab/usd_20260814_190143_1824/configuration/lite3_pro_sensor_rig_real_with_interface_isaac_physics.usd@</visuals/d435i_depth_optical_frame> introduced by @/tmp/IsaacLab/usd_20260814_190143_1824/configuration/lite3_pro_sensor_rig_real_with_interface_isaac_base.usd@</Lite3ProSensorRigRealWithInterfaceV1/d435i_depth_optical_frame/visuals> (recomposing stage on stage @/tmp/IsaacLab/usd_20260814_190143_1824/configuration/lite3_pro_sensor_rig_real_with_interface_isaac_physics.usd@ <0x5f6f4ee95f40>)

2026-08-14T23:01:43Z [11,628ms] [Warning] [omni.usd] Warning: in _ReportErrors at line 3172 of /builds/omniverse/usd-ci/USD/pxr/usd/usd/stage.cpp -- In </Lite3ProSensorRigRealWithInterfaceV1/d435i_depth_optical_frame/visuals>: Unresolved reference prim path @/tmp/IsaacLab/usd_20260814_190143_1824/configuration/lite3_pro_sensor_rig_real_with_interface_isaac_physics.usd@</visuals/d435i_depth_optical_frame> introduced by @/tmp/IsaacLab/usd_20260814_190143_1824/configuration/lite3_pro_sensor_rig_real_with_interface_isaac_base.usd@</Lite3ProSensorRigRealWithInterfaceV1/d435i_depth_optical_frame/visuals> (recomposing stage on stage @/tmp/IsaacLab/usd_20260814_190143_1824/configuration/lite3_pro_sensor_rig_real_with_interface_isaac_physics.usd@ <0x5f6f4ee95f40>)

2026-08-14T23:01:43Z [11,628ms] [Warning] [omni.usd] Warning: in _ReportErrors at line 3172 of /builds/omniverse/usd-ci/USD/pxr/usd/usd/stage.cpp -- In </Lite3ProSensorRigRealWithInterfaceV1/d435i_depth_optical_frame/visuals>: Unresolved reference prim path @/tmp/IsaacLab/usd_20260814_190143_1824/configuration/lite3_pro_sensor_rig_real_with_interface_isaac_physics.usd@</visuals/d435i_depth_optical_frame> introduced by @/tmp/IsaacLab/usd_20260814_190143_1824/configuration/lite3_pro_sensor_rig_real_with_interface_isaac_base.usd@</Lite3ProSensorRigRealWithInterfaceV1/d435i_depth_optical_frame/visuals> (recomposing stage on stage @/tmp/IsaacLab/usd_20260814_190143_1824/configuration/lite3_pro_sensor_rig_real_with_interface_isaac_physics.usd@ <0x5f6f4ee95f40>)

2026-08-14T23:01:43Z [11,628ms] [Warning] [omni.usd] Warning: in _ReportErrors at line 3172 of /builds/omniverse/usd-ci/USD/pxr/usd/usd/stage.cpp -- In </Lite3ProSensorRigRealWithInterfaceV1/d435i_depth_optical_frame/visuals>: Unresolved reference prim path @/tmp/IsaacLab/usd_20260814_190143_1824/lite3_pro_sensor_rig_real_with_interface_isaac.usd@</visuals/d435i_depth_optical_frame> introduced by @/tmp/IsaacLab/usd_20260814_190143_1824/configuration/lite3_pro_sensor_rig_real_with_interface_isaac_base.usd@</Lite3ProSensorRigRealWithInterfaceV1/d435i_depth_optical_frame/visuals> (recomposing stage on stage @/tmp/IsaacLab/usd_20260814_190143_1824/lite3_pro_sensor_rig_real_with_interface_isaac.usd@ <0x5f6f4ee86850>)

2026-08-14T23:01:43Z [11,628ms] [Warning] [omni.usd] Warning: in _ReportErrors at line 3172 of /builds/omniverse/usd-ci/USD/pxr/usd/usd/stage.cpp -- In </Lite3ProSensorRigRealWithInterfaceV1/d435i_depth_optical_frame/visuals>: Unresolved reference prim path @/tmp/IsaacLab/usd_20260814_190143_1824/lite3_pro_sensor_rig_real_with_interface_isaac.usd@</visuals/d435i_depth_optical_frame> introduced by @/tmp/IsaacLab/usd_20260814_190143_1824/configuration/lite3_pro_sensor_rig_real_with_interface_isaac_base.usd@</Lite3ProSensorRigRealWithInterfaceV1/d435i_depth_optical_frame/visuals> (recomposing stage on stage @/tmp/IsaacLab/usd_20260814_190143_1824/lite3_pro_sensor_rig_real_with_interface_isaac.usd@ <0x5f6f4ee86850>)

2026-08-14T23:01:43Z [11,628ms] [Warning] [omni.usd] Warning: in _ReportErrors at line 3172 of /builds/omniverse/usd-ci/USD/pxr/usd/usd/stage.cpp -- In </Lite3ProSensorRigRealWithInterfaceV1/d435i_depth_optical_frame/visuals>: Unresolved reference prim path @/tmp/IsaacLab/usd_20260814_190143_1824/lite3_pro_sensor_rig_real_with_interface_isaac.usd@</visuals/d435i_depth_optical_frame> introduced by @/tmp/IsaacLab/usd_20260814_190143_1824/configuration/lite3_pro_sensor_rig_real_with_interface_isaac_base.usd@</Lite3ProSensorRigRealWithInterfaceV1/d435i_depth_optical_frame/visuals> (recomposing stage on stage @/tmp/IsaacLab/usd_20260814_190143_1824/lite3_pro_sensor_rig_real_with_interface_isaac.usd@ <0x5f6f4ee86850>)

2026-08-14T23:01:43Z [11,628ms] [Warning] [omni.usd] Warning: in _ReportErrors at line 3172 of /builds/omniverse/usd-ci/USD/pxr/usd/usd/stage.cpp -- In </Lite3ProSensorRigRealWithInterfaceV1/d435i_depth_optical_frame/visuals>: Unresolved reference prim path @/tmp/IsaacLab/usd_20260814_190143_1824/lite3_pro_sensor_rig_real_with_interface_isaac.usd@</visuals/d435i_depth_optical_frame> introduced by @/tmp/IsaacLab/usd_20260814_190143_1824/configuration/lite3_pro_sensor_rig_real_with_interface_isaac_base.usd@</Lite3ProSensorRigRealWithInterfaceV1/d435i_depth_optical_frame/visuals> (recomposing stage on stage @/tmp/IsaacLab/usd_20260814_190143_1824/lite3_pro_sensor_rig_real_with_interface_isaac.usd@ <0x5f6f4ee81850>)

2026-08-14T23:01:43Z [11,628ms] [Warning] [omni.usd] Warning: in _ReportErrors at line 3172 of /builds/omniverse/usd-ci/USD/pxr/usd/usd/stage.cpp -- In </Lite3ProSensorRigRealWithInterfaceV1/d435i_depth_optical_frame/visuals>: Unresolved reference prim path @/tmp/IsaacLab/usd_20260814_190143_1824/lite3_pro_sensor_rig_real_with_interface_isaac.usd@</visuals/d435i_depth_optical_frame> introduced by @/tmp/IsaacLab/usd_20260814_190143_1824/configuration/lite3_pro_sensor_rig_real_with_interface_isaac_base.usd@</Lite3ProSensorRigRealWithInterfaceV1/d435i_depth_optical_frame/visuals> (recomposing stage on stage @/tmp/IsaacLab/usd_20260814_190143_1824/lite3_pro_sensor_rig_real_with_interface_isaac.usd@ <0x5f6f4ee81850>)

2026-08-14T23:01:43Z [11,628ms] [Warning] [omni.usd] Warning: in _ReportErrors at line 3172 of /builds/omniverse/usd-ci/USD/pxr/usd/usd/stage.cpp -- In </Lite3ProSensorRigRealWithInterfaceV1/d435i_depth_optical_frame/visuals>: Unresolved reference prim path @/tmp/IsaacLab/usd_20260814_190143_1824/lite3_pro_sensor_rig_real_with_interface_isaac.usd@</visuals/d435i_depth_optical_frame> introduced by @/tmp/IsaacLab/usd_20260814_190143_1824/configuration/lite3_pro_sensor_rig_real_with_interface_isaac_base.usd@</Lite3ProSensorRigRealWithInterfaceV1/d435i_depth_optical_frame/visuals> (recomposing stage on stage @/tmp/IsaacLab/usd_20260814_190143_1824/lite3_pro_sensor_rig_real_with_interface_isaac.usd@ <0x5f6f4ee81850>)

2026-08-14T23:01:43Z [11,628ms] [Warning] [omni.usd] Warning: in _ReportErrors at line 3172 of /builds/omniverse/usd-ci/USD/pxr/usd/usd/stage.cpp -- In </Lite3ProSensorRigRealWithInterfaceV1/d435i_depth_optical_frame/visuals>: Unresolved reference prim path @/tmp/IsaacLab/usd_20260814_190143_1824/configuration/lite3_pro_sensor_rig_real_with_interface_isaac_base.usd@</visuals/d435i_depth_optical_frame> introduced by @/tmp/IsaacLab/usd_20260814_190143_1824/configuration/lite3_pro_sensor_rig_real_with_interface_isaac_base.usd@</Lite3ProSensorRigRealWithInterfaceV1/d435i_depth_optical_frame/visuals> (recomposing stage on stage @/tmp/IsaacLab/usd_20260814_190143_1824/configuration/lite3_pro_sensor_rig_real_with_interface_isaac_base.usd@ <0x5f6f4ee9e820>)

2026-08-14T23:01:43Z [11,628ms] [Warning] [omni.usd] Warning: in _ReportErrors at line 3172 of /builds/omniverse/usd-ci/USD/pxr/usd/usd/stage.cpp -- In </Lite3ProSensorRigRealWithInterfaceV1/d435i_depth_optical_frame/visuals>: Unresolved reference prim path @/tmp/IsaacLab/usd_20260814_190143_1824/configuration/lite3_pro_sensor_rig_real_with_interface_isaac_base.usd@</visuals/d435i_depth_optical_frame> introduced by @/tmp/IsaacLab/usd_20260814_190143_1824/configuration/lite3_pro_sensor_rig_real_with_interface_isaac_base.usd@</Lite3ProSensorRigRealWithInterfaceV1/d435i_depth_optical_frame/visuals> (recomposing stage on stage @/tmp/IsaacLab/usd_20260814_190143_1824/configuration/lite3_pro_sensor_rig_real_with_interface_isaac_base.usd@ <0x5f6f4ee9e820>)

2026-08-14T23:01:43Z [11,628ms] [Warning] [omni.usd] Warning: in _ReportErrors at line 3172 of /builds/omniverse/usd-ci/USD/pxr/usd/usd/stage.cpp -- In </Lite3ProSensorRigRealWithInterfaceV1/d435i_depth_optical_frame/visuals>: Unresolved reference prim path @/tmp/IsaacLab/usd_20260814_190143_1824/configuration/lite3_pro_sensor_rig_real_with_interface_isaac_base.usd@</visuals/d435i_depth_optical_frame> introduced by @/tmp/IsaacLab/usd_20260814_190143_1824/configuration/lite3_pro_sensor_rig_real_with_interface_isaac_base.usd@</Lite3ProSensorRigRealWithInterfaceV1/d435i_depth_optical_frame/visuals> (recomposing stage on stage @/tmp/IsaacLab/usd_20260814_190143_1824/configuration/lite3_pro_sensor_rig_real_with_interface_isaac_base.usd@ <0x5f6f4ee9e820>)

2026-08-14T23:01:43Z [11,628ms] [Warning] [omni.usd] Warning: in _ReportErrors at line 3172 of /builds/omniverse/usd-ci/USD/pxr/usd/usd/stage.cpp -- In </Lite3ProSensorRigRealWithInterfaceV1/d435i_depth_optical_frame/visuals>: Unresolved reference prim path @/tmp/IsaacLab/usd_20260814_190143_1824/configuration/lite3_pro_sensor_rig_real_with_interface_isaac_physics.usd@</visuals/d435i_depth_optical_frame> introduced by @/tmp/IsaacLab/usd_20260814_190143_1824/configuration/lite3_pro_sensor_rig_real_with_interface_isaac_base.usd@</Lite3ProSensorRigRealWithInterfaceV1/d435i_depth_optical_frame/visuals> (recomposing stage on stage @/tmp/IsaacLab/usd_20260814_190143_1824/configuration/lite3_pro_sensor_rig_real_with_interface_isaac_physics.usd@ <0x5f6f4ee95f40>)

2026-08-14T23:01:43Z [11,628ms] [Warning] [omni.usd] Warning: in _ReportErrors at line 3172 of /builds/omniverse/usd-ci/USD/pxr/usd/usd/stage.cpp -- In </Lite3ProSensorRigRealWithInterfaceV1/d435i_depth_optical_frame/visuals>: Unresolved reference prim path @/tmp/IsaacLab/usd_20260814_190143_1824/configuration/lite3_pro_sensor_rig_real_with_interface_isaac_physics.usd@</visuals/d435i_depth_optical_frame> introduced by @/tmp/IsaacLab/usd_20260814_190143_1824/configuration/lite3_pro_sensor_rig_real_with_interface_isaac_base.usd@</Lite3ProSensorRigRealWithInterfaceV1/d435i_depth_optical_frame/visuals> (recomposing stage on stage @/tmp/IsaacLab/usd_20260814_190143_1824/configuration/lite3_pro_sensor_rig_real_with_interface_isaac_physics.usd@ <0x5f6f4ee95f40>)

2026-08-14T23:01:43Z [11,628ms] [Warning] [omni.usd] Warning: in _ReportErrors at line 3172 of /builds/omniverse/usd-ci/USD/pxr/usd/usd/stage.cpp -- In </Lite3ProSensorRigRealWithInterfaceV1/d435i_depth_optical_frame/visuals>: Unresolved reference prim path @/tmp/IsaacLab/usd_20260814_190143_1824/configuration/lite3_pro_sensor_rig_real_with_interface_isaac_physics.usd@</visuals/d435i_depth_optical_frame> introduced by @/tmp/IsaacLab/usd_20260814_190143_1824/configuration/lite3_pro_sensor_rig_real_with_interface_isaac_base.usd@</Lite3ProSensorRigRealWithInterfaceV1/d435i_depth_optical_frame/visuals> (recomposing stage on stage @/tmp/IsaacLab/usd_20260814_190143_1824/configuration/lite3_pro_sensor_rig_real_with_interface_isaac_physics.usd@ <0x5f6f4ee95f40>)

2026-08-14T23:01:43Z [11,628ms] [Warning] [omni.usd] Warning: in _ReportErrors at line 3172 of /builds/omniverse/usd-ci/USD/pxr/usd/usd/stage.cpp -- In </Lite3ProSensorRigRealWithInterfaceV1/d435i_depth_optical_frame/visuals>: Unresolved reference prim path @/tmp/IsaacLab/usd_20260814_190143_1824/lite3_pro_sensor_rig_real_with_interface_isaac.usd@</visuals/d435i_depth_optical_frame> introduced by @/tmp/IsaacLab/usd_20260814_190143_1824/configuration/lite3_pro_sensor_rig_real_with_interface_isaac_base.usd@</Lite3ProSensorRigRealWithInterfaceV1/d435i_depth_optical_frame/visuals> (recomposing stage on stage @/tmp/IsaacLab/usd_20260814_190143_1824/lite3_pro_sensor_rig_real_with_interface_isaac.usd@ <0x5f6f4ee86850>)

2026-08-14T23:01:43Z [11,628ms] [Warning] [omni.usd] Warning: in _ReportErrors at line 3172 of /builds/omniverse/usd-ci/USD/pxr/usd/usd/stage.cpp -- In </Lite3ProSensorRigRealWithInterfaceV1/d435i_depth_optical_frame/visuals>: Unresolved reference prim path @/tmp/IsaacLab/usd_20260814_190143_1824/lite3_pro_sensor_rig_real_with_interface_isaac.usd@</visuals/d435i_depth_optical_frame> introduced by @/tmp/IsaacLab/usd_20260814_190143_1824/configuration/lite3_pro_sensor_rig_real_with_interface_isaac_base.usd@</Lite3ProSensorRigRealWithInterfaceV1/d435i_depth_optical_frame/visuals> (recomposing stage on stage @/tmp/IsaacLab/usd_20260814_190143_1824/lite3_pro_sensor_rig_real_with_interface_isaac.usd@ <0x5f6f4ee86850>)

2026-08-14T23:01:43Z [11,628ms] [Warning] [omni.usd] Warning: in _ReportErrors at line 3172 of /builds/omniverse/usd-ci/USD/pxr/usd/usd/stage.cpp -- In </Lite3ProSensorRigRealWithInterfaceV1/d435i_depth_optical_frame/visuals>: Unresolved reference prim path @/tmp/IsaacLab/usd_20260814_190143_1824/lite3_pro_sensor_rig_real_with_interface_isaac.usd@</visuals/d435i_depth_optical_frame> introduced by @/tmp/IsaacLab/usd_20260814_190143_1824/configuration/lite3_pro_sensor_rig_real_with_interface_isaac_base.usd@</Lite3ProSensorRigRealWithInterfaceV1/d435i_depth_optical_frame/visuals> (recomposing stage on stage @/tmp/IsaacLab/usd_20260814_190143_1824/lite3_pro_sensor_rig_real_with_interface_isaac.usd@ <0x5f6f4ee86850>)

2026-08-14T23:01:43Z [11,628ms] [Warning] [omni.usd] Warning: in _ReportErrors at line 3172 of /builds/omniverse/usd-ci/USD/pxr/usd/usd/stage.cpp -- In </Lite3ProSensorRigRealWithInterfaceV1/d435i_depth_optical_frame/visuals>: Unresolved reference prim path @/tmp/IsaacLab/usd_20260814_190143_1824/lite3_pro_sensor_rig_real_with_interface_isaac.usd@</visuals/d435i_depth_optical_frame> introduced by @/tmp/IsaacLab/usd_20260814_190143_1824/configuration/lite3_pro_sensor_rig_real_with_interface_isaac_base.usd@</Lite3ProSensorRigRealWithInterfaceV1/d435i_depth_optical_frame/visuals> (recomposing stage on stage @/tmp/IsaacLab/usd_20260814_190143_1824/lite3_pro_sensor_rig_real_with_interface_isaac.usd@ <0x5f6f4ee81850>)

2026-08-14T23:01:43Z [11,628ms] [Warning] [omni.usd] Warning: in _ReportErrors at line 3172 of /builds/omniverse/usd-ci/USD/pxr/usd/usd/stage.cpp -- In </Lite3ProSensorRigRealWithInterfaceV1/d435i_depth_optical_frame/visuals>: Unresolved reference prim path @/tmp/IsaacLab/usd_20260814_190143_1824/lite3_pro_sensor_rig_real_with_interface_isaac.usd@</visuals/d435i_depth_optical_frame> introduced by @/tmp/IsaacLab/usd_20260814_190143_1824/configuration/lite3_pro_sensor_rig_real_with_interface_isaac_base.usd@</Lite3ProSensorRigRealWithInterfaceV1/d435i_depth_optical_frame/visuals> (recomposing stage on stage @/tmp/IsaacLab/usd_20260814_190143_1824/lite3_pro_sensor_rig_real_with_interface_isaac.usd@ <0x5f6f4ee81850>)

2026-08-14T23:01:43Z [11,628ms] [Warning] [omni.usd] Warning: in _ReportErrors at line 3172 of /builds/omniverse/usd-ci/USD/pxr/usd/usd/stage.cpp -- In </Lite3ProSensorRigRealWithInterfaceV1/d435i_depth_optical_frame/visuals>: Unresolved reference prim path @/tmp/IsaacLab/usd_20260814_190143_1824/lite3_pro_sensor_rig_real_with_interface_isaac.usd@</visuals/d435i_depth_optical_frame> introduced by @/tmp/IsaacLab/usd_20260814_190143_1824/configuration/lite3_pro_sensor_rig_real_with_interface_isaac_base.usd@</Lite3ProSensorRigRealWithInterfaceV1/d435i_depth_optical_frame/visuals> (recomposing stage on stage @/tmp/IsaacLab/usd_20260814_190143_1824/lite3_pro_sensor_rig_real_with_interface_isaac.usd@ <0x5f6f4ee81850>)

2026-08-14T23:01:43Z [11,628ms] [Warning] [omni.usd] Warning: in _ReportErrors at line 3172 of /builds/omniverse/usd-ci/USD/pxr/usd/usd/stage.cpp -- In </Lite3ProSensorRigRealWithInterfaceV1/d435i_depth_optical_frame/visuals>: Unresolved reference prim path @/tmp/IsaacLab/usd_20260814_190143_1824/configuration/lite3_pro_sensor_rig_real_with_interface_isaac_base.usd@</visuals/d435i_depth_optical_frame> introduced by @/tmp/IsaacLab/usd_20260814_190143_1824/configuration/lite3_pro_sensor_rig_real_with_interface_isaac_base.usd@</Lite3ProSensorRigRealWithInterfaceV1/d435i_depth_optical_frame/visuals> (recomposing stage on stage @/tmp/IsaacLab/usd_20260814_190143_1824/configuration/lite3_pro_sensor_rig_real_with_interface_isaac_base.usd@ <0x5f6f4ee9e820>)

2026-08-14T23:01:43Z [11,628ms] [Warning] [omni.usd] Warning: in _ReportErrors at line 3172 of /builds/omniverse/usd-ci/USD/pxr/usd/usd/stage.cpp -- In </Lite3ProSensorRigRealWithInterfaceV1/d435i_depth_optical_frame/visuals>: Unresolved reference prim path @/tmp/IsaacLab/usd_20260814_190143_1824/configuration/lite3_pro_sensor_rig_real_with_interface_isaac_base.usd@</visuals/d435i_depth_optical_frame> introduced by @/tmp/IsaacLab/usd_20260814_190143_1824/configuration/lite3_pro_sensor_rig_real_with_interface_isaac_base.usd@</Lite3ProSensorRigRealWithInterfaceV1/d435i_depth_optical_frame/visuals> (recomposing stage on stage @/tmp/IsaacLab/usd_20260814_190143_1824/configuration/lite3_pro_sensor_rig_real_with_interface_isaac_base.usd@ <0x5f6f4ee9e820>)

2026-08-14T23:01:43Z [11,628ms] [Warning] [omni.usd] Warning: in _ReportErrors at line 3172 of /builds/omniverse/usd-ci/USD/pxr/usd/usd/stage.cpp -- In </Lite3ProSensorRigRealWithInterfaceV1/d435i_depth_optical_frame/visuals>: Unresolved reference prim path @/tmp/IsaacLab/usd_20260814_190143_1824/configuration/lite3_pro_sensor_rig_real_with_interface_isaac_base.usd@</visuals/d435i_depth_optical_frame> introduced by @/tmp/IsaacLab/usd_20260814_190143_1824/configuration/lite3_pro_sensor_rig_real_with_interface_isaac_base.usd@</Lite3ProSensorRigRealWithInterfaceV1/d435i_depth_optical_frame/visuals> (recomposing stage on stage @/tmp/IsaacLab/usd_20260814_190143_1824/configuration/lite3_pro_sensor_rig_real_with_interface_isaac_base.usd@ <0x5f6f4ee9e820>)

2026-08-14T23:01:43Z [11,633ms] [Warning] [isaacsim.asset.importer.urdf] The path mid360-body-runtime is not a valid usd path, modifying to mid360_body_runtime
2026-08-14T23:01:43Z [11,650ms] [Warning] [isaacsim.asset.importer.urdf] The path mid360-optical-runtime is not a valid usd path, modifying to mid360_optical_runtime
2026-08-14T23:01:43Z [11,660ms] [Warning] [omni.usd] Warning: in _ReportErrors at line 3172 of /builds/omniverse/usd-ci/USD/pxr/usd/usd/stage.cpp -- In </Lite3ProSensorRigRealWithInterfaceV1/mid360_scan_frame/visuals>: Unresolved reference prim path @/tmp/IsaacLab/usd_20260814_190143_1824/configuration/lite3_pro_sensor_rig_real_with_interface_isaac_physics.usd@</visuals/mid360_scan_frame> introduced by @/tmp/IsaacLab/usd_20260814_190143_1824/configuration/lite3_pro_sensor_rig_real_with_interface_isaac_base.usd@</Lite3ProSensorRigRealWithInterfaceV1/mid360_scan_frame/visuals> (recomposing stage on stage @/tmp/IsaacLab/usd_20260814_190143_1824/configuration/lite3_pro_sensor_rig_real_with_interface_isaac_physics.usd@ <0x5f6f4ee95f40>)

2026-08-14T23:01:43Z [11,660ms] [Warning] [omni.usd] Warning: in _ReportErrors at line 3172 of /builds/omniverse/usd-ci/USD/pxr/usd/usd/stage.cpp -- In </Lite3ProSensorRigRealWithInterfaceV1/mid360_scan_frame/visuals>: Unresolved reference prim path @/tmp/IsaacLab/usd_20260814_190143_1824/configuration/lite3_pro_sensor_rig_real_with_interface_isaac_physics.usd@</visuals/mid360_scan_frame> introduced by @/tmp/IsaacLab/usd_20260814_190143_1824/configuration/lite3_pro_sensor_rig_real_with_interface_isaac_base.usd@</Lite3ProSensorRigRealWithInterfaceV1/mid360_scan_frame/visuals> (recomposing stage on stage @/tmp/IsaacLab/usd_20260814_190143_1824/configuration/lite3_pro_sensor_rig_real_with_interface_isaac_physics.usd@ <0x5f6f4ee95f40>)

2026-08-14T23:01:43Z [11,660ms] [Warning] [omni.usd] Warning: in _ReportErrors at line 3172 of /builds/omniverse/usd-ci/USD/pxr/usd/usd/stage.cpp -- In </Lite3ProSensorRigRealWithInterfaceV1/mid360_scan_frame/visuals>: Unresolved reference prim path @/tmp/IsaacLab/usd_20260814_190143_1824/configuration/lite3_pro_sensor_rig_real_with_interface_isaac_physics.usd@</visuals/mid360_scan_frame> introduced by @/tmp/IsaacLab/usd_20260814_190143_1824/configuration/lite3_pro_sensor_rig_real_with_interface_isaac_base.usd@</Lite3ProSensorRigRealWithInterfaceV1/mid360_scan_frame/visuals> (recomposing stage on stage @/tmp/IsaacLab/usd_20260814_190143_1824/configuration/lite3_pro_sensor_rig_real_with_interface_isaac_physics.usd@ <0x5f6f4ee95f40>)

2026-08-14T23:01:43Z [11,660ms] [Warning] [omni.usd] Warning: in _ReportErrors at line 3172 of /builds/omniverse/usd-ci/USD/pxr/usd/usd/stage.cpp -- In </Lite3ProSensorRigRealWithInterfaceV1/mid360_scan_frame/visuals>: Unresolved reference prim path @/tmp/IsaacLab/usd_20260814_190143_1824/lite3_pro_sensor_rig_real_with_interface_isaac.usd@</visuals/mid360_scan_frame> introduced by @/tmp/IsaacLab/usd_20260814_190143_1824/configuration/lite3_pro_sensor_rig_real_with_interface_isaac_base.usd@</Lite3ProSensorRigRealWithInterfaceV1/mid360_scan_frame/visuals> (recomposing stage on stage @/tmp/IsaacLab/usd_20260814_190143_1824/lite3_pro_sensor_rig_real_with_interface_isaac.usd@ <0x5f6f4ee86850>)

2026-08-14T23:01:43Z [11,661ms] [Warning] [omni.usd] Warning: in _ReportErrors at line 3172 of /builds/omniverse/usd-ci/USD/pxr/usd/usd/stage.cpp -- In </Lite3ProSensorRigRealWithInterfaceV1/mid360_scan_frame/visuals>: Unresolved reference prim path @/tmp/IsaacLab/usd_20260814_190143_1824/lite3_pro_sensor_rig_real_with_interface_isaac.usd@</visuals/mid360_scan_frame> introduced by @/tmp/IsaacLab/usd_20260814_190143_1824/configuration/lite3_pro_sensor_rig_real_with_interface_isaac_base.usd@</Lite3ProSensorRigRealWithInterfaceV1/mid360_scan_frame/visuals> (recomposing stage on stage @/tmp/IsaacLab/usd_20260814_190143_1824/lite3_pro_sensor_rig_real_with_interface_isaac.usd@ <0x5f6f4ee86850>)

2026-08-14T23:01:43Z [11,661ms] [Warning] [omni.usd] Warning: in _ReportErrors at line 3172 of /builds/omniverse/usd-ci/USD/pxr/usd/usd/stage.cpp -- In </Lite3ProSensorRigRealWithInterfaceV1/mid360_scan_frame/visuals>: Unresolved reference prim path @/tmp/IsaacLab/usd_20260814_190143_1824/lite3_pro_sensor_rig_real_with_interface_isaac.usd@</visuals/mid360_scan_frame> introduced by @/tmp/IsaacLab/usd_20260814_190143_1824/configuration/lite3_pro_sensor_rig_real_with_interface_isaac_base.usd@</Lite3ProSensorRigRealWithInterfaceV1/mid360_scan_frame/visuals> (recomposing stage on stage @/tmp/IsaacLab/usd_20260814_190143_1824/lite3_pro_sensor_rig_real_with_interface_isaac.usd@ <0x5f6f4ee86850>)

2026-08-14T23:01:43Z [11,661ms] [Warning] [omni.usd] Warning: in _ReportErrors at line 3172 of /builds/omniverse/usd-ci/USD/pxr/usd/usd/stage.cpp -- In </Lite3ProSensorRigRealWithInterfaceV1/mid360_scan_frame/visuals>: Unresolved reference prim path @/tmp/IsaacLab/usd_20260814_190143_1824/lite3_pro_sensor_rig_real_with_interface_isaac.usd@</visuals/mid360_scan_frame> introduced by @/tmp/IsaacLab/usd_20260814_190143_1824/configuration/lite3_pro_sensor_rig_real_with_interface_isaac_base.usd@</Lite3ProSensorRigRealWithInterfaceV1/mid360_scan_frame/visuals> (recomposing stage on stage @/tmp/IsaacLab/usd_20260814_190143_1824/lite3_pro_sensor_rig_real_with_interface_isaac.usd@ <0x5f6f4ee81850>)

2026-08-14T23:01:43Z [11,661ms] [Warning] [omni.usd] Warning: in _ReportErrors at line 3172 of /builds/omniverse/usd-ci/USD/pxr/usd/usd/stage.cpp -- In </Lite3ProSensorRigRealWithInterfaceV1/mid360_scan_frame/visuals>: Unresolved reference prim path @/tmp/IsaacLab/usd_20260814_190143_1824/lite3_pro_sensor_rig_real_with_interface_isaac.usd@</visuals/mid360_scan_frame> introduced by @/tmp/IsaacLab/usd_20260814_190143_1824/configuration/lite3_pro_sensor_rig_real_with_interface_isaac_base.usd@</Lite3ProSensorRigRealWithInterfaceV1/mid360_scan_frame/visuals> (recomposing stage on stage @/tmp/IsaacLab/usd_20260814_190143_1824/lite3_pro_sensor_rig_real_with_interface_isaac.usd@ <0x5f6f4ee81850>)

2026-08-14T23:01:43Z [11,661ms] [Warning] [omni.usd] Warning: in _ReportErrors at line 3172 of /builds/omniverse/usd-ci/USD/pxr/usd/usd/stage.cpp -- In </Lite3ProSensorRigRealWithInterfaceV1/mid360_scan_frame/visuals>: Unresolved reference prim path @/tmp/IsaacLab/usd_20260814_190143_1824/lite3_pro_sensor_rig_real_with_interface_isaac.usd@</visuals/mid360_scan_frame> introduced by @/tmp/IsaacLab/usd_20260814_190143_1824/configuration/lite3_pro_sensor_rig_real_with_interface_isaac_base.usd@</Lite3ProSensorRigRealWithInterfaceV1/mid360_scan_frame/visuals> (recomposing stage on stage @/tmp/IsaacLab/usd_20260814_190143_1824/lite3_pro_sensor_rig_real_with_interface_isaac.usd@ <0x5f6f4ee81850>)

2026-08-14T23:01:43Z [11,661ms] [Warning] [omni.usd] Warning: in _ReportErrors at line 3172 of /builds/omniverse/usd-ci/USD/pxr/usd/usd/stage.cpp -- In </Lite3ProSensorRigRealWithInterfaceV1/mid360_scan_frame/visuals>: Unresolved reference prim path @/tmp/IsaacLab/usd_20260814_190143_1824/configuration/lite3_pro_sensor_rig_real_with_interface_isaac_base.usd@</visuals/mid360_scan_frame> introduced by @/tmp/IsaacLab/usd_20260814_190143_1824/configuration/lite3_pro_sensor_rig_real_with_interface_isaac_base.usd@</Lite3ProSensorRigRealWithInterfaceV1/mid360_scan_frame/visuals> (recomposing stage on stage @/tmp/IsaacLab/usd_20260814_190143_1824/configuration/lite3_pro_sensor_rig_real_with_interface_isaac_base.usd@ <0x5f6f4ee9e820>)

2026-08-14T23:01:43Z [11,661ms] [Warning] [omni.usd] Warning: in _ReportErrors at line 3172 of /builds/omniverse/usd-ci/USD/pxr/usd/usd/stage.cpp -- In </Lite3ProSensorRigRealWithInterfaceV1/mid360_scan_frame/visuals>: Unresolved reference prim path @/tmp/IsaacLab/usd_20260814_190143_1824/configuration/lite3_pro_sensor_rig_real_with_interface_isaac_base.usd@</visuals/mid360_scan_frame> introduced by @/tmp/IsaacLab/usd_20260814_190143_1824/configuration/lite3_pro_sensor_rig_real_with_interface_isaac_base.usd@</Lite3ProSensorRigRealWithInterfaceV1/mid360_scan_frame/visuals> (recomposing stage on stage @/tmp/IsaacLab/usd_20260814_190143_1824/configuration/lite3_pro_sensor_rig_real_with_interface_isaac_base.usd@ <0x5f6f4ee9e820>)

2026-08-14T23:01:43Z [11,661ms] [Warning] [omni.usd] Warning: in _ReportErrors at line 3172 of /builds/omniverse/usd-ci/USD/pxr/usd/usd/stage.cpp -- In </Lite3ProSensorRigRealWithInterfaceV1/mid360_scan_frame/visuals>: Unresolved reference prim path @/tmp/IsaacLab/usd_20260814_190143_1824/configuration/lite3_pro_sensor_rig_real_with_interface_isaac_base.usd@</visuals/mid360_scan_frame> introduced by @/tmp/IsaacLab/usd_20260814_190143_1824/configuration/lite3_pro_sensor_rig_real_with_interface_isaac_base.usd@</Lite3ProSensorRigRealWithInterfaceV1/mid360_scan_frame/visuals> (recomposing stage on stage @/tmp/IsaacLab/usd_20260814_190143_1824/configuration/lite3_pro_sensor_rig_real_with_interface_isaac_base.usd@ <0x5f6f4ee9e820>)

2026-08-14T23:01:43Z [11,661ms] [Warning] [omni.usd] Warning: in _ReportErrors at line 3172 of /builds/omniverse/usd-ci/USD/pxr/usd/usd/stage.cpp -- In </Lite3ProSensorRigRealWithInterfaceV1/mid360_scan_frame/visuals>: Unresolved reference prim path @/tmp/IsaacLab/usd_20260814_190143_1824/configuration/lite3_pro_sensor_rig_real_with_interface_isaac_physics.usd@</visuals/mid360_scan_frame> introduced by @/tmp/IsaacLab/usd_20260814_190143_1824/configuration/lite3_pro_sensor_rig_real_with_interface_isaac_base.usd@</Lite3ProSensorRigRealWithInterfaceV1/mid360_scan_frame/visuals> (recomposing stage on stage @/tmp/IsaacLab/usd_20260814_190143_1824/configuration/lite3_pro_sensor_rig_real_with_interface_isaac_physics.usd@ <0x5f6f4ee95f40>)

2026-08-14T23:01:43Z [11,661ms] [Warning] [omni.usd] Warning: in _ReportErrors at line 3172 of /builds/omniverse/usd-ci/USD/pxr/usd/usd/stage.cpp -- In </Lite3ProSensorRigRealWithInterfaceV1/mid360_scan_frame/visuals>: Unresolved reference prim path @/tmp/IsaacLab/usd_20260814_190143_1824/configuration/lite3_pro_sensor_rig_real_with_interface_isaac_physics.usd@</visuals/mid360_scan_frame> introduced by @/tmp/IsaacLab/usd_20260814_190143_1824/configuration/lite3_pro_sensor_rig_real_with_interface_isaac_base.usd@</Lite3ProSensorRigRealWithInterfaceV1/mid360_scan_frame/visuals> (recomposing stage on stage @/tmp/IsaacLab/usd_20260814_190143_1824/configuration/lite3_pro_sensor_rig_real_with_interface_isaac_physics.usd@ <0x5f6f4ee95f40>)

2026-08-14T23:01:43Z [11,661ms] [Warning] [omni.usd] Warning: in _ReportErrors at line 3172 of /builds/omniverse/usd-ci/USD/pxr/usd/usd/stage.cpp -- In </Lite3ProSensorRigRealWithInterfaceV1/mid360_scan_frame/visuals>: Unresolved reference prim path @/tmp/IsaacLab/usd_20260814_190143_1824/configuration/lite3_pro_sensor_rig_real_with_interface_isaac_physics.usd@</visuals/mid360_scan_frame> introduced by @/tmp/IsaacLab/usd_20260814_190143_1824/configuration/lite3_pro_sensor_rig_real_with_interface_isaac_base.usd@</Lite3ProSensorRigRealWithInterfaceV1/mid360_scan_frame/visuals> (recomposing stage on stage @/tmp/IsaacLab/usd_20260814_190143_1824/configuration/lite3_pro_sensor_rig_real_with_interface_isaac_physics.usd@ <0x5f6f4ee95f40>)

2026-08-14T23:01:43Z [11,661ms] [Warning] [omni.usd] Warning: in _ReportErrors at line 3172 of /builds/omniverse/usd-ci/USD/pxr/usd/usd/stage.cpp -- In </Lite3ProSensorRigRealWithInterfaceV1/mid360_scan_frame/visuals>: Unresolved reference prim path @/tmp/IsaacLab/usd_20260814_190143_1824/lite3_pro_sensor_rig_real_with_interface_isaac.usd@</visuals/mid360_scan_frame> introduced by @/tmp/IsaacLab/usd_20260814_190143_1824/configuration/lite3_pro_sensor_rig_real_with_interface_isaac_base.usd@</Lite3ProSensorRigRealWithInterfaceV1/mid360_scan_frame/visuals> (recomposing stage on stage @/tmp/IsaacLab/usd_20260814_190143_1824/lite3_pro_sensor_rig_real_with_interface_isaac.usd@ <0x5f6f4ee86850>)

2026-08-14T23:01:43Z [11,661ms] [Warning] [omni.usd] Warning: in _ReportErrors at line 3172 of /builds/omniverse/usd-ci/USD/pxr/usd/usd/stage.cpp -- In </Lite3ProSensorRigRealWithInterfaceV1/mid360_scan_frame/visuals>: Unresolved reference prim path @/tmp/IsaacLab/usd_20260814_190143_1824/lite3_pro_sensor_rig_real_with_interface_isaac.usd@</visuals/mid360_scan_frame> introduced by @/tmp/IsaacLab/usd_20260814_190143_1824/configuration/lite3_pro_sensor_rig_real_with_interface_isaac_base.usd@</Lite3ProSensorRigRealWithInterfaceV1/mid360_scan_frame/visuals> (recomposing stage on stage @/tmp/IsaacLab/usd_20260814_190143_1824/lite3_pro_sensor_rig_real_with_interface_isaac.usd@ <0x5f6f4ee86850>)

2026-08-14T23:01:43Z [11,661ms] [Warning] [omni.usd] Warning: in _ReportErrors at line 3172 of /builds/omniverse/usd-ci/USD/pxr/usd/usd/stage.cpp -- In </Lite3ProSensorRigRealWithInterfaceV1/mid360_scan_frame/visuals>: Unresolved reference prim path @/tmp/IsaacLab/usd_20260814_190143_1824/lite3_pro_sensor_rig_real_with_interface_isaac.usd@</visuals/mid360_scan_frame> introduced by @/tmp/IsaacLab/usd_20260814_190143_1824/configuration/lite3_pro_sensor_rig_real_with_interface_isaac_base.usd@</Lite3ProSensorRigRealWithInterfaceV1/mid360_scan_frame/visuals> (recomposing stage on stage @/tmp/IsaacLab/usd_20260814_190143_1824/lite3_pro_sensor_rig_real_with_interface_isaac.usd@ <0x5f6f4ee86850>)

2026-08-14T23:01:43Z [11,661ms] [Warning] [omni.usd] Warning: in _ReportErrors at line 3172 of /builds/omniverse/usd-ci/USD/pxr/usd/usd/stage.cpp -- In </Lite3ProSensorRigRealWithInterfaceV1/mid360_scan_frame/visuals>: Unresolved reference prim path @/tmp/IsaacLab/usd_20260814_190143_1824/lite3_pro_sensor_rig_real_with_interface_isaac.usd@</visuals/mid360_scan_frame> introduced by @/tmp/IsaacLab/usd_20260814_190143_1824/configuration/lite3_pro_sensor_rig_real_with_interface_isaac_base.usd@</Lite3ProSensorRigRealWithInterfaceV1/mid360_scan_frame/visuals> (recomposing stage on stage @/tmp/IsaacLab/usd_20260814_190143_1824/lite3_pro_sensor_rig_real_with_interface_isaac.usd@ <0x5f6f4ee81850>)

2026-08-14T23:01:43Z [11,661ms] [Warning] [omni.usd] Warning: in _ReportErrors at line 3172 of /builds/omniverse/usd-ci/USD/pxr/usd/usd/stage.cpp -- In </Lite3ProSensorRigRealWithInterfaceV1/mid360_scan_frame/visuals>: Unresolved reference prim path @/tmp/IsaacLab/usd_20260814_190143_1824/lite3_pro_sensor_rig_real_with_interface_isaac.usd@</visuals/mid360_scan_frame> introduced by @/tmp/IsaacLab/usd_20260814_190143_1824/configuration/lite3_pro_sensor_rig_real_with_interface_isaac_base.usd@</Lite3ProSensorRigRealWithInterfaceV1/mid360_scan_frame/visuals> (recomposing stage on stage @/tmp/IsaacLab/usd_20260814_190143_1824/lite3_pro_sensor_rig_real_with_interface_isaac.usd@ <0x5f6f4ee81850>)

2026-08-14T23:01:43Z [11,661ms] [Warning] [omni.usd] Warning: in _ReportErrors at line 3172 of /builds/omniverse/usd-ci/USD/pxr/usd/usd/stage.cpp -- In </Lite3ProSensorRigRealWithInterfaceV1/mid360_scan_frame/visuals>: Unresolved reference prim path @/tmp/IsaacLab/usd_20260814_190143_1824/lite3_pro_sensor_rig_real_with_interface_isaac.usd@</visuals/mid360_scan_frame> introduced by @/tmp/IsaacLab/usd_20260814_190143_1824/configuration/lite3_pro_sensor_rig_real_with_interface_isaac_base.usd@</Lite3ProSensorRigRealWithInterfaceV1/mid360_scan_frame/visuals> (recomposing stage on stage @/tmp/IsaacLab/usd_20260814_190143_1824/lite3_pro_sensor_rig_real_with_interface_isaac.usd@ <0x5f6f4ee81850>)

2026-08-14T23:01:43Z [11,661ms] [Warning] [omni.usd] Warning: in _ReportErrors at line 3172 of /builds/omniverse/usd-ci/USD/pxr/usd/usd/stage.cpp -- In </Lite3ProSensorRigRealWithInterfaceV1/mid360_scan_frame/visuals>: Unresolved reference prim path @/tmp/IsaacLab/usd_20260814_190143_1824/configuration/lite3_pro_sensor_rig_real_with_interface_isaac_base.usd@</visuals/mid360_scan_frame> introduced by @/tmp/IsaacLab/usd_20260814_190143_1824/configuration/lite3_pro_sensor_rig_real_with_interface_isaac_base.usd@</Lite3ProSensorRigRealWithInterfaceV1/mid360_scan_frame/visuals> (recomposing stage on stage @/tmp/IsaacLab/usd_20260814_190143_1824/configuration/lite3_pro_sensor_rig_real_with_interface_isaac_base.usd@ <0x5f6f4ee9e820>)

2026-08-14T23:01:43Z [11,661ms] [Warning] [omni.usd] Warning: in _ReportErrors at line 3172 of /builds/omniverse/usd-ci/USD/pxr/usd/usd/stage.cpp -- In </Lite3ProSensorRigRealWithInterfaceV1/mid360_scan_frame/visuals>: Unresolved reference prim path @/tmp/IsaacLab/usd_20260814_190143_1824/configuration/lite3_pro_sensor_rig_real_with_interface_isaac_base.usd@</visuals/mid360_scan_frame> introduced by @/tmp/IsaacLab/usd_20260814_190143_1824/configuration/lite3_pro_sensor_rig_real_with_interface_isaac_base.usd@</Lite3ProSensorRigRealWithInterfaceV1/mid360_scan_frame/visuals> (recomposing stage on stage @/tmp/IsaacLab/usd_20260814_190143_1824/configuration/lite3_pro_sensor_rig_real_with_interface_isaac_base.usd@ <0x5f6f4ee9e820>)

2026-08-14T23:01:43Z [11,661ms] [Warning] [omni.usd] Warning: in _ReportErrors at line 3172 of /builds/omniverse/usd-ci/USD/pxr/usd/usd/stage.cpp -- In </Lite3ProSensorRigRealWithInterfaceV1/mid360_scan_frame/visuals>: Unresolved reference prim path @/tmp/IsaacLab/usd_20260814_190143_1824/configuration/lite3_pro_sensor_rig_real_with_interface_isaac_base.usd@</visuals/mid360_scan_frame> introduced by @/tmp/IsaacLab/usd_20260814_190143_1824/configuration/lite3_pro_sensor_rig_real_with_interface_isaac_base.usd@</Lite3ProSensorRigRealWithInterfaceV1/mid360_scan_frame/visuals> (recomposing stage on stage @/tmp/IsaacLab/usd_20260814_190143_1824/configuration/lite3_pro_sensor_rig_real_with_interface_isaac_base.usd@ <0x5f6f4ee9e820>)

2026-08-14T23:01:43Z [11,666ms] [Warning] [isaacsim.asset.importer.urdf] The path s410-guard-access-print-ready-flange-down is not a valid usd path, modifying to s410_guard_access_print_ready_flange_down
2026-08-14T23:01:44Z [11,696ms] [Warning] [omni.usd] Warning: in _ReportErrors at line 3172 of /builds/omniverse/usd-ci/USD/pxr/usd/usd/stage.cpp -- In </Lite3ProSensorRigRealWithInterfaceV1/FL_FOOT/visuals>: Unresolved reference prim path @/tmp/IsaacLab/usd_20260814_190143_1824/configuration/lite3_pro_sensor_rig_real_with_interface_isaac_base.usd@</visuals/FL_FOOT> introduced by @/tmp/IsaacLab/usd_20260814_190143_1824/configuration/lite3_pro_sensor_rig_real_with_interface_isaac_base.usd@</Lite3ProSensorRigRealWithInterfaceV1/FL_FOOT/visuals> (recomposing stage on stage @/tmp/IsaacLab/usd_20260814_190143_1824/lite3_pro_sensor_rig_real_with_interface_isaac.usd@ <0x5f6f4ee86850>)

2026-08-14T23:01:44Z [11,696ms] [Warning] [omni.usd] Warning: in _ReportErrors at line 3172 of /builds/omniverse/usd-ci/USD/pxr/usd/usd/stage.cpp -- In </Lite3ProSensorRigRealWithInterfaceV1/FL_FOOT/visuals>: Unresolved reference prim path @/tmp/IsaacLab/usd_20260814_190143_1824/configuration/lite3_pro_sensor_rig_real_with_interface_isaac_base.usd@</visuals/FL_FOOT> introduced by @/tmp/IsaacLab/usd_20260814_190143_1824/configuration/lite3_pro_sensor_rig_real_with_interface_isaac_base.usd@</Lite3ProSensorRigRealWithInterfaceV1/FL_FOOT/visuals> (recomposing stage on stage @/tmp/IsaacLab/usd_20260814_190143_1824/lite3_pro_sensor_rig_real_with_interface_isaac.usd@ <0x5f6f4ee86850>)

2026-08-14T23:01:44Z [11,696ms] [Warning] [omni.usd] Warning: in _ReportErrors at line 3172 of /builds/omniverse/usd-ci/USD/pxr/usd/usd/stage.cpp -- In </Lite3ProSensorRigRealWithInterfaceV1/FL_FOOT/visuals>: Unresolved reference prim path @/tmp/IsaacLab/usd_20260814_190143_1824/configuration/lite3_pro_sensor_rig_real_with_interface_isaac_base.usd@</visuals/FL_FOOT> introduced by @/tmp/IsaacLab/usd_20260814_190143_1824/configuration/lite3_pro_sensor_rig_real_with_interface_isaac_base.usd@</Lite3ProSensorRigRealWithInterfaceV1/FL_FOOT/visuals> (recomposing stage on stage @/tmp/IsaacLab/usd_20260814_190143_1824/lite3_pro_sensor_rig_real_with_interface_isaac.usd@ <0x5f6f4ee86850>)

2026-08-14T23:01:44Z [11,696ms] [Warning] [omni.usd] Warning: in _ReportErrors at line 3172 of /builds/omniverse/usd-ci/USD/pxr/usd/usd/stage.cpp -- In </Lite3ProSensorRigRealWithInterfaceV1/FR_FOOT/visuals>: Unresolved reference prim path @/tmp/IsaacLab/usd_20260814_190143_1824/configuration/lite3_pro_sensor_rig_real_with_interface_isaac_base.usd@</visuals/FR_FOOT> introduced by @/tmp/IsaacLab/usd_20260814_190143_1824/configuration/lite3_pro_sensor_rig_real_with_interface_isaac_base.usd@</Lite3ProSensorRigRealWithInterfaceV1/FR_FOOT/visuals> (recomposing stage on stage @/tmp/IsaacLab/usd_20260814_190143_1824/lite3_pro_sensor_rig_real_with_interface_isaac.usd@ <0x5f6f4ee86850>)

2026-08-14T23:01:44Z [11,696ms] [Warning] [omni.usd] Warning: in _ReportErrors at line 3172 of /builds/omniverse/usd-ci/USD/pxr/usd/usd/stage.cpp -- In </Lite3ProSensorRigRealWithInterfaceV1/FR_FOOT/visuals>: Unresolved reference prim path @/tmp/IsaacLab/usd_20260814_190143_1824/configuration/lite3_pro_sensor_rig_real_with_interface_isaac_base.usd@</visuals/FR_FOOT> introduced by @/tmp/IsaacLab/usd_20260814_190143_1824/configuration/lite3_pro_sensor_rig_real_with_interface_isaac_base.usd@</Lite3ProSensorRigRealWithInterfaceV1/FR_FOOT/visuals> (recomposing stage on stage @/tmp/IsaacLab/usd_20260814_190143_1824/lite3_pro_sensor_rig_real_with_interface_isaac.usd@ <0x5f6f4ee86850>)

2026-08-14T23:01:44Z [11,696ms] [Warning] [omni.usd] Warning: in _ReportErrors at line 3172 of /builds/omniverse/usd-ci/USD/pxr/usd/usd/stage.cpp -- In </Lite3ProSensorRigRealWithInterfaceV1/FR_FOOT/visuals>: Unresolved reference prim path @/tmp/IsaacLab/usd_20260814_190143_1824/configuration/lite3_pro_sensor_rig_real_with_interface_isaac_base.usd@</visuals/FR_FOOT> introduced by @/tmp/IsaacLab/usd_20260814_190143_1824/configuration/lite3_pro_sensor_rig_real_with_interface_isaac_base.usd@</Lite3ProSensorRigRealWithInterfaceV1/FR_FOOT/visuals> (recomposing stage on stage @/tmp/IsaacLab/usd_20260814_190143_1824/lite3_pro_sensor_rig_real_with_interface_isaac.usd@ <0x5f6f4ee86850>)

2026-08-14T23:01:44Z [11,696ms] [Warning] [omni.usd] Warning: in _ReportErrors at line 3172 of /builds/omniverse/usd-ci/USD/pxr/usd/usd/stage.cpp -- In </Lite3ProSensorRigRealWithInterfaceV1/HL_FOOT/visuals>: Unresolved reference prim path @/tmp/IsaacLab/usd_20260814_190143_1824/configuration/lite3_pro_sensor_rig_real_with_interface_isaac_base.usd@</visuals/HL_FOOT> introduced by @/tmp/IsaacLab/usd_20260814_190143_1824/configuration/lite3_pro_sensor_rig_real_with_interface_isaac_base.usd@</Lite3ProSensorRigRealWithInterfaceV1/HL_FOOT/visuals> (recomposing stage on stage @/tmp/IsaacLab/usd_20260814_190143_1824/lite3_pro_sensor_rig_real_with_interface_isaac.usd@ <0x5f6f4ee86850>)

2026-08-14T23:01:44Z [11,696ms] [Warning] [omni.usd] Warning: in _ReportErrors at line 3172 of /builds/omniverse/usd-ci/USD/pxr/usd/usd/stage.cpp -- In </Lite3ProSensorRigRealWithInterfaceV1/HL_FOOT/visuals>: Unresolved reference prim path @/tmp/IsaacLab/usd_20260814_190143_1824/configuration/lite3_pro_sensor_rig_real_with_interface_isaac_base.usd@</visuals/HL_FOOT> introduced by @/tmp/IsaacLab/usd_20260814_190143_1824/configuration/lite3_pro_sensor_rig_real_with_interface_isaac_base.usd@</Lite3ProSensorRigRealWithInterfaceV1/HL_FOOT/visuals> (recomposing stage on stage @/tmp/IsaacLab/usd_20260814_190143_1824/lite3_pro_sensor_rig_real_with_interface_isaac.usd@ <0x5f6f4ee86850>)

2026-08-14T23:01:44Z [11,696ms] [Warning] [omni.usd] Warning: in _ReportErrors at line 3172 of /builds/omniverse/usd-ci/USD/pxr/usd/usd/stage.cpp -- In </Lite3ProSensorRigRealWithInterfaceV1/HL_FOOT/visuals>: Unresolved reference prim path @/tmp/IsaacLab/usd_20260814_190143_1824/configuration/lite3_pro_sensor_rig_real_with_interface_isaac_base.usd@</visuals/HL_FOOT> introduced by @/tmp/IsaacLab/usd_20260814_190143_1824/configuration/lite3_pro_sensor_rig_real_with_interface_isaac_base.usd@</Lite3ProSensorRigRealWithInterfaceV1/HL_FOOT/visuals> (recomposing stage on stage @/tmp/IsaacLab/usd_20260814_190143_1824/lite3_pro_sensor_rig_real_with_interface_isaac.usd@ <0x5f6f4ee86850>)

2026-08-14T23:01:44Z [11,696ms] [Warning] [omni.usd] Warning: in _ReportErrors at line 3172 of /builds/omniverse/usd-ci/USD/pxr/usd/usd/stage.cpp -- In </Lite3ProSensorRigRealWithInterfaceV1/mid360_scan_frame/visuals>: Unresolved reference prim path @/tmp/IsaacLab/usd_20260814_190143_1824/configuration/lite3_pro_sensor_rig_real_with_interface_isaac_base.usd@</visuals/mid360_scan_frame> introduced by @/tmp/IsaacLab/usd_20260814_190143_1824/configuration/lite3_pro_sensor_rig_real_with_interface_isaac_base.usd@</Lite3ProSensorRigRealWithInterfaceV1/mid360_scan_frame/visuals> (recomposing stage on stage @/tmp/IsaacLab/usd_20260814_190143_1824/lite3_pro_sensor_rig_real_with_interface_isaac.usd@ <0x5f6f4ee86850>)

2026-08-14T23:01:44Z [11,696ms] [Warning] [omni.usd] Warning: in _ReportErrors at line 3172 of /builds/omniverse/usd-ci/USD/pxr/usd/usd/stage.cpp -- In </Lite3ProSensorRigRealWithInterfaceV1/mid360_scan_frame/visuals>: Unresolved reference prim path @/tmp/IsaacLab/usd_20260814_190143_1824/configuration/lite3_pro_sensor_rig_real_with_interface_isaac_base.usd@</visuals/mid360_scan_frame> introduced by @/tmp/IsaacLab/usd_20260814_190143_1824/configuration/lite3_pro_sensor_rig_real_with_interface_isaac_base.usd@</Lite3ProSensorRigRealWithInterfaceV1/mid360_scan_frame/visuals> (recomposing stage on stage @/tmp/IsaacLab/usd_20260814_190143_1824/lite3_pro_sensor_rig_real_with_interface_isaac.usd@ <0x5f6f4ee86850>)

2026-08-14T23:01:44Z [11,696ms] [Warning] [omni.usd] Warning: in _ReportErrors at line 3172 of /builds/omniverse/usd-ci/USD/pxr/usd/usd/stage.cpp -- In </Lite3ProSensorRigRealWithInterfaceV1/mid360_scan_frame/visuals>: Unresolved reference prim path @/tmp/IsaacLab/usd_20260814_190143_1824/configuration/lite3_pro_sensor_rig_real_with_interface_isaac_base.usd@</visuals/mid360_scan_frame> introduced by @/tmp/IsaacLab/usd_20260814_190143_1824/configuration/lite3_pro_sensor_rig_real_with_interface_isaac_base.usd@</Lite3ProSensorRigRealWithInterfaceV1/mid360_scan_frame/visuals> (recomposing stage on stage @/tmp/IsaacLab/usd_20260814_190143_1824/lite3_pro_sensor_rig_real_with_interface_isaac.usd@ <0x5f6f4ee86850>)

2026-08-14T23:01:44Z [11,696ms] [Warning] [omni.usd] Warning: in _ReportErrors at line 3172 of /builds/omniverse/usd-ci/USD/pxr/usd/usd/stage.cpp -- In </Lite3ProSensorRigRealWithInterfaceV1/HR_FOOT/visuals>: Unresolved reference prim path @/tmp/IsaacLab/usd_20260814_190143_1824/configuration/lite3_pro_sensor_rig_real_with_interface_isaac_base.usd@</visuals/HR_FOOT> introduced by @/tmp/IsaacLab/usd_20260814_190143_1824/configuration/lite3_pro_sensor_rig_real_with_interface_isaac_base.usd@</Lite3ProSensorRigRealWithInterfaceV1/HR_FOOT/visuals> (recomposing stage on stage @/tmp/IsaacLab/usd_20260814_190143_1824/lite3_pro_sensor_rig_real_with_interface_isaac.usd@ <0x5f6f4ee86850>)

2026-08-14T23:01:44Z [11,696ms] [Warning] [omni.usd] Warning: in _ReportErrors at line 3172 of /builds/omniverse/usd-ci/USD/pxr/usd/usd/stage.cpp -- In </Lite3ProSensorRigRealWithInterfaceV1/HR_FOOT/visuals>: Unresolved reference prim path @/tmp/IsaacLab/usd_20260814_190143_1824/configuration/lite3_pro_sensor_rig_real_with_interface_isaac_base.usd@</visuals/HR_FOOT> introduced by @/tmp/IsaacLab/usd_20260814_190143_1824/configuration/lite3_pro_sensor_rig_real_with_interface_isaac_base.usd@</Lite3ProSensorRigRealWithInterfaceV1/HR_FOOT/visuals> (recomposing stage on stage @/tmp/IsaacLab/usd_20260814_190143_1824/lite3_pro_sensor_rig_real_with_interface_isaac.usd@ <0x5f6f4ee86850>)

2026-08-14T23:01:44Z [11,696ms] [Warning] [omni.usd] Warning: in _ReportErrors at line 3172 of /builds/omniverse/usd-ci/USD/pxr/usd/usd/stage.cpp -- In </Lite3ProSensorRigRealWithInterfaceV1/HR_FOOT/visuals>: Unresolved reference prim path @/tmp/IsaacLab/usd_20260814_190143_1824/configuration/lite3_pro_sensor_rig_real_with_interface_isaac_base.usd@</visuals/HR_FOOT> introduced by @/tmp/IsaacLab/usd_20260814_190143_1824/configuration/lite3_pro_sensor_rig_real_with_interface_isaac_base.usd@</Lite3ProSensorRigRealWithInterfaceV1/HR_FOOT/visuals> (recomposing stage on stage @/tmp/IsaacLab/usd_20260814_190143_1824/lite3_pro_sensor_rig_real_with_interface_isaac.usd@ <0x5f6f4ee86850>)

2026-08-14T23:01:44Z [11,696ms] [Warning] [omni.usd] Warning: in _ReportErrors at line 3172 of /builds/omniverse/usd-ci/USD/pxr/usd/usd/stage.cpp -- In </Lite3ProSensorRigRealWithInterfaceV1/d435i_depth_optical_frame/visuals>: Unresolved reference prim path @/tmp/IsaacLab/usd_20260814_190143_1824/configuration/lite3_pro_sensor_rig_real_with_interface_isaac_base.usd@</visuals/d435i_depth_optical_frame> introduced by @/tmp/IsaacLab/usd_20260814_190143_1824/configuration/lite3_pro_sensor_rig_real_with_interface_isaac_base.usd@</Lite3ProSensorRigRealWithInterfaceV1/d435i_depth_optical_frame/visuals> (recomposing stage on stage @/tmp/IsaacLab/usd_20260814_190143_1824/lite3_pro_sensor_rig_real_with_interface_isaac.usd@ <0x5f6f4ee86850>)

2026-08-14T23:01:44Z [11,696ms] [Warning] [omni.usd] Warning: in _ReportErrors at line 3172 of /builds/omniverse/usd-ci/USD/pxr/usd/usd/stage.cpp -- In </Lite3ProSensorRigRealWithInterfaceV1/d435i_depth_optical_frame/visuals>: Unresolved reference prim path @/tmp/IsaacLab/usd_20260814_190143_1824/configuration/lite3_pro_sensor_rig_real_with_interface_isaac_base.usd@</visuals/d435i_depth_optical_frame> introduced by @/tmp/IsaacLab/usd_20260814_190143_1824/configuration/lite3_pro_sensor_rig_real_with_interface_isaac_base.usd@</Lite3ProSensorRigRealWithInterfaceV1/d435i_depth_optical_frame/visuals> (recomposing stage on stage @/tmp/IsaacLab/usd_20260814_190143_1824/lite3_pro_sensor_rig_real_with_interface_isaac.usd@ <0x5f6f4ee86850>)

2026-08-14T23:01:44Z [11,696ms] [Warning] [omni.usd] Warning: in _ReportErrors at line 3172 of /builds/omniverse/usd-ci/USD/pxr/usd/usd/stage.cpp -- In </Lite3ProSensorRigRealWithInterfaceV1/d435i_depth_optical_frame/visuals>: Unresolved reference prim path @/tmp/IsaacLab/usd_20260814_190143_1824/configuration/lite3_pro_sensor_rig_real_with_interface_isaac_base.usd@</visuals/d435i_depth_optical_frame> introduced by @/tmp/IsaacLab/usd_20260814_190143_1824/configuration/lite3_pro_sensor_rig_real_with_interface_isaac_base.usd@</Lite3ProSensorRigRealWithInterfaceV1/d435i_depth_optical_frame/visuals> (recomposing stage on stage @/tmp/IsaacLab/usd_20260814_190143_1824/lite3_pro_sensor_rig_real_with_interface_isaac.usd@ <0x5f6f4ee86850>)

2026-08-14T23:01:44Z [11,696ms] [Warning] [omni.usd] Warning: in _ReportErrors at line 3172 of /builds/omniverse/usd-ci/USD/pxr/usd/usd/stage.cpp -- In </Lite3ProSensorRigRealWithInterfaceV1/FL_FOOT/visuals>: Unresolved reference prim path @/tmp/IsaacLab/usd_20260814_190143_1824/configuration/lite3_pro_sensor_rig_real_with_interface_isaac_base.usd@</visuals/FL_FOOT> introduced by @/tmp/IsaacLab/usd_20260814_190143_1824/configuration/lite3_pro_sensor_rig_real_with_interface_isaac_base.usd@</Lite3ProSensorRigRealWithInterfaceV1/FL_FOOT/visuals> (recomposing stage on stage @/tmp/IsaacLab/usd_20260814_190143_1824/lite3_pro_sensor_rig_real_with_interface_isaac.usd@ <0x5f6f4ee81850>)

2026-08-14T23:01:44Z [11,696ms] [Warning] [omni.usd] Warning: in _ReportErrors at line 3172 of /builds/omniverse/usd-ci/USD/pxr/usd/usd/stage.cpp -- In </Lite3ProSensorRigRealWithInterfaceV1/FL_FOOT/visuals>: Unresolved reference prim path @/tmp/IsaacLab/usd_20260814_190143_1824/configuration/lite3_pro_sensor_rig_real_with_interface_isaac_base.usd@</visuals/FL_FOOT> introduced by @/tmp/IsaacLab/usd_20260814_190143_1824/configuration/lite3_pro_sensor_rig_real_with_interface_isaac_base.usd@</Lite3ProSensorRigRealWithInterfaceV1/FL_FOOT/visuals> (recomposing stage on stage @/tmp/IsaacLab/usd_20260814_190143_1824/lite3_pro_sensor_rig_real_with_interface_isaac.usd@ <0x5f6f4ee81850>)

2026-08-14T23:01:44Z [11,696ms] [Warning] [omni.usd] Warning: in _ReportErrors at line 3172 of /builds/omniverse/usd-ci/USD/pxr/usd/usd/stage.cpp -- In </Lite3ProSensorRigRealWithInterfaceV1/FL_FOOT/visuals>: Unresolved reference prim path @/tmp/IsaacLab/usd_20260814_190143_1824/configuration/lite3_pro_sensor_rig_real_with_interface_isaac_base.usd@</visuals/FL_FOOT> introduced by @/tmp/IsaacLab/usd_20260814_190143_1824/configuration/lite3_pro_sensor_rig_real_with_interface_isaac_base.usd@</Lite3ProSensorRigRealWithInterfaceV1/FL_FOOT/visuals> (recomposing stage on stage @/tmp/IsaacLab/usd_20260814_190143_1824/lite3_pro_sensor_rig_real_with_interface_isaac.usd@ <0x5f6f4ee81850>)

2026-08-14T23:01:44Z [11,696ms] [Warning] [omni.usd] Warning: in _ReportErrors at line 3172 of /builds/omniverse/usd-ci/USD/pxr/usd/usd/stage.cpp -- In </Lite3ProSensorRigRealWithInterfaceV1/FR_FOOT/visuals>: Unresolved reference prim path @/tmp/IsaacLab/usd_20260814_190143_1824/configuration/lite3_pro_sensor_rig_real_with_interface_isaac_base.usd@</visuals/FR_FOOT> introduced by @/tmp/IsaacLab/usd_20260814_190143_1824/configuration/lite3_pro_sensor_rig_real_with_interface_isaac_base.usd@</Lite3ProSensorRigRealWithInterfaceV1/FR_FOOT/visuals> (recomposing stage on stage @/tmp/IsaacLab/usd_20260814_190143_1824/lite3_pro_sensor_rig_real_with_interface_isaac.usd@ <0x5f6f4ee81850>)

2026-08-14T23:01:44Z [11,697ms] [Warning] [omni.usd] Warning: in _ReportErrors at line 3172 of /builds/omniverse/usd-ci/USD/pxr/usd/usd/stage.cpp -- In </Lite3ProSensorRigRealWithInterfaceV1/FR_FOOT/visuals>: Unresolved reference prim path @/tmp/IsaacLab/usd_20260814_190143_1824/configuration/lite3_pro_sensor_rig_real_with_interface_isaac_base.usd@</visuals/FR_FOOT> introduced by @/tmp/IsaacLab/usd_20260814_190143_1824/configuration/lite3_pro_sensor_rig_real_with_interface_isaac_base.usd@</Lite3ProSensorRigRealWithInterfaceV1/FR_FOOT/visuals> (recomposing stage on stage @/tmp/IsaacLab/usd_20260814_190143_1824/lite3_pro_sensor_rig_real_with_interface_isaac.usd@ <0x5f6f4ee81850>)

2026-08-14T23:01:44Z [11,697ms] [Warning] [omni.usd] Warning: in _ReportErrors at line 3172 of /builds/omniverse/usd-ci/USD/pxr/usd/usd/stage.cpp -- In </Lite3ProSensorRigRealWithInterfaceV1/FR_FOOT/visuals>: Unresolved reference prim path @/tmp/IsaacLab/usd_20260814_190143_1824/configuration/lite3_pro_sensor_rig_real_with_interface_isaac_base.usd@</visuals/FR_FOOT> introduced by @/tmp/IsaacLab/usd_20260814_190143_1824/configuration/lite3_pro_sensor_rig_real_with_interface_isaac_base.usd@</Lite3ProSensorRigRealWithInterfaceV1/FR_FOOT/visuals> (recomposing stage on stage @/tmp/IsaacLab/usd_20260814_190143_1824/lite3_pro_sensor_rig_real_with_interface_isaac.usd@ <0x5f6f4ee81850>)

2026-08-14T23:01:44Z [11,697ms] [Warning] [omni.usd] Warning: in _ReportErrors at line 3172 of /builds/omniverse/usd-ci/USD/pxr/usd/usd/stage.cpp -- In </Lite3ProSensorRigRealWithInterfaceV1/HL_FOOT/visuals>: Unresolved reference prim path @/tmp/IsaacLab/usd_20260814_190143_1824/configuration/lite3_pro_sensor_rig_real_with_interface_isaac_base.usd@</visuals/HL_FOOT> introduced by @/tmp/IsaacLab/usd_20260814_190143_1824/configuration/lite3_pro_sensor_rig_real_with_interface_isaac_base.usd@</Lite3ProSensorRigRealWithInterfaceV1/HL_FOOT/visuals> (recomposing stage on stage @/tmp/IsaacLab/usd_20260814_190143_1824/lite3_pro_sensor_rig_real_with_interface_isaac.usd@ <0x5f6f4ee81850>)

2026-08-14T23:01:44Z [11,697ms] [Warning] [omni.usd] Warning: in _ReportErrors at line 3172 of /builds/omniverse/usd-ci/USD/pxr/usd/usd/stage.cpp -- In </Lite3ProSensorRigRealWithInterfaceV1/HL_FOOT/visuals>: Unresolved reference prim path @/tmp/IsaacLab/usd_20260814_190143_1824/configuration/lite3_pro_sensor_rig_real_with_interface_isaac_base.usd@</visuals/HL_FOOT> introduced by @/tmp/IsaacLab/usd_20260814_190143_1824/configuration/lite3_pro_sensor_rig_real_with_interface_isaac_base.usd@</Lite3ProSensorRigRealWithInterfaceV1/HL_FOOT/visuals> (recomposing stage on stage @/tmp/IsaacLab/usd_20260814_190143_1824/lite3_pro_sensor_rig_real_with_interface_isaac.usd@ <0x5f6f4ee81850>)

2026-08-14T23:01:44Z [11,697ms] [Warning] [omni.usd] Warning: in _ReportErrors at line 3172 of /builds/omniverse/usd-ci/USD/pxr/usd/usd/stage.cpp -- In </Lite3ProSensorRigRealWithInterfaceV1/HL_FOOT/visuals>: Unresolved reference prim path @/tmp/IsaacLab/usd_20260814_190143_1824/configuration/lite3_pro_sensor_rig_real_with_interface_isaac_base.usd@</visuals/HL_FOOT> introduced by @/tmp/IsaacLab/usd_20260814_190143_1824/configuration/lite3_pro_sensor_rig_real_with_interface_isaac_base.usd@</Lite3ProSensorRigRealWithInterfaceV1/HL_FOOT/visuals> (recomposing stage on stage @/tmp/IsaacLab/usd_20260814_190143_1824/lite3_pro_sensor_rig_real_with_interface_isaac.usd@ <0x5f6f4ee81850>)

2026-08-14T23:01:44Z [11,697ms] [Warning] [omni.usd] Warning: in _ReportErrors at line 3172 of /builds/omniverse/usd-ci/USD/pxr/usd/usd/stage.cpp -- In </Lite3ProSensorRigRealWithInterfaceV1/mid360_scan_frame/visuals>: Unresolved reference prim path @/tmp/IsaacLab/usd_20260814_190143_1824/configuration/lite3_pro_sensor_rig_real_with_interface_isaac_base.usd@</visuals/mid360_scan_frame> introduced by @/tmp/IsaacLab/usd_20260814_190143_1824/configuration/lite3_pro_sensor_rig_real_with_interface_isaac_base.usd@</Lite3ProSensorRigRealWithInterfaceV1/mid360_scan_frame/visuals> (recomposing stage on stage @/tmp/IsaacLab/usd_20260814_190143_1824/lite3_pro_sensor_rig_real_with_interface_isaac.usd@ <0x5f6f4ee81850>)

2026-08-14T23:01:44Z [11,697ms] [Warning] [omni.usd] Warning: in _ReportErrors at line 3172 of /builds/omniverse/usd-ci/USD/pxr/usd/usd/stage.cpp -- In </Lite3ProSensorRigRealWithInterfaceV1/mid360_scan_frame/visuals>: Unresolved reference prim path @/tmp/IsaacLab/usd_20260814_190143_1824/configuration/lite3_pro_sensor_rig_real_with_interface_isaac_base.usd@</visuals/mid360_scan_frame> introduced by @/tmp/IsaacLab/usd_20260814_190143_1824/configuration/lite3_pro_sensor_rig_real_with_interface_isaac_base.usd@</Lite3ProSensorRigRealWithInterfaceV1/mid360_scan_frame/visuals> (recomposing stage on stage @/tmp/IsaacLab/usd_20260814_190143_1824/lite3_pro_sensor_rig_real_with_interface_isaac.usd@ <0x5f6f4ee81850>)

2026-08-14T23:01:44Z [11,697ms] [Warning] [omni.usd] Warning: in _ReportErrors at line 3172 of /builds/omniverse/usd-ci/USD/pxr/usd/usd/stage.cpp -- In </Lite3ProSensorRigRealWithInterfaceV1/mid360_scan_frame/visuals>: Unresolved reference prim path @/tmp/IsaacLab/usd_20260814_190143_1824/configuration/lite3_pro_sensor_rig_real_with_interface_isaac_base.usd@</visuals/mid360_scan_frame> introduced by @/tmp/IsaacLab/usd_20260814_190143_1824/configuration/lite3_pro_sensor_rig_real_with_interface_isaac_base.usd@</Lite3ProSensorRigRealWithInterfaceV1/mid360_scan_frame/visuals> (recomposing stage on stage @/tmp/IsaacLab/usd_20260814_190143_1824/lite3_pro_sensor_rig_real_with_interface_isaac.usd@ <0x5f6f4ee81850>)

2026-08-14T23:01:44Z [11,697ms] [Warning] [omni.usd] Warning: in _ReportErrors at line 3172 of /builds/omniverse/usd-ci/USD/pxr/usd/usd/stage.cpp -- In </Lite3ProSensorRigRealWithInterfaceV1/HR_FOOT/visuals>: Unresolved reference prim path @/tmp/IsaacLab/usd_20260814_190143_1824/configuration/lite3_pro_sensor_rig_real_with_interface_isaac_base.usd@</visuals/HR_FOOT> introduced by @/tmp/IsaacLab/usd_20260814_190143_1824/configuration/lite3_pro_sensor_rig_real_with_interface_isaac_base.usd@</Lite3ProSensorRigRealWithInterfaceV1/HR_FOOT/visuals> (recomposing stage on stage @/tmp/IsaacLab/usd_20260814_190143_1824/lite3_pro_sensor_rig_real_with_interface_isaac.usd@ <0x5f6f4ee81850>)

2026-08-14T23:01:44Z [11,697ms] [Warning] [omni.usd] Warning: in _ReportErrors at line 3172 of /builds/omniverse/usd-ci/USD/pxr/usd/usd/stage.cpp -- In </Lite3ProSensorRigRealWithInterfaceV1/HR_FOOT/visuals>: Unresolved reference prim path @/tmp/IsaacLab/usd_20260814_190143_1824/configuration/lite3_pro_sensor_rig_real_with_interface_isaac_base.usd@</visuals/HR_FOOT> introduced by @/tmp/IsaacLab/usd_20260814_190143_1824/configuration/lite3_pro_sensor_rig_real_with_interface_isaac_base.usd@</Lite3ProSensorRigRealWithInterfaceV1/HR_FOOT/visuals> (recomposing stage on stage @/tmp/IsaacLab/usd_20260814_190143_1824/lite3_pro_sensor_rig_real_with_interface_isaac.usd@ <0x5f6f4ee81850>)

2026-08-14T23:01:44Z [11,697ms] [Warning] [omni.usd] Warning: in _ReportErrors at line 3172 of /builds/omniverse/usd-ci/USD/pxr/usd/usd/stage.cpp -- In </Lite3ProSensorRigRealWithInterfaceV1/HR_FOOT/visuals>: Unresolved reference prim path @/tmp/IsaacLab/usd_20260814_190143_1824/configuration/lite3_pro_sensor_rig_real_with_interface_isaac_base.usd@</visuals/HR_FOOT> introduced by @/tmp/IsaacLab/usd_20260814_190143_1824/configuration/lite3_pro_sensor_rig_real_with_interface_isaac_base.usd@</Lite3ProSensorRigRealWithInterfaceV1/HR_FOOT/visuals> (recomposing stage on stage @/tmp/IsaacLab/usd_20260814_190143_1824/lite3_pro_sensor_rig_real_with_interface_isaac.usd@ <0x5f6f4ee81850>)

2026-08-14T23:01:44Z [11,697ms] [Warning] [omni.usd] Warning: in _ReportErrors at line 3172 of /builds/omniverse/usd-ci/USD/pxr/usd/usd/stage.cpp -- In </Lite3ProSensorRigRealWithInterfaceV1/d435i_depth_optical_frame/visuals>: Unresolved reference prim path @/tmp/IsaacLab/usd_20260814_190143_1824/configuration/lite3_pro_sensor_rig_real_with_interface_isaac_base.usd@</visuals/d435i_depth_optical_frame> introduced by @/tmp/IsaacLab/usd_20260814_190143_1824/configuration/lite3_pro_sensor_rig_real_with_interface_isaac_base.usd@</Lite3ProSensorRigRealWithInterfaceV1/d435i_depth_optical_frame/visuals> (recomposing stage on stage @/tmp/IsaacLab/usd_20260814_190143_1824/lite3_pro_sensor_rig_real_with_interface_isaac.usd@ <0x5f6f4ee81850>)

2026-08-14T23:01:44Z [11,697ms] [Warning] [omni.usd] Warning: in _ReportErrors at line 3172 of /builds/omniverse/usd-ci/USD/pxr/usd/usd/stage.cpp -- In </Lite3ProSensorRigRealWithInterfaceV1/d435i_depth_optical_frame/visuals>: Unresolved reference prim path @/tmp/IsaacLab/usd_20260814_190143_1824/configuration/lite3_pro_sensor_rig_real_with_interface_isaac_base.usd@</visuals/d435i_depth_optical_frame> introduced by @/tmp/IsaacLab/usd_20260814_190143_1824/configuration/lite3_pro_sensor_rig_real_with_interface_isaac_base.usd@</Lite3ProSensorRigRealWithInterfaceV1/d435i_depth_optical_frame/visuals> (recomposing stage on stage @/tmp/IsaacLab/usd_20260814_190143_1824/lite3_pro_sensor_rig_real_with_interface_isaac.usd@ <0x5f6f4ee81850>)

2026-08-14T23:01:44Z [11,697ms] [Warning] [omni.usd] Warning: in _ReportErrors at line 3172 of /builds/omniverse/usd-ci/USD/pxr/usd/usd/stage.cpp -- In </Lite3ProSensorRigRealWithInterfaceV1/d435i_depth_optical_frame/visuals>: Unresolved reference prim path @/tmp/IsaacLab/usd_20260814_190143_1824/configuration/lite3_pro_sensor_rig_real_with_interface_isaac_base.usd@</visuals/d435i_depth_optical_frame> introduced by @/tmp/IsaacLab/usd_20260814_190143_1824/configuration/lite3_pro_sensor_rig_real_with_interface_isaac_base.usd@</Lite3ProSensorRigRealWithInterfaceV1/d435i_depth_optical_frame/visuals> (recomposing stage on stage @/tmp/IsaacLab/usd_20260814_190143_1824/lite3_pro_sensor_rig_real_with_interface_isaac.usd@ <0x5f6f4ee81850>)

2026-08-14T23:01:44Z [11,698ms] [Warning] [omni.usd] Warning: in _ReportErrors at line 3172 of /builds/omniverse/usd-ci/USD/pxr/usd/usd/stage.cpp -- In </Lite3ProSensorRigRealWithInterfaceV1/FL_FOOT/visuals>: Unresolved reference prim path @/tmp/IsaacLab/usd_20260814_190143_1824/configuration/lite3_pro_sensor_rig_real_with_interface_isaac_physics.usd@</visuals/FL_FOOT> introduced by @/tmp/IsaacLab/usd_20260814_190143_1824/configuration/lite3_pro_sensor_rig_real_with_interface_isaac_base.usd@</Lite3ProSensorRigRealWithInterfaceV1/FL_FOOT/visuals> (recomposing stage on stage @/tmp/IsaacLab/usd_20260814_190143_1824/lite3_pro_sensor_rig_real_with_interface_isaac.usd@ <0x5f6f4ee86850>)

2026-08-14T23:01:44Z [11,698ms] [Warning] [omni.usd] Warning: in _ReportErrors at line 3172 of /builds/omniverse/usd-ci/USD/pxr/usd/usd/stage.cpp -- In </Lite3ProSensorRigRealWithInterfaceV1/FL_FOOT/visuals>: Unresolved reference prim path @/tmp/IsaacLab/usd_20260814_190143_1824/configuration/lite3_pro_sensor_rig_real_with_interface_isaac_physics.usd@</visuals/FL_FOOT> introduced by @/tmp/IsaacLab/usd_20260814_190143_1824/configuration/lite3_pro_sensor_rig_real_with_interface_isaac_base.usd@</Lite3ProSensorRigRealWithInterfaceV1/FL_FOOT/visuals> (recomposing stage on stage @/tmp/IsaacLab/usd_20260814_190143_1824/lite3_pro_sensor_rig_real_with_interface_isaac.usd@ <0x5f6f4ee86850>)

2026-08-14T23:01:44Z [11,698ms] [Warning] [omni.usd] Warning: in _ReportErrors at line 3172 of /builds/omniverse/usd-ci/USD/pxr/usd/usd/stage.cpp -- In </Lite3ProSensorRigRealWithInterfaceV1/FL_FOOT/visuals>: Unresolved reference prim path @/tmp/IsaacLab/usd_20260814_190143_1824/configuration/lite3_pro_sensor_rig_real_with_interface_isaac_physics.usd@</visuals/FL_FOOT> introduced by @/tmp/IsaacLab/usd_20260814_190143_1824/configuration/lite3_pro_sensor_rig_real_with_interface_isaac_base.usd@</Lite3ProSensorRigRealWithInterfaceV1/FL_FOOT/visuals> (recomposing stage on stage @/tmp/IsaacLab/usd_20260814_190143_1824/lite3_pro_sensor_rig_real_with_interface_isaac.usd@ <0x5f6f4ee86850>)

2026-08-14T23:01:44Z [11,698ms] [Warning] [omni.usd] Warning: in _ReportErrors at line 3172 of /builds/omniverse/usd-ci/USD/pxr/usd/usd/stage.cpp -- In </Lite3ProSensorRigRealWithInterfaceV1/FR_FOOT/visuals>: Unresolved reference prim path @/tmp/IsaacLab/usd_20260814_190143_1824/configuration/lite3_pro_sensor_rig_real_with_interface_isaac_physics.usd@</visuals/FR_FOOT> introduced by @/tmp/IsaacLab/usd_20260814_190143_1824/configuration/lite3_pro_sensor_rig_real_with_interface_isaac_base.usd@</Lite3ProSensorRigRealWithInterfaceV1/FR_FOOT/visuals> (recomposing stage on stage @/tmp/IsaacLab/usd_20260814_190143_1824/lite3_pro_sensor_rig_real_with_interface_isaac.usd@ <0x5f6f4ee86850>)

2026-08-14T23:01:44Z [11,698ms] [Warning] [omni.usd] Warning: in _ReportErrors at line 3172 of /builds/omniverse/usd-ci/USD/pxr/usd/usd/stage.cpp -- In </Lite3ProSensorRigRealWithInterfaceV1/FR_FOOT/visuals>: Unresolved reference prim path @/tmp/IsaacLab/usd_20260814_190143_1824/configuration/lite3_pro_sensor_rig_real_with_interface_isaac_physics.usd@</visuals/FR_FOOT> introduced by @/tmp/IsaacLab/usd_20260814_190143_1824/configuration/lite3_pro_sensor_rig_real_with_interface_isaac_base.usd@</Lite3ProSensorRigRealWithInterfaceV1/FR_FOOT/visuals> (recomposing stage on stage @/tmp/IsaacLab/usd_20260814_190143_1824/lite3_pro_sensor_rig_real_with_interface_isaac.usd@ <0x5f6f4ee86850>)

2026-08-14T23:01:44Z [11,698ms] [Warning] [omni.usd] Warning: in _ReportErrors at line 3172 of /builds/omniverse/usd-ci/USD/pxr/usd/usd/stage.cpp -- In </Lite3ProSensorRigRealWithInterfaceV1/FR_FOOT/visuals>: Unresolved reference prim path @/tmp/IsaacLab/usd_20260814_190143_1824/configuration/lite3_pro_sensor_rig_real_with_interface_isaac_physics.usd@</visuals/FR_FOOT> introduced by @/tmp/IsaacLab/usd_20260814_190143_1824/configuration/lite3_pro_sensor_rig_real_with_interface_isaac_base.usd@</Lite3ProSensorRigRealWithInterfaceV1/FR_FOOT/visuals> (recomposing stage on stage @/tmp/IsaacLab/usd_20260814_190143_1824/lite3_pro_sensor_rig_real_with_interface_isaac.usd@ <0x5f6f4ee86850>)

2026-08-14T23:01:44Z [11,698ms] [Warning] [omni.usd] Warning: in _ReportErrors at line 3172 of /builds/omniverse/usd-ci/USD/pxr/usd/usd/stage.cpp -- In </Lite3ProSensorRigRealWithInterfaceV1/HL_FOOT/visuals>: Unresolved reference prim path @/tmp/IsaacLab/usd_20260814_190143_1824/configuration/lite3_pro_sensor_rig_real_with_interface_isaac_physics.usd@</visuals/HL_FOOT> introduced by @/tmp/IsaacLab/usd_20260814_190143_1824/configuration/lite3_pro_sensor_rig_real_with_interface_isaac_base.usd@</Lite3ProSensorRigRealWithInterfaceV1/HL_FOOT/visuals> (recomposing stage on stage @/tmp/IsaacLab/usd_20260814_190143_1824/lite3_pro_sensor_rig_real_with_interface_isaac.usd@ <0x5f6f4ee86850>)

2026-08-14T23:01:44Z [11,698ms] [Warning] [omni.usd] Warning: in _ReportErrors at line 3172 of /builds/omniverse/usd-ci/USD/pxr/usd/usd/stage.cpp -- In </Lite3ProSensorRigRealWithInterfaceV1/HL_FOOT/visuals>: Unresolved reference prim path @/tmp/IsaacLab/usd_20260814_190143_1824/configuration/lite3_pro_sensor_rig_real_with_interface_isaac_physics.usd@</visuals/HL_FOOT> introduced by @/tmp/IsaacLab/usd_20260814_190143_1824/configuration/lite3_pro_sensor_rig_real_with_interface_isaac_base.usd@</Lite3ProSensorRigRealWithInterfaceV1/HL_FOOT/visuals> (recomposing stage on stage @/tmp/IsaacLab/usd_20260814_190143_1824/lite3_pro_sensor_rig_real_with_interface_isaac.usd@ <0x5f6f4ee86850>)

2026-08-14T23:01:44Z [11,698ms] [Warning] [omni.usd] Warning: in _ReportErrors at line 3172 of /builds/omniverse/usd-ci/USD/pxr/usd/usd/stage.cpp -- In </Lite3ProSensorRigRealWithInterfaceV1/HL_FOOT/visuals>: Unresolved reference prim path @/tmp/IsaacLab/usd_20260814_190143_1824/configuration/lite3_pro_sensor_rig_real_with_interface_isaac_physics.usd@</visuals/HL_FOOT> introduced by @/tmp/IsaacLab/usd_20260814_190143_1824/configuration/lite3_pro_sensor_rig_real_with_interface_isaac_base.usd@</Lite3ProSensorRigRealWithInterfaceV1/HL_FOOT/visuals> (recomposing stage on stage @/tmp/IsaacLab/usd_20260814_190143_1824/lite3_pro_sensor_rig_real_with_interface_isaac.usd@ <0x5f6f4ee86850>)

2026-08-14T23:01:44Z [11,698ms] [Warning] [omni.usd] Warning: in _ReportErrors at line 3172 of /builds/omniverse/usd-ci/USD/pxr/usd/usd/stage.cpp -- In </Lite3ProSensorRigRealWithInterfaceV1/mid360_scan_frame/visuals>: Unresolved reference prim path @/tmp/IsaacLab/usd_20260814_190143_1824/configuration/lite3_pro_sensor_rig_real_with_interface_isaac_physics.usd@</visuals/mid360_scan_frame> introduced by @/tmp/IsaacLab/usd_20260814_190143_1824/configuration/lite3_pro_sensor_rig_real_with_interface_isaac_base.usd@</Lite3ProSensorRigRealWithInterfaceV1/mid360_scan_frame/visuals> (recomposing stage on stage @/tmp/IsaacLab/usd_20260814_190143_1824/lite3_pro_sensor_rig_real_with_interface_isaac.usd@ <0x5f6f4ee86850>)

2026-08-14T23:01:44Z [11,698ms] [Warning] [omni.usd] Warning: in _ReportErrors at line 3172 of /builds/omniverse/usd-ci/USD/pxr/usd/usd/stage.cpp -- In </Lite3ProSensorRigRealWithInterfaceV1/mid360_scan_frame/visuals>: Unresolved reference prim path @/tmp/IsaacLab/usd_20260814_190143_1824/configuration/lite3_pro_sensor_rig_real_with_interface_isaac_physics.usd@</visuals/mid360_scan_frame> introduced by @/tmp/IsaacLab/usd_20260814_190143_1824/configuration/lite3_pro_sensor_rig_real_with_interface_isaac_base.usd@</Lite3ProSensorRigRealWithInterfaceV1/mid360_scan_frame/visuals> (recomposing stage on stage @/tmp/IsaacLab/usd_20260814_190143_1824/lite3_pro_sensor_rig_real_with_interface_isaac.usd@ <0x5f6f4ee86850>)

2026-08-14T23:01:44Z [11,698ms] [Warning] [omni.usd] Warning: in _ReportErrors at line 3172 of /builds/omniverse/usd-ci/USD/pxr/usd/usd/stage.cpp -- In </Lite3ProSensorRigRealWithInterfaceV1/mid360_scan_frame/visuals>: Unresolved reference prim path @/tmp/IsaacLab/usd_20260814_190143_1824/configuration/lite3_pro_sensor_rig_real_with_interface_isaac_physics.usd@</visuals/mid360_scan_frame> introduced by @/tmp/IsaacLab/usd_20260814_190143_1824/configuration/lite3_pro_sensor_rig_real_with_interface_isaac_base.usd@</Lite3ProSensorRigRealWithInterfaceV1/mid360_scan_frame/visuals> (recomposing stage on stage @/tmp/IsaacLab/usd_20260814_190143_1824/lite3_pro_sensor_rig_real_with_interface_isaac.usd@ <0x5f6f4ee86850>)

2026-08-14T23:01:44Z [11,698ms] [Warning] [omni.usd] Warning: in _ReportErrors at line 3172 of /builds/omniverse/usd-ci/USD/pxr/usd/usd/stage.cpp -- In </Lite3ProSensorRigRealWithInterfaceV1/d435i_depth_optical_frame/visuals>: Unresolved reference prim path @/tmp/IsaacLab/usd_20260814_190143_1824/configuration/lite3_pro_sensor_rig_real_with_interface_isaac_physics.usd@</visuals/d435i_depth_optical_frame> introduced by @/tmp/IsaacLab/usd_20260814_190143_1824/configuration/lite3_pro_sensor_rig_real_with_interface_isaac_base.usd@</Lite3ProSensorRigRealWithInterfaceV1/d435i_depth_optical_frame/visuals> (recomposing stage on stage @/tmp/IsaacLab/usd_20260814_190143_1824/lite3_pro_sensor_rig_real_with_interface_isaac.usd@ <0x5f6f4ee86850>)

2026-08-14T23:01:44Z [11,698ms] [Warning] [omni.usd] Warning: in _ReportErrors at line 3172 of /builds/omniverse/usd-ci/USD/pxr/usd/usd/stage.cpp -- In </Lite3ProSensorRigRealWithInterfaceV1/d435i_depth_optical_frame/visuals>: Unresolved reference prim path @/tmp/IsaacLab/usd_20260814_190143_1824/configuration/lite3_pro_sensor_rig_real_with_interface_isaac_physics.usd@</visuals/d435i_depth_optical_frame> introduced by @/tmp/IsaacLab/usd_20260814_190143_1824/configuration/lite3_pro_sensor_rig_real_with_interface_isaac_base.usd@</Lite3ProSensorRigRealWithInterfaceV1/d435i_depth_optical_frame/visuals> (recomposing stage on stage @/tmp/IsaacLab/usd_20260814_190143_1824/lite3_pro_sensor_rig_real_with_interface_isaac.usd@ <0x5f6f4ee86850>)

2026-08-14T23:01:44Z [11,698ms] [Warning] [omni.usd] Warning: in _ReportErrors at line 3172 of /builds/omniverse/usd-ci/USD/pxr/usd/usd/stage.cpp -- In </Lite3ProSensorRigRealWithInterfaceV1/d435i_depth_optical_frame/visuals>: Unresolved reference prim path @/tmp/IsaacLab/usd_20260814_190143_1824/configuration/lite3_pro_sensor_rig_real_with_interface_isaac_physics.usd@</visuals/d435i_depth_optical_frame> introduced by @/tmp/IsaacLab/usd_20260814_190143_1824/configuration/lite3_pro_sensor_rig_real_with_interface_isaac_base.usd@</Lite3ProSensorRigRealWithInterfaceV1/d435i_depth_optical_frame/visuals> (recomposing stage on stage @/tmp/IsaacLab/usd_20260814_190143_1824/lite3_pro_sensor_rig_real_with_interface_isaac.usd@ <0x5f6f4ee86850>)

2026-08-14T23:01:44Z [11,698ms] [Warning] [omni.usd] Warning: in _ReportErrors at line 3172 of /builds/omniverse/usd-ci/USD/pxr/usd/usd/stage.cpp -- In </Lite3ProSensorRigRealWithInterfaceV1/HR_FOOT/visuals>: Unresolved reference prim path @/tmp/IsaacLab/usd_20260814_190143_1824/configuration/lite3_pro_sensor_rig_real_with_interface_isaac_physics.usd@</visuals/HR_FOOT> introduced by @/tmp/IsaacLab/usd_20260814_190143_1824/configuration/lite3_pro_sensor_rig_real_with_interface_isaac_base.usd@</Lite3ProSensorRigRealWithInterfaceV1/HR_FOOT/visuals> (recomposing stage on stage @/tmp/IsaacLab/usd_20260814_190143_1824/lite3_pro_sensor_rig_real_with_interface_isaac.usd@ <0x5f6f4ee86850>)

2026-08-14T23:01:44Z [11,698ms] [Warning] [omni.usd] Warning: in _ReportErrors at line 3172 of /builds/omniverse/usd-ci/USD/pxr/usd/usd/stage.cpp -- In </Lite3ProSensorRigRealWithInterfaceV1/HR_FOOT/visuals>: Unresolved reference prim path @/tmp/IsaacLab/usd_20260814_190143_1824/configuration/lite3_pro_sensor_rig_real_with_interface_isaac_physics.usd@</visuals/HR_FOOT> introduced by @/tmp/IsaacLab/usd_20260814_190143_1824/configuration/lite3_pro_sensor_rig_real_with_interface_isaac_base.usd@</Lite3ProSensorRigRealWithInterfaceV1/HR_FOOT/visuals> (recomposing stage on stage @/tmp/IsaacLab/usd_20260814_190143_1824/lite3_pro_sensor_rig_real_with_interface_isaac.usd@ <0x5f6f4ee86850>)

2026-08-14T23:01:44Z [11,698ms] [Warning] [omni.usd] Warning: in _ReportErrors at line 3172 of /builds/omniverse/usd-ci/USD/pxr/usd/usd/stage.cpp -- In </Lite3ProSensorRigRealWithInterfaceV1/HR_FOOT/visuals>: Unresolved reference prim path @/tmp/IsaacLab/usd_20260814_190143_1824/configuration/lite3_pro_sensor_rig_real_with_interface_isaac_physics.usd@</visuals/HR_FOOT> introduced by @/tmp/IsaacLab/usd_20260814_190143_1824/configuration/lite3_pro_sensor_rig_real_with_interface_isaac_base.usd@</Lite3ProSensorRigRealWithInterfaceV1/HR_FOOT/visuals> (recomposing stage on stage @/tmp/IsaacLab/usd_20260814_190143_1824/lite3_pro_sensor_rig_real_with_interface_isaac.usd@ <0x5f6f4ee86850>)

2026-08-14T23:01:44Z [11,698ms] [Warning] [omni.usd] Warning: in _ReportErrors at line 3172 of /builds/omniverse/usd-ci/USD/pxr/usd/usd/stage.cpp -- In </Lite3ProSensorRigRealWithInterfaceV1/FL_FOOT/visuals>: Unresolved reference prim path @/tmp/IsaacLab/usd_20260814_190143_1824/configuration/lite3_pro_sensor_rig_real_with_interface_isaac_physics.usd@</visuals/FL_FOOT> introduced by @/tmp/IsaacLab/usd_20260814_190143_1824/configuration/lite3_pro_sensor_rig_real_with_interface_isaac_base.usd@</Lite3ProSensorRigRealWithInterfaceV1/FL_FOOT/visuals> (recomposing stage on stage @/tmp/IsaacLab/usd_20260814_190143_1824/lite3_pro_sensor_rig_real_with_interface_isaac.usd@ <0x5f6f4ee81850>)

2026-08-14T23:01:44Z [11,698ms] [Warning] [omni.usd] Warning: in _ReportErrors at line 3172 of /builds/omniverse/usd-ci/USD/pxr/usd/usd/stage.cpp -- In </Lite3ProSensorRigRealWithInterfaceV1/FL_FOOT/visuals>: Unresolved reference prim path @/tmp/IsaacLab/usd_20260814_190143_1824/configuration/lite3_pro_sensor_rig_real_with_interface_isaac_physics.usd@</visuals/FL_FOOT> introduced by @/tmp/IsaacLab/usd_20260814_190143_1824/configuration/lite3_pro_sensor_rig_real_with_interface_isaac_base.usd@</Lite3ProSensorRigRealWithInterfaceV1/FL_FOOT/visuals> (recomposing stage on stage @/tmp/IsaacLab/usd_20260814_190143_1824/lite3_pro_sensor_rig_real_with_interface_isaac.usd@ <0x5f6f4ee81850>)

2026-08-14T23:01:44Z [11,698ms] [Warning] [omni.usd] Warning: in _ReportErrors at line 3172 of /builds/omniverse/usd-ci/USD/pxr/usd/usd/stage.cpp -- In </Lite3ProSensorRigRealWithInterfaceV1/FL_FOOT/visuals>: Unresolved reference prim path @/tmp/IsaacLab/usd_20260814_190143_1824/configuration/lite3_pro_sensor_rig_real_with_interface_isaac_physics.usd@</visuals/FL_FOOT> introduced by @/tmp/IsaacLab/usd_20260814_190143_1824/configuration/lite3_pro_sensor_rig_real_with_interface_isaac_base.usd@</Lite3ProSensorRigRealWithInterfaceV1/FL_FOOT/visuals> (recomposing stage on stage @/tmp/IsaacLab/usd_20260814_190143_1824/lite3_pro_sensor_rig_real_with_interface_isaac.usd@ <0x5f6f4ee81850>)

2026-08-14T23:01:44Z [11,698ms] [Warning] [omni.usd] Warning: in _ReportErrors at line 3172 of /builds/omniverse/usd-ci/USD/pxr/usd/usd/stage.cpp -- In </Lite3ProSensorRigRealWithInterfaceV1/FR_FOOT/visuals>: Unresolved reference prim path @/tmp/IsaacLab/usd_20260814_190143_1824/configuration/lite3_pro_sensor_rig_real_with_interface_isaac_physics.usd@</visuals/FR_FOOT> introduced by @/tmp/IsaacLab/usd_20260814_190143_1824/configuration/lite3_pro_sensor_rig_real_with_interface_isaac_base.usd@</Lite3ProSensorRigRealWithInterfaceV1/FR_FOOT/visuals> (recomposing stage on stage @/tmp/IsaacLab/usd_20260814_190143_1824/lite3_pro_sensor_rig_real_with_interface_isaac.usd@ <0x5f6f4ee81850>)

2026-08-14T23:01:44Z [11,698ms] [Warning] [omni.usd] Warning: in _ReportErrors at line 3172 of /builds/omniverse/usd-ci/USD/pxr/usd/usd/stage.cpp -- In </Lite3ProSensorRigRealWithInterfaceV1/FR_FOOT/visuals>: Unresolved reference prim path @/tmp/IsaacLab/usd_20260814_190143_1824/configuration/lite3_pro_sensor_rig_real_with_interface_isaac_physics.usd@</visuals/FR_FOOT> introduced by @/tmp/IsaacLab/usd_20260814_190143_1824/configuration/lite3_pro_sensor_rig_real_with_interface_isaac_base.usd@</Lite3ProSensorRigRealWithInterfaceV1/FR_FOOT/visuals> (recomposing stage on stage @/tmp/IsaacLab/usd_20260814_190143_1824/lite3_pro_sensor_rig_real_with_interface_isaac.usd@ <0x5f6f4ee81850>)

2026-08-14T23:01:44Z [11,698ms] [Warning] [omni.usd] Warning: in _ReportErrors at line 3172 of /builds/omniverse/usd-ci/USD/pxr/usd/usd/stage.cpp -- In </Lite3ProSensorRigRealWithInterfaceV1/FR_FOOT/visuals>: Unresolved reference prim path @/tmp/IsaacLab/usd_20260814_190143_1824/configuration/lite3_pro_sensor_rig_real_with_interface_isaac_physics.usd@</visuals/FR_FOOT> introduced by @/tmp/IsaacLab/usd_20260814_190143_1824/configuration/lite3_pro_sensor_rig_real_with_interface_isaac_base.usd@</Lite3ProSensorRigRealWithInterfaceV1/FR_FOOT/visuals> (recomposing stage on stage @/tmp/IsaacLab/usd_20260814_190143_1824/lite3_pro_sensor_rig_real_with_interface_isaac.usd@ <0x5f6f4ee81850>)

2026-08-14T23:01:44Z [11,698ms] [Warning] [omni.usd] Warning: in _ReportErrors at line 3172 of /builds/omniverse/usd-ci/USD/pxr/usd/usd/stage.cpp -- In </Lite3ProSensorRigRealWithInterfaceV1/HL_FOOT/visuals>: Unresolved reference prim path @/tmp/IsaacLab/usd_20260814_190143_1824/configuration/lite3_pro_sensor_rig_real_with_interface_isaac_physics.usd@</visuals/HL_FOOT> introduced by @/tmp/IsaacLab/usd_20260814_190143_1824/configuration/lite3_pro_sensor_rig_real_with_interface_isaac_base.usd@</Lite3ProSensorRigRealWithInterfaceV1/HL_FOOT/visuals> (recomposing stage on stage @/tmp/IsaacLab/usd_20260814_190143_1824/lite3_pro_sensor_rig_real_with_interface_isaac.usd@ <0x5f6f4ee81850>)

2026-08-14T23:01:44Z [11,698ms] [Warning] [omni.usd] Warning: in _ReportErrors at line 3172 of /builds/omniverse/usd-ci/USD/pxr/usd/usd/stage.cpp -- In </Lite3ProSensorRigRealWithInterfaceV1/HL_FOOT/visuals>: Unresolved reference prim path @/tmp/IsaacLab/usd_20260814_190143_1824/configuration/lite3_pro_sensor_rig_real_with_interface_isaac_physics.usd@</visuals/HL_FOOT> introduced by @/tmp/IsaacLab/usd_20260814_190143_1824/configuration/lite3_pro_sensor_rig_real_with_interface_isaac_base.usd@</Lite3ProSensorRigRealWithInterfaceV1/HL_FOOT/visuals> (recomposing stage on stage @/tmp/IsaacLab/usd_20260814_190143_1824/lite3_pro_sensor_rig_real_with_interface_isaac.usd@ <0x5f6f4ee81850>)

2026-08-14T23:01:44Z [11,698ms] [Warning] [omni.usd] Warning: in _ReportErrors at line 3172 of /builds/omniverse/usd-ci/USD/pxr/usd/usd/stage.cpp -- In </Lite3ProSensorRigRealWithInterfaceV1/HL_FOOT/visuals>: Unresolved reference prim path @/tmp/IsaacLab/usd_20260814_190143_1824/configuration/lite3_pro_sensor_rig_real_with_interface_isaac_physics.usd@</visuals/HL_FOOT> introduced by @/tmp/IsaacLab/usd_20260814_190143_1824/configuration/lite3_pro_sensor_rig_real_with_interface_isaac_base.usd@</Lite3ProSensorRigRealWithInterfaceV1/HL_FOOT/visuals> (recomposing stage on stage @/tmp/IsaacLab/usd_20260814_190143_1824/lite3_pro_sensor_rig_real_with_interface_isaac.usd@ <0x5f6f4ee81850>)

2026-08-14T23:01:44Z [11,698ms] [Warning] [omni.usd] Warning: in _ReportErrors at line 3172 of /builds/omniverse/usd-ci/USD/pxr/usd/usd/stage.cpp -- In </Lite3ProSensorRigRealWithInterfaceV1/mid360_scan_frame/visuals>: Unresolved reference prim path @/tmp/IsaacLab/usd_20260814_190143_1824/configuration/lite3_pro_sensor_rig_real_with_interface_isaac_physics.usd@</visuals/mid360_scan_frame> introduced by @/tmp/IsaacLab/usd_20260814_190143_1824/configuration/lite3_pro_sensor_rig_real_with_interface_isaac_base.usd@</Lite3ProSensorRigRealWithInterfaceV1/mid360_scan_frame/visuals> (recomposing stage on stage @/tmp/IsaacLab/usd_20260814_190143_1824/lite3_pro_sensor_rig_real_with_interface_isaac.usd@ <0x5f6f4ee81850>)

2026-08-14T23:01:44Z [11,698ms] [Warning] [omni.usd] Warning: in _ReportErrors at line 3172 of /builds/omniverse/usd-ci/USD/pxr/usd/usd/stage.cpp -- In </Lite3ProSensorRigRealWithInterfaceV1/mid360_scan_frame/visuals>: Unresolved reference prim path @/tmp/IsaacLab/usd_20260814_190143_1824/configuration/lite3_pro_sensor_rig_real_with_interface_isaac_physics.usd@</visuals/mid360_scan_frame> introduced by @/tmp/IsaacLab/usd_20260814_190143_1824/configuration/lite3_pro_sensor_rig_real_with_interface_isaac_base.usd@</Lite3ProSensorRigRealWithInterfaceV1/mid360_scan_frame/visuals> (recomposing stage on stage @/tmp/IsaacLab/usd_20260814_190143_1824/lite3_pro_sensor_rig_real_with_interface_isaac.usd@ <0x5f6f4ee81850>)

2026-08-14T23:01:44Z [11,698ms] [Warning] [omni.usd] Warning: in _ReportErrors at line 3172 of /builds/omniverse/usd-ci/USD/pxr/usd/usd/stage.cpp -- In </Lite3ProSensorRigRealWithInterfaceV1/mid360_scan_frame/visuals>: Unresolved reference prim path @/tmp/IsaacLab/usd_20260814_190143_1824/configuration/lite3_pro_sensor_rig_real_with_interface_isaac_physics.usd@</visuals/mid360_scan_frame> introduced by @/tmp/IsaacLab/usd_20260814_190143_1824/configuration/lite3_pro_sensor_rig_real_with_interface_isaac_base.usd@</Lite3ProSensorRigRealWithInterfaceV1/mid360_scan_frame/visuals> (recomposing stage on stage @/tmp/IsaacLab/usd_20260814_190143_1824/lite3_pro_sensor_rig_real_with_interface_isaac.usd@ <0x5f6f4ee81850>)

2026-08-14T23:01:44Z [11,698ms] [Warning] [omni.usd] Warning: in _ReportErrors at line 3172 of /builds/omniverse/usd-ci/USD/pxr/usd/usd/stage.cpp -- In </Lite3ProSensorRigRealWithInterfaceV1/d435i_depth_optical_frame/visuals>: Unresolved reference prim path @/tmp/IsaacLab/usd_20260814_190143_1824/configuration/lite3_pro_sensor_rig_real_with_interface_isaac_physics.usd@</visuals/d435i_depth_optical_frame> introduced by @/tmp/IsaacLab/usd_20260814_190143_1824/configuration/lite3_pro_sensor_rig_real_with_interface_isaac_base.usd@</Lite3ProSensorRigRealWithInterfaceV1/d435i_depth_optical_frame/visuals> (recomposing stage on stage @/tmp/IsaacLab/usd_20260814_190143_1824/lite3_pro_sensor_rig_real_with_interface_isaac.usd@ <0x5f6f4ee81850>)

2026-08-14T23:01:44Z [11,698ms] [Warning] [omni.usd] Warning: in _ReportErrors at line 3172 of /builds/omniverse/usd-ci/USD/pxr/usd/usd/stage.cpp -- In </Lite3ProSensorRigRealWithInterfaceV1/d435i_depth_optical_frame/visuals>: Unresolved reference prim path @/tmp/IsaacLab/usd_20260814_190143_1824/configuration/lite3_pro_sensor_rig_real_with_interface_isaac_physics.usd@</visuals/d435i_depth_optical_frame> introduced by @/tmp/IsaacLab/usd_20260814_190143_1824/configuration/lite3_pro_sensor_rig_real_with_interface_isaac_base.usd@</Lite3ProSensorRigRealWithInterfaceV1/d435i_depth_optical_frame/visuals> (recomposing stage on stage @/tmp/IsaacLab/usd_20260814_190143_1824/lite3_pro_sensor_rig_real_with_interface_isaac.usd@ <0x5f6f4ee81850>)

2026-08-14T23:01:44Z [11,698ms] [Warning] [omni.usd] Warning: in _ReportErrors at line 3172 of /builds/omniverse/usd-ci/USD/pxr/usd/usd/stage.cpp -- In </Lite3ProSensorRigRealWithInterfaceV1/d435i_depth_optical_frame/visuals>: Unresolved reference prim path @/tmp/IsaacLab/usd_20260814_190143_1824/configuration/lite3_pro_sensor_rig_real_with_interface_isaac_physics.usd@</visuals/d435i_depth_optical_frame> introduced by @/tmp/IsaacLab/usd_20260814_190143_1824/configuration/lite3_pro_sensor_rig_real_with_interface_isaac_base.usd@</Lite3ProSensorRigRealWithInterfaceV1/d435i_depth_optical_frame/visuals> (recomposing stage on stage @/tmp/IsaacLab/usd_20260814_190143_1824/lite3_pro_sensor_rig_real_with_interface_isaac.usd@ <0x5f6f4ee81850>)

2026-08-14T23:01:44Z [11,698ms] [Warning] [omni.usd] Warning: in _ReportErrors at line 3172 of /builds/omniverse/usd-ci/USD/pxr/usd/usd/stage.cpp -- In </Lite3ProSensorRigRealWithInterfaceV1/HR_FOOT/visuals>: Unresolved reference prim path @/tmp/IsaacLab/usd_20260814_190143_1824/configuration/lite3_pro_sensor_rig_real_with_interface_isaac_physics.usd@</visuals/HR_FOOT> introduced by @/tmp/IsaacLab/usd_20260814_190143_1824/configuration/lite3_pro_sensor_rig_real_with_interface_isaac_base.usd@</Lite3ProSensorRigRealWithInterfaceV1/HR_FOOT/visuals> (recomposing stage on stage @/tmp/IsaacLab/usd_20260814_190143_1824/lite3_pro_sensor_rig_real_with_interface_isaac.usd@ <0x5f6f4ee81850>)

2026-08-14T23:01:44Z [11,698ms] [Warning] [omni.usd] Warning: in _ReportErrors at line 3172 of /builds/omniverse/usd-ci/USD/pxr/usd/usd/stage.cpp -- In </Lite3ProSensorRigRealWithInterfaceV1/HR_FOOT/visuals>: Unresolved reference prim path @/tmp/IsaacLab/usd_20260814_190143_1824/configuration/lite3_pro_sensor_rig_real_with_interface_isaac_physics.usd@</visuals/HR_FOOT> introduced by @/tmp/IsaacLab/usd_20260814_190143_1824/configuration/lite3_pro_sensor_rig_real_with_interface_isaac_base.usd@</Lite3ProSensorRigRealWithInterfaceV1/HR_FOOT/visuals> (recomposing stage on stage @/tmp/IsaacLab/usd_20260814_190143_1824/lite3_pro_sensor_rig_real_with_interface_isaac.usd@ <0x5f6f4ee81850>)

2026-08-14T23:01:44Z [11,698ms] [Warning] [omni.usd] Warning: in _ReportErrors at line 3172 of /builds/omniverse/usd-ci/USD/pxr/usd/usd/stage.cpp -- In </Lite3ProSensorRigRealWithInterfaceV1/HR_FOOT/visuals>: Unresolved reference prim path @/tmp/IsaacLab/usd_20260814_190143_1824/configuration/lite3_pro_sensor_rig_real_with_interface_isaac_physics.usd@</visuals/HR_FOOT> introduced by @/tmp/IsaacLab/usd_20260814_190143_1824/configuration/lite3_pro_sensor_rig_real_with_interface_isaac_base.usd@</Lite3ProSensorRigRealWithInterfaceV1/HR_FOOT/visuals> (recomposing stage on stage @/tmp/IsaacLab/usd_20260814_190143_1824/lite3_pro_sensor_rig_real_with_interface_isaac.usd@ <0x5f6f4ee81850>)

2026-08-14T23:01:44Z [11,699ms] [Warning] [omni.usd] Warning: in _ReportErrors at line 3172 of /builds/omniverse/usd-ci/USD/pxr/usd/usd/stage.cpp -- In </Lite3ProSensorRigRealWithInterfaceV1/FR_FOOT/visuals>: Unresolved reference prim path @/tmp/IsaacLab/usd_20260814_190143_1824/configuration/lite3_pro_sensor_rig_real_with_interface_isaac_physics.usd@</visuals/FR_FOOT> introduced by @/tmp/IsaacLab/usd_20260814_190143_1824/configuration/lite3_pro_sensor_rig_real_with_interface_isaac_base.usd@</Lite3ProSensorRigRealWithInterfaceV1/FR_FOOT/visuals> (recomposing stage on stage @/tmp/IsaacLab/usd_20260814_190143_1824/lite3_pro_sensor_rig_real_with_interface_isaac.usd@ <0x5f6f4ee86850>)

2026-08-14T23:01:44Z [11,699ms] [Warning] [omni.usd] Warning: in _ReportErrors at line 3172 of /builds/omniverse/usd-ci/USD/pxr/usd/usd/stage.cpp -- In </Lite3ProSensorRigRealWithInterfaceV1/FR_FOOT/visuals>: Unresolved reference prim path @/tmp/IsaacLab/usd_20260814_190143_1824/configuration/lite3_pro_sensor_rig_real_with_interface_isaac_physics.usd@</visuals/FR_FOOT> introduced by @/tmp/IsaacLab/usd_20260814_190143_1824/configuration/lite3_pro_sensor_rig_real_with_interface_isaac_base.usd@</Lite3ProSensorRigRealWithInterfaceV1/FR_FOOT/visuals> (recomposing stage on stage @/tmp/IsaacLab/usd_20260814_190143_1824/lite3_pro_sensor_rig_real_with_interface_isaac.usd@ <0x5f6f4ee86850>)

2026-08-14T23:01:44Z [11,699ms] [Warning] [omni.usd] Warning: in _ReportErrors at line 3172 of /builds/omniverse/usd-ci/USD/pxr/usd/usd/stage.cpp -- In </Lite3ProSensorRigRealWithInterfaceV1/FR_FOOT/visuals>: Unresolved reference prim path @/tmp/IsaacLab/usd_20260814_190143_1824/configuration/lite3_pro_sensor_rig_real_with_interface_isaac_physics.usd@</visuals/FR_FOOT> introduced by @/tmp/IsaacLab/usd_20260814_190143_1824/configuration/lite3_pro_sensor_rig_real_with_interface_isaac_base.usd@</Lite3ProSensorRigRealWithInterfaceV1/FR_FOOT/visuals> (recomposing stage on stage @/tmp/IsaacLab/usd_20260814_190143_1824/lite3_pro_sensor_rig_real_with_interface_isaac.usd@ <0x5f6f4ee86850>)

2026-08-14T23:01:44Z [11,699ms] [Warning] [omni.usd] Warning: in _ReportErrors at line 3172 of /builds/omniverse/usd-ci/USD/pxr/usd/usd/stage.cpp -- In </Lite3ProSensorRigRealWithInterfaceV1/FL_FOOT/visuals>: Unresolved reference prim path @/tmp/IsaacLab/usd_20260814_190143_1824/configuration/lite3_pro_sensor_rig_real_with_interface_isaac_physics.usd@</visuals/FL_FOOT> introduced by @/tmp/IsaacLab/usd_20260814_190143_1824/configuration/lite3_pro_sensor_rig_real_with_interface_isaac_base.usd@</Lite3ProSensorRigRealWithInterfaceV1/FL_FOOT/visuals> (recomposing stage on stage @/tmp/IsaacLab/usd_20260814_190143_1824/lite3_pro_sensor_rig_real_with_interface_isaac.usd@ <0x5f6f4ee86850>)

2026-08-14T23:01:44Z [11,699ms] [Warning] [omni.usd] Warning: in _ReportErrors at line 3172 of /builds/omniverse/usd-ci/USD/pxr/usd/usd/stage.cpp -- In </Lite3ProSensorRigRealWithInterfaceV1/FL_FOOT/visuals>: Unresolved reference prim path @/tmp/IsaacLab/usd_20260814_190143_1824/configuration/lite3_pro_sensor_rig_real_with_interface_isaac_physics.usd@</visuals/FL_FOOT> introduced by @/tmp/IsaacLab/usd_20260814_190143_1824/configuration/lite3_pro_sensor_rig_real_with_interface_isaac_base.usd@</Lite3ProSensorRigRealWithInterfaceV1/FL_FOOT/visuals> (recomposing stage on stage @/tmp/IsaacLab/usd_20260814_190143_1824/lite3_pro_sensor_rig_real_with_interface_isaac.usd@ <0x5f6f4ee86850>)

2026-08-14T23:01:44Z [11,699ms] [Warning] [omni.usd] Warning: in _ReportErrors at line 3172 of /builds/omniverse/usd-ci/USD/pxr/usd/usd/stage.cpp -- In </Lite3ProSensorRigRealWithInterfaceV1/FL_FOOT/visuals>: Unresolved reference prim path @/tmp/IsaacLab/usd_20260814_190143_1824/configuration/lite3_pro_sensor_rig_real_with_interface_isaac_physics.usd@</visuals/FL_FOOT> introduced by @/tmp/IsaacLab/usd_20260814_190143_1824/configuration/lite3_pro_sensor_rig_real_with_interface_isaac_base.usd@</Lite3ProSensorRigRealWithInterfaceV1/FL_FOOT/visuals> (recomposing stage on stage @/tmp/IsaacLab/usd_20260814_190143_1824/lite3_pro_sensor_rig_real_with_interface_isaac.usd@ <0x5f6f4ee86850>)

2026-08-14T23:01:44Z [11,699ms] [Warning] [omni.usd] Warning: in _ReportErrors at line 3172 of /builds/omniverse/usd-ci/USD/pxr/usd/usd/stage.cpp -- In </Lite3ProSensorRigRealWithInterfaceV1/HL_FOOT/visuals>: Unresolved reference prim path @/tmp/IsaacLab/usd_20260814_190143_1824/configuration/lite3_pro_sensor_rig_real_with_interface_isaac_physics.usd@</visuals/HL_FOOT> introduced by @/tmp/IsaacLab/usd_20260814_190143_1824/configuration/lite3_pro_sensor_rig_real_with_interface_isaac_base.usd@</Lite3ProSensorRigRealWithInterfaceV1/HL_FOOT/visuals> (recomposing stage on stage @/tmp/IsaacLab/usd_20260814_190143_1824/lite3_pro_sensor_rig_real_with_interface_isaac.usd@ <0x5f6f4ee86850>)

2026-08-14T23:01:44Z [11,699ms] [Warning] [omni.usd] Warning: in _ReportErrors at line 3172 of /builds/omniverse/usd-ci/USD/pxr/usd/usd/stage.cpp -- In </Lite3ProSensorRigRealWithInterfaceV1/HL_FOOT/visuals>: Unresolved reference prim path @/tmp/IsaacLab/usd_20260814_190143_1824/configuration/lite3_pro_sensor_rig_real_with_interface_isaac_physics.usd@</visuals/HL_FOOT> introduced by @/tmp/IsaacLab/usd_20260814_190143_1824/configuration/lite3_pro_sensor_rig_real_with_interface_isaac_base.usd@</Lite3ProSensorRigRealWithInterfaceV1/HL_FOOT/visuals> (recomposing stage on stage @/tmp/IsaacLab/usd_20260814_190143_1824/lite3_pro_sensor_rig_real_with_interface_isaac.usd@ <0x5f6f4ee86850>)

2026-08-14T23:01:44Z [11,699ms] [Warning] [omni.usd] Warning: in _ReportErrors at line 3172 of /builds/omniverse/usd-ci/USD/pxr/usd/usd/stage.cpp -- In </Lite3ProSensorRigRealWithInterfaceV1/HL_FOOT/visuals>: Unresolved reference prim path @/tmp/IsaacLab/usd_20260814_190143_1824/configuration/lite3_pro_sensor_rig_real_with_interface_isaac_physics.usd@</visuals/HL_FOOT> introduced by @/tmp/IsaacLab/usd_20260814_190143_1824/configuration/lite3_pro_sensor_rig_real_with_interface_isaac_base.usd@</Lite3ProSensorRigRealWithInterfaceV1/HL_FOOT/visuals> (recomposing stage on stage @/tmp/IsaacLab/usd_20260814_190143_1824/lite3_pro_sensor_rig_real_with_interface_isaac.usd@ <0x5f6f4ee86850>)

2026-08-14T23:01:44Z [11,699ms] [Warning] [omni.usd] Warning: in _ReportErrors at line 3172 of /builds/omniverse/usd-ci/USD/pxr/usd/usd/stage.cpp -- In </Lite3ProSensorRigRealWithInterfaceV1/mid360_scan_frame/visuals>: Unresolved reference prim path @/tmp/IsaacLab/usd_20260814_190143_1824/configuration/lite3_pro_sensor_rig_real_with_interface_isaac_physics.usd@</visuals/mid360_scan_frame> introduced by @/tmp/IsaacLab/usd_20260814_190143_1824/configuration/lite3_pro_sensor_rig_real_with_interface_isaac_base.usd@</Lite3ProSensorRigRealWithInterfaceV1/mid360_scan_frame/visuals> (recomposing stage on stage @/tmp/IsaacLab/usd_20260814_190143_1824/lite3_pro_sensor_rig_real_with_interface_isaac.usd@ <0x5f6f4ee86850>)

2026-08-14T23:01:44Z [11,699ms] [Warning] [omni.usd] Warning: in _ReportErrors at line 3172 of /builds/omniverse/usd-ci/USD/pxr/usd/usd/stage.cpp -- In </Lite3ProSensorRigRealWithInterfaceV1/mid360_scan_frame/visuals>: Unresolved reference prim path @/tmp/IsaacLab/usd_20260814_190143_1824/configuration/lite3_pro_sensor_rig_real_with_interface_isaac_physics.usd@</visuals/mid360_scan_frame> introduced by @/tmp/IsaacLab/usd_20260814_190143_1824/configuration/lite3_pro_sensor_rig_real_with_interface_isaac_base.usd@</Lite3ProSensorRigRealWithInterfaceV1/mid360_scan_frame/visuals> (recomposing stage on stage @/tmp/IsaacLab/usd_20260814_190143_1824/lite3_pro_sensor_rig_real_with_interface_isaac.usd@ <0x5f6f4ee86850>)

2026-08-14T23:01:44Z [11,699ms] [Warning] [omni.usd] Warning: in _ReportErrors at line 3172 of /builds/omniverse/usd-ci/USD/pxr/usd/usd/stage.cpp -- In </Lite3ProSensorRigRealWithInterfaceV1/mid360_scan_frame/visuals>: Unresolved reference prim path @/tmp/IsaacLab/usd_20260814_190143_1824/configuration/lite3_pro_sensor_rig_real_with_interface_isaac_physics.usd@</visuals/mid360_scan_frame> introduced by @/tmp/IsaacLab/usd_20260814_190143_1824/configuration/lite3_pro_sensor_rig_real_with_interface_isaac_base.usd@</Lite3ProSensorRigRealWithInterfaceV1/mid360_scan_frame/visuals> (recomposing stage on stage @/tmp/IsaacLab/usd_20260814_190143_1824/lite3_pro_sensor_rig_real_with_interface_isaac.usd@ <0x5f6f4ee86850>)

2026-08-14T23:01:44Z [11,699ms] [Warning] [omni.usd] Warning: in _ReportErrors at line 3172 of /builds/omniverse/usd-ci/USD/pxr/usd/usd/stage.cpp -- In </Lite3ProSensorRigRealWithInterfaceV1/HR_FOOT/visuals>: Unresolved reference prim path @/tmp/IsaacLab/usd_20260814_190143_1824/configuration/lite3_pro_sensor_rig_real_with_interface_isaac_physics.usd@</visuals/HR_FOOT> introduced by @/tmp/IsaacLab/usd_20260814_190143_1824/configuration/lite3_pro_sensor_rig_real_with_interface_isaac_base.usd@</Lite3ProSensorRigRealWithInterfaceV1/HR_FOOT/visuals> (recomposing stage on stage @/tmp/IsaacLab/usd_20260814_190143_1824/lite3_pro_sensor_rig_real_with_interface_isaac.usd@ <0x5f6f4ee86850>)

2026-08-14T23:01:44Z [11,699ms] [Warning] [omni.usd] Warning: in _ReportErrors at line 3172 of /builds/omniverse/usd-ci/USD/pxr/usd/usd/stage.cpp -- In </Lite3ProSensorRigRealWithInterfaceV1/HR_FOOT/visuals>: Unresolved reference prim path @/tmp/IsaacLab/usd_20260814_190143_1824/configuration/lite3_pro_sensor_rig_real_with_interface_isaac_physics.usd@</visuals/HR_FOOT> introduced by @/tmp/IsaacLab/usd_20260814_190143_1824/configuration/lite3_pro_sensor_rig_real_with_interface_isaac_base.usd@</Lite3ProSensorRigRealWithInterfaceV1/HR_FOOT/visuals> (recomposing stage on stage @/tmp/IsaacLab/usd_20260814_190143_1824/lite3_pro_sensor_rig_real_with_interface_isaac.usd@ <0x5f6f4ee86850>)

2026-08-14T23:01:44Z [11,699ms] [Warning] [omni.usd] Warning: in _ReportErrors at line 3172 of /builds/omniverse/usd-ci/USD/pxr/usd/usd/stage.cpp -- In </Lite3ProSensorRigRealWithInterfaceV1/HR_FOOT/visuals>: Unresolved reference prim path @/tmp/IsaacLab/usd_20260814_190143_1824/configuration/lite3_pro_sensor_rig_real_with_interface_isaac_physics.usd@</visuals/HR_FOOT> introduced by @/tmp/IsaacLab/usd_20260814_190143_1824/configuration/lite3_pro_sensor_rig_real_with_interface_isaac_base.usd@</Lite3ProSensorRigRealWithInterfaceV1/HR_FOOT/visuals> (recomposing stage on stage @/tmp/IsaacLab/usd_20260814_190143_1824/lite3_pro_sensor_rig_real_with_interface_isaac.usd@ <0x5f6f4ee86850>)

2026-08-14T23:01:44Z [11,699ms] [Warning] [omni.usd] Warning: in _ReportErrors at line 3172 of /builds/omniverse/usd-ci/USD/pxr/usd/usd/stage.cpp -- In </Lite3ProSensorRigRealWithInterfaceV1/d435i_depth_optical_frame/visuals>: Unresolved reference prim path @/tmp/IsaacLab/usd_20260814_190143_1824/configuration/lite3_pro_sensor_rig_real_with_interface_isaac_physics.usd@</visuals/d435i_depth_optical_frame> introduced by @/tmp/IsaacLab/usd_20260814_190143_1824/configuration/lite3_pro_sensor_rig_real_with_interface_isaac_base.usd@</Lite3ProSensorRigRealWithInterfaceV1/d435i_depth_optical_frame/visuals> (recomposing stage on stage @/tmp/IsaacLab/usd_20260814_190143_1824/lite3_pro_sensor_rig_real_with_interface_isaac.usd@ <0x5f6f4ee86850>)

2026-08-14T23:01:44Z [11,699ms] [Warning] [omni.usd] Warning: in _ReportErrors at line 3172 of /builds/omniverse/usd-ci/USD/pxr/usd/usd/stage.cpp -- In </Lite3ProSensorRigRealWithInterfaceV1/d435i_depth_optical_frame/visuals>: Unresolved reference prim path @/tmp/IsaacLab/usd_20260814_190143_1824/configuration/lite3_pro_sensor_rig_real_with_interface_isaac_physics.usd@</visuals/d435i_depth_optical_frame> introduced by @/tmp/IsaacLab/usd_20260814_190143_1824/configuration/lite3_pro_sensor_rig_real_with_interface_isaac_base.usd@</Lite3ProSensorRigRealWithInterfaceV1/d435i_depth_optical_frame/visuals> (recomposing stage on stage @/tmp/IsaacLab/usd_20260814_190143_1824/lite3_pro_sensor_rig_real_with_interface_isaac.usd@ <0x5f6f4ee86850>)

2026-08-14T23:01:44Z [11,699ms] [Warning] [omni.usd] Warning: in _ReportErrors at line 3172 of /builds/omniverse/usd-ci/USD/pxr/usd/usd/stage.cpp -- In </Lite3ProSensorRigRealWithInterfaceV1/d435i_depth_optical_frame/visuals>: Unresolved reference prim path @/tmp/IsaacLab/usd_20260814_190143_1824/configuration/lite3_pro_sensor_rig_real_with_interface_isaac_physics.usd@</visuals/d435i_depth_optical_frame> introduced by @/tmp/IsaacLab/usd_20260814_190143_1824/configuration/lite3_pro_sensor_rig_real_with_interface_isaac_base.usd@</Lite3ProSensorRigRealWithInterfaceV1/d435i_depth_optical_frame/visuals> (recomposing stage on stage @/tmp/IsaacLab/usd_20260814_190143_1824/lite3_pro_sensor_rig_real_with_interface_isaac.usd@ <0x5f6f4ee86850>)

2026-08-14T23:01:44Z [11,700ms] [Warning] [omni.usd] Warning: in _ReportErrors at line 3172 of /builds/omniverse/usd-ci/USD/pxr/usd/usd/stage.cpp -- In </Lite3ProSensorRigRealWithInterfaceV1/FR_FOOT/visuals>: Unresolved reference prim path @/tmp/IsaacLab/usd_20260814_190143_1824/configuration/lite3_pro_sensor_rig_real_with_interface_isaac_physics.usd@</visuals/FR_FOOT> introduced by @/tmp/IsaacLab/usd_20260814_190143_1824/configuration/lite3_pro_sensor_rig_real_with_interface_isaac_base.usd@</Lite3ProSensorRigRealWithInterfaceV1/FR_FOOT/visuals> (recomposing stage on stage @/tmp/IsaacLab/usd_20260814_190143_1824/lite3_pro_sensor_rig_real_with_interface_isaac.usd@ <0x5f6f4ee81850>)

2026-08-14T23:01:44Z [11,700ms] [Warning] [omni.usd] Warning: in _ReportErrors at line 3172 of /builds/omniverse/usd-ci/USD/pxr/usd/usd/stage.cpp -- In </Lite3ProSensorRigRealWithInterfaceV1/FR_FOOT/visuals>: Unresolved reference prim path @/tmp/IsaacLab/usd_20260814_190143_1824/configuration/lite3_pro_sensor_rig_real_with_interface_isaac_physics.usd@</visuals/FR_FOOT> introduced by @/tmp/IsaacLab/usd_20260814_190143_1824/configuration/lite3_pro_sensor_rig_real_with_interface_isaac_base.usd@</Lite3ProSensorRigRealWithInterfaceV1/FR_FOOT/visuals> (recomposing stage on stage @/tmp/IsaacLab/usd_20260814_190143_1824/lite3_pro_sensor_rig_real_with_interface_isaac.usd@ <0x5f6f4ee81850>)

2026-08-14T23:01:44Z [11,700ms] [Warning] [omni.usd] Warning: in _ReportErrors at line 3172 of /builds/omniverse/usd-ci/USD/pxr/usd/usd/stage.cpp -- In </Lite3ProSensorRigRealWithInterfaceV1/FR_FOOT/visuals>: Unresolved reference prim path @/tmp/IsaacLab/usd_20260814_190143_1824/configuration/lite3_pro_sensor_rig_real_with_interface_isaac_physics.usd@</visuals/FR_FOOT> introduced by @/tmp/IsaacLab/usd_20260814_190143_1824/configuration/lite3_pro_sensor_rig_real_with_interface_isaac_base.usd@</Lite3ProSensorRigRealWithInterfaceV1/FR_FOOT/visuals> (recomposing stage on stage @/tmp/IsaacLab/usd_20260814_190143_1824/lite3_pro_sensor_rig_real_with_interface_isaac.usd@ <0x5f6f4ee81850>)

2026-08-14T23:01:44Z [11,700ms] [Warning] [omni.usd] Warning: in _ReportErrors at line 3172 of /builds/omniverse/usd-ci/USD/pxr/usd/usd/stage.cpp -- In </Lite3ProSensorRigRealWithInterfaceV1/FL_FOOT/visuals>: Unresolved reference prim path @/tmp/IsaacLab/usd_20260814_190143_1824/configuration/lite3_pro_sensor_rig_real_with_interface_isaac_physics.usd@</visuals/FL_FOOT> introduced by @/tmp/IsaacLab/usd_20260814_190143_1824/configuration/lite3_pro_sensor_rig_real_with_interface_isaac_base.usd@</Lite3ProSensorRigRealWithInterfaceV1/FL_FOOT/visuals> (recomposing stage on stage @/tmp/IsaacLab/usd_20260814_190143_1824/lite3_pro_sensor_rig_real_with_interface_isaac.usd@ <0x5f6f4ee81850>)

2026-08-14T23:01:44Z [11,700ms] [Warning] [omni.usd] Warning: in _ReportErrors at line 3172 of /builds/omniverse/usd-ci/USD/pxr/usd/usd/stage.cpp -- In </Lite3ProSensorRigRealWithInterfaceV1/FL_FOOT/visuals>: Unresolved reference prim path @/tmp/IsaacLab/usd_20260814_190143_1824/configuration/lite3_pro_sensor_rig_real_with_interface_isaac_physics.usd@</visuals/FL_FOOT> introduced by @/tmp/IsaacLab/usd_20260814_190143_1824/configuration/lite3_pro_sensor_rig_real_with_interface_isaac_base.usd@</Lite3ProSensorRigRealWithInterfaceV1/FL_FOOT/visuals> (recomposing stage on stage @/tmp/IsaacLab/usd_20260814_190143_1824/lite3_pro_sensor_rig_real_with_interface_isaac.usd@ <0x5f6f4ee81850>)

2026-08-14T23:01:44Z [11,700ms] [Warning] [omni.usd] Warning: in _ReportErrors at line 3172 of /builds/omniverse/usd-ci/USD/pxr/usd/usd/stage.cpp -- In </Lite3ProSensorRigRealWithInterfaceV1/FL_FOOT/visuals>: Unresolved reference prim path @/tmp/IsaacLab/usd_20260814_190143_1824/configuration/lite3_pro_sensor_rig_real_with_interface_isaac_physics.usd@</visuals/FL_FOOT> introduced by @/tmp/IsaacLab/usd_20260814_190143_1824/configuration/lite3_pro_sensor_rig_real_with_interface_isaac_base.usd@</Lite3ProSensorRigRealWithInterfaceV1/FL_FOOT/visuals> (recomposing stage on stage @/tmp/IsaacLab/usd_20260814_190143_1824/lite3_pro_sensor_rig_real_with_interface_isaac.usd@ <0x5f6f4ee81850>)

2026-08-14T23:01:44Z [11,700ms] [Warning] [omni.usd] Warning: in _ReportErrors at line 3172 of /builds/omniverse/usd-ci/USD/pxr/usd/usd/stage.cpp -- In </Lite3ProSensorRigRealWithInterfaceV1/HL_FOOT/visuals>: Unresolved reference prim path @/tmp/IsaacLab/usd_20260814_190143_1824/configuration/lite3_pro_sensor_rig_real_with_interface_isaac_physics.usd@</visuals/HL_FOOT> introduced by @/tmp/IsaacLab/usd_20260814_190143_1824/configuration/lite3_pro_sensor_rig_real_with_interface_isaac_base.usd@</Lite3ProSensorRigRealWithInterfaceV1/HL_FOOT/visuals> (recomposing stage on stage @/tmp/IsaacLab/usd_20260814_190143_1824/lite3_pro_sensor_rig_real_with_interface_isaac.usd@ <0x5f6f4ee81850>)

2026-08-14T23:01:44Z [11,700ms] [Warning] [omni.usd] Warning: in _ReportErrors at line 3172 of /builds/omniverse/usd-ci/USD/pxr/usd/usd/stage.cpp -- In </Lite3ProSensorRigRealWithInterfaceV1/HL_FOOT/visuals>: Unresolved reference prim path @/tmp/IsaacLab/usd_20260814_190143_1824/configuration/lite3_pro_sensor_rig_real_with_interface_isaac_physics.usd@</visuals/HL_FOOT> introduced by @/tmp/IsaacLab/usd_20260814_190143_1824/configuration/lite3_pro_sensor_rig_real_with_interface_isaac_base.usd@</Lite3ProSensorRigRealWithInterfaceV1/HL_FOOT/visuals> (recomposing stage on stage @/tmp/IsaacLab/usd_20260814_190143_1824/lite3_pro_sensor_rig_real_with_interface_isaac.usd@ <0x5f6f4ee81850>)

2026-08-14T23:01:44Z [11,700ms] [Warning] [omni.usd] Warning: in _ReportErrors at line 3172 of /builds/omniverse/usd-ci/USD/pxr/usd/usd/stage.cpp -- In </Lite3ProSensorRigRealWithInterfaceV1/HL_FOOT/visuals>: Unresolved reference prim path @/tmp/IsaacLab/usd_20260814_190143_1824/configuration/lite3_pro_sensor_rig_real_with_interface_isaac_physics.usd@</visuals/HL_FOOT> introduced by @/tmp/IsaacLab/usd_20260814_190143_1824/configuration/lite3_pro_sensor_rig_real_with_interface_isaac_base.usd@</Lite3ProSensorRigRealWithInterfaceV1/HL_FOOT/visuals> (recomposing stage on stage @/tmp/IsaacLab/usd_20260814_190143_1824/lite3_pro_sensor_rig_real_with_interface_isaac.usd@ <0x5f6f4ee81850>)

2026-08-14T23:01:44Z [11,700ms] [Warning] [omni.usd] Warning: in _ReportErrors at line 3172 of /builds/omniverse/usd-ci/USD/pxr/usd/usd/stage.cpp -- In </Lite3ProSensorRigRealWithInterfaceV1/mid360_scan_frame/visuals>: Unresolved reference prim path @/tmp/IsaacLab/usd_20260814_190143_1824/configuration/lite3_pro_sensor_rig_real_with_interface_isaac_physics.usd@</visuals/mid360_scan_frame> introduced by @/tmp/IsaacLab/usd_20260814_190143_1824/configuration/lite3_pro_sensor_rig_real_with_interface_isaac_base.usd@</Lite3ProSensorRigRealWithInterfaceV1/mid360_scan_frame/visuals> (recomposing stage on stage @/tmp/IsaacLab/usd_20260814_190143_1824/lite3_pro_sensor_rig_real_with_interface_isaac.usd@ <0x5f6f4ee81850>)

2026-08-14T23:01:44Z [11,700ms] [Warning] [omni.usd] Warning: in _ReportErrors at line 3172 of /builds/omniverse/usd-ci/USD/pxr/usd/usd/stage.cpp -- In </Lite3ProSensorRigRealWithInterfaceV1/mid360_scan_frame/visuals>: Unresolved reference prim path @/tmp/IsaacLab/usd_20260814_190143_1824/configuration/lite3_pro_sensor_rig_real_with_interface_isaac_physics.usd@</visuals/mid360_scan_frame> introduced by @/tmp/IsaacLab/usd_20260814_190143_1824/configuration/lite3_pro_sensor_rig_real_with_interface_isaac_base.usd@</Lite3ProSensorRigRealWithInterfaceV1/mid360_scan_frame/visuals> (recomposing stage on stage @/tmp/IsaacLab/usd_20260814_190143_1824/lite3_pro_sensor_rig_real_with_interface_isaac.usd@ <0x5f6f4ee81850>)

2026-08-14T23:01:44Z [11,700ms] [Warning] [omni.usd] Warning: in _ReportErrors at line 3172 of /builds/omniverse/usd-ci/USD/pxr/usd/usd/stage.cpp -- In </Lite3ProSensorRigRealWithInterfaceV1/mid360_scan_frame/visuals>: Unresolved reference prim path @/tmp/IsaacLab/usd_20260814_190143_1824/configuration/lite3_pro_sensor_rig_real_with_interface_isaac_physics.usd@</visuals/mid360_scan_frame> introduced by @/tmp/IsaacLab/usd_20260814_190143_1824/configuration/lite3_pro_sensor_rig_real_with_interface_isaac_base.usd@</Lite3ProSensorRigRealWithInterfaceV1/mid360_scan_frame/visuals> (recomposing stage on stage @/tmp/IsaacLab/usd_20260814_190143_1824/lite3_pro_sensor_rig_real_with_interface_isaac.usd@ <0x5f6f4ee81850>)

2026-08-14T23:01:44Z [11,700ms] [Warning] [omni.usd] Warning: in _ReportErrors at line 3172 of /builds/omniverse/usd-ci/USD/pxr/usd/usd/stage.cpp -- In </Lite3ProSensorRigRealWithInterfaceV1/HR_FOOT/visuals>: Unresolved reference prim path @/tmp/IsaacLab/usd_20260814_190143_1824/configuration/lite3_pro_sensor_rig_real_with_interface_isaac_physics.usd@</visuals/HR_FOOT> introduced by @/tmp/IsaacLab/usd_20260814_190143_1824/configuration/lite3_pro_sensor_rig_real_with_interface_isaac_base.usd@</Lite3ProSensorRigRealWithInterfaceV1/HR_FOOT/visuals> (recomposing stage on stage @/tmp/IsaacLab/usd_20260814_190143_1824/lite3_pro_sensor_rig_real_with_interface_isaac.usd@ <0x5f6f4ee81850>)

2026-08-14T23:01:44Z [11,700ms] [Warning] [omni.usd] Warning: in _ReportErrors at line 3172 of /builds/omniverse/usd-ci/USD/pxr/usd/usd/stage.cpp -- In </Lite3ProSensorRigRealWithInterfaceV1/HR_FOOT/visuals>: Unresolved reference prim path @/tmp/IsaacLab/usd_20260814_190143_1824/configuration/lite3_pro_sensor_rig_real_with_interface_isaac_physics.usd@</visuals/HR_FOOT> introduced by @/tmp/IsaacLab/usd_20260814_190143_1824/configuration/lite3_pro_sensor_rig_real_with_interface_isaac_base.usd@</Lite3ProSensorRigRealWithInterfaceV1/HR_FOOT/visuals> (recomposing stage on stage @/tmp/IsaacLab/usd_20260814_190143_1824/lite3_pro_sensor_rig_real_with_interface_isaac.usd@ <0x5f6f4ee81850>)

2026-08-14T23:01:44Z [11,700ms] [Warning] [omni.usd] Warning: in _ReportErrors at line 3172 of /builds/omniverse/usd-ci/USD/pxr/usd/usd/stage.cpp -- In </Lite3ProSensorRigRealWithInterfaceV1/HR_FOOT/visuals>: Unresolved reference prim path @/tmp/IsaacLab/usd_20260814_190143_1824/configuration/lite3_pro_sensor_rig_real_with_interface_isaac_physics.usd@</visuals/HR_FOOT> introduced by @/tmp/IsaacLab/usd_20260814_190143_1824/configuration/lite3_pro_sensor_rig_real_with_interface_isaac_base.usd@</Lite3ProSensorRigRealWithInterfaceV1/HR_FOOT/visuals> (recomposing stage on stage @/tmp/IsaacLab/usd_20260814_190143_1824/lite3_pro_sensor_rig_real_with_interface_isaac.usd@ <0x5f6f4ee81850>)

2026-08-14T23:01:44Z [11,700ms] [Warning] [omni.usd] Warning: in _ReportErrors at line 3172 of /builds/omniverse/usd-ci/USD/pxr/usd/usd/stage.cpp -- In </Lite3ProSensorRigRealWithInterfaceV1/d435i_depth_optical_frame/visuals>: Unresolved reference prim path @/tmp/IsaacLab/usd_20260814_190143_1824/configuration/lite3_pro_sensor_rig_real_with_interface_isaac_physics.usd@</visuals/d435i_depth_optical_frame> introduced by @/tmp/IsaacLab/usd_20260814_190143_1824/configuration/lite3_pro_sensor_rig_real_with_interface_isaac_base.usd@</Lite3ProSensorRigRealWithInterfaceV1/d435i_depth_optical_frame/visuals> (recomposing stage on stage @/tmp/IsaacLab/usd_20260814_190143_1824/lite3_pro_sensor_rig_real_with_interface_isaac.usd@ <0x5f6f4ee81850>)

2026-08-14T23:01:44Z [11,700ms] [Warning] [omni.usd] Warning: in _ReportErrors at line 3172 of /builds/omniverse/usd-ci/USD/pxr/usd/usd/stage.cpp -- In </Lite3ProSensorRigRealWithInterfaceV1/d435i_depth_optical_frame/visuals>: Unresolved reference prim path @/tmp/IsaacLab/usd_20260814_190143_1824/configuration/lite3_pro_sensor_rig_real_with_interface_isaac_physics.usd@</visuals/d435i_depth_optical_frame> introduced by @/tmp/IsaacLab/usd_20260814_190143_1824/configuration/lite3_pro_sensor_rig_real_with_interface_isaac_base.usd@</Lite3ProSensorRigRealWithInterfaceV1/d435i_depth_optical_frame/visuals> (recomposing stage on stage @/tmp/IsaacLab/usd_20260814_190143_1824/lite3_pro_sensor_rig_real_with_interface_isaac.usd@ <0x5f6f4ee81850>)

2026-08-14T23:01:44Z [11,700ms] [Warning] [omni.usd] Warning: in _ReportErrors at line 3172 of /builds/omniverse/usd-ci/USD/pxr/usd/usd/stage.cpp -- In </Lite3ProSensorRigRealWithInterfaceV1/d435i_depth_optical_frame/visuals>: Unresolved reference prim path @/tmp/IsaacLab/usd_20260814_190143_1824/configuration/lite3_pro_sensor_rig_real_with_interface_isaac_physics.usd@</visuals/d435i_depth_optical_frame> introduced by @/tmp/IsaacLab/usd_20260814_190143_1824/configuration/lite3_pro_sensor_rig_real_with_interface_isaac_base.usd@</Lite3ProSensorRigRealWithInterfaceV1/d435i_depth_optical_frame/visuals> (recomposing stage on stage @/tmp/IsaacLab/usd_20260814_190143_1824/lite3_pro_sensor_rig_real_with_interface_isaac.usd@ <0x5f6f4ee81850>)

2026-08-14T23:01:44Z [11,700ms] [Warning] [omni.usd] Warning: in _ReportErrors at line 3172 of /builds/omniverse/usd-ci/USD/pxr/usd/usd/stage.cpp -- In </Lite3ProSensorRigRealWithInterfaceV1/FL_FOOT/visuals>: Unresolved reference prim path @/tmp/IsaacLab/usd_20260814_190143_1824/configuration/lite3_pro_sensor_rig_real_with_interface_isaac_physics.usd@</visuals/FL_FOOT> introduced by @/tmp/IsaacLab/usd_20260814_190143_1824/configuration/lite3_pro_sensor_rig_real_with_interface_isaac_base.usd@</Lite3ProSensorRigRealWithInterfaceV1/FL_FOOT/visuals> (recomposing stage on stage @/tmp/IsaacLab/usd_20260814_190143_1824/lite3_pro_sensor_rig_real_with_interface_isaac.usd@ <0x5f6f4ee86850>)

2026-08-14T23:01:44Z [11,700ms] [Warning] [omni.usd] Warning: in _ReportErrors at line 3172 of /builds/omniverse/usd-ci/USD/pxr/usd/usd/stage.cpp -- In </Lite3ProSensorRigRealWithInterfaceV1/FL_FOOT/visuals>: Unresolved reference prim path @/tmp/IsaacLab/usd_20260814_190143_1824/configuration/lite3_pro_sensor_rig_real_with_interface_isaac_physics.usd@</visuals/FL_FOOT> introduced by @/tmp/IsaacLab/usd_20260814_190143_1824/configuration/lite3_pro_sensor_rig_real_with_interface_isaac_base.usd@</Lite3ProSensorRigRealWithInterfaceV1/FL_FOOT/visuals> (recomposing stage on stage @/tmp/IsaacLab/usd_20260814_190143_1824/lite3_pro_sensor_rig_real_with_interface_isaac.usd@ <0x5f6f4ee86850>)

2026-08-14T23:01:44Z [11,700ms] [Warning] [omni.usd] Warning: in _ReportErrors at line 3172 of /builds/omniverse/usd-ci/USD/pxr/usd/usd/stage.cpp -- In </Lite3ProSensorRigRealWithInterfaceV1/FL_FOOT/visuals>: Unresolved reference prim path @/tmp/IsaacLab/usd_20260814_190143_1824/configuration/lite3_pro_sensor_rig_real_with_interface_isaac_physics.usd@</visuals/FL_FOOT> introduced by @/tmp/IsaacLab/usd_20260814_190143_1824/configuration/lite3_pro_sensor_rig_real_with_interface_isaac_base.usd@</Lite3ProSensorRigRealWithInterfaceV1/FL_FOOT/visuals> (recomposing stage on stage @/tmp/IsaacLab/usd_20260814_190143_1824/lite3_pro_sensor_rig_real_with_interface_isaac.usd@ <0x5f6f4ee86850>)

2026-08-14T23:01:44Z [11,700ms] [Warning] [omni.usd] Warning: in _ReportErrors at line 3172 of /builds/omniverse/usd-ci/USD/pxr/usd/usd/stage.cpp -- In </Lite3ProSensorRigRealWithInterfaceV1/FR_FOOT/visuals>: Unresolved reference prim path @/tmp/IsaacLab/usd_20260814_190143_1824/configuration/lite3_pro_sensor_rig_real_with_interface_isaac_physics.usd@</visuals/FR_FOOT> introduced by @/tmp/IsaacLab/usd_20260814_190143_1824/configuration/lite3_pro_sensor_rig_real_with_interface_isaac_base.usd@</Lite3ProSensorRigRealWithInterfaceV1/FR_FOOT/visuals> (recomposing stage on stage @/tmp/IsaacLab/usd_20260814_190143_1824/lite3_pro_sensor_rig_real_with_interface_isaac.usd@ <0x5f6f4ee86850>)

2026-08-14T23:01:44Z [11,700ms] [Warning] [omni.usd] Warning: in _ReportErrors at line 3172 of /builds/omniverse/usd-ci/USD/pxr/usd/usd/stage.cpp -- In </Lite3ProSensorRigRealWithInterfaceV1/FR_FOOT/visuals>: Unresolved reference prim path @/tmp/IsaacLab/usd_20260814_190143_1824/configuration/lite3_pro_sensor_rig_real_with_interface_isaac_physics.usd@</visuals/FR_FOOT> introduced by @/tmp/IsaacLab/usd_20260814_190143_1824/configuration/lite3_pro_sensor_rig_real_with_interface_isaac_base.usd@</Lite3ProSensorRigRealWithInterfaceV1/FR_FOOT/visuals> (recomposing stage on stage @/tmp/IsaacLab/usd_20260814_190143_1824/lite3_pro_sensor_rig_real_with_interface_isaac.usd@ <0x5f6f4ee86850>)

2026-08-14T23:01:44Z [11,700ms] [Warning] [omni.usd] Warning: in _ReportErrors at line 3172 of /builds/omniverse/usd-ci/USD/pxr/usd/usd/stage.cpp -- In </Lite3ProSensorRigRealWithInterfaceV1/FR_FOOT/visuals>: Unresolved reference prim path @/tmp/IsaacLab/usd_20260814_190143_1824/configuration/lite3_pro_sensor_rig_real_with_interface_isaac_physics.usd@</visuals/FR_FOOT> introduced by @/tmp/IsaacLab/usd_20260814_190143_1824/configuration/lite3_pro_sensor_rig_real_with_interface_isaac_base.usd@</Lite3ProSensorRigRealWithInterfaceV1/FR_FOOT/visuals> (recomposing stage on stage @/tmp/IsaacLab/usd_20260814_190143_1824/lite3_pro_sensor_rig_real_with_interface_isaac.usd@ <0x5f6f4ee86850>)

2026-08-14T23:01:44Z [11,700ms] [Warning] [omni.usd] Warning: in _ReportErrors at line 3172 of /builds/omniverse/usd-ci/USD/pxr/usd/usd/stage.cpp -- In </Lite3ProSensorRigRealWithInterfaceV1/HL_FOOT/visuals>: Unresolved reference prim path @/tmp/IsaacLab/usd_20260814_190143_1824/configuration/lite3_pro_sensor_rig_real_with_interface_isaac_physics.usd@</visuals/HL_FOOT> introduced by @/tmp/IsaacLab/usd_20260814_190143_1824/configuration/lite3_pro_sensor_rig_real_with_interface_isaac_base.usd@</Lite3ProSensorRigRealWithInterfaceV1/HL_FOOT/visuals> (recomposing stage on stage @/tmp/IsaacLab/usd_20260814_190143_1824/lite3_pro_sensor_rig_real_with_interface_isaac.usd@ <0x5f6f4ee86850>)

2026-08-14T23:01:44Z [11,700ms] [Warning] [omni.usd] Warning: in _ReportErrors at line 3172 of /builds/omniverse/usd-ci/USD/pxr/usd/usd/stage.cpp -- In </Lite3ProSensorRigRealWithInterfaceV1/HL_FOOT/visuals>: Unresolved reference prim path @/tmp/IsaacLab/usd_20260814_190143_1824/configuration/lite3_pro_sensor_rig_real_with_interface_isaac_physics.usd@</visuals/HL_FOOT> introduced by @/tmp/IsaacLab/usd_20260814_190143_1824/configuration/lite3_pro_sensor_rig_real_with_interface_isaac_base.usd@</Lite3ProSensorRigRealWithInterfaceV1/HL_FOOT/visuals> (recomposing stage on stage @/tmp/IsaacLab/usd_20260814_190143_1824/lite3_pro_sensor_rig_real_with_interface_isaac.usd@ <0x5f6f4ee86850>)

2026-08-14T23:01:44Z [11,700ms] [Warning] [omni.usd] Warning: in _ReportErrors at line 3172 of /builds/omniverse/usd-ci/USD/pxr/usd/usd/stage.cpp -- In </Lite3ProSensorRigRealWithInterfaceV1/HL_FOOT/visuals>: Unresolved reference prim path @/tmp/IsaacLab/usd_20260814_190143_1824/configuration/lite3_pro_sensor_rig_real_with_interface_isaac_physics.usd@</visuals/HL_FOOT> introduced by @/tmp/IsaacLab/usd_20260814_190143_1824/configuration/lite3_pro_sensor_rig_real_with_interface_isaac_base.usd@</Lite3ProSensorRigRealWithInterfaceV1/HL_FOOT/visuals> (recomposing stage on stage @/tmp/IsaacLab/usd_20260814_190143_1824/lite3_pro_sensor_rig_real_with_interface_isaac.usd@ <0x5f6f4ee86850>)

2026-08-14T23:01:44Z [11,700ms] [Warning] [omni.usd] Warning: in _ReportErrors at line 3172 of /builds/omniverse/usd-ci/USD/pxr/usd/usd/stage.cpp -- In </Lite3ProSensorRigRealWithInterfaceV1/HR_FOOT/visuals>: Unresolved reference prim path @/tmp/IsaacLab/usd_20260814_190143_1824/configuration/lite3_pro_sensor_rig_real_with_interface_isaac_physics.usd@</visuals/HR_FOOT> introduced by @/tmp/IsaacLab/usd_20260814_190143_1824/configuration/lite3_pro_sensor_rig_real_with_interface_isaac_base.usd@</Lite3ProSensorRigRealWithInterfaceV1/HR_FOOT/visuals> (recomposing stage on stage @/tmp/IsaacLab/usd_20260814_190143_1824/lite3_pro_sensor_rig_real_with_interface_isaac.usd@ <0x5f6f4ee86850>)

2026-08-14T23:01:44Z [11,700ms] [Warning] [omni.usd] Warning: in _ReportErrors at line 3172 of /builds/omniverse/usd-ci/USD/pxr/usd/usd/stage.cpp -- In </Lite3ProSensorRigRealWithInterfaceV1/HR_FOOT/visuals>: Unresolved reference prim path @/tmp/IsaacLab/usd_20260814_190143_1824/configuration/lite3_pro_sensor_rig_real_with_interface_isaac_physics.usd@</visuals/HR_FOOT> introduced by @/tmp/IsaacLab/usd_20260814_190143_1824/configuration/lite3_pro_sensor_rig_real_with_interface_isaac_base.usd@</Lite3ProSensorRigRealWithInterfaceV1/HR_FOOT/visuals> (recomposing stage on stage @/tmp/IsaacLab/usd_20260814_190143_1824/lite3_pro_sensor_rig_real_with_interface_isaac.usd@ <0x5f6f4ee86850>)

2026-08-14T23:01:44Z [11,700ms] [Warning] [omni.usd] Warning: in _ReportErrors at line 3172 of /builds/omniverse/usd-ci/USD/pxr/usd/usd/stage.cpp -- In </Lite3ProSensorRigRealWithInterfaceV1/HR_FOOT/visuals>: Unresolved reference prim path @/tmp/IsaacLab/usd_20260814_190143_1824/configuration/lite3_pro_sensor_rig_real_with_interface_isaac_physics.usd@</visuals/HR_FOOT> introduced by @/tmp/IsaacLab/usd_20260814_190143_1824/configuration/lite3_pro_sensor_rig_real_with_interface_isaac_base.usd@</Lite3ProSensorRigRealWithInterfaceV1/HR_FOOT/visuals> (recomposing stage on stage @/tmp/IsaacLab/usd_20260814_190143_1824/lite3_pro_sensor_rig_real_with_interface_isaac.usd@ <0x5f6f4ee86850>)

2026-08-14T23:01:44Z [11,700ms] [Warning] [omni.usd] Warning: in _ReportErrors at line 3172 of /builds/omniverse/usd-ci/USD/pxr/usd/usd/stage.cpp -- In </Lite3ProSensorRigRealWithInterfaceV1/mid360_scan_frame/visuals>: Unresolved reference prim path @/tmp/IsaacLab/usd_20260814_190143_1824/configuration/lite3_pro_sensor_rig_real_with_interface_isaac_physics.usd@</visuals/mid360_scan_frame> introduced by @/tmp/IsaacLab/usd_20260814_190143_1824/configuration/lite3_pro_sensor_rig_real_with_interface_isaac_base.usd@</Lite3ProSensorRigRealWithInterfaceV1/mid360_scan_frame/visuals> (recomposing stage on stage @/tmp/IsaacLab/usd_20260814_190143_1824/lite3_pro_sensor_rig_real_with_interface_isaac.usd@ <0x5f6f4ee86850>)

2026-08-14T23:01:44Z [11,700ms] [Warning] [omni.usd] Warning: in _ReportErrors at line 3172 of /builds/omniverse/usd-ci/USD/pxr/usd/usd/stage.cpp -- In </Lite3ProSensorRigRealWithInterfaceV1/mid360_scan_frame/visuals>: Unresolved reference prim path @/tmp/IsaacLab/usd_20260814_190143_1824/configuration/lite3_pro_sensor_rig_real_with_interface_isaac_physics.usd@</visuals/mid360_scan_frame> introduced by @/tmp/IsaacLab/usd_20260814_190143_1824/configuration/lite3_pro_sensor_rig_real_with_interface_isaac_base.usd@</Lite3ProSensorRigRealWithInterfaceV1/mid360_scan_frame/visuals> (recomposing stage on stage @/tmp/IsaacLab/usd_20260814_190143_1824/lite3_pro_sensor_rig_real_with_interface_isaac.usd@ <0x5f6f4ee86850>)

2026-08-14T23:01:44Z [11,700ms] [Warning] [omni.usd] Warning: in _ReportErrors at line 3172 of /builds/omniverse/usd-ci/USD/pxr/usd/usd/stage.cpp -- In </Lite3ProSensorRigRealWithInterfaceV1/mid360_scan_frame/visuals>: Unresolved reference prim path @/tmp/IsaacLab/usd_20260814_190143_1824/configuration/lite3_pro_sensor_rig_real_with_interface_isaac_physics.usd@</visuals/mid360_scan_frame> introduced by @/tmp/IsaacLab/usd_20260814_190143_1824/configuration/lite3_pro_sensor_rig_real_with_interface_isaac_base.usd@</Lite3ProSensorRigRealWithInterfaceV1/mid360_scan_frame/visuals> (recomposing stage on stage @/tmp/IsaacLab/usd_20260814_190143_1824/lite3_pro_sensor_rig_real_with_interface_isaac.usd@ <0x5f6f4ee86850>)

2026-08-14T23:01:44Z [11,700ms] [Warning] [omni.usd] Warning: in _ReportErrors at line 3172 of /builds/omniverse/usd-ci/USD/pxr/usd/usd/stage.cpp -- In </Lite3ProSensorRigRealWithInterfaceV1/d435i_depth_optical_frame/visuals>: Unresolved reference prim path @/tmp/IsaacLab/usd_20260814_190143_1824/configuration/lite3_pro_sensor_rig_real_with_interface_isaac_physics.usd@</visuals/d435i_depth_optical_frame> introduced by @/tmp/IsaacLab/usd_20260814_190143_1824/configuration/lite3_pro_sensor_rig_real_with_interface_isaac_base.usd@</Lite3ProSensorRigRealWithInterfaceV1/d435i_depth_optical_frame/visuals> (recomposing stage on stage @/tmp/IsaacLab/usd_20260814_190143_1824/lite3_pro_sensor_rig_real_with_interface_isaac.usd@ <0x5f6f4ee86850>)

2026-08-14T23:01:44Z [11,700ms] [Warning] [omni.usd] Warning: in _ReportErrors at line 3172 of /builds/omniverse/usd-ci/USD/pxr/usd/usd/stage.cpp -- In </Lite3ProSensorRigRealWithInterfaceV1/d435i_depth_optical_frame/visuals>: Unresolved reference prim path @/tmp/IsaacLab/usd_20260814_190143_1824/configuration/lite3_pro_sensor_rig_real_with_interface_isaac_physics.usd@</visuals/d435i_depth_optical_frame> introduced by @/tmp/IsaacLab/usd_20260814_190143_1824/configuration/lite3_pro_sensor_rig_real_with_interface_isaac_base.usd@</Lite3ProSensorRigRealWithInterfaceV1/d435i_depth_optical_frame/visuals> (recomposing stage on stage @/tmp/IsaacLab/usd_20260814_190143_1824/lite3_pro_sensor_rig_real_with_interface_isaac.usd@ <0x5f6f4ee86850>)

2026-08-14T23:01:44Z [11,700ms] [Warning] [omni.usd] Warning: in _ReportErrors at line 3172 of /builds/omniverse/usd-ci/USD/pxr/usd/usd/stage.cpp -- In </Lite3ProSensorRigRealWithInterfaceV1/d435i_depth_optical_frame/visuals>: Unresolved reference prim path @/tmp/IsaacLab/usd_20260814_190143_1824/configuration/lite3_pro_sensor_rig_real_with_interface_isaac_physics.usd@</visuals/d435i_depth_optical_frame> introduced by @/tmp/IsaacLab/usd_20260814_190143_1824/configuration/lite3_pro_sensor_rig_real_with_interface_isaac_base.usd@</Lite3ProSensorRigRealWithInterfaceV1/d435i_depth_optical_frame/visuals> (recomposing stage on stage @/tmp/IsaacLab/usd_20260814_190143_1824/lite3_pro_sensor_rig_real_with_interface_isaac.usd@ <0x5f6f4ee86850>)

2026-08-14T23:01:44Z [11,701ms] [Warning] [omni.usd] Warning: in _ReportErrors at line 3172 of /builds/omniverse/usd-ci/USD/pxr/usd/usd/stage.cpp -- In </Lite3ProSensorRigRealWithInterfaceV1/FL_FOOT/visuals>: Unresolved reference prim path @/tmp/IsaacLab/usd_20260814_190143_1824/configuration/lite3_pro_sensor_rig_real_with_interface_isaac_physics.usd@</visuals/FL_FOOT> introduced by @/tmp/IsaacLab/usd_20260814_190143_1824/configuration/lite3_pro_sensor_rig_real_with_interface_isaac_base.usd@</Lite3ProSensorRigRealWithInterfaceV1/FL_FOOT/visuals> (recomposing stage on stage @/tmp/IsaacLab/usd_20260814_190143_1824/lite3_pro_sensor_rig_real_with_interface_isaac.usd@ <0x5f6f4ee81850>)

2026-08-14T23:01:44Z [11,701ms] [Warning] [omni.usd] Warning: in _ReportErrors at line 3172 of /builds/omniverse/usd-ci/USD/pxr/usd/usd/stage.cpp -- In </Lite3ProSensorRigRealWithInterfaceV1/FL_FOOT/visuals>: Unresolved reference prim path @/tmp/IsaacLab/usd_20260814_190143_1824/configuration/lite3_pro_sensor_rig_real_with_interface_isaac_physics.usd@</visuals/FL_FOOT> introduced by @/tmp/IsaacLab/usd_20260814_190143_1824/configuration/lite3_pro_sensor_rig_real_with_interface_isaac_base.usd@</Lite3ProSensorRigRealWithInterfaceV1/FL_FOOT/visuals> (recomposing stage on stage @/tmp/IsaacLab/usd_20260814_190143_1824/lite3_pro_sensor_rig_real_with_interface_isaac.usd@ <0x5f6f4ee81850>)

2026-08-14T23:01:44Z [11,701ms] [Warning] [omni.usd] Warning: in _ReportErrors at line 3172 of /builds/omniverse/usd-ci/USD/pxr/usd/usd/stage.cpp -- In </Lite3ProSensorRigRealWithInterfaceV1/FL_FOOT/visuals>: Unresolved reference prim path @/tmp/IsaacLab/usd_20260814_190143_1824/configuration/lite3_pro_sensor_rig_real_with_interface_isaac_physics.usd@</visuals/FL_FOOT> introduced by @/tmp/IsaacLab/usd_20260814_190143_1824/configuration/lite3_pro_sensor_rig_real_with_interface_isaac_base.usd@</Lite3ProSensorRigRealWithInterfaceV1/FL_FOOT/visuals> (recomposing stage on stage @/tmp/IsaacLab/usd_20260814_190143_1824/lite3_pro_sensor_rig_real_with_interface_isaac.usd@ <0x5f6f4ee81850>)

2026-08-14T23:01:44Z [11,701ms] [Warning] [omni.usd] Warning: in _ReportErrors at line 3172 of /builds/omniverse/usd-ci/USD/pxr/usd/usd/stage.cpp -- In </Lite3ProSensorRigRealWithInterfaceV1/HL_FOOT/visuals>: Unresolved reference prim path @/tmp/IsaacLab/usd_20260814_190143_1824/configuration/lite3_pro_sensor_rig_real_with_interface_isaac_physics.usd@</visuals/HL_FOOT> introduced by @/tmp/IsaacLab/usd_20260814_190143_1824/configuration/lite3_pro_sensor_rig_real_with_interface_isaac_base.usd@</Lite3ProSensorRigRealWithInterfaceV1/HL_FOOT/visuals> (recomposing stage on stage @/tmp/IsaacLab/usd_20260814_190143_1824/lite3_pro_sensor_rig_real_with_interface_isaac.usd@ <0x5f6f4ee81850>)

2026-08-14T23:01:44Z [11,701ms] [Warning] [omni.usd] Warning: in _ReportErrors at line 3172 of /builds/omniverse/usd-ci/USD/pxr/usd/usd/stage.cpp -- In </Lite3ProSensorRigRealWithInterfaceV1/HL_FOOT/visuals>: Unresolved reference prim path @/tmp/IsaacLab/usd_20260814_190143_1824/configuration/lite3_pro_sensor_rig_real_with_interface_isaac_physics.usd@</visuals/HL_FOOT> introduced by @/tmp/IsaacLab/usd_20260814_190143_1824/configuration/lite3_pro_sensor_rig_real_with_interface_isaac_base.usd@</Lite3ProSensorRigRealWithInterfaceV1/HL_FOOT/visuals> (recomposing stage on stage @/tmp/IsaacLab/usd_20260814_190143_1824/lite3_pro_sensor_rig_real_with_interface_isaac.usd@ <0x5f6f4ee81850>)

2026-08-14T23:01:44Z [11,701ms] [Warning] [omni.usd] Warning: in _ReportErrors at line 3172 of /builds/omniverse/usd-ci/USD/pxr/usd/usd/stage.cpp -- In </Lite3ProSensorRigRealWithInterfaceV1/HL_FOOT/visuals>: Unresolved reference prim path @/tmp/IsaacLab/usd_20260814_190143_1824/configuration/lite3_pro_sensor_rig_real_with_interface_isaac_physics.usd@</visuals/HL_FOOT> introduced by @/tmp/IsaacLab/usd_20260814_190143_1824/configuration/lite3_pro_sensor_rig_real_with_interface_isaac_base.usd@</Lite3ProSensorRigRealWithInterfaceV1/HL_FOOT/visuals> (recomposing stage on stage @/tmp/IsaacLab/usd_20260814_190143_1824/lite3_pro_sensor_rig_real_with_interface_isaac.usd@ <0x5f6f4ee81850>)

2026-08-14T23:01:44Z [11,701ms] [Warning] [omni.usd] Warning: in _ReportErrors at line 3172 of /builds/omniverse/usd-ci/USD/pxr/usd/usd/stage.cpp -- In </Lite3ProSensorRigRealWithInterfaceV1/FR_FOOT/visuals>: Unresolved reference prim path @/tmp/IsaacLab/usd_20260814_190143_1824/configuration/lite3_pro_sensor_rig_real_with_interface_isaac_physics.usd@</visuals/FR_FOOT> introduced by @/tmp/IsaacLab/usd_20260814_190143_1824/configuration/lite3_pro_sensor_rig_real_with_interface_isaac_base.usd@</Lite3ProSensorRigRealWithInterfaceV1/FR_FOOT/visuals> (recomposing stage on stage @/tmp/IsaacLab/usd_20260814_190143_1824/lite3_pro_sensor_rig_real_with_interface_isaac.usd@ <0x5f6f4ee81850>)

2026-08-14T23:01:44Z [11,701ms] [Warning] [omni.usd] Warning: in _ReportErrors at line 3172 of /builds/omniverse/usd-ci/USD/pxr/usd/usd/stage.cpp -- In </Lite3ProSensorRigRealWithInterfaceV1/FR_FOOT/visuals>: Unresolved reference prim path @/tmp/IsaacLab/usd_20260814_190143_1824/configuration/lite3_pro_sensor_rig_real_with_interface_isaac_physics.usd@</visuals/FR_FOOT> introduced by @/tmp/IsaacLab/usd_20260814_190143_1824/configuration/lite3_pro_sensor_rig_real_with_interface_isaac_base.usd@</Lite3ProSensorRigRealWithInterfaceV1/FR_FOOT/visuals> (recomposing stage on stage @/tmp/IsaacLab/usd_20260814_190143_1824/lite3_pro_sensor_rig_real_with_interface_isaac.usd@ <0x5f6f4ee81850>)

2026-08-14T23:01:44Z [11,701ms] [Warning] [omni.usd] Warning: in _ReportErrors at line 3172 of /builds/omniverse/usd-ci/USD/pxr/usd/usd/stage.cpp -- In </Lite3ProSensorRigRealWithInterfaceV1/FR_FOOT/visuals>: Unresolved reference prim path @/tmp/IsaacLab/usd_20260814_190143_1824/configuration/lite3_pro_sensor_rig_real_with_interface_isaac_physics.usd@</visuals/FR_FOOT> introduced by @/tmp/IsaacLab/usd_20260814_190143_1824/configuration/lite3_pro_sensor_rig_real_with_interface_isaac_base.usd@</Lite3ProSensorRigRealWithInterfaceV1/FR_FOOT/visuals> (recomposing stage on stage @/tmp/IsaacLab/usd_20260814_190143_1824/lite3_pro_sensor_rig_real_with_interface_isaac.usd@ <0x5f6f4ee81850>)

2026-08-14T23:01:44Z [11,701ms] [Warning] [omni.usd] Warning: in _ReportErrors at line 3172 of /builds/omniverse/usd-ci/USD/pxr/usd/usd/stage.cpp -- In </Lite3ProSensorRigRealWithInterfaceV1/mid360_scan_frame/visuals>: Unresolved reference prim path @/tmp/IsaacLab/usd_20260814_190143_1824/configuration/lite3_pro_sensor_rig_real_with_interface_isaac_physics.usd@</visuals/mid360_scan_frame> introduced by @/tmp/IsaacLab/usd_20260814_190143_1824/configuration/lite3_pro_sensor_rig_real_with_interface_isaac_base.usd@</Lite3ProSensorRigRealWithInterfaceV1/mid360_scan_frame/visuals> (recomposing stage on stage @/tmp/IsaacLab/usd_20260814_190143_1824/lite3_pro_sensor_rig_real_with_interface_isaac.usd@ <0x5f6f4ee81850>)

2026-08-14T23:01:44Z [11,701ms] [Warning] [omni.usd] Warning: in _ReportErrors at line 3172 of /builds/omniverse/usd-ci/USD/pxr/usd/usd/stage.cpp -- In </Lite3ProSensorRigRealWithInterfaceV1/mid360_scan_frame/visuals>: Unresolved reference prim path @/tmp/IsaacLab/usd_20260814_190143_1824/configuration/lite3_pro_sensor_rig_real_with_interface_isaac_physics.usd@</visuals/mid360_scan_frame> introduced by @/tmp/IsaacLab/usd_20260814_190143_1824/configuration/lite3_pro_sensor_rig_real_with_interface_isaac_base.usd@</Lite3ProSensorRigRealWithInterfaceV1/mid360_scan_frame/visuals> (recomposing stage on stage @/tmp/IsaacLab/usd_20260814_190143_1824/lite3_pro_sensor_rig_real_with_interface_isaac.usd@ <0x5f6f4ee81850>)

2026-08-14T23:01:44Z [11,701ms] [Warning] [omni.usd] Warning: in _ReportErrors at line 3172 of /builds/omniverse/usd-ci/USD/pxr/usd/usd/stage.cpp -- In </Lite3ProSensorRigRealWithInterfaceV1/mid360_scan_frame/visuals>: Unresolved reference prim path @/tmp/IsaacLab/usd_20260814_190143_1824/configuration/lite3_pro_sensor_rig_real_with_interface_isaac_physics.usd@</visuals/mid360_scan_frame> introduced by @/tmp/IsaacLab/usd_20260814_190143_1824/configuration/lite3_pro_sensor_rig_real_with_interface_isaac_base.usd@</Lite3ProSensorRigRealWithInterfaceV1/mid360_scan_frame/visuals> (recomposing stage on stage @/tmp/IsaacLab/usd_20260814_190143_1824/lite3_pro_sensor_rig_real_with_interface_isaac.usd@ <0x5f6f4ee81850>)

2026-08-14T23:01:44Z [11,701ms] [Warning] [omni.usd] Warning: in _ReportErrors at line 3172 of /builds/omniverse/usd-ci/USD/pxr/usd/usd/stage.cpp -- In </Lite3ProSensorRigRealWithInterfaceV1/HR_FOOT/visuals>: Unresolved reference prim path @/tmp/IsaacLab/usd_20260814_190143_1824/configuration/lite3_pro_sensor_rig_real_with_interface_isaac_physics.usd@</visuals/HR_FOOT> introduced by @/tmp/IsaacLab/usd_20260814_190143_1824/configuration/lite3_pro_sensor_rig_real_with_interface_isaac_base.usd@</Lite3ProSensorRigRealWithInterfaceV1/HR_FOOT/visuals> (recomposing stage on stage @/tmp/IsaacLab/usd_20260814_190143_1824/lite3_pro_sensor_rig_real_with_interface_isaac.usd@ <0x5f6f4ee81850>)

2026-08-14T23:01:44Z [11,701ms] [Warning] [omni.usd] Warning: in _ReportErrors at line 3172 of /builds/omniverse/usd-ci/USD/pxr/usd/usd/stage.cpp -- In </Lite3ProSensorRigRealWithInterfaceV1/HR_FOOT/visuals>: Unresolved reference prim path @/tmp/IsaacLab/usd_20260814_190143_1824/configuration/lite3_pro_sensor_rig_real_with_interface_isaac_physics.usd@</visuals/HR_FOOT> introduced by @/tmp/IsaacLab/usd_20260814_190143_1824/configuration/lite3_pro_sensor_rig_real_with_interface_isaac_base.usd@</Lite3ProSensorRigRealWithInterfaceV1/HR_FOOT/visuals> (recomposing stage on stage @/tmp/IsaacLab/usd_20260814_190143_1824/lite3_pro_sensor_rig_real_with_interface_isaac.usd@ <0x5f6f4ee81850>)

2026-08-14T23:01:44Z [11,701ms] [Warning] [omni.usd] Warning: in _ReportErrors at line 3172 of /builds/omniverse/usd-ci/USD/pxr/usd/usd/stage.cpp -- In </Lite3ProSensorRigRealWithInterfaceV1/HR_FOOT/visuals>: Unresolved reference prim path @/tmp/IsaacLab/usd_20260814_190143_1824/configuration/lite3_pro_sensor_rig_real_with_interface_isaac_physics.usd@</visuals/HR_FOOT> introduced by @/tmp/IsaacLab/usd_20260814_190143_1824/configuration/lite3_pro_sensor_rig_real_with_interface_isaac_base.usd@</Lite3ProSensorRigRealWithInterfaceV1/HR_FOOT/visuals> (recomposing stage on stage @/tmp/IsaacLab/usd_20260814_190143_1824/lite3_pro_sensor_rig_real_with_interface_isaac.usd@ <0x5f6f4ee81850>)

2026-08-14T23:01:44Z [11,701ms] [Warning] [omni.usd] Warning: in _ReportErrors at line 3172 of /builds/omniverse/usd-ci/USD/pxr/usd/usd/stage.cpp -- In </Lite3ProSensorRigRealWithInterfaceV1/d435i_depth_optical_frame/visuals>: Unresolved reference prim path @/tmp/IsaacLab/usd_20260814_190143_1824/configuration/lite3_pro_sensor_rig_real_with_interface_isaac_physics.usd@</visuals/d435i_depth_optical_frame> introduced by @/tmp/IsaacLab/usd_20260814_190143_1824/configuration/lite3_pro_sensor_rig_real_with_interface_isaac_base.usd@</Lite3ProSensorRigRealWithInterfaceV1/d435i_depth_optical_frame/visuals> (recomposing stage on stage @/tmp/IsaacLab/usd_20260814_190143_1824/lite3_pro_sensor_rig_real_with_interface_isaac.usd@ <0x5f6f4ee81850>)

2026-08-14T23:01:44Z [11,701ms] [Warning] [omni.usd] Warning: in _ReportErrors at line 3172 of /builds/omniverse/usd-ci/USD/pxr/usd/usd/stage.cpp -- In </Lite3ProSensorRigRealWithInterfaceV1/d435i_depth_optical_frame/visuals>: Unresolved reference prim path @/tmp/IsaacLab/usd_20260814_190143_1824/configuration/lite3_pro_sensor_rig_real_with_interface_isaac_physics.usd@</visuals/d435i_depth_optical_frame> introduced by @/tmp/IsaacLab/usd_20260814_190143_1824/configuration/lite3_pro_sensor_rig_real_with_interface_isaac_base.usd@</Lite3ProSensorRigRealWithInterfaceV1/d435i_depth_optical_frame/visuals> (recomposing stage on stage @/tmp/IsaacLab/usd_20260814_190143_1824/lite3_pro_sensor_rig_real_with_interface_isaac.usd@ <0x5f6f4ee81850>)

2026-08-14T23:01:44Z [11,701ms] [Warning] [omni.usd] Warning: in _ReportErrors at line 3172 of /builds/omniverse/usd-ci/USD/pxr/usd/usd/stage.cpp -- In </Lite3ProSensorRigRealWithInterfaceV1/d435i_depth_optical_frame/visuals>: Unresolved reference prim path @/tmp/IsaacLab/usd_20260814_190143_1824/configuration/lite3_pro_sensor_rig_real_with_interface_isaac_physics.usd@</visuals/d435i_depth_optical_frame> introduced by @/tmp/IsaacLab/usd_20260814_190143_1824/configuration/lite3_pro_sensor_rig_real_with_interface_isaac_base.usd@</Lite3ProSensorRigRealWithInterfaceV1/d435i_depth_optical_frame/visuals> (recomposing stage on stage @/tmp/IsaacLab/usd_20260814_190143_1824/lite3_pro_sensor_rig_real_with_interface_isaac.usd@ <0x5f6f4ee81850>)

2026-08-14T23:01:44Z [11,702ms] [Warning] [omni.usd] Warning: in _ReportErrors at line 3172 of /builds/omniverse/usd-ci/USD/pxr/usd/usd/stage.cpp -- In </Lite3ProSensorRigRealWithInterfaceV1/FL_FOOT/visuals>: Unresolved reference prim path @/tmp/IsaacLab/usd_20260814_190143_1824/configuration/lite3_pro_sensor_rig_real_with_interface_isaac_physics.usd@</visuals/FL_FOOT> introduced by @/tmp/IsaacLab/usd_20260814_190143_1824/configuration/lite3_pro_sensor_rig_real_with_interface_isaac_base.usd@</Lite3ProSensorRigRealWithInterfaceV1/FL_FOOT/visuals> (recomposing stage on stage @/tmp/IsaacLab/usd_20260814_190143_1824/lite3_pro_sensor_rig_real_with_interface_isaac.usd@ <0x5f6f4ee86850>)

2026-08-14T23:01:44Z [11,702ms] [Warning] [omni.usd] Warning: in _ReportErrors at line 3172 of /builds/omniverse/usd-ci/USD/pxr/usd/usd/stage.cpp -- In </Lite3ProSensorRigRealWithInterfaceV1/FL_FOOT/visuals>: Unresolved reference prim path @/tmp/IsaacLab/usd_20260814_190143_1824/configuration/lite3_pro_sensor_rig_real_with_interface_isaac_physics.usd@</visuals/FL_FOOT> introduced by @/tmp/IsaacLab/usd_20260814_190143_1824/configuration/lite3_pro_sensor_rig_real_with_interface_isaac_base.usd@</Lite3ProSensorRigRealWithInterfaceV1/FL_FOOT/visuals> (recomposing stage on stage @/tmp/IsaacLab/usd_20260814_190143_1824/lite3_pro_sensor_rig_real_with_interface_isaac.usd@ <0x5f6f4ee86850>)

2026-08-14T23:01:44Z [11,702ms] [Warning] [omni.usd] Warning: in _ReportErrors at line 3172 of /builds/omniverse/usd-ci/USD/pxr/usd/usd/stage.cpp -- In </Lite3ProSensorRigRealWithInterfaceV1/FL_FOOT/visuals>: Unresolved reference prim path @/tmp/IsaacLab/usd_20260814_190143_1824/configuration/lite3_pro_sensor_rig_real_with_interface_isaac_physics.usd@</visuals/FL_FOOT> introduced by @/tmp/IsaacLab/usd_20260814_190143_1824/configuration/lite3_pro_sensor_rig_real_with_interface_isaac_base.usd@</Lite3ProSensorRigRealWithInterfaceV1/FL_FOOT/visuals> (recomposing stage on stage @/tmp/IsaacLab/usd_20260814_190143_1824/lite3_pro_sensor_rig_real_with_interface_isaac.usd@ <0x5f6f4ee86850>)

2026-08-14T23:01:44Z [11,702ms] [Warning] [omni.usd] Warning: in _ReportErrors at line 3172 of /builds/omniverse/usd-ci/USD/pxr/usd/usd/stage.cpp -- In </Lite3ProSensorRigRealWithInterfaceV1/FR_FOOT/visuals>: Unresolved reference prim path @/tmp/IsaacLab/usd_20260814_190143_1824/configuration/lite3_pro_sensor_rig_real_with_interface_isaac_physics.usd@</visuals/FR_FOOT> introduced by @/tmp/IsaacLab/usd_20260814_190143_1824/configuration/lite3_pro_sensor_rig_real_with_interface_isaac_base.usd@</Lite3ProSensorRigRealWithInterfaceV1/FR_FOOT/visuals> (recomposing stage on stage @/tmp/IsaacLab/usd_20260814_190143_1824/lite3_pro_sensor_rig_real_with_interface_isaac.usd@ <0x5f6f4ee86850>)

2026-08-14T23:01:44Z [11,702ms] [Warning] [omni.usd] Warning: in _ReportErrors at line 3172 of /builds/omniverse/usd-ci/USD/pxr/usd/usd/stage.cpp -- In </Lite3ProSensorRigRealWithInterfaceV1/FR_FOOT/visuals>: Unresolved reference prim path @/tmp/IsaacLab/usd_20260814_190143_1824/configuration/lite3_pro_sensor_rig_real_with_interface_isaac_physics.usd@</visuals/FR_FOOT> introduced by @/tmp/IsaacLab/usd_20260814_190143_1824/configuration/lite3_pro_sensor_rig_real_with_interface_isaac_base.usd@</Lite3ProSensorRigRealWithInterfaceV1/FR_FOOT/visuals> (recomposing stage on stage @/tmp/IsaacLab/usd_20260814_190143_1824/lite3_pro_sensor_rig_real_with_interface_isaac.usd@ <0x5f6f4ee86850>)

2026-08-14T23:01:44Z [11,702ms] [Warning] [omni.usd] Warning: in _ReportErrors at line 3172 of /builds/omniverse/usd-ci/USD/pxr/usd/usd/stage.cpp -- In </Lite3ProSensorRigRealWithInterfaceV1/FR_FOOT/visuals>: Unresolved reference prim path @/tmp/IsaacLab/usd_20260814_190143_1824/configuration/lite3_pro_sensor_rig_real_with_interface_isaac_physics.usd@</visuals/FR_FOOT> introduced by @/tmp/IsaacLab/usd_20260814_190143_1824/configuration/lite3_pro_sensor_rig_real_with_interface_isaac_base.usd@</Lite3ProSensorRigRealWithInterfaceV1/FR_FOOT/visuals> (recomposing stage on stage @/tmp/IsaacLab/usd_20260814_190143_1824/lite3_pro_sensor_rig_real_with_interface_isaac.usd@ <0x5f6f4ee86850>)

2026-08-14T23:01:44Z [11,702ms] [Warning] [omni.usd] Warning: in _ReportErrors at line 3172 of /builds/omniverse/usd-ci/USD/pxr/usd/usd/stage.cpp -- In </Lite3ProSensorRigRealWithInterfaceV1/HL_FOOT/visuals>: Unresolved reference prim path @/tmp/IsaacLab/usd_20260814_190143_1824/configuration/lite3_pro_sensor_rig_real_with_interface_isaac_physics.usd@</visuals/HL_FOOT> introduced by @/tmp/IsaacLab/usd_20260814_190143_1824/configuration/lite3_pro_sensor_rig_real_with_interface_isaac_base.usd@</Lite3ProSensorRigRealWithInterfaceV1/HL_FOOT/visuals> (recomposing stage on stage @/tmp/IsaacLab/usd_20260814_190143_1824/lite3_pro_sensor_rig_real_with_interface_isaac.usd@ <0x5f6f4ee86850>)

2026-08-14T23:01:44Z [11,702ms] [Warning] [omni.usd] Warning: in _ReportErrors at line 3172 of /builds/omniverse/usd-ci/USD/pxr/usd/usd/stage.cpp -- In </Lite3ProSensorRigRealWithInterfaceV1/HL_FOOT/visuals>: Unresolved reference prim path @/tmp/IsaacLab/usd_20260814_190143_1824/configuration/lite3_pro_sensor_rig_real_with_interface_isaac_physics.usd@</visuals/HL_FOOT> introduced by @/tmp/IsaacLab/usd_20260814_190143_1824/configuration/lite3_pro_sensor_rig_real_with_interface_isaac_base.usd@</Lite3ProSensorRigRealWithInterfaceV1/HL_FOOT/visuals> (recomposing stage on stage @/tmp/IsaacLab/usd_20260814_190143_1824/lite3_pro_sensor_rig_real_with_interface_isaac.usd@ <0x5f6f4ee86850>)

2026-08-14T23:01:44Z [11,702ms] [Warning] [omni.usd] Warning: in _ReportErrors at line 3172 of /builds/omniverse/usd-ci/USD/pxr/usd/usd/stage.cpp -- In </Lite3ProSensorRigRealWithInterfaceV1/HL_FOOT/visuals>: Unresolved reference prim path @/tmp/IsaacLab/usd_20260814_190143_1824/configuration/lite3_pro_sensor_rig_real_with_interface_isaac_physics.usd@</visuals/HL_FOOT> introduced by @/tmp/IsaacLab/usd_20260814_190143_1824/configuration/lite3_pro_sensor_rig_real_with_interface_isaac_base.usd@</Lite3ProSensorRigRealWithInterfaceV1/HL_FOOT/visuals> (recomposing stage on stage @/tmp/IsaacLab/usd_20260814_190143_1824/lite3_pro_sensor_rig_real_with_interface_isaac.usd@ <0x5f6f4ee86850>)

2026-08-14T23:01:44Z [11,702ms] [Warning] [omni.usd] Warning: in _ReportErrors at line 3172 of /builds/omniverse/usd-ci/USD/pxr/usd/usd/stage.cpp -- In </Lite3ProSensorRigRealWithInterfaceV1/HR_FOOT/visuals>: Unresolved reference prim path @/tmp/IsaacLab/usd_20260814_190143_1824/configuration/lite3_pro_sensor_rig_real_with_interface_isaac_physics.usd@</visuals/HR_FOOT> introduced by @/tmp/IsaacLab/usd_20260814_190143_1824/configuration/lite3_pro_sensor_rig_real_with_interface_isaac_base.usd@</Lite3ProSensorRigRealWithInterfaceV1/HR_FOOT/visuals> (recomposing stage on stage @/tmp/IsaacLab/usd_20260814_190143_1824/lite3_pro_sensor_rig_real_with_interface_isaac.usd@ <0x5f6f4ee86850>)

2026-08-14T23:01:44Z [11,702ms] [Warning] [omni.usd] Warning: in _ReportErrors at line 3172 of /builds/omniverse/usd-ci/USD/pxr/usd/usd/stage.cpp -- In </Lite3ProSensorRigRealWithInterfaceV1/HR_FOOT/visuals>: Unresolved reference prim path @/tmp/IsaacLab/usd_20260814_190143_1824/configuration/lite3_pro_sensor_rig_real_with_interface_isaac_physics.usd@</visuals/HR_FOOT> introduced by @/tmp/IsaacLab/usd_20260814_190143_1824/configuration/lite3_pro_sensor_rig_real_with_interface_isaac_base.usd@</Lite3ProSensorRigRealWithInterfaceV1/HR_FOOT/visuals> (recomposing stage on stage @/tmp/IsaacLab/usd_20260814_190143_1824/lite3_pro_sensor_rig_real_with_interface_isaac.usd@ <0x5f6f4ee86850>)

2026-08-14T23:01:44Z [11,702ms] [Warning] [omni.usd] Warning: in _ReportErrors at line 3172 of /builds/omniverse/usd-ci/USD/pxr/usd/usd/stage.cpp -- In </Lite3ProSensorRigRealWithInterfaceV1/HR_FOOT/visuals>: Unresolved reference prim path @/tmp/IsaacLab/usd_20260814_190143_1824/configuration/lite3_pro_sensor_rig_real_with_interface_isaac_physics.usd@</visuals/HR_FOOT> introduced by @/tmp/IsaacLab/usd_20260814_190143_1824/configuration/lite3_pro_sensor_rig_real_with_interface_isaac_base.usd@</Lite3ProSensorRigRealWithInterfaceV1/HR_FOOT/visuals> (recomposing stage on stage @/tmp/IsaacLab/usd_20260814_190143_1824/lite3_pro_sensor_rig_real_with_interface_isaac.usd@ <0x5f6f4ee86850>)

2026-08-14T23:01:44Z [11,702ms] [Warning] [omni.usd] Warning: in _ReportErrors at line 3172 of /builds/omniverse/usd-ci/USD/pxr/usd/usd/stage.cpp -- In </Lite3ProSensorRigRealWithInterfaceV1/mid360_scan_frame/visuals>: Unresolved reference prim path @/tmp/IsaacLab/usd_20260814_190143_1824/configuration/lite3_pro_sensor_rig_real_with_interface_isaac_physics.usd@</visuals/mid360_scan_frame> introduced by @/tmp/IsaacLab/usd_20260814_190143_1824/configuration/lite3_pro_sensor_rig_real_with_interface_isaac_base.usd@</Lite3ProSensorRigRealWithInterfaceV1/mid360_scan_frame/visuals> (recomposing stage on stage @/tmp/IsaacLab/usd_20260814_190143_1824/lite3_pro_sensor_rig_real_with_interface_isaac.usd@ <0x5f6f4ee86850>)

2026-08-14T23:01:44Z [11,702ms] [Warning] [omni.usd] Warning: in _ReportErrors at line 3172 of /builds/omniverse/usd-ci/USD/pxr/usd/usd/stage.cpp -- In </Lite3ProSensorRigRealWithInterfaceV1/mid360_scan_frame/visuals>: Unresolved reference prim path @/tmp/IsaacLab/usd_20260814_190143_1824/configuration/lite3_pro_sensor_rig_real_with_interface_isaac_physics.usd@</visuals/mid360_scan_frame> introduced by @/tmp/IsaacLab/usd_20260814_190143_1824/configuration/lite3_pro_sensor_rig_real_with_interface_isaac_base.usd@</Lite3ProSensorRigRealWithInterfaceV1/mid360_scan_frame/visuals> (recomposing stage on stage @/tmp/IsaacLab/usd_20260814_190143_1824/lite3_pro_sensor_rig_real_with_interface_isaac.usd@ <0x5f6f4ee86850>)

2026-08-14T23:01:44Z [11,702ms] [Warning] [omni.usd] Warning: in _ReportErrors at line 3172 of /builds/omniverse/usd-ci/USD/pxr/usd/usd/stage.cpp -- In </Lite3ProSensorRigRealWithInterfaceV1/mid360_scan_frame/visuals>: Unresolved reference prim path @/tmp/IsaacLab/usd_20260814_190143_1824/configuration/lite3_pro_sensor_rig_real_with_interface_isaac_physics.usd@</visuals/mid360_scan_frame> introduced by @/tmp/IsaacLab/usd_20260814_190143_1824/configuration/lite3_pro_sensor_rig_real_with_interface_isaac_base.usd@</Lite3ProSensorRigRealWithInterfaceV1/mid360_scan_frame/visuals> (recomposing stage on stage @/tmp/IsaacLab/usd_20260814_190143_1824/lite3_pro_sensor_rig_real_with_interface_isaac.usd@ <0x5f6f4ee86850>)

2026-08-14T23:01:44Z [11,702ms] [Warning] [omni.usd] Warning: in _ReportErrors at line 3172 of /builds/omniverse/usd-ci/USD/pxr/usd/usd/stage.cpp -- In </Lite3ProSensorRigRealWithInterfaceV1/d435i_depth_optical_frame/visuals>: Unresolved reference prim path @/tmp/IsaacLab/usd_20260814_190143_1824/configuration/lite3_pro_sensor_rig_real_with_interface_isaac_physics.usd@</visuals/d435i_depth_optical_frame> introduced by @/tmp/IsaacLab/usd_20260814_190143_1824/configuration/lite3_pro_sensor_rig_real_with_interface_isaac_base.usd@</Lite3ProSensorRigRealWithInterfaceV1/d435i_depth_optical_frame/visuals> (recomposing stage on stage @/tmp/IsaacLab/usd_20260814_190143_1824/lite3_pro_sensor_rig_real_with_interface_isaac.usd@ <0x5f6f4ee86850>)

2026-08-14T23:01:44Z [11,702ms] [Warning] [omni.usd] Warning: in _ReportErrors at line 3172 of /builds/omniverse/usd-ci/USD/pxr/usd/usd/stage.cpp -- In </Lite3ProSensorRigRealWithInterfaceV1/d435i_depth_optical_frame/visuals>: Unresolved reference prim path @/tmp/IsaacLab/usd_20260814_190143_1824/configuration/lite3_pro_sensor_rig_real_with_interface_isaac_physics.usd@</visuals/d435i_depth_optical_frame> introduced by @/tmp/IsaacLab/usd_20260814_190143_1824/configuration/lite3_pro_sensor_rig_real_with_interface_isaac_base.usd@</Lite3ProSensorRigRealWithInterfaceV1/d435i_depth_optical_frame/visuals> (recomposing stage on stage @/tmp/IsaacLab/usd_20260814_190143_1824/lite3_pro_sensor_rig_real_with_interface_isaac.usd@ <0x5f6f4ee86850>)

2026-08-14T23:01:44Z [11,702ms] [Warning] [omni.usd] Warning: in _ReportErrors at line 3172 of /builds/omniverse/usd-ci/USD/pxr/usd/usd/stage.cpp -- In </Lite3ProSensorRigRealWithInterfaceV1/d435i_depth_optical_frame/visuals>: Unresolved reference prim path @/tmp/IsaacLab/usd_20260814_190143_1824/configuration/lite3_pro_sensor_rig_real_with_interface_isaac_physics.usd@</visuals/d435i_depth_optical_frame> introduced by @/tmp/IsaacLab/usd_20260814_190143_1824/configuration/lite3_pro_sensor_rig_real_with_interface_isaac_base.usd@</Lite3ProSensorRigRealWithInterfaceV1/d435i_depth_optical_frame/visuals> (recomposing stage on stage @/tmp/IsaacLab/usd_20260814_190143_1824/lite3_pro_sensor_rig_real_with_interface_isaac.usd@ <0x5f6f4ee86850>)

2026-08-14T23:01:44Z [11,702ms] [Warning] [omni.usd] Warning: in _ReportErrors at line 3172 of /builds/omniverse/usd-ci/USD/pxr/usd/usd/stage.cpp -- In </Lite3ProSensorRigRealWithInterfaceV1/FR_FOOT/visuals>: Unresolved reference prim path @/tmp/IsaacLab/usd_20260814_190143_1824/configuration/lite3_pro_sensor_rig_real_with_interface_isaac_physics.usd@</visuals/FR_FOOT> introduced by @/tmp/IsaacLab/usd_20260814_190143_1824/configuration/lite3_pro_sensor_rig_real_with_interface_isaac_base.usd@</Lite3ProSensorRigRealWithInterfaceV1/FR_FOOT/visuals> (recomposing stage on stage @/tmp/IsaacLab/usd_20260814_190143_1824/lite3_pro_sensor_rig_real_with_interface_isaac.usd@ <0x5f6f4ee81850>)

2026-08-14T23:01:44Z [11,702ms] [Warning] [omni.usd] Warning: in _ReportErrors at line 3172 of /builds/omniverse/usd-ci/USD/pxr/usd/usd/stage.cpp -- In </Lite3ProSensorRigRealWithInterfaceV1/FR_FOOT/visuals>: Unresolved reference prim path @/tmp/IsaacLab/usd_20260814_190143_1824/configuration/lite3_pro_sensor_rig_real_with_interface_isaac_physics.usd@</visuals/FR_FOOT> introduced by @/tmp/IsaacLab/usd_20260814_190143_1824/configuration/lite3_pro_sensor_rig_real_with_interface_isaac_base.usd@</Lite3ProSensorRigRealWithInterfaceV1/FR_FOOT/visuals> (recomposing stage on stage @/tmp/IsaacLab/usd_20260814_190143_1824/lite3_pro_sensor_rig_real_with_interface_isaac.usd@ <0x5f6f4ee81850>)

2026-08-14T23:01:44Z [11,702ms] [Warning] [omni.usd] Warning: in _ReportErrors at line 3172 of /builds/omniverse/usd-ci/USD/pxr/usd/usd/stage.cpp -- In </Lite3ProSensorRigRealWithInterfaceV1/FR_FOOT/visuals>: Unresolved reference prim path @/tmp/IsaacLab/usd_20260814_190143_1824/configuration/lite3_pro_sensor_rig_real_with_interface_isaac_physics.usd@</visuals/FR_FOOT> introduced by @/tmp/IsaacLab/usd_20260814_190143_1824/configuration/lite3_pro_sensor_rig_real_with_interface_isaac_base.usd@</Lite3ProSensorRigRealWithInterfaceV1/FR_FOOT/visuals> (recomposing stage on stage @/tmp/IsaacLab/usd_20260814_190143_1824/lite3_pro_sensor_rig_real_with_interface_isaac.usd@ <0x5f6f4ee81850>)

2026-08-14T23:01:44Z [11,702ms] [Warning] [omni.usd] Warning: in _ReportErrors at line 3172 of /builds/omniverse/usd-ci/USD/pxr/usd/usd/stage.cpp -- In </Lite3ProSensorRigRealWithInterfaceV1/FL_FOOT/visuals>: Unresolved reference prim path @/tmp/IsaacLab/usd_20260814_190143_1824/configuration/lite3_pro_sensor_rig_real_with_interface_isaac_physics.usd@</visuals/FL_FOOT> introduced by @/tmp/IsaacLab/usd_20260814_190143_1824/configuration/lite3_pro_sensor_rig_real_with_interface_isaac_base.usd@</Lite3ProSensorRigRealWithInterfaceV1/FL_FOOT/visuals> (recomposing stage on stage @/tmp/IsaacLab/usd_20260814_190143_1824/lite3_pro_sensor_rig_real_with_interface_isaac.usd@ <0x5f6f4ee81850>)

2026-08-14T23:01:44Z [11,702ms] [Warning] [omni.usd] Warning: in _ReportErrors at line 3172 of /builds/omniverse/usd-ci/USD/pxr/usd/usd/stage.cpp -- In </Lite3ProSensorRigRealWithInterfaceV1/FL_FOOT/visuals>: Unresolved reference prim path @/tmp/IsaacLab/usd_20260814_190143_1824/configuration/lite3_pro_sensor_rig_real_with_interface_isaac_physics.usd@</visuals/FL_FOOT> introduced by @/tmp/IsaacLab/usd_20260814_190143_1824/configuration/lite3_pro_sensor_rig_real_with_interface_isaac_base.usd@</Lite3ProSensorRigRealWithInterfaceV1/FL_FOOT/visuals> (recomposing stage on stage @/tmp/IsaacLab/usd_20260814_190143_1824/lite3_pro_sensor_rig_real_with_interface_isaac.usd@ <0x5f6f4ee81850>)

2026-08-14T23:01:44Z [11,702ms] [Warning] [omni.usd] Warning: in _ReportErrors at line 3172 of /builds/omniverse/usd-ci/USD/pxr/usd/usd/stage.cpp -- In </Lite3ProSensorRigRealWithInterfaceV1/FL_FOOT/visuals>: Unresolved reference prim path @/tmp/IsaacLab/usd_20260814_190143_1824/configuration/lite3_pro_sensor_rig_real_with_interface_isaac_physics.usd@</visuals/FL_FOOT> introduced by @/tmp/IsaacLab/usd_20260814_190143_1824/configuration/lite3_pro_sensor_rig_real_with_interface_isaac_base.usd@</Lite3ProSensorRigRealWithInterfaceV1/FL_FOOT/visuals> (recomposing stage on stage @/tmp/IsaacLab/usd_20260814_190143_1824/lite3_pro_sensor_rig_real_with_interface_isaac.usd@ <0x5f6f4ee81850>)

2026-08-14T23:01:44Z [11,702ms] [Warning] [omni.usd] Warning: in _ReportErrors at line 3172 of /builds/omniverse/usd-ci/USD/pxr/usd/usd/stage.cpp -- In </Lite3ProSensorRigRealWithInterfaceV1/HL_FOOT/visuals>: Unresolved reference prim path @/tmp/IsaacLab/usd_20260814_190143_1824/configuration/lite3_pro_sensor_rig_real_with_interface_isaac_physics.usd@</visuals/HL_FOOT> introduced by @/tmp/IsaacLab/usd_20260814_190143_1824/configuration/lite3_pro_sensor_rig_real_with_interface_isaac_base.usd@</Lite3ProSensorRigRealWithInterfaceV1/HL_FOOT/visuals> (recomposing stage on stage @/tmp/IsaacLab/usd_20260814_190143_1824/lite3_pro_sensor_rig_real_with_interface_isaac.usd@ <0x5f6f4ee81850>)

2026-08-14T23:01:44Z [11,702ms] [Warning] [omni.usd] Warning: in _ReportErrors at line 3172 of /builds/omniverse/usd-ci/USD/pxr/usd/usd/stage.cpp -- In </Lite3ProSensorRigRealWithInterfaceV1/HL_FOOT/visuals>: Unresolved reference prim path @/tmp/IsaacLab/usd_20260814_190143_1824/configuration/lite3_pro_sensor_rig_real_with_interface_isaac_physics.usd@</visuals/HL_FOOT> introduced by @/tmp/IsaacLab/usd_20260814_190143_1824/configuration/lite3_pro_sensor_rig_real_with_interface_isaac_base.usd@</Lite3ProSensorRigRealWithInterfaceV1/HL_FOOT/visuals> (recomposing stage on stage @/tmp/IsaacLab/usd_20260814_190143_1824/lite3_pro_sensor_rig_real_with_interface_isaac.usd@ <0x5f6f4ee81850>)

2026-08-14T23:01:44Z [11,702ms] [Warning] [omni.usd] Warning: in _ReportErrors at line 3172 of /builds/omniverse/usd-ci/USD/pxr/usd/usd/stage.cpp -- In </Lite3ProSensorRigRealWithInterfaceV1/HL_FOOT/visuals>: Unresolved reference prim path @/tmp/IsaacLab/usd_20260814_190143_1824/configuration/lite3_pro_sensor_rig_real_with_interface_isaac_physics.usd@</visuals/HL_FOOT> introduced by @/tmp/IsaacLab/usd_20260814_190143_1824/configuration/lite3_pro_sensor_rig_real_with_interface_isaac_base.usd@</Lite3ProSensorRigRealWithInterfaceV1/HL_FOOT/visuals> (recomposing stage on stage @/tmp/IsaacLab/usd_20260814_190143_1824/lite3_pro_sensor_rig_real_with_interface_isaac.usd@ <0x5f6f4ee81850>)

2026-08-14T23:01:44Z [11,702ms] [Warning] [omni.usd] Warning: in _ReportErrors at line 3172 of /builds/omniverse/usd-ci/USD/pxr/usd/usd/stage.cpp -- In </Lite3ProSensorRigRealWithInterfaceV1/HR_FOOT/visuals>: Unresolved reference prim path @/tmp/IsaacLab/usd_20260814_190143_1824/configuration/lite3_pro_sensor_rig_real_with_interface_isaac_physics.usd@</visuals/HR_FOOT> introduced by @/tmp/IsaacLab/usd_20260814_190143_1824/configuration/lite3_pro_sensor_rig_real_with_interface_isaac_base.usd@</Lite3ProSensorRigRealWithInterfaceV1/HR_FOOT/visuals> (recomposing stage on stage @/tmp/IsaacLab/usd_20260814_190143_1824/lite3_pro_sensor_rig_real_with_interface_isaac.usd@ <0x5f6f4ee81850>)

2026-08-14T23:01:44Z [11,702ms] [Warning] [omni.usd] Warning: in _ReportErrors at line 3172 of /builds/omniverse/usd-ci/USD/pxr/usd/usd/stage.cpp -- In </Lite3ProSensorRigRealWithInterfaceV1/HR_FOOT/visuals>: Unresolved reference prim path @/tmp/IsaacLab/usd_20260814_190143_1824/configuration/lite3_pro_sensor_rig_real_with_interface_isaac_physics.usd@</visuals/HR_FOOT> introduced by @/tmp/IsaacLab/usd_20260814_190143_1824/configuration/lite3_pro_sensor_rig_real_with_interface_isaac_base.usd@</Lite3ProSensorRigRealWithInterfaceV1/HR_FOOT/visuals> (recomposing stage on stage @/tmp/IsaacLab/usd_20260814_190143_1824/lite3_pro_sensor_rig_real_with_interface_isaac.usd@ <0x5f6f4ee81850>)

2026-08-14T23:01:44Z [11,702ms] [Warning] [omni.usd] Warning: in _ReportErrors at line 3172 of /builds/omniverse/usd-ci/USD/pxr/usd/usd/stage.cpp -- In </Lite3ProSensorRigRealWithInterfaceV1/HR_FOOT/visuals>: Unresolved reference prim path @/tmp/IsaacLab/usd_20260814_190143_1824/configuration/lite3_pro_sensor_rig_real_with_interface_isaac_physics.usd@</visuals/HR_FOOT> introduced by @/tmp/IsaacLab/usd_20260814_190143_1824/configuration/lite3_pro_sensor_rig_real_with_interface_isaac_base.usd@</Lite3ProSensorRigRealWithInterfaceV1/HR_FOOT/visuals> (recomposing stage on stage @/tmp/IsaacLab/usd_20260814_190143_1824/lite3_pro_sensor_rig_real_with_interface_isaac.usd@ <0x5f6f4ee81850>)

2026-08-14T23:01:44Z [11,702ms] [Warning] [omni.usd] Warning: in _ReportErrors at line 3172 of /builds/omniverse/usd-ci/USD/pxr/usd/usd/stage.cpp -- In </Lite3ProSensorRigRealWithInterfaceV1/d435i_depth_optical_frame/visuals>: Unresolved reference prim path @/tmp/IsaacLab/usd_20260814_190143_1824/configuration/lite3_pro_sensor_rig_real_with_interface_isaac_physics.usd@</visuals/d435i_depth_optical_frame> introduced by @/tmp/IsaacLab/usd_20260814_190143_1824/configuration/lite3_pro_sensor_rig_real_with_interface_isaac_base.usd@</Lite3ProSensorRigRealWithInterfaceV1/d435i_depth_optical_frame/visuals> (recomposing stage on stage @/tmp/IsaacLab/usd_20260814_190143_1824/lite3_pro_sensor_rig_real_with_interface_isaac.usd@ <0x5f6f4ee81850>)

2026-08-14T23:01:44Z [11,702ms] [Warning] [omni.usd] Warning: in _ReportErrors at line 3172 of /builds/omniverse/usd-ci/USD/pxr/usd/usd/stage.cpp -- In </Lite3ProSensorRigRealWithInterfaceV1/d435i_depth_optical_frame/visuals>: Unresolved reference prim path @/tmp/IsaacLab/usd_20260814_190143_1824/configuration/lite3_pro_sensor_rig_real_with_interface_isaac_physics.usd@</visuals/d435i_depth_optical_frame> introduced by @/tmp/IsaacLab/usd_20260814_190143_1824/configuration/lite3_pro_sensor_rig_real_with_interface_isaac_base.usd@</Lite3ProSensorRigRealWithInterfaceV1/d435i_depth_optical_frame/visuals> (recomposing stage on stage @/tmp/IsaacLab/usd_20260814_190143_1824/lite3_pro_sensor_rig_real_with_interface_isaac.usd@ <0x5f6f4ee81850>)

2026-08-14T23:01:44Z [11,702ms] [Warning] [omni.usd] Warning: in _ReportErrors at line 3172 of /builds/omniverse/usd-ci/USD/pxr/usd/usd/stage.cpp -- In </Lite3ProSensorRigRealWithInterfaceV1/d435i_depth_optical_frame/visuals>: Unresolved reference prim path @/tmp/IsaacLab/usd_20260814_190143_1824/configuration/lite3_pro_sensor_rig_real_with_interface_isaac_physics.usd@</visuals/d435i_depth_optical_frame> introduced by @/tmp/IsaacLab/usd_20260814_190143_1824/configuration/lite3_pro_sensor_rig_real_with_interface_isaac_base.usd@</Lite3ProSensorRigRealWithInterfaceV1/d435i_depth_optical_frame/visuals> (recomposing stage on stage @/tmp/IsaacLab/usd_20260814_190143_1824/lite3_pro_sensor_rig_real_with_interface_isaac.usd@ <0x5f6f4ee81850>)

2026-08-14T23:01:44Z [11,702ms] [Warning] [omni.usd] Warning: in _ReportErrors at line 3172 of /builds/omniverse/usd-ci/USD/pxr/usd/usd/stage.cpp -- In </Lite3ProSensorRigRealWithInterfaceV1/mid360_scan_frame/visuals>: Unresolved reference prim path @/tmp/IsaacLab/usd_20260814_190143_1824/configuration/lite3_pro_sensor_rig_real_with_interface_isaac_physics.usd@</visuals/mid360_scan_frame> introduced by @/tmp/IsaacLab/usd_20260814_190143_1824/configuration/lite3_pro_sensor_rig_real_with_interface_isaac_base.usd@</Lite3ProSensorRigRealWithInterfaceV1/mid360_scan_frame/visuals> (recomposing stage on stage @/tmp/IsaacLab/usd_20260814_190143_1824/lite3_pro_sensor_rig_real_with_interface_isaac.usd@ <0x5f6f4ee81850>)

2026-08-14T23:01:44Z [11,702ms] [Warning] [omni.usd] Warning: in _ReportErrors at line 3172 of /builds/omniverse/usd-ci/USD/pxr/usd/usd/stage.cpp -- In </Lite3ProSensorRigRealWithInterfaceV1/mid360_scan_frame/visuals>: Unresolved reference prim path @/tmp/IsaacLab/usd_20260814_190143_1824/configuration/lite3_pro_sensor_rig_real_with_interface_isaac_physics.usd@</visuals/mid360_scan_frame> introduced by @/tmp/IsaacLab/usd_20260814_190143_1824/configuration/lite3_pro_sensor_rig_real_with_interface_isaac_base.usd@</Lite3ProSensorRigRealWithInterfaceV1/mid360_scan_frame/visuals> (recomposing stage on stage @/tmp/IsaacLab/usd_20260814_190143_1824/lite3_pro_sensor_rig_real_with_interface_isaac.usd@ <0x5f6f4ee81850>)

2026-08-14T23:01:44Z [11,702ms] [Warning] [omni.usd] Warning: in _ReportErrors at line 3172 of /builds/omniverse/usd-ci/USD/pxr/usd/usd/stage.cpp -- In </Lite3ProSensorRigRealWithInterfaceV1/mid360_scan_frame/visuals>: Unresolved reference prim path @/tmp/IsaacLab/usd_20260814_190143_1824/configuration/lite3_pro_sensor_rig_real_with_interface_isaac_physics.usd@</visuals/mid360_scan_frame> introduced by @/tmp/IsaacLab/usd_20260814_190143_1824/configuration/lite3_pro_sensor_rig_real_with_interface_isaac_base.usd@</Lite3ProSensorRigRealWithInterfaceV1/mid360_scan_frame/visuals> (recomposing stage on stage @/tmp/IsaacLab/usd_20260814_190143_1824/lite3_pro_sensor_rig_real_with_interface_isaac.usd@ <0x5f6f4ee81850>)

2026-08-14T23:01:44Z [11,703ms] [Warning] [omni.usd] Warning: in _ReportErrors at line 3172 of /builds/omniverse/usd-ci/USD/pxr/usd/usd/stage.cpp -- In </Lite3ProSensorRigRealWithInterfaceV1/FR_FOOT/visuals>: Unresolved reference prim path @/tmp/IsaacLab/usd_20260814_190143_1824/configuration/lite3_pro_sensor_rig_real_with_interface_isaac_physics.usd@</visuals/FR_FOOT> introduced by @/tmp/IsaacLab/usd_20260814_190143_1824/configuration/lite3_pro_sensor_rig_real_with_interface_isaac_base.usd@</Lite3ProSensorRigRealWithInterfaceV1/FR_FOOT/visuals> (recomposing stage on stage @/tmp/IsaacLab/usd_20260814_190143_1824/lite3_pro_sensor_rig_real_with_interface_isaac.usd@ <0x5f6f4ee86850>)

2026-08-14T23:01:44Z [11,703ms] [Warning] [omni.usd] Warning: in _ReportErrors at line 3172 of /builds/omniverse/usd-ci/USD/pxr/usd/usd/stage.cpp -- In </Lite3ProSensorRigRealWithInterfaceV1/FR_FOOT/visuals>: Unresolved reference prim path @/tmp/IsaacLab/usd_20260814_190143_1824/configuration/lite3_pro_sensor_rig_real_with_interface_isaac_physics.usd@</visuals/FR_FOOT> introduced by @/tmp/IsaacLab/usd_20260814_190143_1824/configuration/lite3_pro_sensor_rig_real_with_interface_isaac_base.usd@</Lite3ProSensorRigRealWithInterfaceV1/FR_FOOT/visuals> (recomposing stage on stage @/tmp/IsaacLab/usd_20260814_190143_1824/lite3_pro_sensor_rig_real_with_interface_isaac.usd@ <0x5f6f4ee86850>)

2026-08-14T23:01:44Z [11,703ms] [Warning] [omni.usd] Warning: in _ReportErrors at line 3172 of /builds/omniverse/usd-ci/USD/pxr/usd/usd/stage.cpp -- In </Lite3ProSensorRigRealWithInterfaceV1/FR_FOOT/visuals>: Unresolved reference prim path @/tmp/IsaacLab/usd_20260814_190143_1824/configuration/lite3_pro_sensor_rig_real_with_interface_isaac_physics.usd@</visuals/FR_FOOT> introduced by @/tmp/IsaacLab/usd_20260814_190143_1824/configuration/lite3_pro_sensor_rig_real_with_interface_isaac_base.usd@</Lite3ProSensorRigRealWithInterfaceV1/FR_FOOT/visuals> (recomposing stage on stage @/tmp/IsaacLab/usd_20260814_190143_1824/lite3_pro_sensor_rig_real_with_interface_isaac.usd@ <0x5f6f4ee86850>)

2026-08-14T23:01:44Z [11,703ms] [Warning] [omni.usd] Warning: in _ReportErrors at line 3172 of /builds/omniverse/usd-ci/USD/pxr/usd/usd/stage.cpp -- In </Lite3ProSensorRigRealWithInterfaceV1/FL_FOOT/visuals>: Unresolved reference prim path @/tmp/IsaacLab/usd_20260814_190143_1824/configuration/lite3_pro_sensor_rig_real_with_interface_isaac_physics.usd@</visuals/FL_FOOT> introduced by @/tmp/IsaacLab/usd_20260814_190143_1824/configuration/lite3_pro_sensor_rig_real_with_interface_isaac_base.usd@</Lite3ProSensorRigRealWithInterfaceV1/FL_FOOT/visuals> (recomposing stage on stage @/tmp/IsaacLab/usd_20260814_190143_1824/lite3_pro_sensor_rig_real_with_interface_isaac.usd@ <0x5f6f4ee86850>)

2026-08-14T23:01:44Z [11,703ms] [Warning] [omni.usd] Warning: in _ReportErrors at line 3172 of /builds/omniverse/usd-ci/USD/pxr/usd/usd/stage.cpp -- In </Lite3ProSensorRigRealWithInterfaceV1/FL_FOOT/visuals>: Unresolved reference prim path @/tmp/IsaacLab/usd_20260814_190143_1824/configuration/lite3_pro_sensor_rig_real_with_interface_isaac_physics.usd@</visuals/FL_FOOT> introduced by @/tmp/IsaacLab/usd_20260814_190143_1824/configuration/lite3_pro_sensor_rig_real_with_interface_isaac_base.usd@</Lite3ProSensorRigRealWithInterfaceV1/FL_FOOT/visuals> (recomposing stage on stage @/tmp/IsaacLab/usd_20260814_190143_1824/lite3_pro_sensor_rig_real_with_interface_isaac.usd@ <0x5f6f4ee86850>)

2026-08-14T23:01:44Z [11,703ms] [Warning] [omni.usd] Warning: in _ReportErrors at line 3172 of /builds/omniverse/usd-ci/USD/pxr/usd/usd/stage.cpp -- In </Lite3ProSensorRigRealWithInterfaceV1/FL_FOOT/visuals>: Unresolved reference prim path @/tmp/IsaacLab/usd_20260814_190143_1824/configuration/lite3_pro_sensor_rig_real_with_interface_isaac_physics.usd@</visuals/FL_FOOT> introduced by @/tmp/IsaacLab/usd_20260814_190143_1824/configuration/lite3_pro_sensor_rig_real_with_interface_isaac_base.usd@</Lite3ProSensorRigRealWithInterfaceV1/FL_FOOT/visuals> (recomposing stage on stage @/tmp/IsaacLab/usd_20260814_190143_1824/lite3_pro_sensor_rig_real_with_interface_isaac.usd@ <0x5f6f4ee86850>)

2026-08-14T23:01:44Z [11,703ms] [Warning] [omni.usd] Warning: in _ReportErrors at line 3172 of /builds/omniverse/usd-ci/USD/pxr/usd/usd/stage.cpp -- In </Lite3ProSensorRigRealWithInterfaceV1/HL_FOOT/visuals>: Unresolved reference prim path @/tmp/IsaacLab/usd_20260814_190143_1824/configuration/lite3_pro_sensor_rig_real_with_interface_isaac_physics.usd@</visuals/HL_FOOT> introduced by @/tmp/IsaacLab/usd_20260814_190143_1824/configuration/lite3_pro_sensor_rig_real_with_interface_isaac_base.usd@</Lite3ProSensorRigRealWithInterfaceV1/HL_FOOT/visuals> (recomposing stage on stage @/tmp/IsaacLab/usd_20260814_190143_1824/lite3_pro_sensor_rig_real_with_interface_isaac.usd@ <0x5f6f4ee86850>)

2026-08-14T23:01:44Z [11,703ms] [Warning] [omni.usd] Warning: in _ReportErrors at line 3172 of /builds/omniverse/usd-ci/USD/pxr/usd/usd/stage.cpp -- In </Lite3ProSensorRigRealWithInterfaceV1/HL_FOOT/visuals>: Unresolved reference prim path @/tmp/IsaacLab/usd_20260814_190143_1824/configuration/lite3_pro_sensor_rig_real_with_interface_isaac_physics.usd@</visuals/HL_FOOT> introduced by @/tmp/IsaacLab/usd_20260814_190143_1824/configuration/lite3_pro_sensor_rig_real_with_interface_isaac_base.usd@</Lite3ProSensorRigRealWithInterfaceV1/HL_FOOT/visuals> (recomposing stage on stage @/tmp/IsaacLab/usd_20260814_190143_1824/lite3_pro_sensor_rig_real_with_interface_isaac.usd@ <0x5f6f4ee86850>)

2026-08-14T23:01:44Z [11,703ms] [Warning] [omni.usd] Warning: in _ReportErrors at line 3172 of /builds/omniverse/usd-ci/USD/pxr/usd/usd/stage.cpp -- In </Lite3ProSensorRigRealWithInterfaceV1/HL_FOOT/visuals>: Unresolved reference prim path @/tmp/IsaacLab/usd_20260814_190143_1824/configuration/lite3_pro_sensor_rig_real_with_interface_isaac_physics.usd@</visuals/HL_FOOT> introduced by @/tmp/IsaacLab/usd_20260814_190143_1824/configuration/lite3_pro_sensor_rig_real_with_interface_isaac_base.usd@</Lite3ProSensorRigRealWithInterfaceV1/HL_FOOT/visuals> (recomposing stage on stage @/tmp/IsaacLab/usd_20260814_190143_1824/lite3_pro_sensor_rig_real_with_interface_isaac.usd@ <0x5f6f4ee86850>)

2026-08-14T23:01:44Z [11,703ms] [Warning] [omni.usd] Warning: in _ReportErrors at line 3172 of /builds/omniverse/usd-ci/USD/pxr/usd/usd/stage.cpp -- In </Lite3ProSensorRigRealWithInterfaceV1/HR_FOOT/visuals>: Unresolved reference prim path @/tmp/IsaacLab/usd_20260814_190143_1824/configuration/lite3_pro_sensor_rig_real_with_interface_isaac_physics.usd@</visuals/HR_FOOT> introduced by @/tmp/IsaacLab/usd_20260814_190143_1824/configuration/lite3_pro_sensor_rig_real_with_interface_isaac_base.usd@</Lite3ProSensorRigRealWithInterfaceV1/HR_FOOT/visuals> (recomposing stage on stage @/tmp/IsaacLab/usd_20260814_190143_1824/lite3_pro_sensor_rig_real_with_interface_isaac.usd@ <0x5f6f4ee86850>)

2026-08-14T23:01:44Z [11,703ms] [Warning] [omni.usd] Warning: in _ReportErrors at line 3172 of /builds/omniverse/usd-ci/USD/pxr/usd/usd/stage.cpp -- In </Lite3ProSensorRigRealWithInterfaceV1/HR_FOOT/visuals>: Unresolved reference prim path @/tmp/IsaacLab/usd_20260814_190143_1824/configuration/lite3_pro_sensor_rig_real_with_interface_isaac_physics.usd@</visuals/HR_FOOT> introduced by @/tmp/IsaacLab/usd_20260814_190143_1824/configuration/lite3_pro_sensor_rig_real_with_interface_isaac_base.usd@</Lite3ProSensorRigRealWithInterfaceV1/HR_FOOT/visuals> (recomposing stage on stage @/tmp/IsaacLab/usd_20260814_190143_1824/lite3_pro_sensor_rig_real_with_interface_isaac.usd@ <0x5f6f4ee86850>)

2026-08-14T23:01:44Z [11,703ms] [Warning] [omni.usd] Warning: in _ReportErrors at line 3172 of /builds/omniverse/usd-ci/USD/pxr/usd/usd/stage.cpp -- In </Lite3ProSensorRigRealWithInterfaceV1/HR_FOOT/visuals>: Unresolved reference prim path @/tmp/IsaacLab/usd_20260814_190143_1824/configuration/lite3_pro_sensor_rig_real_with_interface_isaac_physics.usd@</visuals/HR_FOOT> introduced by @/tmp/IsaacLab/usd_20260814_190143_1824/configuration/lite3_pro_sensor_rig_real_with_interface_isaac_base.usd@</Lite3ProSensorRigRealWithInterfaceV1/HR_FOOT/visuals> (recomposing stage on stage @/tmp/IsaacLab/usd_20260814_190143_1824/lite3_pro_sensor_rig_real_with_interface_isaac.usd@ <0x5f6f4ee86850>)

2026-08-14T23:01:44Z [11,703ms] [Warning] [omni.usd] Warning: in _ReportErrors at line 3172 of /builds/omniverse/usd-ci/USD/pxr/usd/usd/stage.cpp -- In </Lite3ProSensorRigRealWithInterfaceV1/d435i_depth_optical_frame/visuals>: Unresolved reference prim path @/tmp/IsaacLab/usd_20260814_190143_1824/configuration/lite3_pro_sensor_rig_real_with_interface_isaac_physics.usd@</visuals/d435i_depth_optical_frame> introduced by @/tmp/IsaacLab/usd_20260814_190143_1824/configuration/lite3_pro_sensor_rig_real_with_interface_isaac_base.usd@</Lite3ProSensorRigRealWithInterfaceV1/d435i_depth_optical_frame/visuals> (recomposing stage on stage @/tmp/IsaacLab/usd_20260814_190143_1824/lite3_pro_sensor_rig_real_with_interface_isaac.usd@ <0x5f6f4ee86850>)

2026-08-14T23:01:44Z [11,703ms] [Warning] [omni.usd] Warning: in _ReportErrors at line 3172 of /builds/omniverse/usd-ci/USD/pxr/usd/usd/stage.cpp -- In </Lite3ProSensorRigRealWithInterfaceV1/d435i_depth_optical_frame/visuals>: Unresolved reference prim path @/tmp/IsaacLab/usd_20260814_190143_1824/configuration/lite3_pro_sensor_rig_real_with_interface_isaac_physics.usd@</visuals/d435i_depth_optical_frame> introduced by @/tmp/IsaacLab/usd_20260814_190143_1824/configuration/lite3_pro_sensor_rig_real_with_interface_isaac_base.usd@</Lite3ProSensorRigRealWithInterfaceV1/d435i_depth_optical_frame/visuals> (recomposing stage on stage @/tmp/IsaacLab/usd_20260814_190143_1824/lite3_pro_sensor_rig_real_with_interface_isaac.usd@ <0x5f6f4ee86850>)

2026-08-14T23:01:44Z [11,703ms] [Warning] [omni.usd] Warning: in _ReportErrors at line 3172 of /builds/omniverse/usd-ci/USD/pxr/usd/usd/stage.cpp -- In </Lite3ProSensorRigRealWithInterfaceV1/d435i_depth_optical_frame/visuals>: Unresolved reference prim path @/tmp/IsaacLab/usd_20260814_190143_1824/configuration/lite3_pro_sensor_rig_real_with_interface_isaac_physics.usd@</visuals/d435i_depth_optical_frame> introduced by @/tmp/IsaacLab/usd_20260814_190143_1824/configuration/lite3_pro_sensor_rig_real_with_interface_isaac_base.usd@</Lite3ProSensorRigRealWithInterfaceV1/d435i_depth_optical_frame/visuals> (recomposing stage on stage @/tmp/IsaacLab/usd_20260814_190143_1824/lite3_pro_sensor_rig_real_with_interface_isaac.usd@ <0x5f6f4ee86850>)

2026-08-14T23:01:44Z [11,703ms] [Warning] [omni.usd] Warning: in _ReportErrors at line 3172 of /builds/omniverse/usd-ci/USD/pxr/usd/usd/stage.cpp -- In </Lite3ProSensorRigRealWithInterfaceV1/mid360_scan_frame/visuals>: Unresolved reference prim path @/tmp/IsaacLab/usd_20260814_190143_1824/configuration/lite3_pro_sensor_rig_real_with_interface_isaac_physics.usd@</visuals/mid360_scan_frame> introduced by @/tmp/IsaacLab/usd_20260814_190143_1824/configuration/lite3_pro_sensor_rig_real_with_interface_isaac_base.usd@</Lite3ProSensorRigRealWithInterfaceV1/mid360_scan_frame/visuals> (recomposing stage on stage @/tmp/IsaacLab/usd_20260814_190143_1824/lite3_pro_sensor_rig_real_with_interface_isaac.usd@ <0x5f6f4ee86850>)

2026-08-14T23:01:44Z [11,703ms] [Warning] [omni.usd] Warning: in _ReportErrors at line 3172 of /builds/omniverse/usd-ci/USD/pxr/usd/usd/stage.cpp -- In </Lite3ProSensorRigRealWithInterfaceV1/mid360_scan_frame/visuals>: Unresolved reference prim path @/tmp/IsaacLab/usd_20260814_190143_1824/configuration/lite3_pro_sensor_rig_real_with_interface_isaac_physics.usd@</visuals/mid360_scan_frame> introduced by @/tmp/IsaacLab/usd_20260814_190143_1824/configuration/lite3_pro_sensor_rig_real_with_interface_isaac_base.usd@</Lite3ProSensorRigRealWithInterfaceV1/mid360_scan_frame/visuals> (recomposing stage on stage @/tmp/IsaacLab/usd_20260814_190143_1824/lite3_pro_sensor_rig_real_with_interface_isaac.usd@ <0x5f6f4ee86850>)

2026-08-14T23:01:44Z [11,703ms] [Warning] [omni.usd] Warning: in _ReportErrors at line 3172 of /builds/omniverse/usd-ci/USD/pxr/usd/usd/stage.cpp -- In </Lite3ProSensorRigRealWithInterfaceV1/mid360_scan_frame/visuals>: Unresolved reference prim path @/tmp/IsaacLab/usd_20260814_190143_1824/configuration/lite3_pro_sensor_rig_real_with_interface_isaac_physics.usd@</visuals/mid360_scan_frame> introduced by @/tmp/IsaacLab/usd_20260814_190143_1824/configuration/lite3_pro_sensor_rig_real_with_interface_isaac_base.usd@</Lite3ProSensorRigRealWithInterfaceV1/mid360_scan_frame/visuals> (recomposing stage on stage @/tmp/IsaacLab/usd_20260814_190143_1824/lite3_pro_sensor_rig_real_with_interface_isaac.usd@ <0x5f6f4ee86850>)

2026-08-14T23:01:44Z [11,704ms] [Warning] [omni.usd] Warning: in _ReportErrors at line 3172 of /builds/omniverse/usd-ci/USD/pxr/usd/usd/stage.cpp -- In </Lite3ProSensorRigRealWithInterfaceV1/FL_FOOT/visuals>: Unresolved reference prim path @/tmp/IsaacLab/usd_20260814_190143_1824/configuration/lite3_pro_sensor_rig_real_with_interface_isaac_physics.usd@</visuals/FL_FOOT> introduced by @/tmp/IsaacLab/usd_20260814_190143_1824/configuration/lite3_pro_sensor_rig_real_with_interface_isaac_base.usd@</Lite3ProSensorRigRealWithInterfaceV1/FL_FOOT/visuals> (recomposing stage on stage @/tmp/IsaacLab/usd_20260814_190143_1824/lite3_pro_sensor_rig_real_with_interface_isaac.usd@ <0x5f6f4ee81850>)

2026-08-14T23:01:44Z [11,704ms] [Warning] [omni.usd] Warning: in _ReportErrors at line 3172 of /builds/omniverse/usd-ci/USD/pxr/usd/usd/stage.cpp -- In </Lite3ProSensorRigRealWithInterfaceV1/FL_FOOT/visuals>: Unresolved reference prim path @/tmp/IsaacLab/usd_20260814_190143_1824/configuration/lite3_pro_sensor_rig_real_with_interface_isaac_physics.usd@</visuals/FL_FOOT> introduced by @/tmp/IsaacLab/usd_20260814_190143_1824/configuration/lite3_pro_sensor_rig_real_with_interface_isaac_base.usd@</Lite3ProSensorRigRealWithInterfaceV1/FL_FOOT/visuals> (recomposing stage on stage @/tmp/IsaacLab/usd_20260814_190143_1824/lite3_pro_sensor_rig_real_with_interface_isaac.usd@ <0x5f6f4ee81850>)

2026-08-14T23:01:44Z [11,704ms] [Warning] [omni.usd] Warning: in _ReportErrors at line 3172 of /builds/omniverse/usd-ci/USD/pxr/usd/usd/stage.cpp -- In </Lite3ProSensorRigRealWithInterfaceV1/FL_FOOT/visuals>: Unresolved reference prim path @/tmp/IsaacLab/usd_20260814_190143_1824/configuration/lite3_pro_sensor_rig_real_with_interface_isaac_physics.usd@</visuals/FL_FOOT> introduced by @/tmp/IsaacLab/usd_20260814_190143_1824/configuration/lite3_pro_sensor_rig_real_with_interface_isaac_base.usd@</Lite3ProSensorRigRealWithInterfaceV1/FL_FOOT/visuals> (recomposing stage on stage @/tmp/IsaacLab/usd_20260814_190143_1824/lite3_pro_sensor_rig_real_with_interface_isaac.usd@ <0x5f6f4ee81850>)

2026-08-14T23:01:44Z [11,704ms] [Warning] [omni.usd] Warning: in _ReportErrors at line 3172 of /builds/omniverse/usd-ci/USD/pxr/usd/usd/stage.cpp -- In </Lite3ProSensorRigRealWithInterfaceV1/FR_FOOT/visuals>: Unresolved reference prim path @/tmp/IsaacLab/usd_20260814_190143_1824/configuration/lite3_pro_sensor_rig_real_with_interface_isaac_physics.usd@</visuals/FR_FOOT> introduced by @/tmp/IsaacLab/usd_20260814_190143_1824/configuration/lite3_pro_sensor_rig_real_with_interface_isaac_base.usd@</Lite3ProSensorRigRealWithInterfaceV1/FR_FOOT/visuals> (recomposing stage on stage @/tmp/IsaacLab/usd_20260814_190143_1824/lite3_pro_sensor_rig_real_with_interface_isaac.usd@ <0x5f6f4ee81850>)

2026-08-14T23:01:44Z [11,704ms] [Warning] [omni.usd] Warning: in _ReportErrors at line 3172 of /builds/omniverse/usd-ci/USD/pxr/usd/usd/stage.cpp -- In </Lite3ProSensorRigRealWithInterfaceV1/FR_FOOT/visuals>: Unresolved reference prim path @/tmp/IsaacLab/usd_20260814_190143_1824/configuration/lite3_pro_sensor_rig_real_with_interface_isaac_physics.usd@</visuals/FR_FOOT> introduced by @/tmp/IsaacLab/usd_20260814_190143_1824/configuration/lite3_pro_sensor_rig_real_with_interface_isaac_base.usd@</Lite3ProSensorRigRealWithInterfaceV1/FR_FOOT/visuals> (recomposing stage on stage @/tmp/IsaacLab/usd_20260814_190143_1824/lite3_pro_sensor_rig_real_with_interface_isaac.usd@ <0x5f6f4ee81850>)

2026-08-14T23:01:44Z [11,704ms] [Warning] [omni.usd] Warning: in _ReportErrors at line 3172 of /builds/omniverse/usd-ci/USD/pxr/usd/usd/stage.cpp -- In </Lite3ProSensorRigRealWithInterfaceV1/FR_FOOT/visuals>: Unresolved reference prim path @/tmp/IsaacLab/usd_20260814_190143_1824/configuration/lite3_pro_sensor_rig_real_with_interface_isaac_physics.usd@</visuals/FR_FOOT> introduced by @/tmp/IsaacLab/usd_20260814_190143_1824/configuration/lite3_pro_sensor_rig_real_with_interface_isaac_base.usd@</Lite3ProSensorRigRealWithInterfaceV1/FR_FOOT/visuals> (recomposing stage on stage @/tmp/IsaacLab/usd_20260814_190143_1824/lite3_pro_sensor_rig_real_with_interface_isaac.usd@ <0x5f6f4ee81850>)

2026-08-14T23:01:44Z [11,704ms] [Warning] [omni.usd] Warning: in _ReportErrors at line 3172 of /builds/omniverse/usd-ci/USD/pxr/usd/usd/stage.cpp -- In </Lite3ProSensorRigRealWithInterfaceV1/HL_FOOT/visuals>: Unresolved reference prim path @/tmp/IsaacLab/usd_20260814_190143_1824/configuration/lite3_pro_sensor_rig_real_with_interface_isaac_physics.usd@</visuals/HL_FOOT> introduced by @/tmp/IsaacLab/usd_20260814_190143_1824/configuration/lite3_pro_sensor_rig_real_with_interface_isaac_base.usd@</Lite3ProSensorRigRealWithInterfaceV1/HL_FOOT/visuals> (recomposing stage on stage @/tmp/IsaacLab/usd_20260814_190143_1824/lite3_pro_sensor_rig_real_with_interface_isaac.usd@ <0x5f6f4ee81850>)

2026-08-14T23:01:44Z [11,704ms] [Warning] [omni.usd] Warning: in _ReportErrors at line 3172 of /builds/omniverse/usd-ci/USD/pxr/usd/usd/stage.cpp -- In </Lite3ProSensorRigRealWithInterfaceV1/HL_FOOT/visuals>: Unresolved reference prim path @/tmp/IsaacLab/usd_20260814_190143_1824/configuration/lite3_pro_sensor_rig_real_with_interface_isaac_physics.usd@</visuals/HL_FOOT> introduced by @/tmp/IsaacLab/usd_20260814_190143_1824/configuration/lite3_pro_sensor_rig_real_with_interface_isaac_base.usd@</Lite3ProSensorRigRealWithInterfaceV1/HL_FOOT/visuals> (recomposing stage on stage @/tmp/IsaacLab/usd_20260814_190143_1824/lite3_pro_sensor_rig_real_with_interface_isaac.usd@ <0x5f6f4ee81850>)

2026-08-14T23:01:44Z [11,704ms] [Warning] [omni.usd] Warning: in _ReportErrors at line 3172 of /builds/omniverse/usd-ci/USD/pxr/usd/usd/stage.cpp -- In </Lite3ProSensorRigRealWithInterfaceV1/HL_FOOT/visuals>: Unresolved reference prim path @/tmp/IsaacLab/usd_20260814_190143_1824/configuration/lite3_pro_sensor_rig_real_with_interface_isaac_physics.usd@</visuals/HL_FOOT> introduced by @/tmp/IsaacLab/usd_20260814_190143_1824/configuration/lite3_pro_sensor_rig_real_with_interface_isaac_base.usd@</Lite3ProSensorRigRealWithInterfaceV1/HL_FOOT/visuals> (recomposing stage on stage @/tmp/IsaacLab/usd_20260814_190143_1824/lite3_pro_sensor_rig_real_with_interface_isaac.usd@ <0x5f6f4ee81850>)

2026-08-14T23:01:44Z [11,704ms] [Warning] [omni.usd] Warning: in _ReportErrors at line 3172 of /builds/omniverse/usd-ci/USD/pxr/usd/usd/stage.cpp -- In </Lite3ProSensorRigRealWithInterfaceV1/HR_FOOT/visuals>: Unresolved reference prim path @/tmp/IsaacLab/usd_20260814_190143_1824/configuration/lite3_pro_sensor_rig_real_with_interface_isaac_physics.usd@</visuals/HR_FOOT> introduced by @/tmp/IsaacLab/usd_20260814_190143_1824/configuration/lite3_pro_sensor_rig_real_with_interface_isaac_base.usd@</Lite3ProSensorRigRealWithInterfaceV1/HR_FOOT/visuals> (recomposing stage on stage @/tmp/IsaacLab/usd_20260814_190143_1824/lite3_pro_sensor_rig_real_with_interface_isaac.usd@ <0x5f6f4ee81850>)

2026-08-14T23:01:44Z [11,704ms] [Warning] [omni.usd] Warning: in _ReportErrors at line 3172 of /builds/omniverse/usd-ci/USD/pxr/usd/usd/stage.cpp -- In </Lite3ProSensorRigRealWithInterfaceV1/HR_FOOT/visuals>: Unresolved reference prim path @/tmp/IsaacLab/usd_20260814_190143_1824/configuration/lite3_pro_sensor_rig_real_with_interface_isaac_physics.usd@</visuals/HR_FOOT> introduced by @/tmp/IsaacLab/usd_20260814_190143_1824/configuration/lite3_pro_sensor_rig_real_with_interface_isaac_base.usd@</Lite3ProSensorRigRealWithInterfaceV1/HR_FOOT/visuals> (recomposing stage on stage @/tmp/IsaacLab/usd_20260814_190143_1824/lite3_pro_sensor_rig_real_with_interface_isaac.usd@ <0x5f6f4ee81850>)

2026-08-14T23:01:44Z [11,704ms] [Warning] [omni.usd] Warning: in _ReportErrors at line 3172 of /builds/omniverse/usd-ci/USD/pxr/usd/usd/stage.cpp -- In </Lite3ProSensorRigRealWithInterfaceV1/HR_FOOT/visuals>: Unresolved reference prim path @/tmp/IsaacLab/usd_20260814_190143_1824/configuration/lite3_pro_sensor_rig_real_with_interface_isaac_physics.usd@</visuals/HR_FOOT> introduced by @/tmp/IsaacLab/usd_20260814_190143_1824/configuration/lite3_pro_sensor_rig_real_with_interface_isaac_base.usd@</Lite3ProSensorRigRealWithInterfaceV1/HR_FOOT/visuals> (recomposing stage on stage @/tmp/IsaacLab/usd_20260814_190143_1824/lite3_pro_sensor_rig_real_with_interface_isaac.usd@ <0x5f6f4ee81850>)

2026-08-14T23:01:44Z [11,704ms] [Warning] [omni.usd] Warning: in _ReportErrors at line 3172 of /builds/omniverse/usd-ci/USD/pxr/usd/usd/stage.cpp -- In </Lite3ProSensorRigRealWithInterfaceV1/mid360_scan_frame/visuals>: Unresolved reference prim path @/tmp/IsaacLab/usd_20260814_190143_1824/configuration/lite3_pro_sensor_rig_real_with_interface_isaac_physics.usd@</visuals/mid360_scan_frame> introduced by @/tmp/IsaacLab/usd_20260814_190143_1824/configuration/lite3_pro_sensor_rig_real_with_interface_isaac_base.usd@</Lite3ProSensorRigRealWithInterfaceV1/mid360_scan_frame/visuals> (recomposing stage on stage @/tmp/IsaacLab/usd_20260814_190143_1824/lite3_pro_sensor_rig_real_with_interface_isaac.usd@ <0x5f6f4ee81850>)

2026-08-14T23:01:44Z [11,704ms] [Warning] [omni.usd] Warning: in _ReportErrors at line 3172 of /builds/omniverse/usd-ci/USD/pxr/usd/usd/stage.cpp -- In </Lite3ProSensorRigRealWithInterfaceV1/mid360_scan_frame/visuals>: Unresolved reference prim path @/tmp/IsaacLab/usd_20260814_190143_1824/configuration/lite3_pro_sensor_rig_real_with_interface_isaac_physics.usd@</visuals/mid360_scan_frame> introduced by @/tmp/IsaacLab/usd_20260814_190143_1824/configuration/lite3_pro_sensor_rig_real_with_interface_isaac_base.usd@</Lite3ProSensorRigRealWithInterfaceV1/mid360_scan_frame/visuals> (recomposing stage on stage @/tmp/IsaacLab/usd_20260814_190143_1824/lite3_pro_sensor_rig_real_with_interface_isaac.usd@ <0x5f6f4ee81850>)

2026-08-14T23:01:44Z [11,704ms] [Warning] [omni.usd] Warning: in _ReportErrors at line 3172 of /builds/omniverse/usd-ci/USD/pxr/usd/usd/stage.cpp -- In </Lite3ProSensorRigRealWithInterfaceV1/mid360_scan_frame/visuals>: Unresolved reference prim path @/tmp/IsaacLab/usd_20260814_190143_1824/configuration/lite3_pro_sensor_rig_real_with_interface_isaac_physics.usd@</visuals/mid360_scan_frame> introduced by @/tmp/IsaacLab/usd_20260814_190143_1824/configuration/lite3_pro_sensor_rig_real_with_interface_isaac_base.usd@</Lite3ProSensorRigRealWithInterfaceV1/mid360_scan_frame/visuals> (recomposing stage on stage @/tmp/IsaacLab/usd_20260814_190143_1824/lite3_pro_sensor_rig_real_with_interface_isaac.usd@ <0x5f6f4ee81850>)

2026-08-14T23:01:44Z [11,704ms] [Warning] [omni.usd] Warning: in _ReportErrors at line 3172 of /builds/omniverse/usd-ci/USD/pxr/usd/usd/stage.cpp -- In </Lite3ProSensorRigRealWithInterfaceV1/d435i_depth_optical_frame/visuals>: Unresolved reference prim path @/tmp/IsaacLab/usd_20260814_190143_1824/configuration/lite3_pro_sensor_rig_real_with_interface_isaac_physics.usd@</visuals/d435i_depth_optical_frame> introduced by @/tmp/IsaacLab/usd_20260814_190143_1824/configuration/lite3_pro_sensor_rig_real_with_interface_isaac_base.usd@</Lite3ProSensorRigRealWithInterfaceV1/d435i_depth_optical_frame/visuals> (recomposing stage on stage @/tmp/IsaacLab/usd_20260814_190143_1824/lite3_pro_sensor_rig_real_with_interface_isaac.usd@ <0x5f6f4ee81850>)

2026-08-14T23:01:44Z [11,704ms] [Warning] [omni.usd] Warning: in _ReportErrors at line 3172 of /builds/omniverse/usd-ci/USD/pxr/usd/usd/stage.cpp -- In </Lite3ProSensorRigRealWithInterfaceV1/d435i_depth_optical_frame/visuals>: Unresolved reference prim path @/tmp/IsaacLab/usd_20260814_190143_1824/configuration/lite3_pro_sensor_rig_real_with_interface_isaac_physics.usd@</visuals/d435i_depth_optical_frame> introduced by @/tmp/IsaacLab/usd_20260814_190143_1824/configuration/lite3_pro_sensor_rig_real_with_interface_isaac_base.usd@</Lite3ProSensorRigRealWithInterfaceV1/d435i_depth_optical_frame/visuals> (recomposing stage on stage @/tmp/IsaacLab/usd_20260814_190143_1824/lite3_pro_sensor_rig_real_with_interface_isaac.usd@ <0x5f6f4ee81850>)

2026-08-14T23:01:44Z [11,704ms] [Warning] [omni.usd] Warning: in _ReportErrors at line 3172 of /builds/omniverse/usd-ci/USD/pxr/usd/usd/stage.cpp -- In </Lite3ProSensorRigRealWithInterfaceV1/d435i_depth_optical_frame/visuals>: Unresolved reference prim path @/tmp/IsaacLab/usd_20260814_190143_1824/configuration/lite3_pro_sensor_rig_real_with_interface_isaac_physics.usd@</visuals/d435i_depth_optical_frame> introduced by @/tmp/IsaacLab/usd_20260814_190143_1824/configuration/lite3_pro_sensor_rig_real_with_interface_isaac_base.usd@</Lite3ProSensorRigRealWithInterfaceV1/d435i_depth_optical_frame/visuals> (recomposing stage on stage @/tmp/IsaacLab/usd_20260814_190143_1824/lite3_pro_sensor_rig_real_with_interface_isaac.usd@ <0x5f6f4ee81850>)

2026-08-14T23:01:44Z [11,705ms] [Warning] [omni.usd] Warning: in _ReportErrors at line 3172 of /builds/omniverse/usd-ci/USD/pxr/usd/usd/stage.cpp -- In </Lite3ProSensorRigRealWithInterfaceV1/FL_FOOT/visuals>: Unresolved reference prim path @/tmp/IsaacLab/usd_20260814_190143_1824/configuration/lite3_pro_sensor_rig_real_with_interface_isaac_physics.usd@</visuals/FL_FOOT> introduced by @/tmp/IsaacLab/usd_20260814_190143_1824/configuration/lite3_pro_sensor_rig_real_with_interface_isaac_base.usd@</Lite3ProSensorRigRealWithInterfaceV1/FL_FOOT/visuals> (recomposing stage on stage @/tmp/IsaacLab/usd_20260814_190143_1824/lite3_pro_sensor_rig_real_with_interface_isaac.usd@ <0x5f6f4ee86850>)

2026-08-14T23:01:44Z [11,705ms] [Warning] [omni.usd] Warning: in _ReportErrors at line 3172 of /builds/omniverse/usd-ci/USD/pxr/usd/usd/stage.cpp -- In </Lite3ProSensorRigRealWithInterfaceV1/FL_FOOT/visuals>: Unresolved reference prim path @/tmp/IsaacLab/usd_20260814_190143_1824/configuration/lite3_pro_sensor_rig_real_with_interface_isaac_physics.usd@</visuals/FL_FOOT> introduced by @/tmp/IsaacLab/usd_20260814_190143_1824/configuration/lite3_pro_sensor_rig_real_with_interface_isaac_base.usd@</Lite3ProSensorRigRealWithInterfaceV1/FL_FOOT/visuals> (recomposing stage on stage @/tmp/IsaacLab/usd_20260814_190143_1824/lite3_pro_sensor_rig_real_with_interface_isaac.usd@ <0x5f6f4ee86850>)

2026-08-14T23:01:44Z [11,705ms] [Warning] [omni.usd] Warning: in _ReportErrors at line 3172 of /builds/omniverse/usd-ci/USD/pxr/usd/usd/stage.cpp -- In </Lite3ProSensorRigRealWithInterfaceV1/FL_FOOT/visuals>: Unresolved reference prim path @/tmp/IsaacLab/usd_20260814_190143_1824/configuration/lite3_pro_sensor_rig_real_with_interface_isaac_physics.usd@</visuals/FL_FOOT> introduced by @/tmp/IsaacLab/usd_20260814_190143_1824/configuration/lite3_pro_sensor_rig_real_with_interface_isaac_base.usd@</Lite3ProSensorRigRealWithInterfaceV1/FL_FOOT/visuals> (recomposing stage on stage @/tmp/IsaacLab/usd_20260814_190143_1824/lite3_pro_sensor_rig_real_with_interface_isaac.usd@ <0x5f6f4ee86850>)

2026-08-14T23:01:44Z [11,705ms] [Warning] [omni.usd] Warning: in _ReportErrors at line 3172 of /builds/omniverse/usd-ci/USD/pxr/usd/usd/stage.cpp -- In </Lite3ProSensorRigRealWithInterfaceV1/FR_FOOT/visuals>: Unresolved reference prim path @/tmp/IsaacLab/usd_20260814_190143_1824/configuration/lite3_pro_sensor_rig_real_with_interface_isaac_physics.usd@</visuals/FR_FOOT> introduced by @/tmp/IsaacLab/usd_20260814_190143_1824/configuration/lite3_pro_sensor_rig_real_with_interface_isaac_base.usd@</Lite3ProSensorRigRealWithInterfaceV1/FR_FOOT/visuals> (recomposing stage on stage @/tmp/IsaacLab/usd_20260814_190143_1824/lite3_pro_sensor_rig_real_with_interface_isaac.usd@ <0x5f6f4ee86850>)

2026-08-14T23:01:44Z [11,705ms] [Warning] [omni.usd] Warning: in _ReportErrors at line 3172 of /builds/omniverse/usd-ci/USD/pxr/usd/usd/stage.cpp -- In </Lite3ProSensorRigRealWithInterfaceV1/FR_FOOT/visuals>: Unresolved reference prim path @/tmp/IsaacLab/usd_20260814_190143_1824/configuration/lite3_pro_sensor_rig_real_with_interface_isaac_physics.usd@</visuals/FR_FOOT> introduced by @/tmp/IsaacLab/usd_20260814_190143_1824/configuration/lite3_pro_sensor_rig_real_with_interface_isaac_base.usd@</Lite3ProSensorRigRealWithInterfaceV1/FR_FOOT/visuals> (recomposing stage on stage @/tmp/IsaacLab/usd_20260814_190143_1824/lite3_pro_sensor_rig_real_with_interface_isaac.usd@ <0x5f6f4ee86850>)

2026-08-14T23:01:44Z [11,705ms] [Warning] [omni.usd] Warning: in _ReportErrors at line 3172 of /builds/omniverse/usd-ci/USD/pxr/usd/usd/stage.cpp -- In </Lite3ProSensorRigRealWithInterfaceV1/FR_FOOT/visuals>: Unresolved reference prim path @/tmp/IsaacLab/usd_20260814_190143_1824/configuration/lite3_pro_sensor_rig_real_with_interface_isaac_physics.usd@</visuals/FR_FOOT> introduced by @/tmp/IsaacLab/usd_20260814_190143_1824/configuration/lite3_pro_sensor_rig_real_with_interface_isaac_base.usd@</Lite3ProSensorRigRealWithInterfaceV1/FR_FOOT/visuals> (recomposing stage on stage @/tmp/IsaacLab/usd_20260814_190143_1824/lite3_pro_sensor_rig_real_with_interface_isaac.usd@ <0x5f6f4ee86850>)

2026-08-14T23:01:44Z [11,705ms] [Warning] [omni.usd] Warning: in _ReportErrors at line 3172 of /builds/omniverse/usd-ci/USD/pxr/usd/usd/stage.cpp -- In </Lite3ProSensorRigRealWithInterfaceV1/HL_FOOT/visuals>: Unresolved reference prim path @/tmp/IsaacLab/usd_20260814_190143_1824/configuration/lite3_pro_sensor_rig_real_with_interface_isaac_physics.usd@</visuals/HL_FOOT> introduced by @/tmp/IsaacLab/usd_20260814_190143_1824/configuration/lite3_pro_sensor_rig_real_with_interface_isaac_base.usd@</Lite3ProSensorRigRealWithInterfaceV1/HL_FOOT/visuals> (recomposing stage on stage @/tmp/IsaacLab/usd_20260814_190143_1824/lite3_pro_sensor_rig_real_with_interface_isaac.usd@ <0x5f6f4ee86850>)

2026-08-14T23:01:44Z [11,705ms] [Warning] [omni.usd] Warning: in _ReportErrors at line 3172 of /builds/omniverse/usd-ci/USD/pxr/usd/usd/stage.cpp -- In </Lite3ProSensorRigRealWithInterfaceV1/HL_FOOT/visuals>: Unresolved reference prim path @/tmp/IsaacLab/usd_20260814_190143_1824/configuration/lite3_pro_sensor_rig_real_with_interface_isaac_physics.usd@</visuals/HL_FOOT> introduced by @/tmp/IsaacLab/usd_20260814_190143_1824/configuration/lite3_pro_sensor_rig_real_with_interface_isaac_base.usd@</Lite3ProSensorRigRealWithInterfaceV1/HL_FOOT/visuals> (recomposing stage on stage @/tmp/IsaacLab/usd_20260814_190143_1824/lite3_pro_sensor_rig_real_with_interface_isaac.usd@ <0x5f6f4ee86850>)

2026-08-14T23:01:44Z [11,705ms] [Warning] [omni.usd] Warning: in _ReportErrors at line 3172 of /builds/omniverse/usd-ci/USD/pxr/usd/usd/stage.cpp -- In </Lite3ProSensorRigRealWithInterfaceV1/HL_FOOT/visuals>: Unresolved reference prim path @/tmp/IsaacLab/usd_20260814_190143_1824/configuration/lite3_pro_sensor_rig_real_with_interface_isaac_physics.usd@</visuals/HL_FOOT> introduced by @/tmp/IsaacLab/usd_20260814_190143_1824/configuration/lite3_pro_sensor_rig_real_with_interface_isaac_base.usd@</Lite3ProSensorRigRealWithInterfaceV1/HL_FOOT/visuals> (recomposing stage on stage @/tmp/IsaacLab/usd_20260814_190143_1824/lite3_pro_sensor_rig_real_with_interface_isaac.usd@ <0x5f6f4ee86850>)

2026-08-14T23:01:44Z [11,705ms] [Warning] [omni.usd] Warning: in _ReportErrors at line 3172 of /builds/omniverse/usd-ci/USD/pxr/usd/usd/stage.cpp -- In </Lite3ProSensorRigRealWithInterfaceV1/HR_FOOT/visuals>: Unresolved reference prim path @/tmp/IsaacLab/usd_20260814_190143_1824/configuration/lite3_pro_sensor_rig_real_with_interface_isaac_physics.usd@</visuals/HR_FOOT> introduced by @/tmp/IsaacLab/usd_20260814_190143_1824/configuration/lite3_pro_sensor_rig_real_with_interface_isaac_base.usd@</Lite3ProSensorRigRealWithInterfaceV1/HR_FOOT/visuals> (recomposing stage on stage @/tmp/IsaacLab/usd_20260814_190143_1824/lite3_pro_sensor_rig_real_with_interface_isaac.usd@ <0x5f6f4ee86850>)

2026-08-14T23:01:44Z [11,705ms] [Warning] [omni.usd] Warning: in _ReportErrors at line 3172 of /builds/omniverse/usd-ci/USD/pxr/usd/usd/stage.cpp -- In </Lite3ProSensorRigRealWithInterfaceV1/HR_FOOT/visuals>: Unresolved reference prim path @/tmp/IsaacLab/usd_20260814_190143_1824/configuration/lite3_pro_sensor_rig_real_with_interface_isaac_physics.usd@</visuals/HR_FOOT> introduced by @/tmp/IsaacLab/usd_20260814_190143_1824/configuration/lite3_pro_sensor_rig_real_with_interface_isaac_base.usd@</Lite3ProSensorRigRealWithInterfaceV1/HR_FOOT/visuals> (recomposing stage on stage @/tmp/IsaacLab/usd_20260814_190143_1824/lite3_pro_sensor_rig_real_with_interface_isaac.usd@ <0x5f6f4ee86850>)

2026-08-14T23:01:44Z [11,705ms] [Warning] [omni.usd] Warning: in _ReportErrors at line 3172 of /builds/omniverse/usd-ci/USD/pxr/usd/usd/stage.cpp -- In </Lite3ProSensorRigRealWithInterfaceV1/HR_FOOT/visuals>: Unresolved reference prim path @/tmp/IsaacLab/usd_20260814_190143_1824/configuration/lite3_pro_sensor_rig_real_with_interface_isaac_physics.usd@</visuals/HR_FOOT> introduced by @/tmp/IsaacLab/usd_20260814_190143_1824/configuration/lite3_pro_sensor_rig_real_with_interface_isaac_base.usd@</Lite3ProSensorRigRealWithInterfaceV1/HR_FOOT/visuals> (recomposing stage on stage @/tmp/IsaacLab/usd_20260814_190143_1824/lite3_pro_sensor_rig_real_with_interface_isaac.usd@ <0x5f6f4ee86850>)

2026-08-14T23:01:44Z [11,705ms] [Warning] [omni.usd] Warning: in _ReportErrors at line 3172 of /builds/omniverse/usd-ci/USD/pxr/usd/usd/stage.cpp -- In </Lite3ProSensorRigRealWithInterfaceV1/mid360_scan_frame/visuals>: Unresolved reference prim path @/tmp/IsaacLab/usd_20260814_190143_1824/configuration/lite3_pro_sensor_rig_real_with_interface_isaac_physics.usd@</visuals/mid360_scan_frame> introduced by @/tmp/IsaacLab/usd_20260814_190143_1824/configuration/lite3_pro_sensor_rig_real_with_interface_isaac_base.usd@</Lite3ProSensorRigRealWithInterfaceV1/mid360_scan_frame/visuals> (recomposing stage on stage @/tmp/IsaacLab/usd_20260814_190143_1824/lite3_pro_sensor_rig_real_with_interface_isaac.usd@ <0x5f6f4ee86850>)

2026-08-14T23:01:44Z [11,705ms] [Warning] [omni.usd] Warning: in _ReportErrors at line 3172 of /builds/omniverse/usd-ci/USD/pxr/usd/usd/stage.cpp -- In </Lite3ProSensorRigRealWithInterfaceV1/mid360_scan_frame/visuals>: Unresolved reference prim path @/tmp/IsaacLab/usd_20260814_190143_1824/configuration/lite3_pro_sensor_rig_real_with_interface_isaac_physics.usd@</visuals/mid360_scan_frame> introduced by @/tmp/IsaacLab/usd_20260814_190143_1824/configuration/lite3_pro_sensor_rig_real_with_interface_isaac_base.usd@</Lite3ProSensorRigRealWithInterfaceV1/mid360_scan_frame/visuals> (recomposing stage on stage @/tmp/IsaacLab/usd_20260814_190143_1824/lite3_pro_sensor_rig_real_with_interface_isaac.usd@ <0x5f6f4ee86850>)

2026-08-14T23:01:44Z [11,705ms] [Warning] [omni.usd] Warning: in _ReportErrors at line 3172 of /builds/omniverse/usd-ci/USD/pxr/usd/usd/stage.cpp -- In </Lite3ProSensorRigRealWithInterfaceV1/mid360_scan_frame/visuals>: Unresolved reference prim path @/tmp/IsaacLab/usd_20260814_190143_1824/configuration/lite3_pro_sensor_rig_real_with_interface_isaac_physics.usd@</visuals/mid360_scan_frame> introduced by @/tmp/IsaacLab/usd_20260814_190143_1824/configuration/lite3_pro_sensor_rig_real_with_interface_isaac_base.usd@</Lite3ProSensorRigRealWithInterfaceV1/mid360_scan_frame/visuals> (recomposing stage on stage @/tmp/IsaacLab/usd_20260814_190143_1824/lite3_pro_sensor_rig_real_with_interface_isaac.usd@ <0x5f6f4ee86850>)

2026-08-14T23:01:44Z [11,705ms] [Warning] [omni.usd] Warning: in _ReportErrors at line 3172 of /builds/omniverse/usd-ci/USD/pxr/usd/usd/stage.cpp -- In </Lite3ProSensorRigRealWithInterfaceV1/d435i_depth_optical_frame/visuals>: Unresolved reference prim path @/tmp/IsaacLab/usd_20260814_190143_1824/configuration/lite3_pro_sensor_rig_real_with_interface_isaac_physics.usd@</visuals/d435i_depth_optical_frame> introduced by @/tmp/IsaacLab/usd_20260814_190143_1824/configuration/lite3_pro_sensor_rig_real_with_interface_isaac_base.usd@</Lite3ProSensorRigRealWithInterfaceV1/d435i_depth_optical_frame/visuals> (recomposing stage on stage @/tmp/IsaacLab/usd_20260814_190143_1824/lite3_pro_sensor_rig_real_with_interface_isaac.usd@ <0x5f6f4ee86850>)

2026-08-14T23:01:44Z [11,705ms] [Warning] [omni.usd] Warning: in _ReportErrors at line 3172 of /builds/omniverse/usd-ci/USD/pxr/usd/usd/stage.cpp -- In </Lite3ProSensorRigRealWithInterfaceV1/d435i_depth_optical_frame/visuals>: Unresolved reference prim path @/tmp/IsaacLab/usd_20260814_190143_1824/configuration/lite3_pro_sensor_rig_real_with_interface_isaac_physics.usd@</visuals/d435i_depth_optical_frame> introduced by @/tmp/IsaacLab/usd_20260814_190143_1824/configuration/lite3_pro_sensor_rig_real_with_interface_isaac_base.usd@</Lite3ProSensorRigRealWithInterfaceV1/d435i_depth_optical_frame/visuals> (recomposing stage on stage @/tmp/IsaacLab/usd_20260814_190143_1824/lite3_pro_sensor_rig_real_with_interface_isaac.usd@ <0x5f6f4ee86850>)

2026-08-14T23:01:44Z [11,705ms] [Warning] [omni.usd] Warning: in _ReportErrors at line 3172 of /builds/omniverse/usd-ci/USD/pxr/usd/usd/stage.cpp -- In </Lite3ProSensorRigRealWithInterfaceV1/d435i_depth_optical_frame/visuals>: Unresolved reference prim path @/tmp/IsaacLab/usd_20260814_190143_1824/configuration/lite3_pro_sensor_rig_real_with_interface_isaac_physics.usd@</visuals/d435i_depth_optical_frame> introduced by @/tmp/IsaacLab/usd_20260814_190143_1824/configuration/lite3_pro_sensor_rig_real_with_interface_isaac_base.usd@</Lite3ProSensorRigRealWithInterfaceV1/d435i_depth_optical_frame/visuals> (recomposing stage on stage @/tmp/IsaacLab/usd_20260814_190143_1824/lite3_pro_sensor_rig_real_with_interface_isaac.usd@ <0x5f6f4ee86850>)

2026-08-14T23:01:44Z [11,705ms] [Warning] [omni.usd] Warning: in _ReportErrors at line 3172 of /builds/omniverse/usd-ci/USD/pxr/usd/usd/stage.cpp -- In </Lite3ProSensorRigRealWithInterfaceV1/FL_FOOT/visuals>: Unresolved reference prim path @/tmp/IsaacLab/usd_20260814_190143_1824/configuration/lite3_pro_sensor_rig_real_with_interface_isaac_physics.usd@</visuals/FL_FOOT> introduced by @/tmp/IsaacLab/usd_20260814_190143_1824/configuration/lite3_pro_sensor_rig_real_with_interface_isaac_base.usd@</Lite3ProSensorRigRealWithInterfaceV1/FL_FOOT/visuals> (recomposing stage on stage @/tmp/IsaacLab/usd_20260814_190143_1824/lite3_pro_sensor_rig_real_with_interface_isaac.usd@ <0x5f6f4ee81850>)

2026-08-14T23:01:44Z [11,705ms] [Warning] [omni.usd] Warning: in _ReportErrors at line 3172 of /builds/omniverse/usd-ci/USD/pxr/usd/usd/stage.cpp -- In </Lite3ProSensorRigRealWithInterfaceV1/FL_FOOT/visuals>: Unresolved reference prim path @/tmp/IsaacLab/usd_20260814_190143_1824/configuration/lite3_pro_sensor_rig_real_with_interface_isaac_physics.usd@</visuals/FL_FOOT> introduced by @/tmp/IsaacLab/usd_20260814_190143_1824/configuration/lite3_pro_sensor_rig_real_with_interface_isaac_base.usd@</Lite3ProSensorRigRealWithInterfaceV1/FL_FOOT/visuals> (recomposing stage on stage @/tmp/IsaacLab/usd_20260814_190143_1824/lite3_pro_sensor_rig_real_with_interface_isaac.usd@ <0x5f6f4ee81850>)

2026-08-14T23:01:44Z [11,705ms] [Warning] [omni.usd] Warning: in _ReportErrors at line 3172 of /builds/omniverse/usd-ci/USD/pxr/usd/usd/stage.cpp -- In </Lite3ProSensorRigRealWithInterfaceV1/FL_FOOT/visuals>: Unresolved reference prim path @/tmp/IsaacLab/usd_20260814_190143_1824/configuration/lite3_pro_sensor_rig_real_with_interface_isaac_physics.usd@</visuals/FL_FOOT> introduced by @/tmp/IsaacLab/usd_20260814_190143_1824/configuration/lite3_pro_sensor_rig_real_with_interface_isaac_base.usd@</Lite3ProSensorRigRealWithInterfaceV1/FL_FOOT/visuals> (recomposing stage on stage @/tmp/IsaacLab/usd_20260814_190143_1824/lite3_pro_sensor_rig_real_with_interface_isaac.usd@ <0x5f6f4ee81850>)

2026-08-14T23:01:44Z [11,705ms] [Warning] [omni.usd] Warning: in _ReportErrors at line 3172 of /builds/omniverse/usd-ci/USD/pxr/usd/usd/stage.cpp -- In </Lite3ProSensorRigRealWithInterfaceV1/FR_FOOT/visuals>: Unresolved reference prim path @/tmp/IsaacLab/usd_20260814_190143_1824/configuration/lite3_pro_sensor_rig_real_with_interface_isaac_physics.usd@</visuals/FR_FOOT> introduced by @/tmp/IsaacLab/usd_20260814_190143_1824/configuration/lite3_pro_sensor_rig_real_with_interface_isaac_base.usd@</Lite3ProSensorRigRealWithInterfaceV1/FR_FOOT/visuals> (recomposing stage on stage @/tmp/IsaacLab/usd_20260814_190143_1824/lite3_pro_sensor_rig_real_with_interface_isaac.usd@ <0x5f6f4ee81850>)

2026-08-14T23:01:44Z [11,705ms] [Warning] [omni.usd] Warning: in _ReportErrors at line 3172 of /builds/omniverse/usd-ci/USD/pxr/usd/usd/stage.cpp -- In </Lite3ProSensorRigRealWithInterfaceV1/FR_FOOT/visuals>: Unresolved reference prim path @/tmp/IsaacLab/usd_20260814_190143_1824/configuration/lite3_pro_sensor_rig_real_with_interface_isaac_physics.usd@</visuals/FR_FOOT> introduced by @/tmp/IsaacLab/usd_20260814_190143_1824/configuration/lite3_pro_sensor_rig_real_with_interface_isaac_base.usd@</Lite3ProSensorRigRealWithInterfaceV1/FR_FOOT/visuals> (recomposing stage on stage @/tmp/IsaacLab/usd_20260814_190143_1824/lite3_pro_sensor_rig_real_with_interface_isaac.usd@ <0x5f6f4ee81850>)

2026-08-14T23:01:44Z [11,705ms] [Warning] [omni.usd] Warning: in _ReportErrors at line 3172 of /builds/omniverse/usd-ci/USD/pxr/usd/usd/stage.cpp -- In </Lite3ProSensorRigRealWithInterfaceV1/FR_FOOT/visuals>: Unresolved reference prim path @/tmp/IsaacLab/usd_20260814_190143_1824/configuration/lite3_pro_sensor_rig_real_with_interface_isaac_physics.usd@</visuals/FR_FOOT> introduced by @/tmp/IsaacLab/usd_20260814_190143_1824/configuration/lite3_pro_sensor_rig_real_with_interface_isaac_base.usd@</Lite3ProSensorRigRealWithInterfaceV1/FR_FOOT/visuals> (recomposing stage on stage @/tmp/IsaacLab/usd_20260814_190143_1824/lite3_pro_sensor_rig_real_with_interface_isaac.usd@ <0x5f6f4ee81850>)

2026-08-14T23:01:44Z [11,705ms] [Warning] [omni.usd] Warning: in _ReportErrors at line 3172 of /builds/omniverse/usd-ci/USD/pxr/usd/usd/stage.cpp -- In </Lite3ProSensorRigRealWithInterfaceV1/HL_FOOT/visuals>: Unresolved reference prim path @/tmp/IsaacLab/usd_20260814_190143_1824/configuration/lite3_pro_sensor_rig_real_with_interface_isaac_physics.usd@</visuals/HL_FOOT> introduced by @/tmp/IsaacLab/usd_20260814_190143_1824/configuration/lite3_pro_sensor_rig_real_with_interface_isaac_base.usd@</Lite3ProSensorRigRealWithInterfaceV1/HL_FOOT/visuals> (recomposing stage on stage @/tmp/IsaacLab/usd_20260814_190143_1824/lite3_pro_sensor_rig_real_with_interface_isaac.usd@ <0x5f6f4ee81850>)

2026-08-14T23:01:44Z [11,705ms] [Warning] [omni.usd] Warning: in _ReportErrors at line 3172 of /builds/omniverse/usd-ci/USD/pxr/usd/usd/stage.cpp -- In </Lite3ProSensorRigRealWithInterfaceV1/HL_FOOT/visuals>: Unresolved reference prim path @/tmp/IsaacLab/usd_20260814_190143_1824/configuration/lite3_pro_sensor_rig_real_with_interface_isaac_physics.usd@</visuals/HL_FOOT> introduced by @/tmp/IsaacLab/usd_20260814_190143_1824/configuration/lite3_pro_sensor_rig_real_with_interface_isaac_base.usd@</Lite3ProSensorRigRealWithInterfaceV1/HL_FOOT/visuals> (recomposing stage on stage @/tmp/IsaacLab/usd_20260814_190143_1824/lite3_pro_sensor_rig_real_with_interface_isaac.usd@ <0x5f6f4ee81850>)

2026-08-14T23:01:44Z [11,705ms] [Warning] [omni.usd] Warning: in _ReportErrors at line 3172 of /builds/omniverse/usd-ci/USD/pxr/usd/usd/stage.cpp -- In </Lite3ProSensorRigRealWithInterfaceV1/HL_FOOT/visuals>: Unresolved reference prim path @/tmp/IsaacLab/usd_20260814_190143_1824/configuration/lite3_pro_sensor_rig_real_with_interface_isaac_physics.usd@</visuals/HL_FOOT> introduced by @/tmp/IsaacLab/usd_20260814_190143_1824/configuration/lite3_pro_sensor_rig_real_with_interface_isaac_base.usd@</Lite3ProSensorRigRealWithInterfaceV1/HL_FOOT/visuals> (recomposing stage on stage @/tmp/IsaacLab/usd_20260814_190143_1824/lite3_pro_sensor_rig_real_with_interface_isaac.usd@ <0x5f6f4ee81850>)

2026-08-14T23:01:44Z [11,705ms] [Warning] [omni.usd] Warning: in _ReportErrors at line 3172 of /builds/omniverse/usd-ci/USD/pxr/usd/usd/stage.cpp -- In </Lite3ProSensorRigRealWithInterfaceV1/HR_FOOT/visuals>: Unresolved reference prim path @/tmp/IsaacLab/usd_20260814_190143_1824/configuration/lite3_pro_sensor_rig_real_with_interface_isaac_physics.usd@</visuals/HR_FOOT> introduced by @/tmp/IsaacLab/usd_20260814_190143_1824/configuration/lite3_pro_sensor_rig_real_with_interface_isaac_base.usd@</Lite3ProSensorRigRealWithInterfaceV1/HR_FOOT/visuals> (recomposing stage on stage @/tmp/IsaacLab/usd_20260814_190143_1824/lite3_pro_sensor_rig_real_with_interface_isaac.usd@ <0x5f6f4ee81850>)

2026-08-14T23:01:44Z [11,705ms] [Warning] [omni.usd] Warning: in _ReportErrors at line 3172 of /builds/omniverse/usd-ci/USD/pxr/usd/usd/stage.cpp -- In </Lite3ProSensorRigRealWithInterfaceV1/HR_FOOT/visuals>: Unresolved reference prim path @/tmp/IsaacLab/usd_20260814_190143_1824/configuration/lite3_pro_sensor_rig_real_with_interface_isaac_physics.usd@</visuals/HR_FOOT> introduced by @/tmp/IsaacLab/usd_20260814_190143_1824/configuration/lite3_pro_sensor_rig_real_with_interface_isaac_base.usd@</Lite3ProSensorRigRealWithInterfaceV1/HR_FOOT/visuals> (recomposing stage on stage @/tmp/IsaacLab/usd_20260814_190143_1824/lite3_pro_sensor_rig_real_with_interface_isaac.usd@ <0x5f6f4ee81850>)

2026-08-14T23:01:44Z [11,705ms] [Warning] [omni.usd] Warning: in _ReportErrors at line 3172 of /builds/omniverse/usd-ci/USD/pxr/usd/usd/stage.cpp -- In </Lite3ProSensorRigRealWithInterfaceV1/HR_FOOT/visuals>: Unresolved reference prim path @/tmp/IsaacLab/usd_20260814_190143_1824/configuration/lite3_pro_sensor_rig_real_with_interface_isaac_physics.usd@</visuals/HR_FOOT> introduced by @/tmp/IsaacLab/usd_20260814_190143_1824/configuration/lite3_pro_sensor_rig_real_with_interface_isaac_base.usd@</Lite3ProSensorRigRealWithInterfaceV1/HR_FOOT/visuals> (recomposing stage on stage @/tmp/IsaacLab/usd_20260814_190143_1824/lite3_pro_sensor_rig_real_with_interface_isaac.usd@ <0x5f6f4ee81850>)

2026-08-14T23:01:44Z [11,705ms] [Warning] [omni.usd] Warning: in _ReportErrors at line 3172 of /builds/omniverse/usd-ci/USD/pxr/usd/usd/stage.cpp -- In </Lite3ProSensorRigRealWithInterfaceV1/d435i_depth_optical_frame/visuals>: Unresolved reference prim path @/tmp/IsaacLab/usd_20260814_190143_1824/configuration/lite3_pro_sensor_rig_real_with_interface_isaac_physics.usd@</visuals/d435i_depth_optical_frame> introduced by @/tmp/IsaacLab/usd_20260814_190143_1824/configuration/lite3_pro_sensor_rig_real_with_interface_isaac_base.usd@</Lite3ProSensorRigRealWithInterfaceV1/d435i_depth_optical_frame/visuals> (recomposing stage on stage @/tmp/IsaacLab/usd_20260814_190143_1824/lite3_pro_sensor_rig_real_with_interface_isaac.usd@ <0x5f6f4ee81850>)

2026-08-14T23:01:44Z [11,705ms] [Warning] [omni.usd] Warning: in _ReportErrors at line 3172 of /builds/omniverse/usd-ci/USD/pxr/usd/usd/stage.cpp -- In </Lite3ProSensorRigRealWithInterfaceV1/d435i_depth_optical_frame/visuals>: Unresolved reference prim path @/tmp/IsaacLab/usd_20260814_190143_1824/configuration/lite3_pro_sensor_rig_real_with_interface_isaac_physics.usd@</visuals/d435i_depth_optical_frame> introduced by @/tmp/IsaacLab/usd_20260814_190143_1824/configuration/lite3_pro_sensor_rig_real_with_interface_isaac_base.usd@</Lite3ProSensorRigRealWithInterfaceV1/d435i_depth_optical_frame/visuals> (recomposing stage on stage @/tmp/IsaacLab/usd_20260814_190143_1824/lite3_pro_sensor_rig_real_with_interface_isaac.usd@ <0x5f6f4ee81850>)

2026-08-14T23:01:44Z [11,705ms] [Warning] [omni.usd] Warning: in _ReportErrors at line 3172 of /builds/omniverse/usd-ci/USD/pxr/usd/usd/stage.cpp -- In </Lite3ProSensorRigRealWithInterfaceV1/d435i_depth_optical_frame/visuals>: Unresolved reference prim path @/tmp/IsaacLab/usd_20260814_190143_1824/configuration/lite3_pro_sensor_rig_real_with_interface_isaac_physics.usd@</visuals/d435i_depth_optical_frame> introduced by @/tmp/IsaacLab/usd_20260814_190143_1824/configuration/lite3_pro_sensor_rig_real_with_interface_isaac_base.usd@</Lite3ProSensorRigRealWithInterfaceV1/d435i_depth_optical_frame/visuals> (recomposing stage on stage @/tmp/IsaacLab/usd_20260814_190143_1824/lite3_pro_sensor_rig_real_with_interface_isaac.usd@ <0x5f6f4ee81850>)

2026-08-14T23:01:44Z [11,705ms] [Warning] [omni.usd] Warning: in _ReportErrors at line 3172 of /builds/omniverse/usd-ci/USD/pxr/usd/usd/stage.cpp -- In </Lite3ProSensorRigRealWithInterfaceV1/mid360_scan_frame/visuals>: Unresolved reference prim path @/tmp/IsaacLab/usd_20260814_190143_1824/configuration/lite3_pro_sensor_rig_real_with_interface_isaac_physics.usd@</visuals/mid360_scan_frame> introduced by @/tmp/IsaacLab/usd_20260814_190143_1824/configuration/lite3_pro_sensor_rig_real_with_interface_isaac_base.usd@</Lite3ProSensorRigRealWithInterfaceV1/mid360_scan_frame/visuals> (recomposing stage on stage @/tmp/IsaacLab/usd_20260814_190143_1824/lite3_pro_sensor_rig_real_with_interface_isaac.usd@ <0x5f6f4ee81850>)

2026-08-14T23:01:44Z [11,705ms] [Warning] [omni.usd] Warning: in _ReportErrors at line 3172 of /builds/omniverse/usd-ci/USD/pxr/usd/usd/stage.cpp -- In </Lite3ProSensorRigRealWithInterfaceV1/mid360_scan_frame/visuals>: Unresolved reference prim path @/tmp/IsaacLab/usd_20260814_190143_1824/configuration/lite3_pro_sensor_rig_real_with_interface_isaac_physics.usd@</visuals/mid360_scan_frame> introduced by @/tmp/IsaacLab/usd_20260814_190143_1824/configuration/lite3_pro_sensor_rig_real_with_interface_isaac_base.usd@</Lite3ProSensorRigRealWithInterfaceV1/mid360_scan_frame/visuals> (recomposing stage on stage @/tmp/IsaacLab/usd_20260814_190143_1824/lite3_pro_sensor_rig_real_with_interface_isaac.usd@ <0x5f6f4ee81850>)

2026-08-14T23:01:44Z [11,705ms] [Warning] [omni.usd] Warning: in _ReportErrors at line 3172 of /builds/omniverse/usd-ci/USD/pxr/usd/usd/stage.cpp -- In </Lite3ProSensorRigRealWithInterfaceV1/mid360_scan_frame/visuals>: Unresolved reference prim path @/tmp/IsaacLab/usd_20260814_190143_1824/configuration/lite3_pro_sensor_rig_real_with_interface_isaac_physics.usd@</visuals/mid360_scan_frame> introduced by @/tmp/IsaacLab/usd_20260814_190143_1824/configuration/lite3_pro_sensor_rig_real_with_interface_isaac_base.usd@</Lite3ProSensorRigRealWithInterfaceV1/mid360_scan_frame/visuals> (recomposing stage on stage @/tmp/IsaacLab/usd_20260814_190143_1824/lite3_pro_sensor_rig_real_with_interface_isaac.usd@ <0x5f6f4ee81850>)

2026-08-14T23:01:44Z [11,706ms] [Warning] [omni.usd] Warning: in _ReportErrors at line 3172 of /builds/omniverse/usd-ci/USD/pxr/usd/usd/stage.cpp -- In </Lite3ProSensorRigRealWithInterfaceV1/FL_FOOT/visuals>: Unresolved reference prim path @/tmp/IsaacLab/usd_20260814_190143_1824/configuration/lite3_pro_sensor_rig_real_with_interface_isaac_physics.usd@</visuals/FL_FOOT> introduced by @/tmp/IsaacLab/usd_20260814_190143_1824/configuration/lite3_pro_sensor_rig_real_with_interface_isaac_base.usd@</Lite3ProSensorRigRealWithInterfaceV1/FL_FOOT/visuals> (recomposing stage on stage @/tmp/IsaacLab/usd_20260814_190143_1824/lite3_pro_sensor_rig_real_with_interface_isaac.usd@ <0x5f6f4ee86850>)

2026-08-14T23:01:44Z [11,706ms] [Warning] [omni.usd] Warning: in _ReportErrors at line 3172 of /builds/omniverse/usd-ci/USD/pxr/usd/usd/stage.cpp -- In </Lite3ProSensorRigRealWithInterfaceV1/FL_FOOT/visuals>: Unresolved reference prim path @/tmp/IsaacLab/usd_20260814_190143_1824/configuration/lite3_pro_sensor_rig_real_with_interface_isaac_physics.usd@</visuals/FL_FOOT> introduced by @/tmp/IsaacLab/usd_20260814_190143_1824/configuration/lite3_pro_sensor_rig_real_with_interface_isaac_base.usd@</Lite3ProSensorRigRealWithInterfaceV1/FL_FOOT/visuals> (recomposing stage on stage @/tmp/IsaacLab/usd_20260814_190143_1824/lite3_pro_sensor_rig_real_with_interface_isaac.usd@ <0x5f6f4ee86850>)

2026-08-14T23:01:44Z [11,706ms] [Warning] [omni.usd] Warning: in _ReportErrors at line 3172 of /builds/omniverse/usd-ci/USD/pxr/usd/usd/stage.cpp -- In </Lite3ProSensorRigRealWithInterfaceV1/FL_FOOT/visuals>: Unresolved reference prim path @/tmp/IsaacLab/usd_20260814_190143_1824/configuration/lite3_pro_sensor_rig_real_with_interface_isaac_physics.usd@</visuals/FL_FOOT> introduced by @/tmp/IsaacLab/usd_20260814_190143_1824/configuration/lite3_pro_sensor_rig_real_with_interface_isaac_base.usd@</Lite3ProSensorRigRealWithInterfaceV1/FL_FOOT/visuals> (recomposing stage on stage @/tmp/IsaacLab/usd_20260814_190143_1824/lite3_pro_sensor_rig_real_with_interface_isaac.usd@ <0x5f6f4ee86850>)

2026-08-14T23:01:44Z [11,706ms] [Warning] [omni.usd] Warning: in _ReportErrors at line 3172 of /builds/omniverse/usd-ci/USD/pxr/usd/usd/stage.cpp -- In </Lite3ProSensorRigRealWithInterfaceV1/FR_FOOT/visuals>: Unresolved reference prim path @/tmp/IsaacLab/usd_20260814_190143_1824/configuration/lite3_pro_sensor_rig_real_with_interface_isaac_physics.usd@</visuals/FR_FOOT> introduced by @/tmp/IsaacLab/usd_20260814_190143_1824/configuration/lite3_pro_sensor_rig_real_with_interface_isaac_base.usd@</Lite3ProSensorRigRealWithInterfaceV1/FR_FOOT/visuals> (recomposing stage on stage @/tmp/IsaacLab/usd_20260814_190143_1824/lite3_pro_sensor_rig_real_with_interface_isaac.usd@ <0x5f6f4ee86850>)

2026-08-14T23:01:44Z [11,706ms] [Warning] [omni.usd] Warning: in _ReportErrors at line 3172 of /builds/omniverse/usd-ci/USD/pxr/usd/usd/stage.cpp -- In </Lite3ProSensorRigRealWithInterfaceV1/FR_FOOT/visuals>: Unresolved reference prim path @/tmp/IsaacLab/usd_20260814_190143_1824/configuration/lite3_pro_sensor_rig_real_with_interface_isaac_physics.usd@</visuals/FR_FOOT> introduced by @/tmp/IsaacLab/usd_20260814_190143_1824/configuration/lite3_pro_sensor_rig_real_with_interface_isaac_base.usd@</Lite3ProSensorRigRealWithInterfaceV1/FR_FOOT/visuals> (recomposing stage on stage @/tmp/IsaacLab/usd_20260814_190143_1824/lite3_pro_sensor_rig_real_with_interface_isaac.usd@ <0x5f6f4ee86850>)

2026-08-14T23:01:44Z [11,706ms] [Warning] [omni.usd] Warning: in _ReportErrors at line 3172 of /builds/omniverse/usd-ci/USD/pxr/usd/usd/stage.cpp -- In </Lite3ProSensorRigRealWithInterfaceV1/FR_FOOT/visuals>: Unresolved reference prim path @/tmp/IsaacLab/usd_20260814_190143_1824/configuration/lite3_pro_sensor_rig_real_with_interface_isaac_physics.usd@</visuals/FR_FOOT> introduced by @/tmp/IsaacLab/usd_20260814_190143_1824/configuration/lite3_pro_sensor_rig_real_with_interface_isaac_base.usd@</Lite3ProSensorRigRealWithInterfaceV1/FR_FOOT/visuals> (recomposing stage on stage @/tmp/IsaacLab/usd_20260814_190143_1824/lite3_pro_sensor_rig_real_with_interface_isaac.usd@ <0x5f6f4ee86850>)

2026-08-14T23:01:44Z [11,706ms] [Warning] [omni.usd] Warning: in _ReportErrors at line 3172 of /builds/omniverse/usd-ci/USD/pxr/usd/usd/stage.cpp -- In </Lite3ProSensorRigRealWithInterfaceV1/HL_FOOT/visuals>: Unresolved reference prim path @/tmp/IsaacLab/usd_20260814_190143_1824/configuration/lite3_pro_sensor_rig_real_with_interface_isaac_physics.usd@</visuals/HL_FOOT> introduced by @/tmp/IsaacLab/usd_20260814_190143_1824/configuration/lite3_pro_sensor_rig_real_with_interface_isaac_base.usd@</Lite3ProSensorRigRealWithInterfaceV1/HL_FOOT/visuals> (recomposing stage on stage @/tmp/IsaacLab/usd_20260814_190143_1824/lite3_pro_sensor_rig_real_with_interface_isaac.usd@ <0x5f6f4ee86850>)

2026-08-14T23:01:44Z [11,706ms] [Warning] [omni.usd] Warning: in _ReportErrors at line 3172 of /builds/omniverse/usd-ci/USD/pxr/usd/usd/stage.cpp -- In </Lite3ProSensorRigRealWithInterfaceV1/HL_FOOT/visuals>: Unresolved reference prim path @/tmp/IsaacLab/usd_20260814_190143_1824/configuration/lite3_pro_sensor_rig_real_with_interface_isaac_physics.usd@</visuals/HL_FOOT> introduced by @/tmp/IsaacLab/usd_20260814_190143_1824/configuration/lite3_pro_sensor_rig_real_with_interface_isaac_base.usd@</Lite3ProSensorRigRealWithInterfaceV1/HL_FOOT/visuals> (recomposing stage on stage @/tmp/IsaacLab/usd_20260814_190143_1824/lite3_pro_sensor_rig_real_with_interface_isaac.usd@ <0x5f6f4ee86850>)

2026-08-14T23:01:44Z [11,706ms] [Warning] [omni.usd] Warning: in _ReportErrors at line 3172 of /builds/omniverse/usd-ci/USD/pxr/usd/usd/stage.cpp -- In </Lite3ProSensorRigRealWithInterfaceV1/HL_FOOT/visuals>: Unresolved reference prim path @/tmp/IsaacLab/usd_20260814_190143_1824/configuration/lite3_pro_sensor_rig_real_with_interface_isaac_physics.usd@</visuals/HL_FOOT> introduced by @/tmp/IsaacLab/usd_20260814_190143_1824/configuration/lite3_pro_sensor_rig_real_with_interface_isaac_base.usd@</Lite3ProSensorRigRealWithInterfaceV1/HL_FOOT/visuals> (recomposing stage on stage @/tmp/IsaacLab/usd_20260814_190143_1824/lite3_pro_sensor_rig_real_with_interface_isaac.usd@ <0x5f6f4ee86850>)

2026-08-14T23:01:44Z [11,706ms] [Warning] [omni.usd] Warning: in _ReportErrors at line 3172 of /builds/omniverse/usd-ci/USD/pxr/usd/usd/stage.cpp -- In </Lite3ProSensorRigRealWithInterfaceV1/HR_FOOT/visuals>: Unresolved reference prim path @/tmp/IsaacLab/usd_20260814_190143_1824/configuration/lite3_pro_sensor_rig_real_with_interface_isaac_physics.usd@</visuals/HR_FOOT> introduced by @/tmp/IsaacLab/usd_20260814_190143_1824/configuration/lite3_pro_sensor_rig_real_with_interface_isaac_base.usd@</Lite3ProSensorRigRealWithInterfaceV1/HR_FOOT/visuals> (recomposing stage on stage @/tmp/IsaacLab/usd_20260814_190143_1824/lite3_pro_sensor_rig_real_with_interface_isaac.usd@ <0x5f6f4ee86850>)

2026-08-14T23:01:44Z [11,706ms] [Warning] [omni.usd] Warning: in _ReportErrors at line 3172 of /builds/omniverse/usd-ci/USD/pxr/usd/usd/stage.cpp -- In </Lite3ProSensorRigRealWithInterfaceV1/HR_FOOT/visuals>: Unresolved reference prim path @/tmp/IsaacLab/usd_20260814_190143_1824/configuration/lite3_pro_sensor_rig_real_with_interface_isaac_physics.usd@</visuals/HR_FOOT> introduced by @/tmp/IsaacLab/usd_20260814_190143_1824/configuration/lite3_pro_sensor_rig_real_with_interface_isaac_base.usd@</Lite3ProSensorRigRealWithInterfaceV1/HR_FOOT/visuals> (recomposing stage on stage @/tmp/IsaacLab/usd_20260814_190143_1824/lite3_pro_sensor_rig_real_with_interface_isaac.usd@ <0x5f6f4ee86850>)

2026-08-14T23:01:44Z [11,706ms] [Warning] [omni.usd] Warning: in _ReportErrors at line 3172 of /builds/omniverse/usd-ci/USD/pxr/usd/usd/stage.cpp -- In </Lite3ProSensorRigRealWithInterfaceV1/HR_FOOT/visuals>: Unresolved reference prim path @/tmp/IsaacLab/usd_20260814_190143_1824/configuration/lite3_pro_sensor_rig_real_with_interface_isaac_physics.usd@</visuals/HR_FOOT> introduced by @/tmp/IsaacLab/usd_20260814_190143_1824/configuration/lite3_pro_sensor_rig_real_with_interface_isaac_base.usd@</Lite3ProSensorRigRealWithInterfaceV1/HR_FOOT/visuals> (recomposing stage on stage @/tmp/IsaacLab/usd_20260814_190143_1824/lite3_pro_sensor_rig_real_with_interface_isaac.usd@ <0x5f6f4ee86850>)

2026-08-14T23:01:44Z [11,706ms] [Warning] [omni.usd] Warning: in _ReportErrors at line 3172 of /builds/omniverse/usd-ci/USD/pxr/usd/usd/stage.cpp -- In </Lite3ProSensorRigRealWithInterfaceV1/mid360_scan_frame/visuals>: Unresolved reference prim path @/tmp/IsaacLab/usd_20260814_190143_1824/configuration/lite3_pro_sensor_rig_real_with_interface_isaac_physics.usd@</visuals/mid360_scan_frame> introduced by @/tmp/IsaacLab/usd_20260814_190143_1824/configuration/lite3_pro_sensor_rig_real_with_interface_isaac_base.usd@</Lite3ProSensorRigRealWithInterfaceV1/mid360_scan_frame/visuals> (recomposing stage on stage @/tmp/IsaacLab/usd_20260814_190143_1824/lite3_pro_sensor_rig_real_with_interface_isaac.usd@ <0x5f6f4ee86850>)

2026-08-14T23:01:44Z [11,706ms] [Warning] [omni.usd] Warning: in _ReportErrors at line 3172 of /builds/omniverse/usd-ci/USD/pxr/usd/usd/stage.cpp -- In </Lite3ProSensorRigRealWithInterfaceV1/mid360_scan_frame/visuals>: Unresolved reference prim path @/tmp/IsaacLab/usd_20260814_190143_1824/configuration/lite3_pro_sensor_rig_real_with_interface_isaac_physics.usd@</visuals/mid360_scan_frame> introduced by @/tmp/IsaacLab/usd_20260814_190143_1824/configuration/lite3_pro_sensor_rig_real_with_interface_isaac_base.usd@</Lite3ProSensorRigRealWithInterfaceV1/mid360_scan_frame/visuals> (recomposing stage on stage @/tmp/IsaacLab/usd_20260814_190143_1824/lite3_pro_sensor_rig_real_with_interface_isaac.usd@ <0x5f6f4ee86850>)

2026-08-14T23:01:44Z [11,706ms] [Warning] [omni.usd] Warning: in _ReportErrors at line 3172 of /builds/omniverse/usd-ci/USD/pxr/usd/usd/stage.cpp -- In </Lite3ProSensorRigRealWithInterfaceV1/mid360_scan_frame/visuals>: Unresolved reference prim path @/tmp/IsaacLab/usd_20260814_190143_1824/configuration/lite3_pro_sensor_rig_real_with_interface_isaac_physics.usd@</visuals/mid360_scan_frame> introduced by @/tmp/IsaacLab/usd_20260814_190143_1824/configuration/lite3_pro_sensor_rig_real_with_interface_isaac_base.usd@</Lite3ProSensorRigRealWithInterfaceV1/mid360_scan_frame/visuals> (recomposing stage on stage @/tmp/IsaacLab/usd_20260814_190143_1824/lite3_pro_sensor_rig_real_with_interface_isaac.usd@ <0x5f6f4ee86850>)

2026-08-14T23:01:44Z [11,706ms] [Warning] [omni.usd] Warning: in _ReportErrors at line 3172 of /builds/omniverse/usd-ci/USD/pxr/usd/usd/stage.cpp -- In </Lite3ProSensorRigRealWithInterfaceV1/d435i_depth_optical_frame/visuals>: Unresolved reference prim path @/tmp/IsaacLab/usd_20260814_190143_1824/configuration/lite3_pro_sensor_rig_real_with_interface_isaac_physics.usd@</visuals/d435i_depth_optical_frame> introduced by @/tmp/IsaacLab/usd_20260814_190143_1824/configuration/lite3_pro_sensor_rig_real_with_interface_isaac_base.usd@</Lite3ProSensorRigRealWithInterfaceV1/d435i_depth_optical_frame/visuals> (recomposing stage on stage @/tmp/IsaacLab/usd_20260814_190143_1824/lite3_pro_sensor_rig_real_with_interface_isaac.usd@ <0x5f6f4ee86850>)

2026-08-14T23:01:44Z [11,706ms] [Warning] [omni.usd] Warning: in _ReportErrors at line 3172 of /builds/omniverse/usd-ci/USD/pxr/usd/usd/stage.cpp -- In </Lite3ProSensorRigRealWithInterfaceV1/d435i_depth_optical_frame/visuals>: Unresolved reference prim path @/tmp/IsaacLab/usd_20260814_190143_1824/configuration/lite3_pro_sensor_rig_real_with_interface_isaac_physics.usd@</visuals/d435i_depth_optical_frame> introduced by @/tmp/IsaacLab/usd_20260814_190143_1824/configuration/lite3_pro_sensor_rig_real_with_interface_isaac_base.usd@</Lite3ProSensorRigRealWithInterfaceV1/d435i_depth_optical_frame/visuals> (recomposing stage on stage @/tmp/IsaacLab/usd_20260814_190143_1824/lite3_pro_sensor_rig_real_with_interface_isaac.usd@ <0x5f6f4ee86850>)

2026-08-14T23:01:44Z [11,706ms] [Warning] [omni.usd] Warning: in _ReportErrors at line 3172 of /builds/omniverse/usd-ci/USD/pxr/usd/usd/stage.cpp -- In </Lite3ProSensorRigRealWithInterfaceV1/d435i_depth_optical_frame/visuals>: Unresolved reference prim path @/tmp/IsaacLab/usd_20260814_190143_1824/configuration/lite3_pro_sensor_rig_real_with_interface_isaac_physics.usd@</visuals/d435i_depth_optical_frame> introduced by @/tmp/IsaacLab/usd_20260814_190143_1824/configuration/lite3_pro_sensor_rig_real_with_interface_isaac_base.usd@</Lite3ProSensorRigRealWithInterfaceV1/d435i_depth_optical_frame/visuals> (recomposing stage on stage @/tmp/IsaacLab/usd_20260814_190143_1824/lite3_pro_sensor_rig_real_with_interface_isaac.usd@ <0x5f6f4ee86850>)

2026-08-14T23:01:44Z [11,707ms] [Warning] [omni.usd] Warning: in _ReportErrors at line 3172 of /builds/omniverse/usd-ci/USD/pxr/usd/usd/stage.cpp -- In </Lite3ProSensorRigRealWithInterfaceV1/FL_FOOT/visuals>: Unresolved reference prim path @/tmp/IsaacLab/usd_20260814_190143_1824/configuration/lite3_pro_sensor_rig_real_with_interface_isaac_physics.usd@</visuals/FL_FOOT> introduced by @/tmp/IsaacLab/usd_20260814_190143_1824/configuration/lite3_pro_sensor_rig_real_with_interface_isaac_base.usd@</Lite3ProSensorRigRealWithInterfaceV1/FL_FOOT/visuals> (recomposing stage on stage @/tmp/IsaacLab/usd_20260814_190143_1824/lite3_pro_sensor_rig_real_with_interface_isaac.usd@ <0x5f6f4ee81850>)

2026-08-14T23:01:44Z [11,707ms] [Warning] [omni.usd] Warning: in _ReportErrors at line 3172 of /builds/omniverse/usd-ci/USD/pxr/usd/usd/stage.cpp -- In </Lite3ProSensorRigRealWithInterfaceV1/FL_FOOT/visuals>: Unresolved reference prim path @/tmp/IsaacLab/usd_20260814_190143_1824/configuration/lite3_pro_sensor_rig_real_with_interface_isaac_physics.usd@</visuals/FL_FOOT> introduced by @/tmp/IsaacLab/usd_20260814_190143_1824/configuration/lite3_pro_sensor_rig_real_with_interface_isaac_base.usd@</Lite3ProSensorRigRealWithInterfaceV1/FL_FOOT/visuals> (recomposing stage on stage @/tmp/IsaacLab/usd_20260814_190143_1824/lite3_pro_sensor_rig_real_with_interface_isaac.usd@ <0x5f6f4ee81850>)

2026-08-14T23:01:44Z [11,707ms] [Warning] [omni.usd] Warning: in _ReportErrors at line 3172 of /builds/omniverse/usd-ci/USD/pxr/usd/usd/stage.cpp -- In </Lite3ProSensorRigRealWithInterfaceV1/FL_FOOT/visuals>: Unresolved reference prim path @/tmp/IsaacLab/usd_20260814_190143_1824/configuration/lite3_pro_sensor_rig_real_with_interface_isaac_physics.usd@</visuals/FL_FOOT> introduced by @/tmp/IsaacLab/usd_20260814_190143_1824/configuration/lite3_pro_sensor_rig_real_with_interface_isaac_base.usd@</Lite3ProSensorRigRealWithInterfaceV1/FL_FOOT/visuals> (recomposing stage on stage @/tmp/IsaacLab/usd_20260814_190143_1824/lite3_pro_sensor_rig_real_with_interface_isaac.usd@ <0x5f6f4ee81850>)

2026-08-14T23:01:44Z [11,707ms] [Warning] [omni.usd] Warning: in _ReportErrors at line 3172 of /builds/omniverse/usd-ci/USD/pxr/usd/usd/stage.cpp -- In </Lite3ProSensorRigRealWithInterfaceV1/FR_FOOT/visuals>: Unresolved reference prim path @/tmp/IsaacLab/usd_20260814_190143_1824/configuration/lite3_pro_sensor_rig_real_with_interface_isaac_physics.usd@</visuals/FR_FOOT> introduced by @/tmp/IsaacLab/usd_20260814_190143_1824/configuration/lite3_pro_sensor_rig_real_with_interface_isaac_base.usd@</Lite3ProSensorRigRealWithInterfaceV1/FR_FOOT/visuals> (recomposing stage on stage @/tmp/IsaacLab/usd_20260814_190143_1824/lite3_pro_sensor_rig_real_with_interface_isaac.usd@ <0x5f6f4ee81850>)

2026-08-14T23:01:44Z [11,707ms] [Warning] [omni.usd] Warning: in _ReportErrors at line 3172 of /builds/omniverse/usd-ci/USD/pxr/usd/usd/stage.cpp -- In </Lite3ProSensorRigRealWithInterfaceV1/FR_FOOT/visuals>: Unresolved reference prim path @/tmp/IsaacLab/usd_20260814_190143_1824/configuration/lite3_pro_sensor_rig_real_with_interface_isaac_physics.usd@</visuals/FR_FOOT> introduced by @/tmp/IsaacLab/usd_20260814_190143_1824/configuration/lite3_pro_sensor_rig_real_with_interface_isaac_base.usd@</Lite3ProSensorRigRealWithInterfaceV1/FR_FOOT/visuals> (recomposing stage on stage @/tmp/IsaacLab/usd_20260814_190143_1824/lite3_pro_sensor_rig_real_with_interface_isaac.usd@ <0x5f6f4ee81850>)

2026-08-14T23:01:44Z [11,707ms] [Warning] [omni.usd] Warning: in _ReportErrors at line 3172 of /builds/omniverse/usd-ci/USD/pxr/usd/usd/stage.cpp -- In </Lite3ProSensorRigRealWithInterfaceV1/FR_FOOT/visuals>: Unresolved reference prim path @/tmp/IsaacLab/usd_20260814_190143_1824/configuration/lite3_pro_sensor_rig_real_with_interface_isaac_physics.usd@</visuals/FR_FOOT> introduced by @/tmp/IsaacLab/usd_20260814_190143_1824/configuration/lite3_pro_sensor_rig_real_with_interface_isaac_base.usd@</Lite3ProSensorRigRealWithInterfaceV1/FR_FOOT/visuals> (recomposing stage on stage @/tmp/IsaacLab/usd_20260814_190143_1824/lite3_pro_sensor_rig_real_with_interface_isaac.usd@ <0x5f6f4ee81850>)

2026-08-14T23:01:44Z [11,707ms] [Warning] [omni.usd] Warning: in _ReportErrors at line 3172 of /builds/omniverse/usd-ci/USD/pxr/usd/usd/stage.cpp -- In </Lite3ProSensorRigRealWithInterfaceV1/HL_FOOT/visuals>: Unresolved reference prim path @/tmp/IsaacLab/usd_20260814_190143_1824/configuration/lite3_pro_sensor_rig_real_with_interface_isaac_physics.usd@</visuals/HL_FOOT> introduced by @/tmp/IsaacLab/usd_20260814_190143_1824/configuration/lite3_pro_sensor_rig_real_with_interface_isaac_base.usd@</Lite3ProSensorRigRealWithInterfaceV1/HL_FOOT/visuals> (recomposing stage on stage @/tmp/IsaacLab/usd_20260814_190143_1824/lite3_pro_sensor_rig_real_with_interface_isaac.usd@ <0x5f6f4ee81850>)

2026-08-14T23:01:44Z [11,707ms] [Warning] [omni.usd] Warning: in _ReportErrors at line 3172 of /builds/omniverse/usd-ci/USD/pxr/usd/usd/stage.cpp -- In </Lite3ProSensorRigRealWithInterfaceV1/HL_FOOT/visuals>: Unresolved reference prim path @/tmp/IsaacLab/usd_20260814_190143_1824/configuration/lite3_pro_sensor_rig_real_with_interface_isaac_physics.usd@</visuals/HL_FOOT> introduced by @/tmp/IsaacLab/usd_20260814_190143_1824/configuration/lite3_pro_sensor_rig_real_with_interface_isaac_base.usd@</Lite3ProSensorRigRealWithInterfaceV1/HL_FOOT/visuals> (recomposing stage on stage @/tmp/IsaacLab/usd_20260814_190143_1824/lite3_pro_sensor_rig_real_with_interface_isaac.usd@ <0x5f6f4ee81850>)

2026-08-14T23:01:44Z [11,707ms] [Warning] [omni.usd] Warning: in _ReportErrors at line 3172 of /builds/omniverse/usd-ci/USD/pxr/usd/usd/stage.cpp -- In </Lite3ProSensorRigRealWithInterfaceV1/HL_FOOT/visuals>: Unresolved reference prim path @/tmp/IsaacLab/usd_20260814_190143_1824/configuration/lite3_pro_sensor_rig_real_with_interface_isaac_physics.usd@</visuals/HL_FOOT> introduced by @/tmp/IsaacLab/usd_20260814_190143_1824/configuration/lite3_pro_sensor_rig_real_with_interface_isaac_base.usd@</Lite3ProSensorRigRealWithInterfaceV1/HL_FOOT/visuals> (recomposing stage on stage @/tmp/IsaacLab/usd_20260814_190143_1824/lite3_pro_sensor_rig_real_with_interface_isaac.usd@ <0x5f6f4ee81850>)

2026-08-14T23:01:44Z [11,707ms] [Warning] [omni.usd] Warning: in _ReportErrors at line 3172 of /builds/omniverse/usd-ci/USD/pxr/usd/usd/stage.cpp -- In </Lite3ProSensorRigRealWithInterfaceV1/HR_FOOT/visuals>: Unresolved reference prim path @/tmp/IsaacLab/usd_20260814_190143_1824/configuration/lite3_pro_sensor_rig_real_with_interface_isaac_physics.usd@</visuals/HR_FOOT> introduced by @/tmp/IsaacLab/usd_20260814_190143_1824/configuration/lite3_pro_sensor_rig_real_with_interface_isaac_base.usd@</Lite3ProSensorRigRealWithInterfaceV1/HR_FOOT/visuals> (recomposing stage on stage @/tmp/IsaacLab/usd_20260814_190143_1824/lite3_pro_sensor_rig_real_with_interface_isaac.usd@ <0x5f6f4ee81850>)

2026-08-14T23:01:44Z [11,707ms] [Warning] [omni.usd] Warning: in _ReportErrors at line 3172 of /builds/omniverse/usd-ci/USD/pxr/usd/usd/stage.cpp -- In </Lite3ProSensorRigRealWithInterfaceV1/HR_FOOT/visuals>: Unresolved reference prim path @/tmp/IsaacLab/usd_20260814_190143_1824/configuration/lite3_pro_sensor_rig_real_with_interface_isaac_physics.usd@</visuals/HR_FOOT> introduced by @/tmp/IsaacLab/usd_20260814_190143_1824/configuration/lite3_pro_sensor_rig_real_with_interface_isaac_base.usd@</Lite3ProSensorRigRealWithInterfaceV1/HR_FOOT/visuals> (recomposing stage on stage @/tmp/IsaacLab/usd_20260814_190143_1824/lite3_pro_sensor_rig_real_with_interface_isaac.usd@ <0x5f6f4ee81850>)

2026-08-14T23:01:44Z [11,707ms] [Warning] [omni.usd] Warning: in _ReportErrors at line 3172 of /builds/omniverse/usd-ci/USD/pxr/usd/usd/stage.cpp -- In </Lite3ProSensorRigRealWithInterfaceV1/HR_FOOT/visuals>: Unresolved reference prim path @/tmp/IsaacLab/usd_20260814_190143_1824/configuration/lite3_pro_sensor_rig_real_with_interface_isaac_physics.usd@</visuals/HR_FOOT> introduced by @/tmp/IsaacLab/usd_20260814_190143_1824/configuration/lite3_pro_sensor_rig_real_with_interface_isaac_base.usd@</Lite3ProSensorRigRealWithInterfaceV1/HR_FOOT/visuals> (recomposing stage on stage @/tmp/IsaacLab/usd_20260814_190143_1824/lite3_pro_sensor_rig_real_with_interface_isaac.usd@ <0x5f6f4ee81850>)

2026-08-14T23:01:44Z [11,707ms] [Warning] [omni.usd] Warning: in _ReportErrors at line 3172 of /builds/omniverse/usd-ci/USD/pxr/usd/usd/stage.cpp -- In </Lite3ProSensorRigRealWithInterfaceV1/mid360_scan_frame/visuals>: Unresolved reference prim path @/tmp/IsaacLab/usd_20260814_190143_1824/configuration/lite3_pro_sensor_rig_real_with_interface_isaac_physics.usd@</visuals/mid360_scan_frame> introduced by @/tmp/IsaacLab/usd_20260814_190143_1824/configuration/lite3_pro_sensor_rig_real_with_interface_isaac_base.usd@</Lite3ProSensorRigRealWithInterfaceV1/mid360_scan_frame/visuals> (recomposing stage on stage @/tmp/IsaacLab/usd_20260814_190143_1824/lite3_pro_sensor_rig_real_with_interface_isaac.usd@ <0x5f6f4ee81850>)

2026-08-14T23:01:44Z [11,707ms] [Warning] [omni.usd] Warning: in _ReportErrors at line 3172 of /builds/omniverse/usd-ci/USD/pxr/usd/usd/stage.cpp -- In </Lite3ProSensorRigRealWithInterfaceV1/mid360_scan_frame/visuals>: Unresolved reference prim path @/tmp/IsaacLab/usd_20260814_190143_1824/configuration/lite3_pro_sensor_rig_real_with_interface_isaac_physics.usd@</visuals/mid360_scan_frame> introduced by @/tmp/IsaacLab/usd_20260814_190143_1824/configuration/lite3_pro_sensor_rig_real_with_interface_isaac_base.usd@</Lite3ProSensorRigRealWithInterfaceV1/mid360_scan_frame/visuals> (recomposing stage on stage @/tmp/IsaacLab/usd_20260814_190143_1824/lite3_pro_sensor_rig_real_with_interface_isaac.usd@ <0x5f6f4ee81850>)

2026-08-14T23:01:44Z [11,707ms] [Warning] [omni.usd] Warning: in _ReportErrors at line 3172 of /builds/omniverse/usd-ci/USD/pxr/usd/usd/stage.cpp -- In </Lite3ProSensorRigRealWithInterfaceV1/mid360_scan_frame/visuals>: Unresolved reference prim path @/tmp/IsaacLab/usd_20260814_190143_1824/configuration/lite3_pro_sensor_rig_real_with_interface_isaac_physics.usd@</visuals/mid360_scan_frame> introduced by @/tmp/IsaacLab/usd_20260814_190143_1824/configuration/lite3_pro_sensor_rig_real_with_interface_isaac_base.usd@</Lite3ProSensorRigRealWithInterfaceV1/mid360_scan_frame/visuals> (recomposing stage on stage @/tmp/IsaacLab/usd_20260814_190143_1824/lite3_pro_sensor_rig_real_with_interface_isaac.usd@ <0x5f6f4ee81850>)

2026-08-14T23:01:44Z [11,707ms] [Warning] [omni.usd] Warning: in _ReportErrors at line 3172 of /builds/omniverse/usd-ci/USD/pxr/usd/usd/stage.cpp -- In </Lite3ProSensorRigRealWithInterfaceV1/d435i_depth_optical_frame/visuals>: Unresolved reference prim path @/tmp/IsaacLab/usd_20260814_190143_1824/configuration/lite3_pro_sensor_rig_real_with_interface_isaac_physics.usd@</visuals/d435i_depth_optical_frame> introduced by @/tmp/IsaacLab/usd_20260814_190143_1824/configuration/lite3_pro_sensor_rig_real_with_interface_isaac_base.usd@</Lite3ProSensorRigRealWithInterfaceV1/d435i_depth_optical_frame/visuals> (recomposing stage on stage @/tmp/IsaacLab/usd_20260814_190143_1824/lite3_pro_sensor_rig_real_with_interface_isaac.usd@ <0x5f6f4ee81850>)

2026-08-14T23:01:44Z [11,707ms] [Warning] [omni.usd] Warning: in _ReportErrors at line 3172 of /builds/omniverse/usd-ci/USD/pxr/usd/usd/stage.cpp -- In </Lite3ProSensorRigRealWithInterfaceV1/d435i_depth_optical_frame/visuals>: Unresolved reference prim path @/tmp/IsaacLab/usd_20260814_190143_1824/configuration/lite3_pro_sensor_rig_real_with_interface_isaac_physics.usd@</visuals/d435i_depth_optical_frame> introduced by @/tmp/IsaacLab/usd_20260814_190143_1824/configuration/lite3_pro_sensor_rig_real_with_interface_isaac_base.usd@</Lite3ProSensorRigRealWithInterfaceV1/d435i_depth_optical_frame/visuals> (recomposing stage on stage @/tmp/IsaacLab/usd_20260814_190143_1824/lite3_pro_sensor_rig_real_with_interface_isaac.usd@ <0x5f6f4ee81850>)

2026-08-14T23:01:44Z [11,707ms] [Warning] [omni.usd] Warning: in _ReportErrors at line 3172 of /builds/omniverse/usd-ci/USD/pxr/usd/usd/stage.cpp -- In </Lite3ProSensorRigRealWithInterfaceV1/d435i_depth_optical_frame/visuals>: Unresolved reference prim path @/tmp/IsaacLab/usd_20260814_190143_1824/configuration/lite3_pro_sensor_rig_real_with_interface_isaac_physics.usd@</visuals/d435i_depth_optical_frame> introduced by @/tmp/IsaacLab/usd_20260814_190143_1824/configuration/lite3_pro_sensor_rig_real_with_interface_isaac_base.usd@</Lite3ProSensorRigRealWithInterfaceV1/d435i_depth_optical_frame/visuals> (recomposing stage on stage @/tmp/IsaacLab/usd_20260814_190143_1824/lite3_pro_sensor_rig_real_with_interface_isaac.usd@ <0x5f6f4ee81850>)

2026-08-14T23:01:44Z [11,813ms] [Warning] [omni.usd] Warning: in _ReportErrors at line 3172 of /builds/omniverse/usd-ci/USD/pxr/usd/usd/stage.cpp -- In </World/envs/env_0/Robot/FR_FOOT/visuals>: Unresolved reference prim path @/tmp/IsaacLab/usd_20260814_190143_1824/configuration/lite3_pro_sensor_rig_real_with_interface_isaac_physics.usd@</visuals/FR_FOOT> introduced by @/tmp/IsaacLab/usd_20260814_190143_1824/configuration/lite3_pro_sensor_rig_real_with_interface_isaac_base.usd@</Lite3ProSensorRigRealWithInterfaceV1/FR_FOOT/visuals> (recomposing stage on stage @anon:0x5f6f3ad256e0:World0.usd@ <0x5f6f3c914190>)

2026-08-14T23:01:44Z [11,813ms] [Warning] [omni.usd] Warning: in _ReportErrors at line 3172 of /builds/omniverse/usd-ci/USD/pxr/usd/usd/stage.cpp -- In </World/envs/env_0/Robot/FR_FOOT/visuals>: Unresolved reference prim path @/tmp/IsaacLab/usd_20260814_190143_1824/configuration/lite3_pro_sensor_rig_real_with_interface_isaac_physics.usd@</visuals/FR_FOOT> introduced by @/tmp/IsaacLab/usd_20260814_190143_1824/configuration/lite3_pro_sensor_rig_real_with_interface_isaac_base.usd@</Lite3ProSensorRigRealWithInterfaceV1/FR_FOOT/visuals> (recomposing stage on stage @anon:0x5f6f3ad256e0:World0.usd@ <0x5f6f3c914190>)

2026-08-14T23:01:44Z [11,813ms] [Warning] [omni.usd] Warning: in _ReportErrors at line 3172 of /builds/omniverse/usd-ci/USD/pxr/usd/usd/stage.cpp -- In </World/envs/env_0/Robot/FR_FOOT/visuals>: Unresolved reference prim path @/tmp/IsaacLab/usd_20260814_190143_1824/configuration/lite3_pro_sensor_rig_real_with_interface_isaac_physics.usd@</visuals/FR_FOOT> introduced by @/tmp/IsaacLab/usd_20260814_190143_1824/configuration/lite3_pro_sensor_rig_real_with_interface_isaac_base.usd@</Lite3ProSensorRigRealWithInterfaceV1/FR_FOOT/visuals> (recomposing stage on stage @anon:0x5f6f3ad256e0:World0.usd@ <0x5f6f3c914190>)

2026-08-14T23:01:44Z [11,813ms] [Warning] [omni.usd] Warning: in _ReportErrors at line 3172 of /builds/omniverse/usd-ci/USD/pxr/usd/usd/stage.cpp -- In </World/envs/env_0/Robot/HL_FOOT/visuals>: Unresolved reference prim path @/tmp/IsaacLab/usd_20260814_190143_1824/configuration/lite3_pro_sensor_rig_real_with_interface_isaac_physics.usd@</visuals/HL_FOOT> introduced by @/tmp/IsaacLab/usd_20260814_190143_1824/configuration/lite3_pro_sensor_rig_real_with_interface_isaac_base.usd@</Lite3ProSensorRigRealWithInterfaceV1/HL_FOOT/visuals> (recomposing stage on stage @anon:0x5f6f3ad256e0:World0.usd@ <0x5f6f3c914190>)

2026-08-14T23:01:44Z [11,813ms] [Warning] [omni.usd] Warning: in _ReportErrors at line 3172 of /builds/omniverse/usd-ci/USD/pxr/usd/usd/stage.cpp -- In </World/envs/env_0/Robot/HL_FOOT/visuals>: Unresolved reference prim path @/tmp/IsaacLab/usd_20260814_190143_1824/configuration/lite3_pro_sensor_rig_real_with_interface_isaac_physics.usd@</visuals/HL_FOOT> introduced by @/tmp/IsaacLab/usd_20260814_190143_1824/configuration/lite3_pro_sensor_rig_real_with_interface_isaac_base.usd@</Lite3ProSensorRigRealWithInterfaceV1/HL_FOOT/visuals> (recomposing stage on stage @anon:0x5f6f3ad256e0:World0.usd@ <0x5f6f3c914190>)

2026-08-14T23:01:44Z [11,813ms] [Warning] [omni.usd] Warning: in _ReportErrors at line 3172 of /builds/omniverse/usd-ci/USD/pxr/usd/usd/stage.cpp -- In </World/envs/env_0/Robot/HL_FOOT/visuals>: Unresolved reference prim path @/tmp/IsaacLab/usd_20260814_190143_1824/configuration/lite3_pro_sensor_rig_real_with_interface_isaac_physics.usd@</visuals/HL_FOOT> introduced by @/tmp/IsaacLab/usd_20260814_190143_1824/configuration/lite3_pro_sensor_rig_real_with_interface_isaac_base.usd@</Lite3ProSensorRigRealWithInterfaceV1/HL_FOOT/visuals> (recomposing stage on stage @anon:0x5f6f3ad256e0:World0.usd@ <0x5f6f3c914190>)

2026-08-14T23:01:44Z [11,813ms] [Warning] [omni.usd] Warning: in _ReportErrors at line 3172 of /builds/omniverse/usd-ci/USD/pxr/usd/usd/stage.cpp -- In </World/envs/env_0/Robot/FL_FOOT/visuals>: Unresolved reference prim path @/tmp/IsaacLab/usd_20260814_190143_1824/configuration/lite3_pro_sensor_rig_real_with_interface_isaac_physics.usd@</visuals/FL_FOOT> introduced by @/tmp/IsaacLab/usd_20260814_190143_1824/configuration/lite3_pro_sensor_rig_real_with_interface_isaac_base.usd@</Lite3ProSensorRigRealWithInterfaceV1/FL_FOOT/visuals> (recomposing stage on stage @anon:0x5f6f3ad256e0:World0.usd@ <0x5f6f3c914190>)

2026-08-14T23:01:44Z [11,813ms] [Warning] [omni.usd] Warning: in _ReportErrors at line 3172 of /builds/omniverse/usd-ci/USD/pxr/usd/usd/stage.cpp -- In </World/envs/env_0/Robot/FL_FOOT/visuals>: Unresolved reference prim path @/tmp/IsaacLab/usd_20260814_190143_1824/configuration/lite3_pro_sensor_rig_real_with_interface_isaac_physics.usd@</visuals/FL_FOOT> introduced by @/tmp/IsaacLab/usd_20260814_190143_1824/configuration/lite3_pro_sensor_rig_real_with_interface_isaac_base.usd@</Lite3ProSensorRigRealWithInterfaceV1/FL_FOOT/visuals> (recomposing stage on stage @anon:0x5f6f3ad256e0:World0.usd@ <0x5f6f3c914190>)

2026-08-14T23:01:44Z [11,813ms] [Warning] [omni.usd] Warning: in _ReportErrors at line 3172 of /builds/omniverse/usd-ci/USD/pxr/usd/usd/stage.cpp -- In </World/envs/env_0/Robot/FL_FOOT/visuals>: Unresolved reference prim path @/tmp/IsaacLab/usd_20260814_190143_1824/configuration/lite3_pro_sensor_rig_real_with_interface_isaac_physics.usd@</visuals/FL_FOOT> introduced by @/tmp/IsaacLab/usd_20260814_190143_1824/configuration/lite3_pro_sensor_rig_real_with_interface_isaac_base.usd@</Lite3ProSensorRigRealWithInterfaceV1/FL_FOOT/visuals> (recomposing stage on stage @anon:0x5f6f3ad256e0:World0.usd@ <0x5f6f3c914190>)

2026-08-14T23:01:44Z [11,813ms] [Warning] [omni.usd] Warning: in _ReportErrors at line 3172 of /builds/omniverse/usd-ci/USD/pxr/usd/usd/stage.cpp -- In </World/envs/env_0/Robot/HR_FOOT/visuals>: Unresolved reference prim path @/tmp/IsaacLab/usd_20260814_190143_1824/configuration/lite3_pro_sensor_rig_real_with_interface_isaac_physics.usd@</visuals/HR_FOOT> introduced by @/tmp/IsaacLab/usd_20260814_190143_1824/configuration/lite3_pro_sensor_rig_real_with_interface_isaac_base.usd@</Lite3ProSensorRigRealWithInterfaceV1/HR_FOOT/visuals> (recomposing stage on stage @anon:0x5f6f3ad256e0:World0.usd@ <0x5f6f3c914190>)

2026-08-14T23:01:44Z [11,813ms] [Warning] [omni.usd] Warning: in _ReportErrors at line 3172 of /builds/omniverse/usd-ci/USD/pxr/usd/usd/stage.cpp -- In </World/envs/env_0/Robot/HR_FOOT/visuals>: Unresolved reference prim path @/tmp/IsaacLab/usd_20260814_190143_1824/configuration/lite3_pro_sensor_rig_real_with_interface_isaac_physics.usd@</visuals/HR_FOOT> introduced by @/tmp/IsaacLab/usd_20260814_190143_1824/configuration/lite3_pro_sensor_rig_real_with_interface_isaac_base.usd@</Lite3ProSensorRigRealWithInterfaceV1/HR_FOOT/visuals> (recomposing stage on stage @anon:0x5f6f3ad256e0:World0.usd@ <0x5f6f3c914190>)

2026-08-14T23:01:44Z [11,813ms] [Warning] [omni.usd] Warning: in _ReportErrors at line 3172 of /builds/omniverse/usd-ci/USD/pxr/usd/usd/stage.cpp -- In </World/envs/env_0/Robot/HR_FOOT/visuals>: Unresolved reference prim path @/tmp/IsaacLab/usd_20260814_190143_1824/configuration/lite3_pro_sensor_rig_real_with_interface_isaac_physics.usd@</visuals/HR_FOOT> introduced by @/tmp/IsaacLab/usd_20260814_190143_1824/configuration/lite3_pro_sensor_rig_real_with_interface_isaac_base.usd@</Lite3ProSensorRigRealWithInterfaceV1/HR_FOOT/visuals> (recomposing stage on stage @anon:0x5f6f3ad256e0:World0.usd@ <0x5f6f3c914190>)

2026-08-14T23:01:44Z [11,813ms] [Warning] [omni.usd] Warning: in _ReportErrors at line 3172 of /builds/omniverse/usd-ci/USD/pxr/usd/usd/stage.cpp -- In </World/envs/env_0/Robot/mid360_scan_frame/visuals>: Unresolved reference prim path @/tmp/IsaacLab/usd_20260814_190143_1824/configuration/lite3_pro_sensor_rig_real_with_interface_isaac_physics.usd@</visuals/mid360_scan_frame> introduced by @/tmp/IsaacLab/usd_20260814_190143_1824/configuration/lite3_pro_sensor_rig_real_with_interface_isaac_base.usd@</Lite3ProSensorRigRealWithInterfaceV1/mid360_scan_frame/visuals> (recomposing stage on stage @anon:0x5f6f3ad256e0:World0.usd@ <0x5f6f3c914190>)

2026-08-14T23:01:44Z [11,813ms] [Warning] [omni.usd] Warning: in _ReportErrors at line 3172 of /builds/omniverse/usd-ci/USD/pxr/usd/usd/stage.cpp -- In </World/envs/env_0/Robot/mid360_scan_frame/visuals>: Unresolved reference prim path @/tmp/IsaacLab/usd_20260814_190143_1824/configuration/lite3_pro_sensor_rig_real_with_interface_isaac_physics.usd@</visuals/mid360_scan_frame> introduced by @/tmp/IsaacLab/usd_20260814_190143_1824/configuration/lite3_pro_sensor_rig_real_with_interface_isaac_base.usd@</Lite3ProSensorRigRealWithInterfaceV1/mid360_scan_frame/visuals> (recomposing stage on stage @anon:0x5f6f3ad256e0:World0.usd@ <0x5f6f3c914190>)

2026-08-14T23:01:44Z [11,813ms] [Warning] [omni.usd] Warning: in _ReportErrors at line 3172 of /builds/omniverse/usd-ci/USD/pxr/usd/usd/stage.cpp -- In </World/envs/env_0/Robot/mid360_scan_frame/visuals>: Unresolved reference prim path @/tmp/IsaacLab/usd_20260814_190143_1824/configuration/lite3_pro_sensor_rig_real_with_interface_isaac_physics.usd@</visuals/mid360_scan_frame> introduced by @/tmp/IsaacLab/usd_20260814_190143_1824/configuration/lite3_pro_sensor_rig_real_with_interface_isaac_base.usd@</Lite3ProSensorRigRealWithInterfaceV1/mid360_scan_frame/visuals> (recomposing stage on stage @anon:0x5f6f3ad256e0:World0.usd@ <0x5f6f3c914190>)

2026-08-14T23:01:44Z [11,813ms] [Warning] [omni.usd] Warning: in _ReportErrors at line 3172 of /builds/omniverse/usd-ci/USD/pxr/usd/usd/stage.cpp -- In </World/envs/env_0/Robot/d435i_depth_optical_frame/visuals>: Unresolved reference prim path @/tmp/IsaacLab/usd_20260814_190143_1824/configuration/lite3_pro_sensor_rig_real_with_interface_isaac_physics.usd@</visuals/d435i_depth_optical_frame> introduced by @/tmp/IsaacLab/usd_20260814_190143_1824/configuration/lite3_pro_sensor_rig_real_with_interface_isaac_base.usd@</Lite3ProSensorRigRealWithInterfaceV1/d435i_depth_optical_frame/visuals> (recomposing stage on stage @anon:0x5f6f3ad256e0:World0.usd@ <0x5f6f3c914190>)

2026-08-14T23:01:44Z [11,813ms] [Warning] [omni.usd] Warning: in _ReportErrors at line 3172 of /builds/omniverse/usd-ci/USD/pxr/usd/usd/stage.cpp -- In </World/envs/env_0/Robot/d435i_depth_optical_frame/visuals>: Unresolved reference prim path @/tmp/IsaacLab/usd_20260814_190143_1824/configuration/lite3_pro_sensor_rig_real_with_interface_isaac_physics.usd@</visuals/d435i_depth_optical_frame> introduced by @/tmp/IsaacLab/usd_20260814_190143_1824/configuration/lite3_pro_sensor_rig_real_with_interface_isaac_base.usd@</Lite3ProSensorRigRealWithInterfaceV1/d435i_depth_optical_frame/visuals> (recomposing stage on stage @anon:0x5f6f3ad256e0:World0.usd@ <0x5f6f3c914190>)

2026-08-14T23:01:44Z [11,813ms] [Warning] [omni.usd] Warning: in _ReportErrors at line 3172 of /builds/omniverse/usd-ci/USD/pxr/usd/usd/stage.cpp -- In </World/envs/env_0/Robot/d435i_depth_optical_frame/visuals>: Unresolved reference prim path @/tmp/IsaacLab/usd_20260814_190143_1824/configuration/lite3_pro_sensor_rig_real_with_interface_isaac_physics.usd@</visuals/d435i_depth_optical_frame> introduced by @/tmp/IsaacLab/usd_20260814_190143_1824/configuration/lite3_pro_sensor_rig_real_with_interface_isaac_base.usd@</Lite3ProSensorRigRealWithInterfaceV1/d435i_depth_optical_frame/visuals> (recomposing stage on stage @anon:0x5f6f3ad256e0:World0.usd@ <0x5f6f3c914190>)

[INFO] Generating terrains randomly took : 0.004452 seconds
[33m19:01:44 [xform_prim_view.py] WARNING: Fabric mode with Warp fabric-array operations is not supported on CPU devices. While Fabric itself can run on both CPU and GPU, our batch Warp kernels for fabric-array operations require CUDA and are not reliable on the CPU backend. To ensure stability, Fabric is being disabled and execution will fall back to standard USD operations on the CPU. This may impact performance.[0m
[33m19:01:49 [xform_prim_view.py] WARNING: Fabric mode with Warp fabric-array operations is not supported on CPU devices. While Fabric itself can run on both CPU and GPU, our batch Warp kernels for fabric-array operations require CUDA and are not reliable on the CPU backend. To ensure stability, Fabric is being disabled and execution will fall back to standard USD operations on the CPU. This may impact performance.[0m
[INFO]: Time taken for scene creation : 6.659458 seconds
[INFO]: Scene manager:  <class InteractiveScene>
	Number of environments: 1
	Environment spacing   : 0.5
	Source prim name      : /World/envs/env_0
	Global prim paths     : ['/World/ground', '/World/Characters/Biped_Setup', '/World/forest_visual/asset_000', '/World/forest_visual/asset_001', '/World/forest_visual/asset_002', '/World/forest_visual/asset_003', '/World/forest_visual/asset_004', '/World/forest_visual/asset_005', '/World/forest_visual/asset_006', '/World/forest_visual/asset_007', '/World/forest_visual/asset_008', '/World/forest_visual/asset_009', '/World/forest_visual/asset_010', '/World/forest_visual/asset_011', '/World/forest_visual/asset_012', '/World/forest_visual/asset_013', '/World/forest_visual/asset_014', '/World/forest_visual/asset_015', '/World/forest_visual/asset_016', '/World/forest_visual/asset_017', '/World/forest_visual/asset_018', '/World/forest_visual/asset_019', '/World/forest_visual/asset_020', '/World/forest_visual/asset_021', '/World/forest_visual/asset_022', '/World/forest_visual/asset_023', '/World/forest_visual/asset_024', '/World/forest_visual/asset_025', '/World/forest_visual/asset_026', '/World/forest_visual/asset_027', '/World/forest_visual/asset_028', '/World/forest_visual/asset_029', '/World/forest_visual/asset_030', '/World/forest_visual/asset_031', '/World/forest_visual/asset_032', '/World/forest_visual/asset_033', '/World/forest_visual/asset_034', '/World/forest_visual/asset_035', '/World/forest_visual/asset_036', '/World/forest_visual/asset_037', '/World/forest_visual/asset_038', '/World/forest_visual/asset_039', '/World/forest_visual/asset_040', '/World/forest_visual/asset_041', '/World/forest_visual/asset_042', '/World/forest_visual/asset_043', '/World/forest_visual/asset_044', '/World/forest_visual/asset_045', '/World/forest_visual/asset_046', '/World/forest_collision/proxy_000', '/World/forest_collision/proxy_001', '/World/forest_collision/proxy_002', '/World/forest_collision/proxy_003', '/World/forest_collision/proxy_004', '/World/forest_collision/proxy_005', '/World/forest_collision/proxy_006', '/World/forest_collision/proxy_007', '/World/forest_collision/proxy_008', '/World/forest_collision/proxy_009', '/World/forest_collision/proxy_010', '/World/envs/env_0/DynamicObstacle']
	Replicate physics     : True
[INFO]: Starting the simulation. This may take a few seconds. Please wait...
2026-08-14T23:01:50Z [18,013ms] [Warning] [omni.physx.plugin] Collisions are supported currently only in one collision group.
2026-08-14T23:01:51Z [18,923ms] [Warning] [omni.usd] Warning: in _ReportErrors at line 3172 of /builds/omniverse/usd-ci/USD/pxr/usd/usd/stage.cpp -- In </World/envs/env_0/DynamicObstacle/OfficialCharacter/male_adult_construction_03/ManRoot/male_adult_construction_03.animationGraph>: The relationship target </World/Characters/Biped_Setup/CharacterAnimation/AnimationGraph> from </Human/OfficialCharacter/male_adult_construction_03/ManRoot/male_adult_construction_03.animationGraph> in layer @/home/sun/machine-dog-nav-runs/2026-08-14_scan_forest_v8_human/results/v8_official_human_visual_preflight12_cpu/isaac/official_human_wrapper.usda@ refers to a path outside the scope of the reference from </World/envs/env_0/DynamicObstacle>.  Ignoring. (getting targets for relationship </World/envs/env_0/DynamicObstacle/OfficialCharacter/male_adult_construction_03/ManRoot/male_adult_construction_03.animationGraph> on stage @anon:0x5f6f3ad256e0:World0.usd@ <0x5f6f3c914190>)

2026-08-14T23:01:51Z [18,923ms] [Warning] [omni.usd] Warning: in _ReportErrors at line 3172 of /builds/omniverse/usd-ci/USD/pxr/usd/usd/stage.cpp -- In </World/envs/env_0/DynamicObstacle/OfficialCharacter/male_adult_construction_03/ManRoot/male_adult_construction_03.animationGraph>: The relationship target </World/Characters/Biped_Setup/CharacterAnimation/AnimationGraph> from </Human/OfficialCharacter/male_adult_construction_03/ManRoot/male_adult_construction_03.animationGraph> in layer @/home/sun/machine-dog-nav-runs/2026-08-14_scan_forest_v8_human/results/v8_official_human_visual_preflight12_cpu/isaac/official_human_wrapper.usda@ refers to a path outside the scope of the reference from </World/envs/env_0/DynamicObstacle>.  Ignoring. (getting targets for relationship </World/envs/env_0/DynamicObstacle/OfficialCharacter/male_adult_construction_03/ManRoot/male_adult_construction_03.animationGraph> on stage @anon:0x5f6f3ad256e0:World0.usd@ <0x5f6f3c914190>)

2026-08-14T23:01:51Z [18,923ms] [Warning] [omni.usd] Warning: in _ReportErrors at line 3172 of /builds/omniverse/usd-ci/USD/pxr/usd/usd/stage.cpp -- In </World/envs/env_0/DynamicObstacle/OfficialCharacter/male_adult_construction_03/ManRoot/male_adult_construction_03.animationGraph>: The relationship target </World/Characters/Biped_Setup/CharacterAnimation/AnimationGraph> from </Human/OfficialCharacter/male_adult_construction_03/ManRoot/male_adult_construction_03.animationGraph> in layer @/home/sun/machine-dog-nav-runs/2026-08-14_scan_forest_v8_human/results/v8_official_human_visual_preflight12_cpu/isaac/official_human_wrapper.usda@ refers to a path outside the scope of the reference from </World/envs/env_0/DynamicObstacle>.  Ignoring. (getting targets for relationship </World/envs/env_0/DynamicObstacle/OfficialCharacter/male_adult_construction_03/ManRoot/male_adult_construction_03.animationGraph> on stage @anon:0x5f6f3ad256e0:World0.usd@ <0x5f6f3c914190>)

2026-08-14T23:01:51Z [18,990ms] [Warning] [omni.anim.skelJoint.plugin] Obsolete SkelJoint persistent data existed in this USD stage for Skeleton /World/Characters/Biped_Setup/biped_demo_meters/Root in layer https://omniverse-content-production.s3-us-west-2.amazonaws.com/Assets/Isaac/5.1/Isaac/People/Characters/biped_demo/biped_demo_meters.usd
[INFO]: Time taken for simulation start : 1.242334 seconds
[INFO] Command Manager:  <CommandManager> contains 1 active terms.
+-----------------------------------------+
|           Active Command Terms          |
+-------+---------------+-----------------+
| Index | Name          |       Type      |
+-------+---------------+-----------------+
|   0   | base_velocity | Go2RLGymCommand |
+-------+---------------+-----------------+

[INFO] Event Manager:  <EventManager> contains 1 active terms.
+-------------------------------------+
| Active Event Terms in Mode: 'reset' |
+---------+---------------------------+
|  Index  | Name                      |
+---------+---------------------------+
|    0    | reset_robot_joints        |
|    1    | reset_base                |
+---------+---------------------------+

[INFO] Recorder Manager:  <RecorderManager> contains 0 active terms.
+---------------------+
| Active Recorder Terms |
+-----------+---------+
|   Index   | Name    |
+-----------+---------+
+-----------+---------+

[INFO] Action Manager:  <ActionManager> contains 1 active terms.
+------------------------------------+
|  Active Action Terms (shape: 12)   |
+--------+-------------+-------------+
| Index  | Name        |   Dimension |
+--------+-------------+-------------+
|   0    | joint_pos   |          12 |
+--------+-------------+-------------+

[INFO] Observation Manager: <ObservationManager> contains 3 groups.
+----------------------------------------------------------+
| Active Observation Terms in Group: 'policy' (shape: (450,)) |
+-----------+--------------------------------+-------------+
|   Index   | Name                           |    Shape    |
+-----------+--------------------------------+-------------+
|     0     | base_ang_vel                   |    (30,)    |
|     1     | projected_gravity              |    (30,)    |
|     2     | velocity_commands              |    (30,)    |
|     3     | joint_pos                      |    (120,)   |
|     4     | joint_vel                      |    (120,)   |
|     5     | actions                        |    (120,)   |
+-----------+--------------------------------+-------------+
+----------------------------------------------------------+
| Active Observation Terms in Group: 'critic' (shape: (275,)) |
+-----------+--------------------------------+-------------+
|   Index   | Name                           |    Shape    |
+-----------+--------------------------------+-------------+
|     0     | base_lin_vel                   |     (3,)    |
|     1     | base_ang_vel                   |     (3,)    |
|     2     | projected_gravity              |     (3,)    |
|     3     | velocity_commands              |     (3,)    |
|     4     | joint_pos                      |    (12,)    |
|     5     | joint_vel                      |    (12,)    |
|     6     | actions                        |    (12,)    |
|     7     | joint_acc                      |    (12,)    |
|     8     | joint_torque                   |    (12,)    |
|     9     | contact_force                  |    (16,)    |
|     10    | height_scan                    |    (187,)   |
+-----------+--------------------------------+-------------+
+-------------------------------------------------------------+
| Active Observation Terms in Group: 'single_obs' (shape: (45,)) |
+------------+-----------------------------------+------------+
|   Index    | Name                              |   Shape    |
+------------+-----------------------------------+------------+
|     0      | base_ang_vel                      |    (3,)    |
|     1      | projected_gravity                 |    (3,)    |
|     2      | velocity_commands                 |    (3,)    |
|     3      | joint_pos                         |   (12,)    |
|     4      | joint_vel                         |   (12,)    |
|     5      | actions                           |   (12,)    |
+------------+-----------------------------------+------------+

[INFO] Termination Manager:  <TerminationManager> contains 2 active terms.
+------------------------------------+
|      Active Termination Terms      |
+-------+-----------------+----------+
| Index | Name            | Time Out |
+-------+-----------------+----------+
|   0   | time_out        |   True   |
|   1   | illegal_contact |  False   |
+-------+-----------------+----------+

[INFO] Reward Manager:  <RewardManager> contains 15 active terms.
+----------------------------------------+
|          Active Reward Terms           |
+-------+----------------------+---------+
| Index | Name                 |  Weight |
+-------+----------------------+---------+
|   0   | track_lin_vel_xy_exp |     2.0 |
|   1   | track_ang_vel_z_exp  |     1.0 |
|   2   | lin_vel_z_l2         |    -2.0 |
|   3   | ang_vel_xy_l2        |   -0.05 |
|   4   | joint_acc_l2         |  -1e-07 |
|   5   | joint_power          |  -2e-05 |
|   6   | joint_torques_l2     | -0.0001 |
|   7   | base_height_l2       |    -1.0 |
|   8   | action_rate_l2       |   -0.01 |
|   9   | action_smoothness_l2 |   -0.01 |
|   10  | undesired_contacts   |    -1.0 |
|   11  | joint_pos_limits     |    -2.0 |
|   12  | feet_regulation      |   -0.05 |
|   13  | hip_pos_penalty_l1   |   -0.05 |
|   14  | joint_pos_penalty_l1 |   -0.01 |
+-------+----------------------+---------+

[INFO] Curriculum Manager:  <CurriculumManager> contains 0 active terms.
+----------------------+
| Active Curriculum Terms |
+-----------+----------+
|   Index   | Name     |
+-----------+----------+
+-----------+----------+

[Go2Env-INFO] Overriding action manager with ActionManagerGo2:  <ActionManager> contains 1 active terms.
+------------------------------------+
|  Active Action Terms (shape: 12)   |
+--------+-------------+-------------+
| Index  | Name        |   Dimension |
+--------+-------------+-------------+
|   0    | joint_pos   |          12 |
+--------+-------------+-------------+

[INFO]: Completed setting up the environment...
/home/sun/machine-dog-nav-runs/2026-08-14_scan_forest_v8_human/source/locomotion_v12/runtime_20260718_recovered/source/rsl_rl/rsl_rl/utils/utils.py:280: UserWarning: The observation configuration dictionary 'obs_groups' must contain the 'policy' key. As an observation group with the name 'policy' was found, this is assumed to be the observation set. Consider adding the 'policy' key to the 'obs_groups' dictionary for clarity. This behavior will be removed in a future version.
  warnings.warn(
/home/sun/machine-dog-nav-runs/2026-08-14_scan_forest_v8_human/source/locomotion_v12/runtime_20260718_recovered/source/rsl_rl/rsl_rl/utils/utils.py:318: UserWarning: The observation configuration dictionary 'obs_groups' must contain the 'critic' key. As an observation group with the name 'critic' was found, this is assumed to be the observation set. Consider adding the 'critic' key to the 'obs_groups' dictionary for clarity. This behavior will be removed in a future version.
  warnings.warn(
--------------------------------------------------------------------------------
Resolved observation sets: 
	 policy :  ['policy']
	 critic :  ['critic']
--------------------------------------------------------------------------------
Teacher Encoder: Sequential(
  (0): MLP(
    (network): Sequential(
      (0): Linear(in_features=275, out_features=512, bias=True)
      (1): ELU(alpha=1.0)
      (2): Linear(in_features=512, out_features=256, bias=True)
      (3): ELU(alpha=1.0)
      (4): Linear(in_features=256, out_features=32, bias=True)
    )
  )
  (1): L2Norm()
)
Student MoE Encoder: StudentMoEEncoder(
  (norm_layer): L2Norm()
  (moe): MoE(
    (experts): Experts(
      (backbone): MLP(
        (network): Sequential(
          (0): Linear(in_features=450, out_features=512, bias=True)
          (1): ELU(alpha=1.0)
          (2): Linear(in_features=512, out_features=256, bias=True)
          (3): ELU(alpha=1.0)
          (4): Linear(in_features=256, out_features=2048, bias=True)
          (5): ELU(alpha=1.0)
        )
      )
      (experts): Conv1d(2048, 256, kernel_size=(1,), stride=(1,), groups=8)
    )
    (gating_network): Sequential(
      (0): MLP(
        (network): Sequential(
          (0): Linear(in_features=450, out_features=512, bias=True)
          (1): ELU(alpha=1.0)
          (2): Linear(in_features=512, out_features=256, bias=True)
          (3): ELU(alpha=1.0)
          (4): Linear(in_features=256, out_features=256, bias=True)
          (5): ELU(alpha=1.0)
          (6): Linear(in_features=256, out_features=8, bias=True)
        )
      )
      (1): Softmax(dim=-1)
    )
  )
)
Actor MLP: MLP(
  (network): Sequential(
    (0): Linear(in_features=77, out_features=512, bias=True)
    (1): ELU(alpha=1.0)
    (2): Linear(in_features=512, out_features=256, bias=True)
    (3): ELU(alpha=1.0)
    (4): Linear(in_features=256, out_features=128, bias=True)
    (5): ELU(alpha=1.0)
    (6): Linear(in_features=128, out_features=12, bias=True)
  )
)
Critic MLP: MLP(
  (network): Sequential(
    (0): Linear(in_features=307, out_features=512, bias=True)
    (1): ELU(alpha=1.0)
    (2): Linear(in_features=512, out_features=256, bias=True)
    (3): ELU(alpha=1.0)
    (4): Linear(in_features=256, out_features=128, bias=True)
    (5): ELU(alpha=1.0)
    (6): Linear(in_features=128, out_features=1, bias=True)
  )
)
2026-08-14T23:01:52Z [20,432ms] [Error] [omni.physx.plugin] PhysX error: PxRigidDynamic::setLinearVelocity: Body must be non-kinematic!, FILE /builds/omniverse/physics/physx/source/physx/src/NpRigidDynamic.cpp, LINE 232
2026-08-14T23:01:52Z [20,433ms] [Error] [omni.physx.plugin] PhysX error: PxRigidDynamic::setAngularVelocity: Body must be non-kinematic!, FILE /builds/omniverse/physics/physx/source/physx/src/NpRigidDynamic.cpp, LINE 266
2026-08-14T23:01:52Z [20,433ms] [Warning] [omni.anim.graph.core.python] Type mismatch for variable Action in Character::SetVariable
2026-08-14T23:01:52Z [20,433ms] [Warning] [omni.anim.graph.core.python] Type mismatch for variable Walk in Character::SetVariable
2026-08-14T23:01:52Z [20,459ms] [Warning] [omni.fabric.plugin] USD->Fabric: Unhandled array type string[]
2026-08-14T23:01:52Z [20,481ms] [Warning] [usdrt.population.plugin] [UsdNoticeHandler] Unhandled attribute type VtArray<std::string> (prim attribute: omni:rtx:material:db:flattener:ior_constant)
2026-08-14T23:01:52Z [20,481ms] [Warning] [usdrt.population.plugin] [UsdNoticeHandler] Unhandled attribute type VtArray<std::string> (prim attribute: omni:rtx:material:db:flattener:transmittance_color)
2026-08-14T23:01:52Z [20,482ms] [Warning] [usdrt.population.plugin] [UsdNoticeHandler] Unhandled attribute type VtArray<std::string> (prim attribute: omni:rtx:material:db:flattener:reflection_roughness_constant)
2026-08-14T23:01:52Z [20,506ms] [Warning] [omni.fabric.plugin] Warning: attribute evaluatedTranslations not found for bucket id 3e6

2026-08-14T23:01:52Z [20,524ms] [Warning] [omni.fabric.plugin] getAttributeCount called on non-existent path /World/envs/env_0/Robot/HR_FOOT/collisions/mesh_0
2026-08-14T23:01:52Z [20,524ms] [Warning] [omni.fabric.plugin] getTypes called on non-existent path /World/envs/env_0/Robot/HR_FOOT/collisions/mesh_0
2026-08-14T23:02:02Z [30,210ms] [Warning] [omni.syntheticdata.plugin] OgnSdPostRenderVarToHost : rendervar copy from texture directly to host buffer is counter-performant. Please use copy from texture to device buffer first.
2026-08-14T23:02:02Z [30,381ms] [Error] [omni.physx.plugin] PhysX error: PxRigidDynamic::setLinearVelocity: Body must be non-kinematic!, FILE /builds/omniverse/physics/physx/source/physx/src/NpRigidDynamic.cpp, LINE 232
2026-08-14T23:02:02Z [30,381ms] [Error] [omni.physx.plugin] PhysX error: PxRigidDynamic::setAngularVelocity: Body must be non-kinematic!, FILE /builds/omniverse/physics/physx/source/physx/src/NpRigidDynamic.cpp, LINE 266
2026-08-14T23:02:02Z [30,381ms] [Warning] [omni.anim.graph.core.python] Type mismatch for variable Action in Character::SetVariable
2026-08-14T23:02:02Z [30,381ms] [Warning] [omni.anim.graph.core.python] Type mismatch for variable Walk in Character::SetVariable
2026-08-14T23:02:02Z [30,585ms] [Error] [omni.physx.plugin] PhysX error: PxRigidDynamic::setLinearVelocity: Body must be non-kinematic!, FILE /builds/omniverse/physics/physx/source/physx/src/NpRigidDynamic.cpp, LINE 232
2026-08-14T23:02:02Z [30,585ms] [Error] [omni.physx.plugin] PhysX error: PxRigidDynamic::setAngularVelocity: Body must be non-kinematic!, FILE /builds/omniverse/physics/physx/source/physx/src/NpRigidDynamic.cpp, LINE 266
2026-08-14T23:02:02Z [30,586ms] [Warning] [omni.anim.graph.core.python] Type mismatch for variable Action in Character::SetVariable
2026-08-14T23:02:02Z [30,586ms] [Warning] [omni.anim.graph.core.python] Type mismatch for variable Walk in Character::SetVariable
2026-08-14T23:02:02Z [30,596ms] [Error] [omni.physx.plugin] PhysX error: PxRigidDynamic::setLinearVelocity: Body must be non-kinematic!, FILE /builds/omniverse/physics/physx/source/physx/src/NpRigidDynamic.cpp, LINE 232
2026-08-14T23:02:02Z [30,597ms] [Error] [omni.physx.plugin] PhysX error: PxRigidDynamic::setAngularVelocity: Body must be non-kinematic!, FILE /builds/omniverse/physics/physx/source/physx/src/NpRigidDynamic.cpp, LINE 266
2026-08-14T23:02:02Z [30,597ms] [Warning] [omni.anim.graph.core.python] Type mismatch for variable Action in Character::SetVariable
2026-08-14T23:02:02Z [30,597ms] [Warning] [omni.anim.graph.core.python] Type mismatch for variable Walk in Character::SetVariable
2026-08-14T23:02:02Z [30,604ms] [Error] [omni.physx.plugin] PhysX error: PxRigidDynamic::setLinearVelocity: Body must be non-kinematic!, FILE /builds/omniverse/physics/physx/source/physx/src/NpRigidDynamic.cpp, LINE 232
2026-08-14T23:02:02Z [30,604ms] [Error] [omni.physx.plugin] PhysX error: PxRigidDynamic::setAngularVelocity: Body must be non-kinematic!, FILE /builds/omniverse/physics/physx/source/physx/src/NpRigidDynamic.cpp, LINE 266
2026-08-14T23:02:02Z [30,604ms] [Warning] [omni.anim.graph.core.python] Type mismatch for variable Action in Character::SetVariable
2026-08-14T23:02:02Z [30,604ms] [Warning] [omni.anim.graph.core.python] Type mismatch for variable Walk in Character::SetVariable
2026-08-14T23:02:02Z [30,627ms] [Error] [omni.physx.plugin] PhysX error: PxRigidDynamic::setLinearVelocity: Body must be non-kinematic!, FILE /builds/omniverse/physics/physx/source/physx/src/NpRigidDynamic.cpp, LINE 232
2026-08-14T23:02:02Z [30,627ms] [Error] [omni.physx.plugin] PhysX error: PxRigidDynamic::setAngularVelocity: Body must be non-kinematic!, FILE /builds/omniverse/physics/physx/source/physx/src/NpRigidDynamic.cpp, LINE 266
2026-08-14T23:02:02Z [30,627ms] [Warning] [omni.anim.graph.core.python] Type mismatch for variable Action in Character::SetVariable
2026-08-14T23:02:02Z [30,627ms] [Warning] [omni.anim.graph.core.python] Type mismatch for variable Walk in Character::SetVariable
2026-08-14T23:02:02Z [30,636ms] [Error] [omni.physx.plugin] PhysX error: PxRigidDynamic::setLinearVelocity: Body must be non-kinematic!, FILE /builds/omniverse/physics/physx/source/physx/src/NpRigidDynamic.cpp, LINE 232
2026-08-14T23:02:02Z [30,636ms] [Error] [omni.physx.plugin] PhysX error: PxRigidDynamic::setAngularVelocity: Body must be non-kinematic!, FILE /builds/omniverse/physics/physx/source/physx/src/NpRigidDynamic.cpp, LINE 266
2026-08-14T23:02:02Z [30,636ms] [Warning] [omni.anim.graph.core.python] Type mismatch for variable Action in Character::SetVariable
2026-08-14T23:02:02Z [30,636ms] [Warning] [omni.anim.graph.core.python] Type mismatch for variable Walk in Character::SetVariable
2026-08-14T23:02:02Z [30,664ms] [Error] [omni.physx.plugin] PhysX error: PxRigidDynamic::setLinearVelocity: Body must be non-kinematic!, FILE /builds/omniverse/physics/physx/source/physx/src/NpRigidDynamic.cpp, LINE 232
2026-08-14T23:02:02Z [30,664ms] [Error] [omni.physx.plugin] PhysX error: PxRigidDynamic::setAngularVelocity: Body must be non-kinematic!, FILE /builds/omniverse/physics/physx/source/physx/src/NpRigidDynamic.cpp, LINE 266
2026-08-14T23:02:02Z [30,664ms] [Warning] [omni.anim.graph.core.python] Type mismatch for variable Action in Character::SetVariable
2026-08-14T23:02:02Z [30,664ms] [Warning] [omni.anim.graph.core.python] Type mismatch for variable Walk in Character::SetVariable
2026-08-14T23:02:03Z [30,686ms] [Error] [omni.physx.plugin] PhysX error: PxRigidDynamic::setLinearVelocity: Body must be non-kinematic!, FILE /builds/omniverse/physics/physx/source/physx/src/NpRigidDynamic.cpp, LINE 232
2026-08-14T23:02:03Z [30,686ms] [Error] [omni.physx.plugin] PhysX error: PxRigidDynamic::setAngularVelocity: Body must be non-kinematic!, FILE /builds/omniverse/physics/physx/source/physx/src/NpRigidDynamic.cpp, LINE 266
2026-08-14T23:02:03Z [30,686ms] [Warning] [omni.anim.graph.core.python] Type mismatch for variable Action in Character::SetVariable
2026-08-14T23:02:03Z [30,686ms] [Warning] [omni.anim.graph.core.python] Type mismatch for variable Walk in Character::SetVariable
2026-08-14T23:02:03Z [30,695ms] [Error] [omni.physx.plugin] PhysX error: PxRigidDynamic::setLinearVelocity: Body must be non-kinematic!, FILE /builds/omniverse/physics/physx/source/physx/src/NpRigidDynamic.cpp, LINE 232
2026-08-14T23:02:03Z [30,695ms] [Error] [omni.physx.plugin] PhysX error: PxRigidDynamic::setAngularVelocity: Body must be non-kinematic!, FILE /builds/omniverse/physics/physx/source/physx/src/NpRigidDynamic.cpp, LINE 266
2026-08-14T23:02:03Z [30,695ms] [Warning] [omni.anim.graph.core.python] Type mismatch for variable Action in Character::SetVariable
2026-08-14T23:02:03Z [30,695ms] [Warning] [omni.anim.graph.core.python] Type mismatch for variable Walk in Character::SetVariable
2026-08-14T23:02:03Z [30,702ms] [Error] [omni.physx.plugin] PhysX error: PxRigidDynamic::setLinearVelocity: Body must be non-kinematic!, FILE /builds/omniverse/physics/physx/source/physx/src/NpRigidDynamic.cpp, LINE 232
2026-08-14T23:02:03Z [30,702ms] [Error] [omni.physx.plugin] PhysX error: PxRigidDynamic::setAngularVelocity: Body must be non-kinematic!, FILE /builds/omniverse/physics/physx/source/physx/src/NpRigidDynamic.cpp, LINE 266
2026-08-14T23:02:03Z [30,703ms] [Warning] [omni.anim.graph.core.python] Type mismatch for variable Action in Character::SetVariable
2026-08-14T23:02:03Z [30,703ms] [Warning] [omni.anim.graph.core.python] Type mismatch for variable Walk in Character::SetVariable
2026-08-14T23:02:03Z [30,726ms] [Error] [omni.physx.plugin] PhysX error: PxRigidDynamic::setLinearVelocity: Body must be non-kinematic!, FILE /builds/omniverse/physics/physx/source/physx/src/NpRigidDynamic.cpp, LINE 232
2026-08-14T23:02:03Z [30,726ms] [Error] [omni.physx.plugin] PhysX error: PxRigidDynamic::setAngularVelocity: Body must be non-kinematic!, FILE /builds/omniverse/physics/physx/source/physx/src/NpRigidDynamic.cpp, LINE 266
2026-08-14T23:02:03Z [30,726ms] [Warning] [omni.anim.graph.core.python] Type mismatch for variable Action in Character::SetVariable
2026-08-14T23:02:03Z [30,726ms] [Warning] [omni.anim.graph.core.python] Type mismatch for variable Walk in Character::SetVariable
2026-08-14T23:02:03Z [30,754ms] [Error] [omni.physx.plugin] PhysX error: PxRigidDynamic::setLinearVelocity: Body must be non-kinematic!, FILE /builds/omniverse/physics/physx/source/physx/src/NpRigidDynamic.cpp, LINE 232
2026-08-14T23:02:03Z [30,754ms] [Error] [omni.physx.plugin] PhysX error: PxRigidDynamic::setAngularVelocity: Body must be non-kinematic!, FILE /builds/omniverse/physics/physx/source/physx/src/NpRigidDynamic.cpp, LINE 266
2026-08-14T23:02:03Z [30,754ms] [Warning] [omni.anim.graph.core.python] Type mismatch for variable Action in Character::SetVariable
2026-08-14T23:02:03Z [30,754ms] [Warning] [omni.anim.graph.core.python] Type mismatch for variable Walk in Character::SetVariable
2026-08-14T23:02:03Z [30,762ms] [Error] [omni.physx.plugin] PhysX error: PxRigidDynamic::setLinearVelocity: Body must be non-kinematic!, FILE /builds/omniverse/physics/physx/source/physx/src/NpRigidDynamic.cpp, LINE 232
2026-08-14T23:02:03Z [30,762ms] [Error] [omni.physx.plugin] PhysX error: PxRigidDynamic::setAngularVelocity: Body must be non-kinematic!, FILE /builds/omniverse/physics/physx/source/physx/src/NpRigidDynamic.cpp, LINE 266
2026-08-14T23:02:03Z [30,762ms] [Warning] [omni.anim.graph.core.python] Type mismatch for variable Action in Character::SetVariable
2026-08-14T23:02:03Z [30,762ms] [Warning] [omni.anim.graph.core.python] Type mismatch for variable Walk in Character::SetVariable
2026-08-14T23:02:03Z [30,784ms] [Error] [omni.physx.plugin] PhysX error: PxRigidDynamic::setLinearVelocity: Body must be non-kinematic!, FILE /builds/omniverse/physics/physx/source/physx/src/NpRigidDynamic.cpp, LINE 232
2026-08-14T23:02:03Z [30,784ms] [Error] [omni.physx.plugin] PhysX error: PxRigidDynamic::setAngularVelocity: Body must be non-kinematic!, FILE /builds/omniverse/physics/physx/source/physx/src/NpRigidDynamic.cpp, LINE 266
2026-08-14T23:02:03Z [30,784ms] [Warning] [omni.anim.graph.core.python] Type mismatch for variable Action in Character::SetVariable
2026-08-14T23:02:03Z [30,784ms] [Warning] [omni.anim.graph.core.python] Type mismatch for variable Walk in Character::SetVariable
2026-08-14T23:02:03Z [30,792ms] [Error] [omni.physx.plugin] PhysX error: PxRigidDynamic::setLinearVelocity: Body must be non-kinematic!, FILE /builds/omniverse/physics/physx/source/physx/src/NpRigidDynamic.cpp, LINE 232
2026-08-14T23:02:03Z [30,792ms] [Error] [omni.physx.plugin] PhysX error: PxRigidDynamic::setAngularVelocity: Body must be non-kinematic!, FILE /builds/omniverse/physics/physx/source/physx/src/NpRigidDynamic.cpp, LINE 266
2026-08-14T23:02:03Z [30,792ms] [Warning] [omni.anim.graph.core.python] Type mismatch for variable Action in Character::SetVariable
2026-08-14T23:02:03Z [30,792ms] [Warning] [omni.anim.graph.core.python] Type mismatch for variable Walk in Character::SetVariable
2026-08-14T23:02:03Z [30,798ms] [Error] [omni.physx.plugin] PhysX error: PxRigidDynamic::setLinearVelocity: Body must be non-kinematic!, FILE /builds/omniverse/physics/physx/source/physx/src/NpRigidDynamic.cpp, LINE 232
2026-08-14T23:02:03Z [30,798ms] [Error] [omni.physx.plugin] PhysX error: PxRigidDynamic::setAngularVelocity: Body must be non-kinematic!, FILE /builds/omniverse/physics/physx/source/physx/src/NpRigidDynamic.cpp, LINE 266
2026-08-14T23:02:03Z [30,798ms] [Warning] [omni.anim.graph.core.python] Type mismatch for variable Action in Character::SetVariable
2026-08-14T23:02:03Z [30,798ms] [Warning] [omni.anim.graph.core.python] Type mismatch for variable Walk in Character::SetVariable
2026-08-14T23:02:03Z [30,840ms] [Error] [omni.physx.plugin] PhysX error: PxRigidDynamic::setLinearVelocity: Body must be non-kinematic!, FILE /builds/omniverse/physics/physx/source/physx/src/NpRigidDynamic.cpp, LINE 232
2026-08-14T23:02:03Z [30,840ms] [Error] [omni.physx.plugin] PhysX error: PxRigidDynamic::setAngularVelocity: Body must be non-kinematic!, FILE /builds/omniverse/physics/physx/source/physx/src/NpRigidDynamic.cpp, LINE 266
2026-08-14T23:02:03Z [30,840ms] [Warning] [omni.anim.graph.core.python] Type mismatch for variable Action in Character::SetVariable
2026-08-14T23:02:03Z [30,840ms] [Warning] [omni.anim.graph.core.python] Type mismatch for variable Walk in Character::SetVariable
2026-08-14T23:02:03Z [30,849ms] [Error] [omni.physx.plugin] PhysX error: PxRigidDynamic::setLinearVelocity: Body must be non-kinematic!, FILE /builds/omniverse/physics/physx/source/physx/src/NpRigidDynamic.cpp, LINE 232
2026-08-14T23:02:03Z [30,849ms] [Error] [omni.physx.plugin] PhysX error: PxRigidDynamic::setAngularVelocity: Body must be non-kinematic!, FILE /builds/omniverse/physics/physx/source/physx/src/NpRigidDynamic.cpp, LINE 266
2026-08-14T23:02:03Z [30,849ms] [Warning] [omni.anim.graph.core.python] Type mismatch for variable Action in Character::SetVariable
2026-08-14T23:02:03Z [30,849ms] [Warning] [omni.anim.graph.core.python] Type mismatch for variable Walk in Character::SetVariable
2026-08-14T23:02:03Z [30,856ms] [Error] [omni.physx.plugin] PhysX error: PxRigidDynamic::setLinearVelocity: Body must be non-kinematic!, FILE /builds/omniverse/physics/physx/source/physx/src/NpRigidDynamic.cpp, LINE 232
2026-08-14T23:02:03Z [30,856ms] [Error] [omni.physx.plugin] PhysX error: PxRigidDynamic::setAngularVelocity: Body must be non-kinematic!, FILE /builds/omniverse/physics/physx/source/physx/src/NpRigidDynamic.cpp, LINE 266
2026-08-14T23:02:03Z [30,856ms] [Warning] [omni.anim.graph.core.python] Type mismatch for variable Action in Character::SetVariable
2026-08-14T23:02:03Z [30,856ms] [Warning] [omni.anim.graph.core.python] Type mismatch for variable Walk in Character::SetVariable
2026-08-14T23:02:03Z [30,877ms] [Error] [omni.physx.plugin] PhysX error: PxRigidDynamic::setLinearVelocity: Body must be non-kinematic!, FILE /builds/omniverse/physics/physx/source/physx/src/NpRigidDynamic.cpp, LINE 232
2026-08-14T23:02:03Z [30,877ms] [Error] [omni.physx.plugin] PhysX error: PxRigidDynamic::setAngularVelocity: Body must be non-kinematic!, FILE /builds/omniverse/physics/physx/source/physx/src/NpRigidDynamic.cpp, LINE 266
2026-08-14T23:02:03Z [30,877ms] [Warning] [omni.anim.graph.core.python] Type mismatch for variable Action in Character::SetVariable
2026-08-14T23:02:03Z [30,877ms] [Warning] [omni.anim.graph.core.python] Type mismatch for variable Walk in Character::SetVariable
2026-08-14T23:02:03Z [30,886ms] [Error] [omni.physx.plugin] PhysX error: PxRigidDynamic::setLinearVelocity: Body must be non-kinematic!, FILE /builds/omniverse/physics/physx/source/physx/src/NpRigidDynamic.cpp, LINE 232
2026-08-14T23:02:03Z [30,887ms] [Error] [omni.physx.plugin] PhysX error: PxRigidDynamic::setAngularVelocity: Body must be non-kinematic!, FILE /builds/omniverse/physics/physx/source/physx/src/NpRigidDynamic.cpp, LINE 266
2026-08-14T23:02:03Z [30,887ms] [Warning] [omni.anim.graph.core.python] Type mismatch for variable Action in Character::SetVariable
2026-08-14T23:02:03Z [30,887ms] [Warning] [omni.anim.graph.core.python] Type mismatch for variable Walk in Character::SetVariable
2026-08-14T23:02:03Z [30,913ms] [Error] [omni.physx.plugin] PhysX error: PxRigidDynamic::setLinearVelocity: Body must be non-kinematic!, FILE /builds/omniverse/physics/physx/source/physx/src/NpRigidDynamic.cpp, LINE 232
2026-08-14T23:02:03Z [30,913ms] [Error] [omni.physx.plugin] PhysX error: PxRigidDynamic::setAngularVelocity: Body must be non-kinematic!, FILE /builds/omniverse/physics/physx/source/physx/src/NpRigidDynamic.cpp, LINE 266
2026-08-14T23:02:03Z [30,913ms] [Warning] [omni.anim.graph.core.python] Type mismatch for variable Action in Character::SetVariable
2026-08-14T23:02:03Z [30,913ms] [Warning] [omni.anim.graph.core.python] Type mismatch for variable Walk in Character::SetVariable
2026-08-14T23:02:03Z [30,933ms] [Error] [omni.physx.plugin] PhysX error: PxRigidDynamic::setLinearVelocity: Body must be non-kinematic!, FILE /builds/omniverse/physics/physx/source/physx/src/NpRigidDynamic.cpp, LINE 232
2026-08-14T23:02:03Z [30,933ms] [Error] [omni.physx.plugin] PhysX error: PxRigidDynamic::setAngularVelocity: Body must be non-kinematic!, FILE /builds/omniverse/physics/physx/source/physx/src/NpRigidDynamic.cpp, LINE 266
2026-08-14T23:02:03Z [30,933ms] [Warning] [omni.anim.graph.core.python] Type mismatch for variable Action in Character::SetVariable
2026-08-14T23:02:03Z [30,933ms] [Warning] [omni.anim.graph.core.python] Type mismatch for variable Walk in Character::SetVariable
2026-08-14T23:02:03Z [30,943ms] [Error] [omni.physx.plugin] PhysX error: PxRigidDynamic::setLinearVelocity: Body must be non-kinematic!, FILE /builds/omniverse/physics/physx/source/physx/src/NpRigidDynamic.cpp, LINE 232
2026-08-14T23:02:03Z [30,943ms] [Error] [omni.physx.plugin] PhysX error: PxRigidDynamic::setAngularVelocity: Body must be non-kinematic!, FILE /builds/omniverse/physics/physx/source/physx/src/NpRigidDynamic.cpp, LINE 266
2026-08-14T23:02:03Z [30,943ms] [Warning] [omni.anim.graph.core.python] Type mismatch for variable Action in Character::SetVariable
2026-08-14T23:02:03Z [30,943ms] [Warning] [omni.anim.graph.core.python] Type mismatch for variable Walk in Character::SetVariable
2026-08-14T23:02:03Z [30,950ms] [Error] [omni.physx.plugin] PhysX error: PxRigidDynamic::setLinearVelocity: Body must be non-kinematic!, FILE /builds/omniverse/physics/physx/source/physx/src/NpRigidDynamic.cpp, LINE 232
2026-08-14T23:02:03Z [30,950ms] [Error] [omni.physx.plugin] PhysX error: PxRigidDynamic::setAngularVelocity: Body must be non-kinematic!, FILE /builds/omniverse/physics/physx/source/physx/src/NpRigidDynamic.cpp, LINE 266
2026-08-14T23:02:03Z [30,950ms] [Warning] [omni.anim.graph.core.python] Type mismatch for variable Action in Character::SetVariable
2026-08-14T23:02:03Z [30,950ms] [Warning] [omni.anim.graph.core.python] Type mismatch for variable Walk in Character::SetVariable
2026-08-14T23:02:03Z [30,970ms] [Error] [omni.physx.plugin] PhysX error: PxRigidDynamic::setLinearVelocity: Body must be non-kinematic!, FILE /builds/omniverse/physics/physx/source/physx/src/NpRigidDynamic.cpp, LINE 232
2026-08-14T23:02:03Z [30,970ms] [Error] [omni.physx.plugin] PhysX error: PxRigidDynamic::setAngularVelocity: Body must be non-kinematic!, FILE /builds/omniverse/physics/physx/source/physx/src/NpRigidDynamic.cpp, LINE 266
2026-08-14T23:02:03Z [30,971ms] [Warning] [omni.anim.graph.core.python] Type mismatch for variable Action in Character::SetVariable
2026-08-14T23:02:03Z [30,971ms] [Warning] [omni.anim.graph.core.python] Type mismatch for variable Walk in Character::SetVariable
2026-08-14T23:02:03Z [31,000ms] [Error] [omni.physx.plugin] PhysX error: PxRigidDynamic::setLinearVelocity: Body must be non-kinematic!, FILE /builds/omniverse/physics/physx/source/physx/src/NpRigidDynamic.cpp, LINE 232
2026-08-14T23:02:03Z [31,000ms] [Error] [omni.physx.plugin] PhysX error: PxRigidDynamic::setAngularVelocity: Body must be non-kinematic!, FILE /builds/omniverse/physics/physx/source/physx/src/NpRigidDynamic.cpp, LINE 266
2026-08-14T23:02:03Z [31,000ms] [Warning] [omni.anim.graph.core.python] Type mismatch for variable Action in Character::SetVariable
2026-08-14T23:02:03Z [31,000ms] [Warning] [omni.anim.graph.core.python] Type mismatch for variable Walk in Character::SetVariable
2026-08-14T23:02:03Z [31,008ms] [Error] [omni.physx.plugin] PhysX error: PxRigidDynamic::setLinearVelocity: Body must be non-kinematic!, FILE /builds/omniverse/physics/physx/source/physx/src/NpRigidDynamic.cpp, LINE 232
2026-08-14T23:02:03Z [31,008ms] [Error] [omni.physx.plugin] PhysX error: PxRigidDynamic::setAngularVelocity: Body must be non-kinematic!, FILE /builds/omniverse/physics/physx/source/physx/src/NpRigidDynamic.cpp, LINE 266
2026-08-14T23:02:03Z [31,008ms] [Warning] [omni.anim.graph.core.python] Type mismatch for variable Action in Character::SetVariable
2026-08-14T23:02:03Z [31,008ms] [Warning] [omni.anim.graph.core.python] Type mismatch for variable Walk in Character::SetVariable
2026-08-14T23:02:03Z [31,028ms] [Error] [omni.physx.plugin] PhysX error: PxRigidDynamic::setLinearVelocity: Body must be non-kinematic!, FILE /builds/omniverse/physics/physx/source/physx/src/NpRigidDynamic.cpp, LINE 232
2026-08-14T23:02:03Z [31,028ms] [Error] [omni.physx.plugin] PhysX error: PxRigidDynamic::setAngularVelocity: Body must be non-kinematic!, FILE /builds/omniverse/physics/physx/source/physx/src/NpRigidDynamic.cpp, LINE 266
2026-08-14T23:02:03Z [31,028ms] [Warning] [omni.anim.graph.core.python] Type mismatch for variable Action in Character::SetVariable
2026-08-14T23:02:03Z [31,028ms] [Warning] [omni.anim.graph.core.python] Type mismatch for variable Walk in Character::SetVariable
2026-08-14T23:02:03Z [31,037ms] [Error] [omni.physx.plugin] PhysX error: PxRigidDynamic::setLinearVelocity: Body must be non-kinematic!, FILE /builds/omniverse/physics/physx/source/physx/src/NpRigidDynamic.cpp, LINE 232
2026-08-14T23:02:03Z [31,037ms] [Error] [omni.physx.plugin] PhysX error: PxRigidDynamic::setAngularVelocity: Body must be non-kinematic!, FILE /builds/omniverse/physics/physx/source/physx/src/NpRigidDynamic.cpp, LINE 266
2026-08-14T23:02:03Z [31,037ms] [Warning] [omni.anim.graph.core.python] Type mismatch for variable Action in Character::SetVariable
2026-08-14T23:02:03Z [31,037ms] [Warning] [omni.anim.graph.core.python] Type mismatch for variable Walk in Character::SetVariable
2026-08-14T23:02:03Z [31,044ms] [Error] [omni.physx.plugin] PhysX error: PxRigidDynamic::setLinearVelocity: Body must be non-kinematic!, FILE /builds/omniverse/physics/physx/source/physx/src/NpRigidDynamic.cpp, LINE 232
2026-08-14T23:02:03Z [31,044ms] [Error] [omni.physx.plugin] PhysX error: PxRigidDynamic::setAngularVelocity: Body must be non-kinematic!, FILE /builds/omniverse/physics/physx/source/physx/src/NpRigidDynamic.cpp, LINE 266
2026-08-14T23:02:03Z [31,044ms] [Warning] [omni.anim.graph.core.python] Type mismatch for variable Action in Character::SetVariable
2026-08-14T23:02:03Z [31,044ms] [Warning] [omni.anim.graph.core.python] Type mismatch for variable Walk in Character::SetVariable
2026-08-14T23:02:03Z [31,084ms] [Error] [omni.physx.plugin] PhysX error: PxRigidDynamic::setLinearVelocity: Body must be non-kinematic!, FILE /builds/omniverse/physics/physx/source/physx/src/NpRigidDynamic.cpp, LINE 232
2026-08-14T23:02:03Z [31,084ms] [Error] [omni.physx.plugin] PhysX error: PxRigidDynamic::setAngularVelocity: Body must be non-kinematic!, FILE /builds/omniverse/physics/physx/source/physx/src/NpRigidDynamic.cpp, LINE 266
2026-08-14T23:02:03Z [31,084ms] [Warning] [omni.anim.graph.core.python] Type mismatch for variable Action in Character::SetVariable
2026-08-14T23:02:03Z [31,084ms] [Warning] [omni.anim.graph.core.python] Type mismatch for variable Walk in Character::SetVariable
2026-08-14T23:02:03Z [31,093ms] [Error] [omni.physx.plugin] PhysX error: PxRigidDynamic::setLinearVelocity: Body must be non-kinematic!, FILE /builds/omniverse/physics/physx/source/physx/src/NpRigidDynamic.cpp, LINE 232
2026-08-14T23:02:03Z [31,093ms] [Error] [omni.physx.plugin] PhysX error: PxRigidDynamic::setAngularVelocity: Body must be non-kinematic!, FILE /builds/omniverse/physics/physx/source/physx/src/NpRigidDynamic.cpp, LINE 266
2026-08-14T23:02:03Z [31,093ms] [Warning] [omni.anim.graph.core.python] Type mismatch for variable Action in Character::SetVariable
2026-08-14T23:02:03Z [31,093ms] [Warning] [omni.anim.graph.core.python] Type mismatch for variable Walk in Character::SetVariable
2026-08-14T23:02:03Z [31,100ms] [Error] [omni.physx.plugin] PhysX error: PxRigidDynamic::setLinearVelocity: Body must be non-kinematic!, FILE /builds/omniverse/physics/physx/source/physx/src/NpRigidDynamic.cpp, LINE 232
2026-08-14T23:02:03Z [31,100ms] [Error] [omni.physx.plugin] PhysX error: PxRigidDynamic::setAngularVelocity: Body must be non-kinematic!, FILE /builds/omniverse/physics/physx/source/physx/src/NpRigidDynamic.cpp, LINE 266
2026-08-14T23:02:03Z [31,100ms] [Warning] [omni.anim.graph.core.python] Type mismatch for variable Action in Character::SetVariable
2026-08-14T23:02:03Z [31,100ms] [Warning] [omni.anim.graph.core.python] Type mismatch for variable Walk in Character::SetVariable
2026-08-14T23:02:03Z [31,120ms] [Error] [omni.physx.plugin] PhysX error: PxRigidDynamic::setLinearVelocity: Body must be non-kinematic!, FILE /builds/omniverse/physics/physx/source/physx/src/NpRigidDynamic.cpp, LINE 232
2026-08-14T23:02:03Z [31,120ms] [Error] [omni.physx.plugin] PhysX error: PxRigidDynamic::setAngularVelocity: Body must be non-kinematic!, FILE /builds/omniverse/physics/physx/source/physx/src/NpRigidDynamic.cpp, LINE 266
2026-08-14T23:02:03Z [31,120ms] [Warning] [omni.anim.graph.core.python] Type mismatch for variable Action in Character::SetVariable
2026-08-14T23:02:03Z [31,120ms] [Warning] [omni.anim.graph.core.python] Type mismatch for variable Walk in Character::SetVariable
2026-08-14T23:02:03Z [31,129ms] [Error] [omni.physx.plugin] PhysX error: PxRigidDynamic::setLinearVelocity: Body must be non-kinematic!, FILE /builds/omniverse/physics/physx/source/physx/src/NpRigidDynamic.cpp, LINE 232
2026-08-14T23:02:03Z [31,129ms] [Error] [omni.physx.plugin] PhysX error: PxRigidDynamic::setAngularVelocity: Body must be non-kinematic!, FILE /builds/omniverse/physics/physx/source/physx/src/NpRigidDynamic.cpp, LINE 266
2026-08-14T23:02:03Z [31,129ms] [Warning] [omni.anim.graph.core.python] Type mismatch for variable Action in Character::SetVariable
2026-08-14T23:02:03Z [31,129ms] [Warning] [omni.anim.graph.core.python] Type mismatch for variable Walk in Character::SetVariable
2026-08-14T23:02:03Z [31,155ms] [Error] [omni.physx.plugin] PhysX error: PxRigidDynamic::setLinearVelocity: Body must be non-kinematic!, FILE /builds/omniverse/physics/physx/source/physx/src/NpRigidDynamic.cpp, LINE 232
2026-08-14T23:02:03Z [31,155ms] [Error] [omni.physx.plugin] PhysX error: PxRigidDynamic::setAngularVelocity: Body must be non-kinematic!, FILE /builds/omniverse/physics/physx/source/physx/src/NpRigidDynamic.cpp, LINE 266
2026-08-14T23:02:03Z [31,155ms] [Warning] [omni.anim.graph.core.python] Type mismatch for variable Action in Character::SetVariable
2026-08-14T23:02:03Z [31,155ms] [Warning] [omni.anim.graph.core.python] Type mismatch for variable Walk in Character::SetVariable
2026-08-14T23:02:03Z [31,174ms] [Error] [omni.physx.plugin] PhysX error: PxRigidDynamic::setLinearVelocity: Body must be non-kinematic!, FILE /builds/omniverse/physics/physx/source/physx/src/NpRigidDynamic.cpp, LINE 232
2026-08-14T23:02:03Z [31,174ms] [Error] [omni.physx.plugin] PhysX error: PxRigidDynamic::setAngularVelocity: Body must be non-kinematic!, FILE /builds/omniverse/physics/physx/source/physx/src/NpRigidDynamic.cpp, LINE 266
2026-08-14T23:02:03Z [31,175ms] [Warning] [omni.anim.graph.core.python] Type mismatch for variable Action in Character::SetVariable
2026-08-14T23:02:03Z [31,175ms] [Warning] [omni.anim.graph.core.python] Type mismatch for variable Walk in Character::SetVariable
2026-08-14T23:02:03Z [31,183ms] [Error] [omni.physx.plugin] PhysX error: PxRigidDynamic::setLinearVelocity: Body must be non-kinematic!, FILE /builds/omniverse/physics/physx/source/physx/src/NpRigidDynamic.cpp, LINE 232
2026-08-14T23:02:03Z [31,183ms] [Error] [omni.physx.plugin] PhysX error: PxRigidDynamic::setAngularVelocity: Body must be non-kinematic!, FILE /builds/omniverse/physics/physx/source/physx/src/NpRigidDynamic.cpp, LINE 266
2026-08-14T23:02:03Z [31,183ms] [Warning] [omni.anim.graph.core.python] Type mismatch for variable Action in Character::SetVariable
2026-08-14T23:02:03Z [31,183ms] [Warning] [omni.anim.graph.core.python] Type mismatch for variable Walk in Character::SetVariable
2026-08-14T23:02:03Z [31,190ms] [Error] [omni.physx.plugin] PhysX error: PxRigidDynamic::setLinearVelocity: Body must be non-kinematic!, FILE /builds/omniverse/physics/physx/source/physx/src/NpRigidDynamic.cpp, LINE 232
2026-08-14T23:02:03Z [31,190ms] [Error] [omni.physx.plugin] PhysX error: PxRigidDynamic::setAngularVelocity: Body must be non-kinematic!, FILE /builds/omniverse/physics/physx/source/physx/src/NpRigidDynamic.cpp, LINE 266
2026-08-14T23:02:03Z [31,190ms] [Warning] [omni.anim.graph.core.python] Type mismatch for variable Action in Character::SetVariable
2026-08-14T23:02:03Z [31,190ms] [Warning] [omni.anim.graph.core.python] Type mismatch for variable Walk in Character::SetVariable
2026-08-14T23:02:03Z [31,209ms] [Error] [omni.physx.plugin] PhysX error: PxRigidDynamic::setLinearVelocity: Body must be non-kinematic!, FILE /builds/omniverse/physics/physx/source/physx/src/NpRigidDynamic.cpp, LINE 232
2026-08-14T23:02:03Z [31,209ms] [Error] [omni.physx.plugin] PhysX error: PxRigidDynamic::setAngularVelocity: Body must be non-kinematic!, FILE /builds/omniverse/physics/physx/source/physx/src/NpRigidDynamic.cpp, LINE 266
2026-08-14T23:02:03Z [31,209ms] [Warning] [omni.anim.graph.core.python] Type mismatch for variable Action in Character::SetVariable
2026-08-14T23:02:03Z [31,209ms] [Warning] [omni.anim.graph.core.python] Type mismatch for variable Walk in Character::SetVariable
2026-08-14T23:02:03Z [31,238ms] [Error] [omni.physx.plugin] PhysX error: PxRigidDynamic::setLinearVelocity: Body must be non-kinematic!, FILE /builds/omniverse/physics/physx/source/physx/src/NpRigidDynamic.cpp, LINE 232
2026-08-14T23:02:03Z [31,238ms] [Error] [omni.physx.plugin] PhysX error: PxRigidDynamic::setAngularVelocity: Body must be non-kinematic!, FILE /builds/omniverse/physics/physx/source/physx/src/NpRigidDynamic.cpp, LINE 266
2026-08-14T23:02:03Z [31,238ms] [Warning] [omni.anim.graph.core.python] Type mismatch for variable Action in Character::SetVariable
2026-08-14T23:02:03Z [31,238ms] [Warning] [omni.anim.graph.core.python] Type mismatch for variable Walk in Character::SetVariable
2026-08-14T23:02:03Z [31,245ms] [Error] [omni.physx.plugin] PhysX error: PxRigidDynamic::setLinearVelocity: Body must be non-kinematic!, FILE /builds/omniverse/physics/physx/source/physx/src/NpRigidDynamic.cpp, LINE 232
2026-08-14T23:02:03Z [31,245ms] [Error] [omni.physx.plugin] PhysX error: PxRigidDynamic::setAngularVelocity: Body must be non-kinematic!, FILE /builds/omniverse/physics/physx/source/physx/src/NpRigidDynamic.cpp, LINE 266
2026-08-14T23:02:03Z [31,245ms] [Warning] [omni.anim.graph.core.python] Type mismatch for variable Action in Character::SetVariable
2026-08-14T23:02:03Z [31,245ms] [Warning] [omni.anim.graph.core.python] Type mismatch for variable Walk in Character::SetVariable
2026-08-14T23:02:03Z [31,265ms] [Error] [omni.physx.plugin] PhysX error: PxRigidDynamic::setLinearVelocity: Body must be non-kinematic!, FILE /builds/omniverse/physics/physx/source/physx/src/NpRigidDynamic.cpp, LINE 232
2026-08-14T23:02:03Z [31,265ms] [Error] [omni.physx.plugin] PhysX error: PxRigidDynamic::setAngularVelocity: Body must be non-kinematic!, FILE /builds/omniverse/physics/physx/source/physx/src/NpRigidDynamic.cpp, LINE 266
2026-08-14T23:02:03Z [31,265ms] [Warning] [omni.anim.graph.core.python] Type mismatch for variable Action in Character::SetVariable
2026-08-14T23:02:03Z [31,265ms] [Warning] [omni.anim.graph.core.python] Type mismatch for variable Walk in Character::SetVariable
2026-08-14T23:02:03Z [31,273ms] [Error] [omni.physx.plugin] PhysX error: PxRigidDynamic::setLinearVelocity: Body must be non-kinematic!, FILE /builds/omniverse/physics/physx/source/physx/src/NpRigidDynamic.cpp, LINE 232
2026-08-14T23:02:03Z [31,273ms] [Error] [omni.physx.plugin] PhysX error: PxRigidDynamic::setAngularVelocity: Body must be non-kinematic!, FILE /builds/omniverse/physics/physx/source/physx/src/NpRigidDynamic.cpp, LINE 266
2026-08-14T23:02:03Z [31,273ms] [Warning] [omni.anim.graph.core.python] Type mismatch for variable Action in Character::SetVariable
2026-08-14T23:02:03Z [31,273ms] [Warning] [omni.anim.graph.core.python] Type mismatch for variable Walk in Character::SetVariable
2026-08-14T23:02:03Z [31,281ms] [Error] [omni.physx.plugin] PhysX error: PxRigidDynamic::setLinearVelocity: Body must be non-kinematic!, FILE /builds/omniverse/physics/physx/source/physx/src/NpRigidDynamic.cpp, LINE 232
2026-08-14T23:02:03Z [31,281ms] [Error] [omni.physx.plugin] PhysX error: PxRigidDynamic::setAngularVelocity: Body must be non-kinematic!, FILE /builds/omniverse/physics/physx/source/physx/src/NpRigidDynamic.cpp, LINE 266
2026-08-14T23:02:03Z [31,281ms] [Warning] [omni.anim.graph.core.python] Type mismatch for variable Action in Character::SetVariable
2026-08-14T23:02:03Z [31,281ms] [Warning] [omni.anim.graph.core.python] Type mismatch for variable Walk in Character::SetVariable
2026-08-14T23:02:03Z [31,324ms] [Error] [omni.physx.plugin] PhysX error: PxRigidDynamic::setLinearVelocity: Body must be non-kinematic!, FILE /builds/omniverse/physics/physx/source/physx/src/NpRigidDynamic.cpp, LINE 232
2026-08-14T23:02:03Z [31,324ms] [Error] [omni.physx.plugin] PhysX error: PxRigidDynamic::setAngularVelocity: Body must be non-kinematic!, FILE /builds/omniverse/physics/physx/source/physx/src/NpRigidDynamic.cpp, LINE 266
2026-08-14T23:02:03Z [31,324ms] [Warning] [omni.anim.graph.core.python] Type mismatch for variable Action in Character::SetVariable
2026-08-14T23:02:03Z [31,324ms] [Warning] [omni.anim.graph.core.python] Type mismatch for variable Walk in Character::SetVariable
2026-08-14T23:02:03Z [31,333ms] [Error] [omni.physx.plugin] PhysX error: PxRigidDynamic::setLinearVelocity: Body must be non-kinematic!, FILE /builds/omniverse/physics/physx/source/physx/src/NpRigidDynamic.cpp, LINE 232
2026-08-14T23:02:03Z [31,333ms] [Error] [omni.physx.plugin] PhysX error: PxRigidDynamic::setAngularVelocity: Body must be non-kinematic!, FILE /builds/omniverse/physics/physx/source/physx/src/NpRigidDynamic.cpp, LINE 266
2026-08-14T23:02:03Z [31,333ms] [Warning] [omni.anim.graph.core.python] Type mismatch for variable Action in Character::SetVariable
2026-08-14T23:02:03Z [31,333ms] [Warning] [omni.anim.graph.core.python] Type mismatch for variable Walk in Character::SetVariable
2026-08-14T23:02:03Z [31,341ms] [Error] [omni.physx.plugin] PhysX error: PxRigidDynamic::setLinearVelocity: Body must be non-kinematic!, FILE /builds/omniverse/physics/physx/source/physx/src/NpRigidDynamic.cpp, LINE 232
2026-08-14T23:02:03Z [31,341ms] [Error] [omni.physx.plugin] PhysX error: PxRigidDynamic::setAngularVelocity: Body must be non-kinematic!, FILE /builds/omniverse/physics/physx/source/physx/src/NpRigidDynamic.cpp, LINE 266
2026-08-14T23:02:03Z [31,341ms] [Warning] [omni.anim.graph.core.python] Type mismatch for variable Action in Character::SetVariable
2026-08-14T23:02:03Z [31,341ms] [Warning] [omni.anim.graph.core.python] Type mismatch for variable Walk in Character::SetVariable
2026-08-14T23:02:03Z [31,361ms] [Error] [omni.physx.plugin] PhysX error: PxRigidDynamic::setLinearVelocity: Body must be non-kinematic!, FILE /builds/omniverse/physics/physx/source/physx/src/NpRigidDynamic.cpp, LINE 232
2026-08-14T23:02:03Z [31,361ms] [Error] [omni.physx.plugin] PhysX error: PxRigidDynamic::setAngularVelocity: Body must be non-kinematic!, FILE /builds/omniverse/physics/physx/source/physx/src/NpRigidDynamic.cpp, LINE 266
2026-08-14T23:02:03Z [31,361ms] [Warning] [omni.anim.graph.core.python] Type mismatch for variable Action in Character::SetVariable
2026-08-14T23:02:03Z [31,361ms] [Warning] [omni.anim.graph.core.python] Type mismatch for variable Walk in Character::SetVariable
2026-08-14T23:02:03Z [31,381ms] [Error] [omni.physx.plugin] PhysX error: PxRigidDynamic::setLinearVelocity: Body must be non-kinematic!, FILE /builds/omniverse/physics/physx/source/physx/src/NpRigidDynamic.cpp, LINE 232
2026-08-14T23:02:03Z [31,381ms] [Error] [omni.physx.plugin] PhysX error: PxRigidDynamic::setAngularVelocity: Body must be non-kinematic!, FILE /builds/omniverse/physics/physx/source/physx/src/NpRigidDynamic.cpp, LINE 266
2026-08-14T23:02:03Z [31,381ms] [Warning] [omni.anim.graph.core.python] Type mismatch for variable Action in Character::SetVariable
2026-08-14T23:02:03Z [31,381ms] [Warning] [omni.anim.graph.core.python] Type mismatch for variable Walk in Character::SetVariable
2026-08-14T23:02:03Z [31,408ms] [Error] [omni.physx.plugin] PhysX error: PxRigidDynamic::setLinearVelocity: Body must be non-kinematic!, FILE /builds/omniverse/physics/physx/source/physx/src/NpRigidDynamic.cpp, LINE 232
2026-08-14T23:02:03Z [31,408ms] [Error] [omni.physx.plugin] PhysX error: PxRigidDynamic::setAngularVelocity: Body must be non-kinematic!, FILE /builds/omniverse/physics/physx/source/physx/src/NpRigidDynamic.cpp, LINE 266
2026-08-14T23:02:03Z [31,408ms] [Warning] [omni.anim.graph.core.python] Type mismatch for variable Action in Character::SetVariable
2026-08-14T23:02:03Z [31,408ms] [Warning] [omni.anim.graph.core.python] Type mismatch for variable Walk in Character::SetVariable
2026-08-14T23:02:03Z [31,428ms] [Error] [omni.physx.plugin] PhysX error: PxRigidDynamic::setLinearVelocity: Body must be non-kinematic!, FILE /builds/omniverse/physics/physx/source/physx/src/NpRigidDynamic.cpp, LINE 232
2026-08-14T23:02:03Z [31,428ms] [Error] [omni.physx.plugin] PhysX error: PxRigidDynamic::setAngularVelocity: Body must be non-kinematic!, FILE /builds/omniverse/physics/physx/source/physx/src/NpRigidDynamic.cpp, LINE 266
2026-08-14T23:02:03Z [31,428ms] [Warning] [omni.anim.graph.core.python] Type mismatch for variable Action in Character::SetVariable
2026-08-14T23:02:03Z [31,428ms] [Warning] [omni.anim.graph.core.python] Type mismatch for variable Walk in Character::SetVariable
2026-08-14T23:02:03Z [31,441ms] [Error] [omni.physx.plugin] PhysX error: PxRigidDynamic::setLinearVelocity: Body must be non-kinematic!, FILE /builds/omniverse/physics/physx/source/physx/src/NpRigidDynamic.cpp, LINE 232
2026-08-14T23:02:03Z [31,441ms] [Error] [omni.physx.plugin] PhysX error: PxRigidDynamic::setAngularVelocity: Body must be non-kinematic!, FILE /builds/omniverse/physics/physx/source/physx/src/NpRigidDynamic.cpp, LINE 266
2026-08-14T23:02:03Z [31,441ms] [Warning] [omni.anim.graph.core.python] Type mismatch for variable Action in Character::SetVariable
2026-08-14T23:02:03Z [31,441ms] [Warning] [omni.anim.graph.core.python] Type mismatch for variable Walk in Character::SetVariable
2026-08-14T23:02:03Z [31,461ms] [Error] [omni.physx.plugin] PhysX error: PxRigidDynamic::setLinearVelocity: Body must be non-kinematic!, FILE /builds/omniverse/physics/physx/source/physx/src/NpRigidDynamic.cpp, LINE 232
2026-08-14T23:02:03Z [31,461ms] [Error] [omni.physx.plugin] PhysX error: PxRigidDynamic::setAngularVelocity: Body must be non-kinematic!, FILE /builds/omniverse/physics/physx/source/physx/src/NpRigidDynamic.cpp, LINE 266
2026-08-14T23:02:03Z [31,461ms] [Warning] [omni.anim.graph.core.python] Type mismatch for variable Action in Character::SetVariable
2026-08-14T23:02:03Z [31,461ms] [Warning] [omni.anim.graph.core.python] Type mismatch for variable Walk in Character::SetVariable
2026-08-14T23:02:03Z [31,481ms] [Error] [omni.physx.plugin] PhysX error: PxRigidDynamic::setLinearVelocity: Body must be non-kinematic!, FILE /builds/omniverse/physics/physx/source/physx/src/NpRigidDynamic.cpp, LINE 232
2026-08-14T23:02:03Z [31,481ms] [Error] [omni.physx.plugin] PhysX error: PxRigidDynamic::setAngularVelocity: Body must be non-kinematic!, FILE /builds/omniverse/physics/physx/source/physx/src/NpRigidDynamic.cpp, LINE 266
2026-08-14T23:02:03Z [31,481ms] [Warning] [omni.anim.graph.core.python] Type mismatch for variable Action in Character::SetVariable
2026-08-14T23:02:03Z [31,481ms] [Warning] [omni.anim.graph.core.python] Type mismatch for variable Walk in Character::SetVariable
2026-08-14T23:02:03Z [31,507ms] [Error] [omni.physx.plugin] PhysX error: PxRigidDynamic::setLinearVelocity: Body must be non-kinematic!, FILE /builds/omniverse/physics/physx/source/physx/src/NpRigidDynamic.cpp, LINE 232
2026-08-14T23:02:03Z [31,508ms] [Error] [omni.physx.plugin] PhysX error: PxRigidDynamic::setAngularVelocity: Body must be non-kinematic!, FILE /builds/omniverse/physics/physx/source/physx/src/NpRigidDynamic.cpp, LINE 266
2026-08-14T23:02:03Z [31,508ms] [Warning] [omni.anim.graph.core.python] Type mismatch for variable Action in Character::SetVariable
2026-08-14T23:02:03Z [31,508ms] [Warning] [omni.anim.graph.core.python] Type mismatch for variable Walk in Character::SetVariable
2026-08-14T23:02:03Z [31,521ms] [Error] [omni.physx.plugin] PhysX error: PxRigidDynamic::setLinearVelocity: Body must be non-kinematic!, FILE /builds/omniverse/physics/physx/source/physx/src/NpRigidDynamic.cpp, LINE 232
2026-08-14T23:02:03Z [31,521ms] [Error] [omni.physx.plugin] PhysX error: PxRigidDynamic::setAngularVelocity: Body must be non-kinematic!, FILE /builds/omniverse/physics/physx/source/physx/src/NpRigidDynamic.cpp, LINE 266
2026-08-14T23:02:03Z [31,521ms] [Warning] [omni.anim.graph.core.python] Type mismatch for variable Action in Character::SetVariable
2026-08-14T23:02:03Z [31,521ms] [Warning] [omni.anim.graph.core.python] Type mismatch for variable Walk in Character::SetVariable
2026-08-14T23:02:03Z [31,541ms] [Error] [omni.physx.plugin] PhysX error: PxRigidDynamic::setLinearVelocity: Body must be non-kinematic!, FILE /builds/omniverse/physics/physx/source/physx/src/NpRigidDynamic.cpp, LINE 232
2026-08-14T23:02:03Z [31,541ms] [Error] [omni.physx.plugin] PhysX error: PxRigidDynamic::setAngularVelocity: Body must be non-kinematic!, FILE /builds/omniverse/physics/physx/source/physx/src/NpRigidDynamic.cpp, LINE 266
2026-08-14T23:02:03Z [31,541ms] [Warning] [omni.anim.graph.core.python] Type mismatch for variable Action in Character::SetVariable
2026-08-14T23:02:03Z [31,541ms] [Warning] [omni.anim.graph.core.python] Type mismatch for variable Walk in Character::SetVariable
2026-08-14T23:02:03Z [31,561ms] [Error] [omni.physx.plugin] PhysX error: PxRigidDynamic::setLinearVelocity: Body must be non-kinematic!, FILE /builds/omniverse/physics/physx/source/physx/src/NpRigidDynamic.cpp, LINE 232
2026-08-14T23:02:03Z [31,561ms] [Error] [omni.physx.plugin] PhysX error: PxRigidDynamic::setAngularVelocity: Body must be non-kinematic!, FILE /builds/omniverse/physics/physx/source/physx/src/NpRigidDynamic.cpp, LINE 266
2026-08-14T23:02:03Z [31,561ms] [Warning] [omni.anim.graph.core.python] Type mismatch for variable Action in Character::SetVariable
2026-08-14T23:02:03Z [31,561ms] [Warning] [omni.anim.graph.core.python] Type mismatch for variable Walk in Character::SetVariable
2026-08-14T23:02:03Z [31,581ms] [Error] [omni.physx.plugin] PhysX error: PxRigidDynamic::setLinearVelocity: Body must be non-kinematic!, FILE /builds/omniverse/physics/physx/source/physx/src/NpRigidDynamic.cpp, LINE 232
2026-08-14T23:02:03Z [31,581ms] [Error] [omni.physx.plugin] PhysX error: PxRigidDynamic::setAngularVelocity: Body must be non-kinematic!, FILE /builds/omniverse/physics/physx/source/physx/src/NpRigidDynamic.cpp, LINE 266
2026-08-14T23:02:03Z [31,581ms] [Warning] [omni.anim.graph.core.python] Type mismatch for variable Action in Character::SetVariable
2026-08-14T23:02:03Z [31,581ms] [Warning] [omni.anim.graph.core.python] Type mismatch for variable Walk in Character::SetVariable
2026-08-14T23:02:03Z [31,624ms] [Error] [omni.physx.plugin] PhysX error: PxRigidDynamic::setLinearVelocity: Body must be non-kinematic!, FILE /builds/omniverse/physics/physx/source/physx/src/NpRigidDynamic.cpp, LINE 232
2026-08-14T23:02:03Z [31,624ms] [Error] [omni.physx.plugin] PhysX error: PxRigidDynamic::setAngularVelocity: Body must be non-kinematic!, FILE /builds/omniverse/physics/physx/source/physx/src/NpRigidDynamic.cpp, LINE 266
2026-08-14T23:02:03Z [31,624ms] [Warning] [omni.anim.graph.core.python] Type mismatch for variable Action in Character::SetVariable
2026-08-14T23:02:03Z [31,624ms] [Warning] [omni.anim.graph.core.python] Type mismatch for variable Walk in Character::SetVariable
2026-08-14T23:02:03Z [31,632ms] [Error] [omni.physx.plugin] PhysX error: PxRigidDynamic::setLinearVelocity: Body must be non-kinematic!, FILE /builds/omniverse/physics/physx/source/physx/src/NpRigidDynamic.cpp, LINE 232
2026-08-14T23:02:03Z [31,632ms] [Error] [omni.physx.plugin] PhysX error: PxRigidDynamic::setAngularVelocity: Body must be non-kinematic!, FILE /builds/omniverse/physics/physx/source/physx/src/NpRigidDynamic.cpp, LINE 266
2026-08-14T23:02:03Z [31,632ms] [Warning] [omni.anim.graph.core.python] Type mismatch for variable Action in Character::SetVariable
2026-08-14T23:02:03Z [31,632ms] [Warning] [omni.anim.graph.core.python] Type mismatch for variable Walk in Character::SetVariable
2026-08-14T23:02:03Z [31,641ms] [Error] [omni.physx.plugin] PhysX error: PxRigidDynamic::setLinearVelocity: Body must be non-kinematic!, FILE /builds/omniverse/physics/physx/source/physx/src/NpRigidDynamic.cpp, LINE 232
2026-08-14T23:02:03Z [31,641ms] [Error] [omni.physx.plugin] PhysX error: PxRigidDynamic::setAngularVelocity: Body must be non-kinematic!, FILE /builds/omniverse/physics/physx/source/physx/src/NpRigidDynamic.cpp, LINE 266
2026-08-14T23:02:03Z [31,641ms] [Warning] [omni.anim.graph.core.python] Type mismatch for variable Action in Character::SetVariable
2026-08-14T23:02:03Z [31,641ms] [Warning] [omni.anim.graph.core.python] Type mismatch for variable Walk in Character::SetVariable
2026-08-14T23:02:03Z [31,661ms] [Error] [omni.physx.plugin] PhysX error: PxRigidDynamic::setLinearVelocity: Body must be non-kinematic!, FILE /builds/omniverse/physics/physx/source/physx/src/NpRigidDynamic.cpp, LINE 232
2026-08-14T23:02:03Z [31,661ms] [Error] [omni.physx.plugin] PhysX error: PxRigidDynamic::setAngularVelocity: Body must be non-kinematic!, FILE /builds/omniverse/physics/physx/source/physx/src/NpRigidDynamic.cpp, LINE 266
2026-08-14T23:02:03Z [31,661ms] [Warning] [omni.anim.graph.core.python] Type mismatch for variable Action in Character::SetVariable
2026-08-14T23:02:03Z [31,661ms] [Warning] [omni.anim.graph.core.python] Type mismatch for variable Walk in Character::SetVariable
2026-08-14T23:02:04Z [31,681ms] [Error] [omni.physx.plugin] PhysX error: PxRigidDynamic::setLinearVelocity: Body must be non-kinematic!, FILE /builds/omniverse/physics/physx/source/physx/src/NpRigidDynamic.cpp, LINE 232
2026-08-14T23:02:04Z [31,681ms] [Error] [omni.physx.plugin] PhysX error: PxRigidDynamic::setAngularVelocity: Body must be non-kinematic!, FILE /builds/omniverse/physics/physx/source/physx/src/NpRigidDynamic.cpp, LINE 266
2026-08-14T23:02:04Z [31,681ms] [Warning] [omni.anim.graph.core.python] Type mismatch for variable Action in Character::SetVariable
2026-08-14T23:02:04Z [31,681ms] [Warning] [omni.anim.graph.core.python] Type mismatch for variable Walk in Character::SetVariable
2026-08-14T23:02:04Z [31,711ms] [Error] [omni.physx.plugin] PhysX error: PxRigidDynamic::setLinearVelocity: Body must be non-kinematic!, FILE /builds/omniverse/physics/physx/source/physx/src/NpRigidDynamic.cpp, LINE 232
2026-08-14T23:02:04Z [31,711ms] [Error] [omni.physx.plugin] PhysX error: PxRigidDynamic::setAngularVelocity: Body must be non-kinematic!, FILE /builds/omniverse/physics/physx/source/physx/src/NpRigidDynamic.cpp, LINE 266
2026-08-14T23:02:04Z [31,711ms] [Warning] [omni.anim.graph.core.python] Type mismatch for variable Action in Character::SetVariable
2026-08-14T23:02:04Z [31,711ms] [Warning] [omni.anim.graph.core.python] Type mismatch for variable Walk in Character::SetVariable
2026-08-14T23:02:04Z [31,734ms] [Error] [omni.physx.plugin] PhysX error: PxRigidDynamic::setLinearVelocity: Body must be non-kinematic!, FILE /builds/omniverse/physics/physx/source/physx/src/NpRigidDynamic.cpp, LINE 232
2026-08-14T23:02:04Z [31,734ms] [Error] [omni.physx.plugin] PhysX error: PxRigidDynamic::setAngularVelocity: Body must be non-kinematic!, FILE /builds/omniverse/physics/physx/source/physx/src/NpRigidDynamic.cpp, LINE 266
2026-08-14T23:02:04Z [31,734ms] [Warning] [omni.anim.graph.core.python] Type mismatch for variable Action in Character::SetVariable
2026-08-14T23:02:04Z [31,734ms] [Warning] [omni.anim.graph.core.python] Type mismatch for variable Walk in Character::SetVariable
2026-08-14T23:02:04Z [31,743ms] [Error] [omni.physx.plugin] PhysX error: PxRigidDynamic::setLinearVelocity: Body must be non-kinematic!, FILE /builds/omniverse/physics/physx/source/physx/src/NpRigidDynamic.cpp, LINE 232
2026-08-14T23:02:04Z [31,743ms] [Error] [omni.physx.plugin] PhysX error: PxRigidDynamic::setAngularVelocity: Body must be non-kinematic!, FILE /builds/omniverse/physics/physx/source/physx/src/NpRigidDynamic.cpp, LINE 266
2026-08-14T23:02:04Z [31,743ms] [Warning] [omni.anim.graph.core.python] Type mismatch for variable Action in Character::SetVariable
2026-08-14T23:02:04Z [31,743ms] [Warning] [omni.anim.graph.core.python] Type mismatch for variable Walk in Character::SetVariable
2026-08-14T23:02:04Z [31,761ms] [Error] [omni.physx.plugin] PhysX error: PxRigidDynamic::setLinearVelocity: Body must be non-kinematic!, FILE /builds/omniverse/physics/physx/source/physx/src/NpRigidDynamic.cpp, LINE 232
2026-08-14T23:02:04Z [31,761ms] [Error] [omni.physx.plugin] PhysX error: PxRigidDynamic::setAngularVelocity: Body must be non-kinematic!, FILE /builds/omniverse/physics/physx/source/physx/src/NpRigidDynamic.cpp, LINE 266
2026-08-14T23:02:04Z [31,761ms] [Warning] [omni.anim.graph.core.python] Type mismatch for variable Action in Character::SetVariable
2026-08-14T23:02:04Z [31,761ms] [Warning] [omni.anim.graph.core.python] Type mismatch for variable Walk in Character::SetVariable
2026-08-14T23:02:04Z [31,782ms] [Error] [omni.physx.plugin] PhysX error: PxRigidDynamic::setLinearVelocity: Body must be non-kinematic!, FILE /builds/omniverse/physics/physx/source/physx/src/NpRigidDynamic.cpp, LINE 232
2026-08-14T23:02:04Z [31,782ms] [Error] [omni.physx.plugin] PhysX error: PxRigidDynamic::setAngularVelocity: Body must be non-kinematic!, FILE /builds/omniverse/physics/physx/source/physx/src/NpRigidDynamic.cpp, LINE 266
2026-08-14T23:02:04Z [31,782ms] [Warning] [omni.anim.graph.core.python] Type mismatch for variable Action in Character::SetVariable
2026-08-14T23:02:04Z [31,782ms] [Warning] [omni.anim.graph.core.python] Type mismatch for variable Walk in Character::SetVariable
2026-08-14T23:02:04Z [31,811ms] [Error] [omni.physx.plugin] PhysX error: PxRigidDynamic::setLinearVelocity: Body must be non-kinematic!, FILE /builds/omniverse/physics/physx/source/physx/src/NpRigidDynamic.cpp, LINE 232
2026-08-14T23:02:04Z [31,811ms] [Error] [omni.physx.plugin] PhysX error: PxRigidDynamic::setAngularVelocity: Body must be non-kinematic!, FILE /builds/omniverse/physics/physx/source/physx/src/NpRigidDynamic.cpp, LINE 266
2026-08-14T23:02:04Z [31,811ms] [Warning] [omni.anim.graph.core.python] Type mismatch for variable Action in Character::SetVariable
2026-08-14T23:02:04Z [31,811ms] [Warning] [omni.anim.graph.core.python] Type mismatch for variable Walk in Character::SetVariable
2026-08-14T23:02:04Z [31,821ms] [Error] [omni.physx.plugin] PhysX error: PxRigidDynamic::setLinearVelocity: Body must be non-kinematic!, FILE /builds/omniverse/physics/physx/source/physx/src/NpRigidDynamic.cpp, LINE 232
2026-08-14T23:02:04Z [31,821ms] [Error] [omni.physx.plugin] PhysX error: PxRigidDynamic::setAngularVelocity: Body must be non-kinematic!, FILE /builds/omniverse/physics/physx/source/physx/src/NpRigidDynamic.cpp, LINE 266
2026-08-14T23:02:04Z [31,821ms] [Warning] [omni.anim.graph.core.python] Type mismatch for variable Action in Character::SetVariable
2026-08-14T23:02:04Z [31,821ms] [Warning] [omni.anim.graph.core.python] Type mismatch for variable Walk in Character::SetVariable
2026-08-14T23:02:04Z [31,841ms] [Error] [omni.physx.plugin] PhysX error: PxRigidDynamic::setLinearVelocity: Body must be non-kinematic!, FILE /builds/omniverse/physics/physx/source/physx/src/NpRigidDynamic.cpp, LINE 232
2026-08-14T23:02:04Z [31,841ms] [Error] [omni.physx.plugin] PhysX error: PxRigidDynamic::setAngularVelocity: Body must be non-kinematic!, FILE /builds/omniverse/physics/physx/source/physx/src/NpRigidDynamic.cpp, LINE 266
2026-08-14T23:02:04Z [31,841ms] [Warning] [omni.anim.graph.core.python] Type mismatch for variable Action in Character::SetVariable
2026-08-14T23:02:04Z [31,841ms] [Warning] [omni.anim.graph.core.python] Type mismatch for variable Walk in Character::SetVariable
2026-08-14T23:02:04Z [31,861ms] [Error] [omni.physx.plugin] PhysX error: PxRigidDynamic::setLinearVelocity: Body must be non-kinematic!, FILE /builds/omniverse/physics/physx/source/physx/src/NpRigidDynamic.cpp, LINE 232
2026-08-14T23:02:04Z [31,861ms] [Error] [omni.physx.plugin] PhysX error: PxRigidDynamic::setAngularVelocity: Body must be non-kinematic!, FILE /builds/omniverse/physics/physx/source/physx/src/NpRigidDynamic.cpp, LINE 266
2026-08-14T23:02:04Z [31,861ms] [Warning] [omni.anim.graph.core.python] Type mismatch for variable Action in Character::SetVariable
2026-08-14T23:02:04Z [31,861ms] [Warning] [omni.anim.graph.core.python] Type mismatch for variable Walk in Character::SetVariable
2026-08-14T23:02:04Z [31,881ms] [Error] [omni.physx.plugin] PhysX error: PxRigidDynamic::setLinearVelocity: Body must be non-kinematic!, FILE /builds/omniverse/physics/physx/source/physx/src/NpRigidDynamic.cpp, LINE 232
2026-08-14T23:02:04Z [31,881ms] [Error] [omni.physx.plugin] PhysX error: PxRigidDynamic::setAngularVelocity: Body must be non-kinematic!, FILE /builds/omniverse/physics/physx/source/physx/src/NpRigidDynamic.cpp, LINE 266
2026-08-14T23:02:04Z [31,881ms] [Warning] [omni.anim.graph.core.python] Type mismatch for variable Action in Character::SetVariable
2026-08-14T23:02:04Z [31,881ms] [Warning] [omni.anim.graph.core.python] Type mismatch for variable Walk in Character::SetVariable
2026-08-14T23:02:04Z [31,920ms] [Error] [omni.physx.plugin] PhysX error: PxRigidDynamic::setLinearVelocity: Body must be non-kinematic!, FILE /builds/omniverse/physics/physx/source/physx/src/NpRigidDynamic.cpp, LINE 232
2026-08-14T23:02:04Z [31,920ms] [Error] [omni.physx.plugin] PhysX error: PxRigidDynamic::setAngularVelocity: Body must be non-kinematic!, FILE /builds/omniverse/physics/physx/source/physx/src/NpRigidDynamic.cpp, LINE 266
2026-08-14T23:02:04Z [31,920ms] [Warning] [omni.anim.graph.core.python] Type mismatch for variable Action in Character::SetVariable
2026-08-14T23:02:04Z [31,920ms] [Warning] [omni.anim.graph.core.python] Type mismatch for variable Walk in Character::SetVariable
2026-08-14T23:02:04Z [31,927ms] [Error] [omni.physx.plugin] PhysX error: PxRigidDynamic::setLinearVelocity: Body must be non-kinematic!, FILE /builds/omniverse/physics/physx/source/physx/src/NpRigidDynamic.cpp, LINE 232
2026-08-14T23:02:04Z [31,928ms] [Error] [omni.physx.plugin] PhysX error: PxRigidDynamic::setAngularVelocity: Body must be non-kinematic!, FILE /builds/omniverse/physics/physx/source/physx/src/NpRigidDynamic.cpp, LINE 266
2026-08-14T23:02:04Z [31,928ms] [Warning] [omni.anim.graph.core.python] Type mismatch for variable Action in Character::SetVariable
2026-08-14T23:02:04Z [31,928ms] [Warning] [omni.anim.graph.core.python] Type mismatch for variable Walk in Character::SetVariable
2026-08-14T23:02:04Z [31,941ms] [Error] [omni.physx.plugin] PhysX error: PxRigidDynamic::setLinearVelocity: Body must be non-kinematic!, FILE /builds/omniverse/physics/physx/source/physx/src/NpRigidDynamic.cpp, LINE 232
2026-08-14T23:02:04Z [31,941ms] [Error] [omni.physx.plugin] PhysX error: PxRigidDynamic::setAngularVelocity: Body must be non-kinematic!, FILE /builds/omniverse/physics/physx/source/physx/src/NpRigidDynamic.cpp, LINE 266
2026-08-14T23:02:04Z [31,941ms] [Warning] [omni.anim.graph.core.python] Type mismatch for variable Action in Character::SetVariable
2026-08-14T23:02:04Z [31,941ms] [Warning] [omni.anim.graph.core.python] Type mismatch for variable Walk in Character::SetVariable
2026-08-14T23:02:04Z [31,961ms] [Error] [omni.physx.plugin] PhysX error: PxRigidDynamic::setLinearVelocity: Body must be non-kinematic!, FILE /builds/omniverse/physics/physx/source/physx/src/NpRigidDynamic.cpp, LINE 232
2026-08-14T23:02:04Z [31,961ms] [Error] [omni.physx.plugin] PhysX error: PxRigidDynamic::setAngularVelocity: Body must be non-kinematic!, FILE /builds/omniverse/physics/physx/source/physx/src/NpRigidDynamic.cpp, LINE 266
2026-08-14T23:02:04Z [31,961ms] [Warning] [omni.anim.graph.core.python] Type mismatch for variable Action in Character::SetVariable
2026-08-14T23:02:04Z [31,961ms] [Warning] [omni.anim.graph.core.python] Type mismatch for variable Walk in Character::SetVariable
2026-08-14T23:02:04Z [31,981ms] [Error] [omni.physx.plugin] PhysX error: PxRigidDynamic::setLinearVelocity: Body must be non-kinematic!, FILE /builds/omniverse/physics/physx/source/physx/src/NpRigidDynamic.cpp, LINE 232
2026-08-14T23:02:04Z [31,981ms] [Error] [omni.physx.plugin] PhysX error: PxRigidDynamic::setAngularVelocity: Body must be non-kinematic!, FILE /builds/omniverse/physics/physx/source/physx/src/NpRigidDynamic.cpp, LINE 266
2026-08-14T23:02:04Z [31,981ms] [Warning] [omni.anim.graph.core.python] Type mismatch for variable Action in Character::SetVariable
2026-08-14T23:02:04Z [31,981ms] [Warning] [omni.anim.graph.core.python] Type mismatch for variable Walk in Character::SetVariable
2026-08-14T23:02:04Z [32,007ms] [Error] [omni.physx.plugin] PhysX error: PxRigidDynamic::setLinearVelocity: Body must be non-kinematic!, FILE /builds/omniverse/physics/physx/source/physx/src/NpRigidDynamic.cpp, LINE 232
2026-08-14T23:02:04Z [32,007ms] [Error] [omni.physx.plugin] PhysX error: PxRigidDynamic::setAngularVelocity: Body must be non-kinematic!, FILE /builds/omniverse/physics/physx/source/physx/src/NpRigidDynamic.cpp, LINE 266
2026-08-14T23:02:04Z [32,007ms] [Warning] [omni.anim.graph.core.python] Type mismatch for variable Action in Character::SetVariable
2026-08-14T23:02:04Z [32,007ms] [Warning] [omni.anim.graph.core.python] Type mismatch for variable Walk in Character::SetVariable
2026-08-14T23:02:04Z [32,026ms] [Error] [omni.physx.plugin] PhysX error: PxRigidDynamic::setLinearVelocity: Body must be non-kinematic!, FILE /builds/omniverse/physics/physx/source/physx/src/NpRigidDynamic.cpp, LINE 232
2026-08-14T23:02:04Z [32,026ms] [Error] [omni.physx.plugin] PhysX error: PxRigidDynamic::setAngularVelocity: Body must be non-kinematic!, FILE /builds/omniverse/physics/physx/source/physx/src/NpRigidDynamic.cpp, LINE 266
2026-08-14T23:02:04Z [32,026ms] [Warning] [omni.anim.graph.core.python] Type mismatch for variable Action in Character::SetVariable
2026-08-14T23:02:04Z [32,026ms] [Warning] [omni.anim.graph.core.python] Type mismatch for variable Walk in Character::SetVariable
2026-08-14T23:02:04Z [32,041ms] [Error] [omni.physx.plugin] PhysX error: PxRigidDynamic::setLinearVelocity: Body must be non-kinematic!, FILE /builds/omniverse/physics/physx/source/physx/src/NpRigidDynamic.cpp, LINE 232
2026-08-14T23:02:04Z [32,041ms] [Error] [omni.physx.plugin] PhysX error: PxRigidDynamic::setAngularVelocity: Body must be non-kinematic!, FILE /builds/omniverse/physics/physx/source/physx/src/NpRigidDynamic.cpp, LINE 266
2026-08-14T23:02:04Z [32,041ms] [Warning] [omni.anim.graph.core.python] Type mismatch for variable Action in Character::SetVariable
2026-08-14T23:02:04Z [32,041ms] [Warning] [omni.anim.graph.core.python] Type mismatch for variable Walk in Character::SetVariable
2026-08-14T23:02:04Z [32,061ms] [Error] [omni.physx.plugin] PhysX error: PxRigidDynamic::setLinearVelocity: Body must be non-kinematic!, FILE /builds/omniverse/physics/physx/source/physx/src/NpRigidDynamic.cpp, LINE 232
2026-08-14T23:02:04Z [32,061ms] [Error] [omni.physx.plugin] PhysX error: PxRigidDynamic::setAngularVelocity: Body must be non-kinematic!, FILE /builds/omniverse/physics/physx/source/physx/src/NpRigidDynamic.cpp, LINE 266
2026-08-14T23:02:04Z [32,061ms] [Warning] [omni.anim.graph.core.python] Type mismatch for variable Action in Character::SetVariable
2026-08-14T23:02:04Z [32,061ms] [Warning] [omni.anim.graph.core.python] Type mismatch for variable Walk in Character::SetVariable
2026-08-14T23:02:04Z [32,081ms] [Error] [omni.physx.plugin] PhysX error: PxRigidDynamic::setLinearVelocity: Body must be non-kinematic!, FILE /builds/omniverse/physics/physx/source/physx/src/NpRigidDynamic.cpp, LINE 232
2026-08-14T23:02:04Z [32,081ms] [Error] [omni.physx.plugin] PhysX error: PxRigidDynamic::setAngularVelocity: Body must be non-kinematic!, FILE /builds/omniverse/physics/physx/source/physx/src/NpRigidDynamic.cpp, LINE 266
2026-08-14T23:02:04Z [32,081ms] [Warning] [omni.anim.graph.core.python] Type mismatch for variable Action in Character::SetVariable
2026-08-14T23:02:04Z [32,081ms] [Warning] [omni.anim.graph.core.python] Type mismatch for variable Walk in Character::SetVariable
2026-08-14T23:02:04Z [32,111ms] [Error] [omni.physx.plugin] PhysX error: PxRigidDynamic::setLinearVelocity: Body must be non-kinematic!, FILE /builds/omniverse/physics/physx/source/physx/src/NpRigidDynamic.cpp, LINE 232
2026-08-14T23:02:04Z [32,111ms] [Error] [omni.physx.plugin] PhysX error: PxRigidDynamic::setAngularVelocity: Body must be non-kinematic!, FILE /builds/omniverse/physics/physx/source/physx/src/NpRigidDynamic.cpp, LINE 266
2026-08-14T23:02:04Z [32,111ms] [Warning] [omni.anim.graph.core.python] Type mismatch for variable Action in Character::SetVariable
2026-08-14T23:02:04Z [32,111ms] [Warning] [omni.anim.graph.core.python] Type mismatch for variable Walk in Character::SetVariable
2026-08-14T23:02:04Z [32,121ms] [Error] [omni.physx.plugin] PhysX error: PxRigidDynamic::setLinearVelocity: Body must be non-kinematic!, FILE /builds/omniverse/physics/physx/source/physx/src/NpRigidDynamic.cpp, LINE 232
2026-08-14T23:02:04Z [32,121ms] [Error] [omni.physx.plugin] PhysX error: PxRigidDynamic::setAngularVelocity: Body must be non-kinematic!, FILE /builds/omniverse/physics/physx/source/physx/src/NpRigidDynamic.cpp, LINE 266
2026-08-14T23:02:04Z [32,121ms] [Warning] [omni.anim.graph.core.python] Type mismatch for variable Action in Character::SetVariable
2026-08-14T23:02:04Z [32,121ms] [Warning] [omni.anim.graph.core.python] Type mismatch for variable Walk in Character::SetVariable
2026-08-14T23:02:04Z [32,141ms] [Error] [omni.physx.plugin] PhysX error: PxRigidDynamic::setLinearVelocity: Body must be non-kinematic!, FILE /builds/omniverse/physics/physx/source/physx/src/NpRigidDynamic.cpp, LINE 232
2026-08-14T23:02:04Z [32,141ms] [Error] [omni.physx.plugin] PhysX error: PxRigidDynamic::setAngularVelocity: Body must be non-kinematic!, FILE /builds/omniverse/physics/physx/source/physx/src/NpRigidDynamic.cpp, LINE 266
2026-08-14T23:02:04Z [32,141ms] [Warning] [omni.anim.graph.core.python] Type mismatch for variable Action in Character::SetVariable
2026-08-14T23:02:04Z [32,141ms] [Warning] [omni.anim.graph.core.python] Type mismatch for variable Walk in Character::SetVariable
2026-08-14T23:02:04Z [32,161ms] [Error] [omni.physx.plugin] PhysX error: PxRigidDynamic::setLinearVelocity: Body must be non-kinematic!, FILE /builds/omniverse/physics/physx/source/physx/src/NpRigidDynamic.cpp, LINE 232
2026-08-14T23:02:04Z [32,161ms] [Error] [omni.physx.plugin] PhysX error: PxRigidDynamic::setAngularVelocity: Body must be non-kinematic!, FILE /builds/omniverse/physics/physx/source/physx/src/NpRigidDynamic.cpp, LINE 266
2026-08-14T23:02:04Z [32,161ms] [Warning] [omni.anim.graph.core.python] Type mismatch for variable Action in Character::SetVariable
2026-08-14T23:02:04Z [32,161ms] [Warning] [omni.anim.graph.core.python] Type mismatch for variable Walk in Character::SetVariable
2026-08-14T23:02:04Z [32,181ms] [Error] [omni.physx.plugin] PhysX error: PxRigidDynamic::setLinearVelocity: Body must be non-kinematic!, FILE /builds/omniverse/physics/physx/source/physx/src/NpRigidDynamic.cpp, LINE 232
2026-08-14T23:02:04Z [32,181ms] [Error] [omni.physx.plugin] PhysX error: PxRigidDynamic::setAngularVelocity: Body must be non-kinematic!, FILE /builds/omniverse/physics/physx/source/physx/src/NpRigidDynamic.cpp, LINE 266
2026-08-14T23:02:04Z [32,181ms] [Warning] [omni.anim.graph.core.python] Type mismatch for variable Action in Character::SetVariable
2026-08-14T23:02:04Z [32,181ms] [Warning] [omni.anim.graph.core.python] Type mismatch for variable Walk in Character::SetVariable
2026-08-14T23:02:04Z [32,219ms] [Error] [omni.physx.plugin] PhysX error: PxRigidDynamic::setLinearVelocity: Body must be non-kinematic!, FILE /builds/omniverse/physics/physx/source/physx/src/NpRigidDynamic.cpp, LINE 232
2026-08-14T23:02:04Z [32,219ms] [Error] [omni.physx.plugin] PhysX error: PxRigidDynamic::setAngularVelocity: Body must be non-kinematic!, FILE /builds/omniverse/physics/physx/source/physx/src/NpRigidDynamic.cpp, LINE 266
2026-08-14T23:02:04Z [32,219ms] [Warning] [omni.anim.graph.core.python] Type mismatch for variable Action in Character::SetVariable
2026-08-14T23:02:04Z [32,219ms] [Warning] [omni.anim.graph.core.python] Type mismatch for variable Walk in Character::SetVariable
2026-08-14T23:02:04Z [32,228ms] [Error] [omni.physx.plugin] PhysX error: PxRigidDynamic::setLinearVelocity: Body must be non-kinematic!, FILE /builds/omniverse/physics/physx/source/physx/src/NpRigidDynamic.cpp, LINE 232
2026-08-14T23:02:04Z [32,228ms] [Error] [omni.physx.plugin] PhysX error: PxRigidDynamic::setAngularVelocity: Body must be non-kinematic!, FILE /builds/omniverse/physics/physx/source/physx/src/NpRigidDynamic.cpp, LINE 266
2026-08-14T23:02:04Z [32,228ms] [Warning] [omni.anim.graph.core.python] Type mismatch for variable Action in Character::SetVariable
2026-08-14T23:02:04Z [32,228ms] [Warning] [omni.anim.graph.core.python] Type mismatch for variable Walk in Character::SetVariable
2026-08-14T23:02:04Z [32,241ms] [Error] [omni.physx.plugin] PhysX error: PxRigidDynamic::setLinearVelocity: Body must be non-kinematic!, FILE /builds/omniverse/physics/physx/source/physx/src/NpRigidDynamic.cpp, LINE 232
2026-08-14T23:02:04Z [32,241ms] [Error] [omni.physx.plugin] PhysX error: PxRigidDynamic::setAngularVelocity: Body must be non-kinematic!, FILE /builds/omniverse/physics/physx/source/physx/src/NpRigidDynamic.cpp, LINE 266
2026-08-14T23:02:04Z [32,241ms] [Warning] [omni.anim.graph.core.python] Type mismatch for variable Action in Character::SetVariable
2026-08-14T23:02:04Z [32,241ms] [Warning] [omni.anim.graph.core.python] Type mismatch for variable Walk in Character::SetVariable
2026-08-14T23:02:04Z [32,261ms] [Error] [omni.physx.plugin] PhysX error: PxRigidDynamic::setLinearVelocity: Body must be non-kinematic!, FILE /builds/omniverse/physics/physx/source/physx/src/NpRigidDynamic.cpp, LINE 232
2026-08-14T23:02:04Z [32,261ms] [Error] [omni.physx.plugin] PhysX error: PxRigidDynamic::setAngularVelocity: Body must be non-kinematic!, FILE /builds/omniverse/physics/physx/source/physx/src/NpRigidDynamic.cpp, LINE 266
2026-08-14T23:02:04Z [32,261ms] [Warning] [omni.anim.graph.core.python] Type mismatch for variable Action in Character::SetVariable
2026-08-14T23:02:04Z [32,261ms] [Warning] [omni.anim.graph.core.python] Type mismatch for variable Walk in Character::SetVariable
2026-08-14T23:02:04Z [32,281ms] [Error] [omni.physx.plugin] PhysX error: PxRigidDynamic::setLinearVelocity: Body must be non-kinematic!, FILE /builds/omniverse/physics/physx/source/physx/src/NpRigidDynamic.cpp, LINE 232
2026-08-14T23:02:04Z [32,281ms] [Error] [omni.physx.plugin] PhysX error: PxRigidDynamic::setAngularVelocity: Body must be non-kinematic!, FILE /builds/omniverse/physics/physx/source/physx/src/NpRigidDynamic.cpp, LINE 266
2026-08-14T23:02:04Z [32,281ms] [Warning] [omni.anim.graph.core.python] Type mismatch for variable Action in Character::SetVariable
2026-08-14T23:02:04Z [32,281ms] [Warning] [omni.anim.graph.core.python] Type mismatch for variable Walk in Character::SetVariable
2026-08-14T23:02:04Z [32,307ms] [Error] [omni.physx.plugin] PhysX error: PxRigidDynamic::setLinearVelocity: Body must be non-kinematic!, FILE /builds/omniverse/physics/physx/source/physx/src/NpRigidDynamic.cpp, LINE 232
2026-08-14T23:02:04Z [32,307ms] [Error] [omni.physx.plugin] PhysX error: PxRigidDynamic::setAngularVelocity: Body must be non-kinematic!, FILE /builds/omniverse/physics/physx/source/physx/src/NpRigidDynamic.cpp, LINE 266
2026-08-14T23:02:04Z [32,307ms] [Warning] [omni.anim.graph.core.python] Type mismatch for variable Action in Character::SetVariable
2026-08-14T23:02:04Z [32,307ms] [Warning] [omni.anim.graph.core.python] Type mismatch for variable Walk in Character::SetVariable
2026-08-14T23:02:04Z [32,328ms] [Error] [omni.physx.plugin] PhysX error: PxRigidDynamic::setLinearVelocity: Body must be non-kinematic!, FILE /builds/omniverse/physics/physx/source/physx/src/NpRigidDynamic.cpp, LINE 232
2026-08-14T23:02:04Z [32,328ms] [Error] [omni.physx.plugin] PhysX error: PxRigidDynamic::setAngularVelocity: Body must be non-kinematic!, FILE /builds/omniverse/physics/physx/source/physx/src/NpRigidDynamic.cpp, LINE 266
2026-08-14T23:02:04Z [32,328ms] [Warning] [omni.anim.graph.core.python] Type mismatch for variable Action in Character::SetVariable
2026-08-14T23:02:04Z [32,328ms] [Warning] [omni.anim.graph.core.python] Type mismatch for variable Walk in Character::SetVariable
2026-08-14T23:02:04Z [32,341ms] [Error] [omni.physx.plugin] PhysX error: PxRigidDynamic::setLinearVelocity: Body must be non-kinematic!, FILE /builds/omniverse/physics/physx/source/physx/src/NpRigidDynamic.cpp, LINE 232
2026-08-14T23:02:04Z [32,341ms] [Error] [omni.physx.plugin] PhysX error: PxRigidDynamic::setAngularVelocity: Body must be non-kinematic!, FILE /builds/omniverse/physics/physx/source/physx/src/NpRigidDynamic.cpp, LINE 266
2026-08-14T23:02:04Z [32,341ms] [Warning] [omni.anim.graph.core.python] Type mismatch for variable Action in Character::SetVariable
2026-08-14T23:02:04Z [32,341ms] [Warning] [omni.anim.graph.core.python] Type mismatch for variable Walk in Character::SetVariable
2026-08-14T23:02:04Z [32,361ms] [Error] [omni.physx.plugin] PhysX error: PxRigidDynamic::setLinearVelocity: Body must be non-kinematic!, FILE /builds/omniverse/physics/physx/source/physx/src/NpRigidDynamic.cpp, LINE 232
2026-08-14T23:02:04Z [32,361ms] [Error] [omni.physx.plugin] PhysX error: PxRigidDynamic::setAngularVelocity: Body must be non-kinematic!, FILE /builds/omniverse/physics/physx/source/physx/src/NpRigidDynamic.cpp, LINE 266
2026-08-14T23:02:04Z [32,361ms] [Warning] [omni.anim.graph.core.python] Type mismatch for variable Action in Character::SetVariable
2026-08-14T23:02:04Z [32,361ms] [Warning] [omni.anim.graph.core.python] Type mismatch for variable Walk in Character::SetVariable
2026-08-14T23:02:04Z [32,381ms] [Error] [omni.physx.plugin] PhysX error: PxRigidDynamic::setLinearVelocity: Body must be non-kinematic!, FILE /builds/omniverse/physics/physx/source/physx/src/NpRigidDynamic.cpp, LINE 232
2026-08-14T23:02:04Z [32,381ms] [Error] [omni.physx.plugin] PhysX error: PxRigidDynamic::setAngularVelocity: Body must be non-kinematic!, FILE /builds/omniverse/physics/physx/source/physx/src/NpRigidDynamic.cpp, LINE 266
2026-08-14T23:02:04Z [32,381ms] [Warning] [omni.anim.graph.core.python] Type mismatch for variable Action in Character::SetVariable
2026-08-14T23:02:04Z [32,381ms] [Warning] [omni.anim.graph.core.python] Type mismatch for variable Walk in Character::SetVariable
2026-08-14T23:02:04Z [32,411ms] [Error] [omni.physx.plugin] PhysX error: PxRigidDynamic::setLinearVelocity: Body must be non-kinematic!, FILE /builds/omniverse/physics/physx/source/physx/src/NpRigidDynamic.cpp, LINE 232
2026-08-14T23:02:04Z [32,411ms] [Error] [omni.physx.plugin] PhysX error: PxRigidDynamic::setAngularVelocity: Body must be non-kinematic!, FILE /builds/omniverse/physics/physx/source/physx/src/NpRigidDynamic.cpp, LINE 266
2026-08-14T23:02:04Z [32,411ms] [Warning] [omni.anim.graph.core.python] Type mismatch for variable Action in Character::SetVariable
2026-08-14T23:02:04Z [32,411ms] [Warning] [omni.anim.graph.core.python] Type mismatch for variable Walk in Character::SetVariable
2026-08-14T23:02:04Z [32,421ms] [Error] [omni.physx.plugin] PhysX error: PxRigidDynamic::setLinearVelocity: Body must be non-kinematic!, FILE /builds/omniverse/physics/physx/source/physx/src/NpRigidDynamic.cpp, LINE 232
2026-08-14T23:02:04Z [32,421ms] [Error] [omni.physx.plugin] PhysX error: PxRigidDynamic::setAngularVelocity: Body must be non-kinematic!, FILE /builds/omniverse/physics/physx/source/physx/src/NpRigidDynamic.cpp, LINE 266
2026-08-14T23:02:04Z [32,421ms] [Warning] [omni.anim.graph.core.python] Type mismatch for variable Action in Character::SetVariable
2026-08-14T23:02:04Z [32,421ms] [Warning] [omni.anim.graph.core.python] Type mismatch for variable Walk in Character::SetVariable
2026-08-14T23:02:04Z [32,441ms] [Error] [omni.physx.plugin] PhysX error: PxRigidDynamic::setLinearVelocity: Body must be non-kinematic!, FILE /builds/omniverse/physics/physx/source/physx/src/NpRigidDynamic.cpp, LINE 232
2026-08-14T23:02:04Z [32,441ms] [Error] [omni.physx.plugin] PhysX error: PxRigidDynamic::setAngularVelocity: Body must be non-kinematic!, FILE /builds/omniverse/physics/physx/source/physx/src/NpRigidDynamic.cpp, LINE 266
2026-08-14T23:02:04Z [32,441ms] [Warning] [omni.anim.graph.core.python] Type mismatch for variable Action in Character::SetVariable
2026-08-14T23:02:04Z [32,441ms] [Warning] [omni.anim.graph.core.python] Type mismatch for variable Walk in Character::SetVariable
2026-08-14T23:02:04Z [32,461ms] [Error] [omni.physx.plugin] PhysX error: PxRigidDynamic::setLinearVelocity: Body must be non-kinematic!, FILE /builds/omniverse/physics/physx/source/physx/src/NpRigidDynamic.cpp, LINE 232
2026-08-14T23:02:04Z [32,461ms] [Error] [omni.physx.plugin] PhysX error: PxRigidDynamic::setAngularVelocity: Body must be non-kinematic!, FILE /builds/omniverse/physics/physx/source/physx/src/NpRigidDynamic.cpp, LINE 266
2026-08-14T23:02:04Z [32,461ms] [Warning] [omni.anim.graph.core.python] Type mismatch for variable Action in Character::SetVariable
2026-08-14T23:02:04Z [32,461ms] [Warning] [omni.anim.graph.core.python] Type mismatch for variable Walk in Character::SetVariable
2026-08-14T23:02:04Z [32,481ms] [Error] [omni.physx.plugin] PhysX error: PxRigidDynamic::setLinearVelocity: Body must be non-kinematic!, FILE /builds/omniverse/physics/physx/source/physx/src/NpRigidDynamic.cpp, LINE 232
2026-08-14T23:02:04Z [32,481ms] [Error] [omni.physx.plugin] PhysX error: PxRigidDynamic::setAngularVelocity: Body must be non-kinematic!, FILE /builds/omniverse/physics/physx/source/physx/src/NpRigidDynamic.cpp, LINE 266
2026-08-14T23:02:04Z [32,481ms] [Warning] [omni.anim.graph.core.python] Type mismatch for variable Action in Character::SetVariable
2026-08-14T23:02:04Z [32,481ms] [Warning] [omni.anim.graph.core.python] Type mismatch for variable Walk in Character::SetVariable
2026-08-14T23:02:04Z [32,521ms] [Error] [omni.physx.plugin] PhysX error: PxRigidDynamic::setLinearVelocity: Body must be non-kinematic!, FILE /builds/omniverse/physics/physx/source/physx/src/NpRigidDynamic.cpp, LINE 232
2026-08-14T23:02:04Z [32,521ms] [Error] [omni.physx.plugin] PhysX error: PxRigidDynamic::setAngularVelocity: Body must be non-kinematic!, FILE /builds/omniverse/physics/physx/source/physx/src/NpRigidDynamic.cpp, LINE 266
2026-08-14T23:02:04Z [32,521ms] [Warning] [omni.anim.graph.core.python] Type mismatch for variable Action in Character::SetVariable
2026-08-14T23:02:04Z [32,521ms] [Warning] [omni.anim.graph.core.python] Type mismatch for variable Walk in Character::SetVariable
2026-08-14T23:02:04Z [32,531ms] [Error] [omni.physx.plugin] PhysX error: PxRigidDynamic::setLinearVelocity: Body must be non-kinematic!, FILE /builds/omniverse/physics/physx/source/physx/src/NpRigidDynamic.cpp, LINE 232
2026-08-14T23:02:04Z [32,531ms] [Error] [omni.physx.plugin] PhysX error: PxRigidDynamic::setAngularVelocity: Body must be non-kinematic!, FILE /builds/omniverse/physics/physx/source/physx/src/NpRigidDynamic.cpp, LINE 266
2026-08-14T23:02:04Z [32,531ms] [Warning] [omni.anim.graph.core.python] Type mismatch for variable Action in Character::SetVariable
2026-08-14T23:02:04Z [32,531ms] [Warning] [omni.anim.graph.core.python] Type mismatch for variable Walk in Character::SetVariable
2026-08-14T23:02:04Z [32,541ms] [Error] [omni.physx.plugin] PhysX error: PxRigidDynamic::setLinearVelocity: Body must be non-kinematic!, FILE /builds/omniverse/physics/physx/source/physx/src/NpRigidDynamic.cpp, LINE 232
2026-08-14T23:02:04Z [32,541ms] [Error] [omni.physx.plugin] PhysX error: PxRigidDynamic::setAngularVelocity: Body must be non-kinematic!, FILE /builds/omniverse/physics/physx/source/physx/src/NpRigidDynamic.cpp, LINE 266
2026-08-14T23:02:04Z [32,541ms] [Warning] [omni.anim.graph.core.python] Type mismatch for variable Action in Character::SetVariable
2026-08-14T23:02:04Z [32,541ms] [Warning] [omni.anim.graph.core.python] Type mismatch for variable Walk in Character::SetVariable
2026-08-14T23:02:04Z [32,561ms] [Error] [omni.physx.plugin] PhysX error: PxRigidDynamic::setLinearVelocity: Body must be non-kinematic!, FILE /builds/omniverse/physics/physx/source/physx/src/NpRigidDynamic.cpp, LINE 232
2026-08-14T23:02:04Z [32,562ms] [Error] [omni.physx.plugin] PhysX error: PxRigidDynamic::setAngularVelocity: Body must be non-kinematic!, FILE /builds/omniverse/physics/physx/source/physx/src/NpRigidDynamic.cpp, LINE 266
2026-08-14T23:02:04Z [32,562ms] [Warning] [omni.anim.graph.core.python] Type mismatch for variable Action in Character::SetVariable
2026-08-14T23:02:04Z [32,562ms] [Warning] [omni.anim.graph.core.python] Type mismatch for variable Walk in Character::SetVariable
2026-08-14T23:02:04Z [32,581ms] [Error] [omni.physx.plugin] PhysX error: PxRigidDynamic::setLinearVelocity: Body must be non-kinematic!, FILE /builds/omniverse/physics/physx/source/physx/src/NpRigidDynamic.cpp, LINE 232
2026-08-14T23:02:04Z [32,581ms] [Error] [omni.physx.plugin] PhysX error: PxRigidDynamic::setAngularVelocity: Body must be non-kinematic!, FILE /builds/omniverse/physics/physx/source/physx/src/NpRigidDynamic.cpp, LINE 266
2026-08-14T23:02:04Z [32,581ms] [Warning] [omni.anim.graph.core.python] Type mismatch for variable Action in Character::SetVariable
2026-08-14T23:02:04Z [32,581ms] [Warning] [omni.anim.graph.core.python] Type mismatch for variable Walk in Character::SetVariable
2026-08-14T23:02:04Z [32,608ms] [Error] [omni.physx.plugin] PhysX error: PxRigidDynamic::setLinearVelocity: Body must be non-kinematic!, FILE /builds/omniverse/physics/physx/source/physx/src/NpRigidDynamic.cpp, LINE 232
2026-08-14T23:02:04Z [32,608ms] [Error] [omni.physx.plugin] PhysX error: PxRigidDynamic::setAngularVelocity: Body must be non-kinematic!, FILE /builds/omniverse/physics/physx/source/physx/src/NpRigidDynamic.cpp, LINE 266
2026-08-14T23:02:04Z [32,608ms] [Warning] [omni.anim.graph.core.python] Type mismatch for variable Action in Character::SetVariable
2026-08-14T23:02:04Z [32,608ms] [Warning] [omni.anim.graph.core.python] Type mismatch for variable Walk in Character::SetVariable
2026-08-14T23:02:04Z [32,627ms] [Error] [omni.physx.plugin] PhysX error: PxRigidDynamic::setLinearVelocity: Body must be non-kinematic!, FILE /builds/omniverse/physics/physx/source/physx/src/NpRigidDynamic.cpp, LINE 232
2026-08-14T23:02:04Z [32,627ms] [Error] [omni.physx.plugin] PhysX error: PxRigidDynamic::setAngularVelocity: Body must be non-kinematic!, FILE /builds/omniverse/physics/physx/source/physx/src/NpRigidDynamic.cpp, LINE 266
2026-08-14T23:02:04Z [32,627ms] [Warning] [omni.anim.graph.core.python] Type mismatch for variable Action in Character::SetVariable
2026-08-14T23:02:04Z [32,627ms] [Warning] [omni.anim.graph.core.python] Type mismatch for variable Walk in Character::SetVariable
2026-08-14T23:02:04Z [32,641ms] [Error] [omni.physx.plugin] PhysX error: PxRigidDynamic::setLinearVelocity: Body must be non-kinematic!, FILE /builds/omniverse/physics/physx/source/physx/src/NpRigidDynamic.cpp, LINE 232
2026-08-14T23:02:04Z [32,641ms] [Error] [omni.physx.plugin] PhysX error: PxRigidDynamic::setAngularVelocity: Body must be non-kinematic!, FILE /builds/omniverse/physics/physx/source/physx/src/NpRigidDynamic.cpp, LINE 266
2026-08-14T23:02:04Z [32,641ms] [Warning] [omni.anim.graph.core.python] Type mismatch for variable Action in Character::SetVariable
2026-08-14T23:02:04Z [32,641ms] [Warning] [omni.anim.graph.core.python] Type mismatch for variable Walk in Character::SetVariable
2026-08-14T23:02:04Z [32,661ms] [Error] [omni.physx.plugin] PhysX error: PxRigidDynamic::setLinearVelocity: Body must be non-kinematic!, FILE /builds/omniverse/physics/physx/source/physx/src/NpRigidDynamic.cpp, LINE 232
2026-08-14T23:02:04Z [32,661ms] [Error] [omni.physx.plugin] PhysX error: PxRigidDynamic::setAngularVelocity: Body must be non-kinematic!, FILE /builds/omniverse/physics/physx/source/physx/src/NpRigidDynamic.cpp, LINE 266
2026-08-14T23:02:04Z [32,661ms] [Warning] [omni.anim.graph.core.python] Type mismatch for variable Action in Character::SetVariable
2026-08-14T23:02:04Z [32,661ms] [Warning] [omni.anim.graph.core.python] Type mismatch for variable Walk in Character::SetVariable
2026-08-14T23:02:05Z [32,681ms] [Error] [omni.physx.plugin] PhysX error: PxRigidDynamic::setLinearVelocity: Body must be non-kinematic!, FILE /builds/omniverse/physics/physx/source/physx/src/NpRigidDynamic.cpp, LINE 232
2026-08-14T23:02:05Z [32,681ms] [Error] [omni.physx.plugin] PhysX error: PxRigidDynamic::setAngularVelocity: Body must be non-kinematic!, FILE /builds/omniverse/physics/physx/source/physx/src/NpRigidDynamic.cpp, LINE 266
2026-08-14T23:02:05Z [32,681ms] [Warning] [omni.anim.graph.core.python] Type mismatch for variable Action in Character::SetVariable
2026-08-14T23:02:05Z [32,681ms] [Warning] [omni.anim.graph.core.python] Type mismatch for variable Walk in Character::SetVariable
2026-08-14T23:02:05Z [32,709ms] [Error] [omni.physx.plugin] PhysX error: PxRigidDynamic::setLinearVelocity: Body must be non-kinematic!, FILE /builds/omniverse/physics/physx/source/physx/src/NpRigidDynamic.cpp, LINE 232
2026-08-14T23:02:05Z [32,709ms] [Error] [omni.physx.plugin] PhysX error: PxRigidDynamic::setAngularVelocity: Body must be non-kinematic!, FILE /builds/omniverse/physics/physx/source/physx/src/NpRigidDynamic.cpp, LINE 266
2026-08-14T23:02:05Z [32,709ms] [Warning] [omni.anim.graph.core.python] Type mismatch for variable Action in Character::SetVariable
2026-08-14T23:02:05Z [32,709ms] [Warning] [omni.anim.graph.core.python] Type mismatch for variable Walk in Character::SetVariable
2026-08-14T23:02:05Z [32,721ms] [Error] [omni.physx.plugin] PhysX error: PxRigidDynamic::setLinearVelocity: Body must be non-kinematic!, FILE /builds/omniverse/physics/physx/source/physx/src/NpRigidDynamic.cpp, LINE 232
2026-08-14T23:02:05Z [32,721ms] [Error] [omni.physx.plugin] PhysX error: PxRigidDynamic::setAngularVelocity: Body must be non-kinematic!, FILE /builds/omniverse/physics/physx/source/physx/src/NpRigidDynamic.cpp, LINE 266
2026-08-14T23:02:05Z [32,721ms] [Warning] [omni.anim.graph.core.python] Type mismatch for variable Action in Character::SetVariable
2026-08-14T23:02:05Z [32,721ms] [Warning] [omni.anim.graph.core.python] Type mismatch for variable Walk in Character::SetVariable
2026-08-14T23:02:05Z [32,742ms] [Error] [omni.physx.plugin] PhysX error: PxRigidDynamic::setLinearVelocity: Body must be non-kinematic!, FILE /builds/omniverse/physics/physx/source/physx/src/NpRigidDynamic.cpp, LINE 232
2026-08-14T23:02:05Z [32,742ms] [Error] [omni.physx.plugin] PhysX error: PxRigidDynamic::setAngularVelocity: Body must be non-kinematic!, FILE /builds/omniverse/physics/physx/source/physx/src/NpRigidDynamic.cpp, LINE 266
2026-08-14T23:02:05Z [32,742ms] [Warning] [omni.anim.graph.core.python] Type mismatch for variable Action in Character::SetVariable
2026-08-14T23:02:05Z [32,742ms] [Warning] [omni.anim.graph.core.python] Type mismatch for variable Walk in Character::SetVariable
2026-08-14T23:02:05Z [32,761ms] [Error] [omni.physx.plugin] PhysX error: PxRigidDynamic::setLinearVelocity: Body must be non-kinematic!, FILE /builds/omniverse/physics/physx/source/physx/src/NpRigidDynamic.cpp, LINE 232
2026-08-14T23:02:05Z [32,761ms] [Error] [omni.physx.plugin] PhysX error: PxRigidDynamic::setAngularVelocity: Body must be non-kinematic!, FILE /builds/omniverse/physics/physx/source/physx/src/NpRigidDynamic.cpp, LINE 266
2026-08-14T23:02:05Z [32,761ms] [Warning] [omni.anim.graph.core.python] Type mismatch for variable Action in Character::SetVariable
2026-08-14T23:02:05Z [32,761ms] [Warning] [omni.anim.graph.core.python] Type mismatch for variable Walk in Character::SetVariable
2026-08-14T23:02:05Z [32,781ms] [Error] [omni.physx.plugin] PhysX error: PxRigidDynamic::setLinearVelocity: Body must be non-kinematic!, FILE /builds/omniverse/physics/physx/source/physx/src/NpRigidDynamic.cpp, LINE 232
2026-08-14T23:02:05Z [32,781ms] [Error] [omni.physx.plugin] PhysX error: PxRigidDynamic::setAngularVelocity: Body must be non-kinematic!, FILE /builds/omniverse/physics/physx/source/physx/src/NpRigidDynamic.cpp, LINE 266
2026-08-14T23:02:05Z [32,781ms] [Warning] [omni.anim.graph.core.python] Type mismatch for variable Action in Character::SetVariable
2026-08-14T23:02:05Z [32,781ms] [Warning] [omni.anim.graph.core.python] Type mismatch for variable Walk in Character::SetVariable
2026-08-14T23:02:05Z [32,822ms] [Error] [omni.physx.plugin] PhysX error: PxRigidDynamic::setLinearVelocity: Body must be non-kinematic!, FILE /builds/omniverse/physics/physx/source/physx/src/NpRigidDynamic.cpp, LINE 232
2026-08-14T23:02:05Z [32,822ms] [Error] [omni.physx.plugin] PhysX error: PxRigidDynamic::setAngularVelocity: Body must be non-kinematic!, FILE /builds/omniverse/physics/physx/source/physx/src/NpRigidDynamic.cpp, LINE 266
2026-08-14T23:02:05Z [32,822ms] [Warning] [omni.anim.graph.core.python] Type mismatch for variable Action in Character::SetVariable
2026-08-14T23:02:05Z [32,822ms] [Warning] [omni.anim.graph.core.python] Type mismatch for variable Walk in Character::SetVariable
2026-08-14T23:02:05Z [32,831ms] [Error] [omni.physx.plugin] PhysX error: PxRigidDynamic::setLinearVelocity: Body must be non-kinematic!, FILE /builds/omniverse/physics/physx/source/physx/src/NpRigidDynamic.cpp, LINE 232
2026-08-14T23:02:05Z [32,831ms] [Error] [omni.physx.plugin] PhysX error: PxRigidDynamic::setAngularVelocity: Body must be non-kinematic!, FILE /builds/omniverse/physics/physx/source/physx/src/NpRigidDynamic.cpp, LINE 266
2026-08-14T23:02:05Z [32,831ms] [Warning] [omni.anim.graph.core.python] Type mismatch for variable Action in Character::SetVariable
2026-08-14T23:02:05Z [32,831ms] [Warning] [omni.anim.graph.core.python] Type mismatch for variable Walk in Character::SetVariable
2026-08-14T23:02:05Z [32,841ms] [Error] [omni.physx.plugin] PhysX error: PxRigidDynamic::setLinearVelocity: Body must be non-kinematic!, FILE /builds/omniverse/physics/physx/source/physx/src/NpRigidDynamic.cpp, LINE 232
2026-08-14T23:02:05Z [32,841ms] [Error] [omni.physx.plugin] PhysX error: PxRigidDynamic::setAngularVelocity: Body must be non-kinematic!, FILE /builds/omniverse/physics/physx/source/physx/src/NpRigidDynamic.cpp, LINE 266
2026-08-14T23:02:05Z [32,841ms] [Warning] [omni.anim.graph.core.python] Type mismatch for variable Action in Character::SetVariable
2026-08-14T23:02:05Z [32,841ms] [Warning] [omni.anim.graph.core.python] Type mismatch for variable Walk in Character::SetVariable
2026-08-14T23:02:05Z [32,861ms] [Error] [omni.physx.plugin] PhysX error: PxRigidDynamic::setLinearVelocity: Body must be non-kinematic!, FILE /builds/omniverse/physics/physx/source/physx/src/NpRigidDynamic.cpp, LINE 232
2026-08-14T23:02:05Z [32,861ms] [Error] [omni.physx.plugin] PhysX error: PxRigidDynamic::setAngularVelocity: Body must be non-kinematic!, FILE /builds/omniverse/physics/physx/source/physx/src/NpRigidDynamic.cpp, LINE 266
2026-08-14T23:02:05Z [32,861ms] [Warning] [omni.anim.graph.core.python] Type mismatch for variable Action in Character::SetVariable
2026-08-14T23:02:05Z [32,861ms] [Warning] [omni.anim.graph.core.python] Type mismatch for variable Walk in Character::SetVariable
2026-08-14T23:02:05Z [32,881ms] [Error] [omni.physx.plugin] PhysX error: PxRigidDynamic::setLinearVelocity: Body must be non-kinematic!, FILE /builds/omniverse/physics/physx/source/physx/src/NpRigidDynamic.cpp, LINE 232
2026-08-14T23:02:05Z [32,881ms] [Error] [omni.physx.plugin] PhysX error: PxRigidDynamic::setAngularVelocity: Body must be non-kinematic!, FILE /builds/omniverse/physics/physx/source/physx/src/NpRigidDynamic.cpp, LINE 266
2026-08-14T23:02:05Z [32,881ms] [Warning] [omni.anim.graph.core.python] Type mismatch for variable Action in Character::SetVariable
2026-08-14T23:02:05Z [32,881ms] [Warning] [omni.anim.graph.core.python] Type mismatch for variable Walk in Character::SetVariable
2026-08-14T23:02:05Z [32,911ms] [Error] [omni.physx.plugin] PhysX error: PxRigidDynamic::setLinearVelocity: Body must be non-kinematic!, FILE /builds/omniverse/physics/physx/source/physx/src/NpRigidDynamic.cpp, LINE 232
2026-08-14T23:02:05Z [32,911ms] [Error] [omni.physx.plugin] PhysX error: PxRigidDynamic::setAngularVelocity: Body must be non-kinematic!, FILE /builds/omniverse/physics/physx/source/physx/src/NpRigidDynamic.cpp, LINE 266
2026-08-14T23:02:05Z [32,911ms] [Warning] [omni.anim.graph.core.python] Type mismatch for variable Action in Character::SetVariable
2026-08-14T23:02:05Z [32,911ms] [Warning] [omni.anim.graph.core.python] Type mismatch for variable Walk in Character::SetVariable
2026-08-14T23:02:05Z [32,930ms] [Error] [omni.physx.plugin] PhysX error: PxRigidDynamic::setLinearVelocity: Body must be non-kinematic!, FILE /builds/omniverse/physics/physx/source/physx/src/NpRigidDynamic.cpp, LINE 232
2026-08-14T23:02:05Z [32,930ms] [Error] [omni.physx.plugin] PhysX error: PxRigidDynamic::setAngularVelocity: Body must be non-kinematic!, FILE /builds/omniverse/physics/physx/source/physx/src/NpRigidDynamic.cpp, LINE 266
2026-08-14T23:02:05Z [32,930ms] [Warning] [omni.anim.graph.core.python] Type mismatch for variable Action in Character::SetVariable
2026-08-14T23:02:05Z [32,930ms] [Warning] [omni.anim.graph.core.python] Type mismatch for variable Walk in Character::SetVariable
2026-08-14T23:02:05Z [32,941ms] [Error] [omni.physx.plugin] PhysX error: PxRigidDynamic::setLinearVelocity: Body must be non-kinematic!, FILE /builds/omniverse/physics/physx/source/physx/src/NpRigidDynamic.cpp, LINE 232
2026-08-14T23:02:05Z [32,941ms] [Error] [omni.physx.plugin] PhysX error: PxRigidDynamic::setAngularVelocity: Body must be non-kinematic!, FILE /builds/omniverse/physics/physx/source/physx/src/NpRigidDynamic.cpp, LINE 266
2026-08-14T23:02:05Z [32,941ms] [Warning] [omni.anim.graph.core.python] Type mismatch for variable Action in Character::SetVariable
2026-08-14T23:02:05Z [32,941ms] [Warning] [omni.anim.graph.core.python] Type mismatch for variable Walk in Character::SetVariable
2026-08-14T23:02:05Z [32,961ms] [Error] [omni.physx.plugin] PhysX error: PxRigidDynamic::setLinearVelocity: Body must be non-kinematic!, FILE /builds/omniverse/physics/physx/source/physx/src/NpRigidDynamic.cpp, LINE 232
2026-08-14T23:02:05Z [32,961ms] [Error] [omni.physx.plugin] PhysX error: PxRigidDynamic::setAngularVelocity: Body must be non-kinematic!, FILE /builds/omniverse/physics/physx/source/physx/src/NpRigidDynamic.cpp, LINE 266
2026-08-14T23:02:05Z [32,961ms] [Warning] [omni.anim.graph.core.python] Type mismatch for variable Action in Character::SetVariable
2026-08-14T23:02:05Z [32,961ms] [Warning] [omni.anim.graph.core.python] Type mismatch for variable Walk in Character::SetVariable
2026-08-14T23:02:05Z [32,981ms] [Error] [omni.physx.plugin] PhysX error: PxRigidDynamic::setLinearVelocity: Body must be non-kinematic!, FILE /builds/omniverse/physics/physx/source/physx/src/NpRigidDynamic.cpp, LINE 232
2026-08-14T23:02:05Z [32,981ms] [Error] [omni.physx.plugin] PhysX error: PxRigidDynamic::setAngularVelocity: Body must be non-kinematic!, FILE /builds/omniverse/physics/physx/source/physx/src/NpRigidDynamic.cpp, LINE 266
2026-08-14T23:02:05Z [32,981ms] [Warning] [omni.anim.graph.core.python] Type mismatch for variable Action in Character::SetVariable
2026-08-14T23:02:05Z [32,981ms] [Warning] [omni.anim.graph.core.python] Type mismatch for variable Walk in Character::SetVariable
2026-08-14T23:02:05Z [33,012ms] [Error] [omni.physx.plugin] PhysX error: PxRigidDynamic::setLinearVelocity: Body must be non-kinematic!, FILE /builds/omniverse/physics/physx/source/physx/src/NpRigidDynamic.cpp, LINE 232
2026-08-14T23:02:05Z [33,012ms] [Error] [omni.physx.plugin] PhysX error: PxRigidDynamic::setAngularVelocity: Body must be non-kinematic!, FILE /builds/omniverse/physics/physx/source/physx/src/NpRigidDynamic.cpp, LINE 266
2026-08-14T23:02:05Z [33,012ms] [Warning] [omni.anim.graph.core.python] Type mismatch for variable Action in Character::SetVariable
2026-08-14T23:02:05Z [33,012ms] [Warning] [omni.anim.graph.core.python] Type mismatch for variable Walk in Character::SetVariable
2026-08-14T23:02:05Z [33,021ms] [Error] [omni.physx.plugin] PhysX error: PxRigidDynamic::setLinearVelocity: Body must be non-kinematic!, FILE /builds/omniverse/physics/physx/source/physx/src/NpRigidDynamic.cpp, LINE 232
2026-08-14T23:02:05Z [33,021ms] [Error] [omni.physx.plugin] PhysX error: PxRigidDynamic::setAngularVelocity: Body must be non-kinematic!, FILE /builds/omniverse/physics/physx/source/physx/src/NpRigidDynamic.cpp, LINE 266
2026-08-14T23:02:05Z [33,021ms] [Warning] [omni.anim.graph.core.python] Type mismatch for variable Action in Character::SetVariable
2026-08-14T23:02:05Z [33,021ms] [Warning] [omni.anim.graph.core.python] Type mismatch for variable Walk in Character::SetVariable
2026-08-14T23:02:05Z [33,041ms] [Error] [omni.physx.plugin] PhysX error: PxRigidDynamic::setLinearVelocity: Body must be non-kinematic!, FILE /builds/omniverse/physics/physx/source/physx/src/NpRigidDynamic.cpp, LINE 232
2026-08-14T23:02:05Z [33,041ms] [Error] [omni.physx.plugin] PhysX error: PxRigidDynamic::setAngularVelocity: Body must be non-kinematic!, FILE /builds/omniverse/physics/physx/source/physx/src/NpRigidDynamic.cpp, LINE 266
2026-08-14T23:02:05Z [33,041ms] [Warning] [omni.anim.graph.core.python] Type mismatch for variable Action in Character::SetVariable
2026-08-14T23:02:05Z [33,041ms] [Warning] [omni.anim.graph.core.python] Type mismatch for variable Walk in Character::SetVariable
2026-08-14T23:02:05Z [33,061ms] [Error] [omni.physx.plugin] PhysX error: PxRigidDynamic::setLinearVelocity: Body must be non-kinematic!, FILE /builds/omniverse/physics/physx/source/physx/src/NpRigidDynamic.cpp, LINE 232
2026-08-14T23:02:05Z [33,061ms] [Error] [omni.physx.plugin] PhysX error: PxRigidDynamic::setAngularVelocity: Body must be non-kinematic!, FILE /builds/omniverse/physics/physx/source/physx/src/NpRigidDynamic.cpp, LINE 266
2026-08-14T23:02:05Z [33,061ms] [Warning] [omni.anim.graph.core.python] Type mismatch for variable Action in Character::SetVariable
2026-08-14T23:02:05Z [33,061ms] [Warning] [omni.anim.graph.core.python] Type mismatch for variable Walk in Character::SetVariable
2026-08-14T23:02:05Z [33,081ms] [Error] [omni.physx.plugin] PhysX error: PxRigidDynamic::setLinearVelocity: Body must be non-kinematic!, FILE /builds/omniverse/physics/physx/source/physx/src/NpRigidDynamic.cpp, LINE 232
2026-08-14T23:02:05Z [33,081ms] [Error] [omni.physx.plugin] PhysX error: PxRigidDynamic::setAngularVelocity: Body must be non-kinematic!, FILE /builds/omniverse/physics/physx/source/physx/src/NpRigidDynamic.cpp, LINE 266
2026-08-14T23:02:05Z [33,081ms] [Warning] [omni.anim.graph.core.python] Type mismatch for variable Action in Character::SetVariable
2026-08-14T23:02:05Z [33,081ms] [Warning] [omni.anim.graph.core.python] Type mismatch for variable Walk in Character::SetVariable
2026-08-14T23:02:05Z [33,122ms] [Error] [omni.physx.plugin] PhysX error: PxRigidDynamic::setLinearVelocity: Body must be non-kinematic!, FILE /builds/omniverse/physics/physx/source/physx/src/NpRigidDynamic.cpp, LINE 232
2026-08-14T23:02:05Z [33,122ms] [Error] [omni.physx.plugin] PhysX error: PxRigidDynamic::setAngularVelocity: Body must be non-kinematic!, FILE /builds/omniverse/physics/physx/source/physx/src/NpRigidDynamic.cpp, LINE 266
2026-08-14T23:02:05Z [33,122ms] [Warning] [omni.anim.graph.core.python] Type mismatch for variable Action in Character::SetVariable
2026-08-14T23:02:05Z [33,122ms] [Warning] [omni.anim.graph.core.python] Type mismatch for variable Walk in Character::SetVariable
2026-08-14T23:02:05Z [33,131ms] [Error] [omni.physx.plugin] PhysX error: PxRigidDynamic::setLinearVelocity: Body must be non-kinematic!, FILE /builds/omniverse/physics/physx/source/physx/src/NpRigidDynamic.cpp, LINE 232
2026-08-14T23:02:05Z [33,131ms] [Error] [omni.physx.plugin] PhysX error: PxRigidDynamic::setAngularVelocity: Body must be non-kinematic!, FILE /builds/omniverse/physics/physx/source/physx/src/NpRigidDynamic.cpp, LINE 266
2026-08-14T23:02:05Z [33,131ms] [Warning] [omni.anim.graph.core.python] Type mismatch for variable Action in Character::SetVariable
2026-08-14T23:02:05Z [33,131ms] [Warning] [omni.anim.graph.core.python] Type mismatch for variable Walk in Character::SetVariable
2026-08-14T23:02:05Z [33,141ms] [Error] [omni.physx.plugin] PhysX error: PxRigidDynamic::setLinearVelocity: Body must be non-kinematic!, FILE /builds/omniverse/physics/physx/source/physx/src/NpRigidDynamic.cpp, LINE 232
2026-08-14T23:02:05Z [33,141ms] [Error] [omni.physx.plugin] PhysX error: PxRigidDynamic::setAngularVelocity: Body must be non-kinematic!, FILE /builds/omniverse/physics/physx/source/physx/src/NpRigidDynamic.cpp, LINE 266
2026-08-14T23:02:05Z [33,141ms] [Warning] [omni.anim.graph.core.python] Type mismatch for variable Action in Character::SetVariable
2026-08-14T23:02:05Z [33,141ms] [Warning] [omni.anim.graph.core.python] Type mismatch for variable Walk in Character::SetVariable
2026-08-14T23:02:05Z [33,161ms] [Error] [omni.physx.plugin] PhysX error: PxRigidDynamic::setLinearVelocity: Body must be non-kinematic!, FILE /builds/omniverse/physics/physx/source/physx/src/NpRigidDynamic.cpp, LINE 232
2026-08-14T23:02:05Z [33,161ms] [Error] [omni.physx.plugin] PhysX error: PxRigidDynamic::setAngularVelocity: Body must be non-kinematic!, FILE /builds/omniverse/physics/physx/source/physx/src/NpRigidDynamic.cpp, LINE 266
2026-08-14T23:02:05Z [33,161ms] [Warning] [omni.anim.graph.core.python] Type mismatch for variable Action in Character::SetVariable
2026-08-14T23:02:05Z [33,161ms] [Warning] [omni.anim.graph.core.python] Type mismatch for variable Walk in Character::SetVariable
2026-08-14T23:02:05Z [33,181ms] [Error] [omni.physx.plugin] PhysX error: PxRigidDynamic::setLinearVelocity: Body must be non-kinematic!, FILE /builds/omniverse/physics/physx/source/physx/src/NpRigidDynamic.cpp, LINE 232
2026-08-14T23:02:05Z [33,181ms] [Error] [omni.physx.plugin] PhysX error: PxRigidDynamic::setAngularVelocity: Body must be non-kinematic!, FILE /builds/omniverse/physics/physx/source/physx/src/NpRigidDynamic.cpp, LINE 266
2026-08-14T23:02:05Z [33,181ms] [Warning] [omni.anim.graph.core.python] Type mismatch for variable Action in Character::SetVariable
2026-08-14T23:02:05Z [33,181ms] [Warning] [omni.anim.graph.core.python] Type mismatch for variable Walk in Character::SetVariable
2026-08-14T23:02:05Z [33,210ms] [Error] [omni.physx.plugin] PhysX error: PxRigidDynamic::setLinearVelocity: Body must be non-kinematic!, FILE /builds/omniverse/physics/physx/source/physx/src/NpRigidDynamic.cpp, LINE 232
2026-08-14T23:02:05Z [33,210ms] [Error] [omni.physx.plugin] PhysX error: PxRigidDynamic::setAngularVelocity: Body must be non-kinematic!, FILE /builds/omniverse/physics/physx/source/physx/src/NpRigidDynamic.cpp, LINE 266
2026-08-14T23:02:05Z [33,210ms] [Warning] [omni.anim.graph.core.python] Type mismatch for variable Action in Character::SetVariable
2026-08-14T23:02:05Z [33,210ms] [Warning] [omni.anim.graph.core.python] Type mismatch for variable Walk in Character::SetVariable
2026-08-14T23:02:05Z [33,230ms] [Error] [omni.physx.plugin] PhysX error: PxRigidDynamic::setLinearVelocity: Body must be non-kinematic!, FILE /builds/omniverse/physics/physx/source/physx/src/NpRigidDynamic.cpp, LINE 232
2026-08-14T23:02:05Z [33,230ms] [Error] [omni.physx.plugin] PhysX error: PxRigidDynamic::setAngularVelocity: Body must be non-kinematic!, FILE /builds/omniverse/physics/physx/source/physx/src/NpRigidDynamic.cpp, LINE 266
2026-08-14T23:02:05Z [33,230ms] [Warning] [omni.anim.graph.core.python] Type mismatch for variable Action in Character::SetVariable
2026-08-14T23:02:05Z [33,230ms] [Warning] [omni.anim.graph.core.python] Type mismatch for variable Walk in Character::SetVariable
2026-08-14T23:02:05Z [33,241ms] [Error] [omni.physx.plugin] PhysX error: PxRigidDynamic::setLinearVelocity: Body must be non-kinematic!, FILE /builds/omniverse/physics/physx/source/physx/src/NpRigidDynamic.cpp, LINE 232
2026-08-14T23:02:05Z [33,241ms] [Error] [omni.physx.plugin] PhysX error: PxRigidDynamic::setAngularVelocity: Body must be non-kinematic!, FILE /builds/omniverse/physics/physx/source/physx/src/NpRigidDynamic.cpp, LINE 266
2026-08-14T23:02:05Z [33,241ms] [Warning] [omni.anim.graph.core.python] Type mismatch for variable Action in Character::SetVariable
2026-08-14T23:02:05Z [33,241ms] [Warning] [omni.anim.graph.core.python] Type mismatch for variable Walk in Character::SetVariable
2026-08-14T23:02:05Z [33,261ms] [Error] [omni.physx.plugin] PhysX error: PxRigidDynamic::setLinearVelocity: Body must be non-kinematic!, FILE /builds/omniverse/physics/physx/source/physx/src/NpRigidDynamic.cpp, LINE 232
2026-08-14T23:02:05Z [33,261ms] [Error] [omni.physx.plugin] PhysX error: PxRigidDynamic::setAngularVelocity: Body must be non-kinematic!, FILE /builds/omniverse/physics/physx/source/physx/src/NpRigidDynamic.cpp, LINE 266
2026-08-14T23:02:05Z [33,261ms] [Warning] [omni.anim.graph.core.python] Type mismatch for variable Action in Character::SetVariable
2026-08-14T23:02:05Z [33,261ms] [Warning] [omni.anim.graph.core.python] Type mismatch for variable Walk in Character::SetVariable
2026-08-14T23:02:05Z [33,281ms] [Error] [omni.physx.plugin] PhysX error: PxRigidDynamic::setLinearVelocity: Body must be non-kinematic!, FILE /builds/omniverse/physics/physx/source/physx/src/NpRigidDynamic.cpp, LINE 232
2026-08-14T23:02:05Z [33,281ms] [Error] [omni.physx.plugin] PhysX error: PxRigidDynamic::setAngularVelocity: Body must be non-kinematic!, FILE /builds/omniverse/physics/physx/source/physx/src/NpRigidDynamic.cpp, LINE 266
2026-08-14T23:02:05Z [33,281ms] [Warning] [omni.anim.graph.core.python] Type mismatch for variable Action in Character::SetVariable
2026-08-14T23:02:05Z [33,281ms] [Warning] [omni.anim.graph.core.python] Type mismatch for variable Walk in Character::SetVariable
2026-08-14T23:02:05Z [33,311ms] [Error] [omni.physx.plugin] PhysX error: PxRigidDynamic::setLinearVelocity: Body must be non-kinematic!, FILE /builds/omniverse/physics/physx/source/physx/src/NpRigidDynamic.cpp, LINE 232
2026-08-14T23:02:05Z [33,311ms] [Error] [omni.physx.plugin] PhysX error: PxRigidDynamic::setAngularVelocity: Body must be non-kinematic!, FILE /builds/omniverse/physics/physx/source/physx/src/NpRigidDynamic.cpp, LINE 266
2026-08-14T23:02:05Z [33,311ms] [Warning] [omni.anim.graph.core.python] Type mismatch for variable Action in Character::SetVariable
2026-08-14T23:02:05Z [33,311ms] [Warning] [omni.anim.graph.core.python] Type mismatch for variable Walk in Character::SetVariable
2026-08-14T23:02:05Z [33,321ms] [Error] [omni.physx.plugin] PhysX error: PxRigidDynamic::setLinearVelocity: Body must be non-kinematic!, FILE /builds/omniverse/physics/physx/source/physx/src/NpRigidDynamic.cpp, LINE 232
2026-08-14T23:02:05Z [33,321ms] [Error] [omni.physx.plugin] PhysX error: PxRigidDynamic::setAngularVelocity: Body must be non-kinematic!, FILE /builds/omniverse/physics/physx/source/physx/src/NpRigidDynamic.cpp, LINE 266
2026-08-14T23:02:05Z [33,321ms] [Warning] [omni.anim.graph.core.python] Type mismatch for variable Action in Character::SetVariable
2026-08-14T23:02:05Z [33,321ms] [Warning] [omni.anim.graph.core.python] Type mismatch for variable Walk in Character::SetVariable
2026-08-14T23:02:05Z [33,341ms] [Error] [omni.physx.plugin] PhysX error: PxRigidDynamic::setLinearVelocity: Body must be non-kinematic!, FILE /builds/omniverse/physics/physx/source/physx/src/NpRigidDynamic.cpp, LINE 232
2026-08-14T23:02:05Z [33,341ms] [Error] [omni.physx.plugin] PhysX error: PxRigidDynamic::setAngularVelocity: Body must be non-kinematic!, FILE /builds/omniverse/physics/physx/source/physx/src/NpRigidDynamic.cpp, LINE 266
2026-08-14T23:02:05Z [33,341ms] [Warning] [omni.anim.graph.core.python] Type mismatch for variable Action in Character::SetVariable
2026-08-14T23:02:05Z [33,341ms] [Warning] [omni.anim.graph.core.python] Type mismatch for variable Walk in Character::SetVariable
2026-08-14T23:02:05Z [33,361ms] [Error] [omni.physx.plugin] PhysX error: PxRigidDynamic::setLinearVelocity: Body must be non-kinematic!, FILE /builds/omniverse/physics/physx/source/physx/src/NpRigidDynamic.cpp, LINE 232
2026-08-14T23:02:05Z [33,361ms] [Error] [omni.physx.plugin] PhysX error: PxRigidDynamic::setAngularVelocity: Body must be non-kinematic!, FILE /builds/omniverse/physics/physx/source/physx/src/NpRigidDynamic.cpp, LINE 266
2026-08-14T23:02:05Z [33,361ms] [Warning] [omni.anim.graph.core.python] Type mismatch for variable Action in Character::SetVariable
2026-08-14T23:02:05Z [33,361ms] [Warning] [omni.anim.graph.core.python] Type mismatch for variable Walk in Character::SetVariable
2026-08-14T23:02:05Z [33,381ms] [Error] [omni.physx.plugin] PhysX error: PxRigidDynamic::setLinearVelocity: Body must be non-kinematic!, FILE /builds/omniverse/physics/physx/source/physx/src/NpRigidDynamic.cpp, LINE 232
2026-08-14T23:02:05Z [33,381ms] [Error] [omni.physx.plugin] PhysX error: PxRigidDynamic::setAngularVelocity: Body must be non-kinematic!, FILE /builds/omniverse/physics/physx/source/physx/src/NpRigidDynamic.cpp, LINE 266
2026-08-14T23:02:05Z [33,381ms] [Warning] [omni.anim.graph.core.python] Type mismatch for variable Action in Character::SetVariable
2026-08-14T23:02:05Z [33,381ms] [Warning] [omni.anim.graph.core.python] Type mismatch for variable Walk in Character::SetVariable
2026-08-14T23:02:05Z [33,421ms] [Error] [omni.physx.plugin] PhysX error: PxRigidDynamic::setLinearVelocity: Body must be non-kinematic!, FILE /builds/omniverse/physics/physx/source/physx/src/NpRigidDynamic.cpp, LINE 232
2026-08-14T23:02:05Z [33,421ms] [Error] [omni.physx.plugin] PhysX error: PxRigidDynamic::setAngularVelocity: Body must be non-kinematic!, FILE /builds/omniverse/physics/physx/source/physx/src/NpRigidDynamic.cpp, LINE 266
2026-08-14T23:02:05Z [33,421ms] [Warning] [omni.anim.graph.core.python] Type mismatch for variable Action in Character::SetVariable
2026-08-14T23:02:05Z [33,421ms] [Warning] [omni.anim.graph.core.python] Type mismatch for variable Walk in Character::SetVariable
2026-08-14T23:02:05Z [33,430ms] [Error] [omni.physx.plugin] PhysX error: PxRigidDynamic::setLinearVelocity: Body must be non-kinematic!, FILE /builds/omniverse/physics/physx/source/physx/src/NpRigidDynamic.cpp, LINE 232
2026-08-14T23:02:05Z [33,430ms] [Error] [omni.physx.plugin] PhysX error: PxRigidDynamic::setAngularVelocity: Body must be non-kinematic!, FILE /builds/omniverse/physics/physx/source/physx/src/NpRigidDynamic.cpp, LINE 266
2026-08-14T23:02:05Z [33,430ms] [Warning] [omni.anim.graph.core.python] Type mismatch for variable Action in Character::SetVariable
2026-08-14T23:02:05Z [33,430ms] [Warning] [omni.anim.graph.core.python] Type mismatch for variable Walk in Character::SetVariable
2026-08-14T23:02:05Z [33,441ms] [Error] [omni.physx.plugin] PhysX error: PxRigidDynamic::setLinearVelocity: Body must be non-kinematic!, FILE /builds/omniverse/physics/physx/source/physx/src/NpRigidDynamic.cpp, LINE 232
2026-08-14T23:02:05Z [33,441ms] [Error] [omni.physx.plugin] PhysX error: PxRigidDynamic::setAngularVelocity: Body must be non-kinematic!, FILE /builds/omniverse/physics/physx/source/physx/src/NpRigidDynamic.cpp, LINE 266
2026-08-14T23:02:05Z [33,441ms] [Warning] [omni.anim.graph.core.python] Type mismatch for variable Action in Character::SetVariable
2026-08-14T23:02:05Z [33,441ms] [Warning] [omni.anim.graph.core.python] Type mismatch for variable Walk in Character::SetVariable
2026-08-14T23:02:05Z [33,461ms] [Error] [omni.physx.plugin] PhysX error: PxRigidDynamic::setLinearVelocity: Body must be non-kinematic!, FILE /builds/omniverse/physics/physx/source/physx/src/NpRigidDynamic.cpp, LINE 232
2026-08-14T23:02:05Z [33,462ms] [Error] [omni.physx.plugin] PhysX error: PxRigidDynamic::setAngularVelocity: Body must be non-kinematic!, FILE /builds/omniverse/physics/physx/source/physx/src/NpRigidDynamic.cpp, LINE 266
2026-08-14T23:02:05Z [33,462ms] [Warning] [omni.anim.graph.core.python] Type mismatch for variable Action in Character::SetVariable
2026-08-14T23:02:05Z [33,462ms] [Warning] [omni.anim.graph.core.python] Type mismatch for variable Walk in Character::SetVariable
2026-08-14T23:02:05Z [33,481ms] [Error] [omni.physx.plugin] PhysX error: PxRigidDynamic::setLinearVelocity: Body must be non-kinematic!, FILE /builds/omniverse/physics/physx/source/physx/src/NpRigidDynamic.cpp, LINE 232
2026-08-14T23:02:05Z [33,481ms] [Error] [omni.physx.plugin] PhysX error: PxRigidDynamic::setAngularVelocity: Body must be non-kinematic!, FILE /builds/omniverse/physics/physx/source/physx/src/NpRigidDynamic.cpp, LINE 266
2026-08-14T23:02:05Z [33,481ms] [Warning] [omni.anim.graph.core.python] Type mismatch for variable Action in Character::SetVariable
2026-08-14T23:02:05Z [33,481ms] [Warning] [omni.anim.graph.core.python] Type mismatch for variable Walk in Character::SetVariable
2026-08-14T23:02:05Z [33,508ms] [Error] [omni.physx.plugin] PhysX error: PxRigidDynamic::setLinearVelocity: Body must be non-kinematic!, FILE /builds/omniverse/physics/physx/source/physx/src/NpRigidDynamic.cpp, LINE 232
2026-08-14T23:02:05Z [33,508ms] [Error] [omni.physx.plugin] PhysX error: PxRigidDynamic::setAngularVelocity: Body must be non-kinematic!, FILE /builds/omniverse/physics/physx/source/physx/src/NpRigidDynamic.cpp, LINE 266
2026-08-14T23:02:05Z [33,508ms] [Warning] [omni.anim.graph.core.python] Type mismatch for variable Action in Character::SetVariable
2026-08-14T23:02:05Z [33,508ms] [Warning] [omni.anim.graph.core.python] Type mismatch for variable Walk in Character::SetVariable
2026-08-14T23:02:05Z [33,528ms] [Error] [omni.physx.plugin] PhysX error: PxRigidDynamic::setLinearVelocity: Body must be non-kinematic!, FILE /builds/omniverse/physics/physx/source/physx/src/NpRigidDynamic.cpp, LINE 232
2026-08-14T23:02:05Z [33,528ms] [Error] [omni.physx.plugin] PhysX error: PxRigidDynamic::setAngularVelocity: Body must be non-kinematic!, FILE /builds/omniverse/physics/physx/source/physx/src/NpRigidDynamic.cpp, LINE 266
2026-08-14T23:02:05Z [33,528ms] [Warning] [omni.anim.graph.core.python] Type mismatch for variable Action in Character::SetVariable
2026-08-14T23:02:05Z [33,528ms] [Warning] [omni.anim.graph.core.python] Type mismatch for variable Walk in Character::SetVariable
2026-08-14T23:02:05Z [33,541ms] [Error] [omni.physx.plugin] PhysX error: PxRigidDynamic::setLinearVelocity: Body must be non-kinematic!, FILE /builds/omniverse/physics/physx/source/physx/src/NpRigidDynamic.cpp, LINE 232
2026-08-14T23:02:05Z [33,541ms] [Error] [omni.physx.plugin] PhysX error: PxRigidDynamic::setAngularVelocity: Body must be non-kinematic!, FILE /builds/omniverse/physics/physx/source/physx/src/NpRigidDynamic.cpp, LINE 266
2026-08-14T23:02:05Z [33,541ms] [Warning] [omni.anim.graph.core.python] Type mismatch for variable Action in Character::SetVariable
2026-08-14T23:02:05Z [33,541ms] [Warning] [omni.anim.graph.core.python] Type mismatch for variable Walk in Character::SetVariable
2026-08-14T23:02:05Z [33,561ms] [Error] [omni.physx.plugin] PhysX error: PxRigidDynamic::setLinearVelocity: Body must be non-kinematic!, FILE /builds/omniverse/physics/physx/source/physx/src/NpRigidDynamic.cpp, LINE 232
2026-08-14T23:02:05Z [33,561ms] [Error] [omni.physx.plugin] PhysX error: PxRigidDynamic::setAngularVelocity: Body must be non-kinematic!, FILE /builds/omniverse/physics/physx/source/physx/src/NpRigidDynamic.cpp, LINE 266
2026-08-14T23:02:05Z [33,561ms] [Warning] [omni.anim.graph.core.python] Type mismatch for variable Action in Character::SetVariable
2026-08-14T23:02:05Z [33,561ms] [Warning] [omni.anim.graph.core.python] Type mismatch for variable Walk in Character::SetVariable
2026-08-14T23:02:05Z [33,583ms] [Error] [omni.physx.plugin] PhysX error: PxRigidDynamic::setLinearVelocity: Body must be non-kinematic!, FILE /builds/omniverse/physics/physx/source/physx/src/NpRigidDynamic.cpp, LINE 232
2026-08-14T23:02:05Z [33,583ms] [Error] [omni.physx.plugin] PhysX error: PxRigidDynamic::setAngularVelocity: Body must be non-kinematic!, FILE /builds/omniverse/physics/physx/source/physx/src/NpRigidDynamic.cpp, LINE 266
2026-08-14T23:02:05Z [33,583ms] [Warning] [omni.anim.graph.core.python] Type mismatch for variable Action in Character::SetVariable
2026-08-14T23:02:05Z [33,583ms] [Warning] [omni.anim.graph.core.python] Type mismatch for variable Walk in Character::SetVariable
2026-08-14T23:02:05Z [33,614ms] [Error] [omni.physx.plugin] PhysX error: PxRigidDynamic::setLinearVelocity: Body must be non-kinematic!, FILE /builds/omniverse/physics/physx/source/physx/src/NpRigidDynamic.cpp, LINE 232
2026-08-14T23:02:05Z [33,614ms] [Error] [omni.physx.plugin] PhysX error: PxRigidDynamic::setAngularVelocity: Body must be non-kinematic!, FILE /builds/omniverse/physics/physx/source/physx/src/NpRigidDynamic.cpp, LINE 266
2026-08-14T23:02:05Z [33,614ms] [Warning] [omni.anim.graph.core.python] Type mismatch for variable Action in Character::SetVariable
2026-08-14T23:02:05Z [33,614ms] [Warning] [omni.anim.graph.core.python] Type mismatch for variable Walk in Character::SetVariable
2026-08-14T23:02:05Z [33,622ms] [Error] [omni.physx.plugin] PhysX error: PxRigidDynamic::setLinearVelocity: Body must be non-kinematic!, FILE /builds/omniverse/physics/physx/source/physx/src/NpRigidDynamic.cpp, LINE 232
2026-08-14T23:02:05Z [33,622ms] [Error] [omni.physx.plugin] PhysX error: PxRigidDynamic::setAngularVelocity: Body must be non-kinematic!, FILE /builds/omniverse/physics/physx/source/physx/src/NpRigidDynamic.cpp, LINE 266
2026-08-14T23:02:05Z [33,622ms] [Warning] [omni.anim.graph.core.python] Type mismatch for variable Action in Character::SetVariable
2026-08-14T23:02:05Z [33,622ms] [Warning] [omni.anim.graph.core.python] Type mismatch for variable Walk in Character::SetVariable
2026-08-14T23:02:05Z [33,642ms] [Error] [omni.physx.plugin] PhysX error: PxRigidDynamic::setLinearVelocity: Body must be non-kinematic!, FILE /builds/omniverse/physics/physx/source/physx/src/NpRigidDynamic.cpp, LINE 232
2026-08-14T23:02:05Z [33,642ms] [Error] [omni.physx.plugin] PhysX error: PxRigidDynamic::setAngularVelocity: Body must be non-kinematic!, FILE /builds/omniverse/physics/physx/source/physx/src/NpRigidDynamic.cpp, LINE 266
2026-08-14T23:02:05Z [33,642ms] [Warning] [omni.anim.graph.core.python] Type mismatch for variable Action in Character::SetVariable
2026-08-14T23:02:05Z [33,642ms] [Warning] [omni.anim.graph.core.python] Type mismatch for variable Walk in Character::SetVariable
2026-08-14T23:02:05Z [33,661ms] [Error] [omni.physx.plugin] PhysX error: PxRigidDynamic::setLinearVelocity: Body must be non-kinematic!, FILE /builds/omniverse/physics/physx/source/physx/src/NpRigidDynamic.cpp, LINE 232
2026-08-14T23:02:05Z [33,661ms] [Error] [omni.physx.plugin] PhysX error: PxRigidDynamic::setAngularVelocity: Body must be non-kinematic!, FILE /builds/omniverse/physics/physx/source/physx/src/NpRigidDynamic.cpp, LINE 266
2026-08-14T23:02:05Z [33,661ms] [Warning] [omni.anim.graph.core.python] Type mismatch for variable Action in Character::SetVariable
2026-08-14T23:02:05Z [33,661ms] [Warning] [omni.anim.graph.core.python] Type mismatch for variable Walk in Character::SetVariable
2026-08-14T23:02:06Z [33,681ms] [Error] [omni.physx.plugin] PhysX error: PxRigidDynamic::setLinearVelocity: Body must be non-kinematic!, FILE /builds/omniverse/physics/physx/source/physx/src/NpRigidDynamic.cpp, LINE 232
2026-08-14T23:02:06Z [33,681ms] [Error] [omni.physx.plugin] PhysX error: PxRigidDynamic::setAngularVelocity: Body must be non-kinematic!, FILE /builds/omniverse/physics/physx/source/physx/src/NpRigidDynamic.cpp, LINE 266
2026-08-14T23:02:06Z [33,681ms] [Warning] [omni.anim.graph.core.python] Type mismatch for variable Action in Character::SetVariable
2026-08-14T23:02:06Z [33,681ms] [Warning] [omni.anim.graph.core.python] Type mismatch for variable Walk in Character::SetVariable
2026-08-14T23:02:06Z [33,725ms] [Error] [omni.physx.plugin] PhysX error: PxRigidDynamic::setLinearVelocity: Body must be non-kinematic!, FILE /builds/omniverse/physics/physx/source/physx/src/NpRigidDynamic.cpp, LINE 232
2026-08-14T23:02:06Z [33,725ms] [Error] [omni.physx.plugin] PhysX error: PxRigidDynamic::setAngularVelocity: Body must be non-kinematic!, FILE /builds/omniverse/physics/physx/source/physx/src/NpRigidDynamic.cpp, LINE 266
2026-08-14T23:02:06Z [33,725ms] [Warning] [omni.anim.graph.core.python] Type mismatch for variable Action in Character::SetVariable
2026-08-14T23:02:06Z [33,725ms] [Warning] [omni.anim.graph.core.python] Type mismatch for variable Walk in Character::SetVariable
2026-08-14T23:02:06Z [33,734ms] [Error] [omni.physx.plugin] PhysX error: PxRigidDynamic::setLinearVelocity: Body must be non-kinematic!, FILE /builds/omniverse/physics/physx/source/physx/src/NpRigidDynamic.cpp, LINE 232
2026-08-14T23:02:06Z [33,735ms] [Error] [omni.physx.plugin] PhysX error: PxRigidDynamic::setAngularVelocity: Body must be non-kinematic!, FILE /builds/omniverse/physics/physx/source/physx/src/NpRigidDynamic.cpp, LINE 266
2026-08-14T23:02:06Z [33,735ms] [Warning] [omni.anim.graph.core.python] Type mismatch for variable Action in Character::SetVariable
2026-08-14T23:02:06Z [33,735ms] [Warning] [omni.anim.graph.core.python] Type mismatch for variable Walk in Character::SetVariable
2026-08-14T23:02:06Z [33,743ms] [Error] [omni.physx.plugin] PhysX error: PxRigidDynamic::setLinearVelocity: Body must be non-kinematic!, FILE /builds/omniverse/physics/physx/source/physx/src/NpRigidDynamic.cpp, LINE 232
2026-08-14T23:02:06Z [33,743ms] [Error] [omni.physx.plugin] PhysX error: PxRigidDynamic::setAngularVelocity: Body must be non-kinematic!, FILE /builds/omniverse/physics/physx/source/physx/src/NpRigidDynamic.cpp, LINE 266
2026-08-14T23:02:06Z [33,743ms] [Warning] [omni.anim.graph.core.python] Type mismatch for variable Action in Character::SetVariable
2026-08-14T23:02:06Z [33,743ms] [Warning] [omni.anim.graph.core.python] Type mismatch for variable Walk in Character::SetVariable
2026-08-14T23:02:06Z [33,763ms] [Error] [omni.physx.plugin] PhysX error: PxRigidDynamic::setLinearVelocity: Body must be non-kinematic!, FILE /builds/omniverse/physics/physx/source/physx/src/NpRigidDynamic.cpp, LINE 232
2026-08-14T23:02:06Z [33,763ms] [Error] [omni.physx.plugin] PhysX error: PxRigidDynamic::setAngularVelocity: Body must be non-kinematic!, FILE /builds/omniverse/physics/physx/source/physx/src/NpRigidDynamic.cpp, LINE 266
2026-08-14T23:02:06Z [33,763ms] [Warning] [omni.anim.graph.core.python] Type mismatch for variable Action in Character::SetVariable
2026-08-14T23:02:06Z [33,763ms] [Warning] [omni.anim.graph.core.python] Type mismatch for variable Walk in Character::SetVariable
2026-08-14T23:02:06Z [33,781ms] [Error] [omni.physx.plugin] PhysX error: PxRigidDynamic::setLinearVelocity: Body must be non-kinematic!, FILE /builds/omniverse/physics/physx/source/physx/src/NpRigidDynamic.cpp, LINE 232
2026-08-14T23:02:06Z [33,781ms] [Error] [omni.physx.plugin] PhysX error: PxRigidDynamic::setAngularVelocity: Body must be non-kinematic!, FILE /builds/omniverse/physics/physx/source/physx/src/NpRigidDynamic.cpp, LINE 266
2026-08-14T23:02:06Z [33,781ms] [Warning] [omni.anim.graph.core.python] Type mismatch for variable Action in Character::SetVariable
2026-08-14T23:02:06Z [33,781ms] [Warning] [omni.anim.graph.core.python] Type mismatch for variable Walk in Character::SetVariable
2026-08-14T23:02:06Z [33,808ms] [Error] [omni.physx.plugin] PhysX error: PxRigidDynamic::setLinearVelocity: Body must be non-kinematic!, FILE /builds/omniverse/physics/physx/source/physx/src/NpRigidDynamic.cpp, LINE 232
2026-08-14T23:02:06Z [33,808ms] [Error] [omni.physx.plugin] PhysX error: PxRigidDynamic::setAngularVelocity: Body must be non-kinematic!, FILE /builds/omniverse/physics/physx/source/physx/src/NpRigidDynamic.cpp, LINE 266
2026-08-14T23:02:06Z [33,808ms] [Warning] [omni.anim.graph.core.python] Type mismatch for variable Action in Character::SetVariable
2026-08-14T23:02:06Z [33,808ms] [Warning] [omni.anim.graph.core.python] Type mismatch for variable Walk in Character::SetVariable
2026-08-14T23:02:06Z [33,827ms] [Error] [omni.physx.plugin] PhysX error: PxRigidDynamic::setLinearVelocity: Body must be non-kinematic!, FILE /builds/omniverse/physics/physx/source/physx/src/NpRigidDynamic.cpp, LINE 232
2026-08-14T23:02:06Z [33,827ms] [Error] [omni.physx.plugin] PhysX error: PxRigidDynamic::setAngularVelocity: Body must be non-kinematic!, FILE /builds/omniverse/physics/physx/source/physx/src/NpRigidDynamic.cpp, LINE 266
2026-08-14T23:02:06Z [33,827ms] [Warning] [omni.anim.graph.core.python] Type mismatch for variable Action in Character::SetVariable
2026-08-14T23:02:06Z [33,827ms] [Warning] [omni.anim.graph.core.python] Type mismatch for variable Walk in Character::SetVariable
2026-08-14T23:02:06Z [33,841ms] [Error] [omni.physx.plugin] PhysX error: PxRigidDynamic::setLinearVelocity: Body must be non-kinematic!, FILE /builds/omniverse/physics/physx/source/physx/src/NpRigidDynamic.cpp, LINE 232
2026-08-14T23:02:06Z [33,841ms] [Error] [omni.physx.plugin] PhysX error: PxRigidDynamic::setAngularVelocity: Body must be non-kinematic!, FILE /builds/omniverse/physics/physx/source/physx/src/NpRigidDynamic.cpp, LINE 266
2026-08-14T23:02:06Z [33,841ms] [Warning] [omni.anim.graph.core.python] Type mismatch for variable Action in Character::SetVariable
2026-08-14T23:02:06Z [33,841ms] [Warning] [omni.anim.graph.core.python] Type mismatch for variable Walk in Character::SetVariable
2026-08-14T23:02:06Z [33,861ms] [Error] [omni.physx.plugin] PhysX error: PxRigidDynamic::setLinearVelocity: Body must be non-kinematic!, FILE /builds/omniverse/physics/physx/source/physx/src/NpRigidDynamic.cpp, LINE 232
2026-08-14T23:02:06Z [33,861ms] [Error] [omni.physx.plugin] PhysX error: PxRigidDynamic::setAngularVelocity: Body must be non-kinematic!, FILE /builds/omniverse/physics/physx/source/physx/src/NpRigidDynamic.cpp, LINE 266
2026-08-14T23:02:06Z [33,861ms] [Warning] [omni.anim.graph.core.python] Type mismatch for variable Action in Character::SetVariable
2026-08-14T23:02:06Z [33,861ms] [Warning] [omni.anim.graph.core.python] Type mismatch for variable Walk in Character::SetVariable
2026-08-14T23:02:06Z [33,882ms] [Error] [omni.physx.plugin] PhysX error: PxRigidDynamic::setLinearVelocity: Body must be non-kinematic!, FILE /builds/omniverse/physics/physx/source/physx/src/NpRigidDynamic.cpp, LINE 232
2026-08-14T23:02:06Z [33,882ms] [Error] [omni.physx.plugin] PhysX error: PxRigidDynamic::setAngularVelocity: Body must be non-kinematic!, FILE /builds/omniverse/physics/physx/source/physx/src/NpRigidDynamic.cpp, LINE 266
2026-08-14T23:02:06Z [33,882ms] [Warning] [omni.anim.graph.core.python] Type mismatch for variable Action in Character::SetVariable
2026-08-14T23:02:06Z [33,882ms] [Warning] [omni.anim.graph.core.python] Type mismatch for variable Walk in Character::SetVariable
2026-08-14T23:02:06Z [33,913ms] [Error] [omni.physx.plugin] PhysX error: PxRigidDynamic::setLinearVelocity: Body must be non-kinematic!, FILE /builds/omniverse/physics/physx/source/physx/src/NpRigidDynamic.cpp, LINE 232
2026-08-14T23:02:06Z [33,913ms] [Error] [omni.physx.plugin] PhysX error: PxRigidDynamic::setAngularVelocity: Body must be non-kinematic!, FILE /builds/omniverse/physics/physx/source/physx/src/NpRigidDynamic.cpp, LINE 266
2026-08-14T23:02:06Z [33,913ms] [Warning] [omni.anim.graph.core.python] Type mismatch for variable Action in Character::SetVariable
2026-08-14T23:02:06Z [33,913ms] [Warning] [omni.anim.graph.core.python] Type mismatch for variable Walk in Character::SetVariable
2026-08-14T23:02:06Z [33,921ms] [Error] [omni.physx.plugin] PhysX error: PxRigidDynamic::setLinearVelocity: Body must be non-kinematic!, FILE /builds/omniverse/physics/physx/source/physx/src/NpRigidDynamic.cpp, LINE 232
2026-08-14T23:02:06Z [33,921ms] [Error] [omni.physx.plugin] PhysX error: PxRigidDynamic::setAngularVelocity: Body must be non-kinematic!, FILE /builds/omniverse/physics/physx/source/physx/src/NpRigidDynamic.cpp, LINE 266
2026-08-14T23:02:06Z [33,921ms] [Warning] [omni.anim.graph.core.python] Type mismatch for variable Action in Character::SetVariable
2026-08-14T23:02:06Z [33,921ms] [Warning] [omni.anim.graph.core.python] Type mismatch for variable Walk in Character::SetVariable
2026-08-14T23:02:06Z [33,941ms] [Error] [omni.physx.plugin] PhysX error: PxRigidDynamic::setLinearVelocity: Body must be non-kinematic!, FILE /builds/omniverse/physics/physx/source/physx/src/NpRigidDynamic.cpp, LINE 232
2026-08-14T23:02:06Z [33,941ms] [Error] [omni.physx.plugin] PhysX error: PxRigidDynamic::setAngularVelocity: Body must be non-kinematic!, FILE /builds/omniverse/physics/physx/source/physx/src/NpRigidDynamic.cpp, LINE 266
2026-08-14T23:02:06Z [33,941ms] [Warning] [omni.anim.graph.core.python] Type mismatch for variable Action in Character::SetVariable
2026-08-14T23:02:06Z [33,941ms] [Warning] [omni.anim.graph.core.python] Type mismatch for variable Walk in Character::SetVariable
2026-08-14T23:02:06Z [33,961ms] [Error] [omni.physx.plugin] PhysX error: PxRigidDynamic::setLinearVelocity: Body must be non-kinematic!, FILE /builds/omniverse/physics/physx/source/physx/src/NpRigidDynamic.cpp, LINE 232
2026-08-14T23:02:06Z [33,961ms] [Error] [omni.physx.plugin] PhysX error: PxRigidDynamic::setAngularVelocity: Body must be non-kinematic!, FILE /builds/omniverse/physics/physx/source/physx/src/NpRigidDynamic.cpp, LINE 266
2026-08-14T23:02:06Z [33,961ms] [Warning] [omni.anim.graph.core.python] Type mismatch for variable Action in Character::SetVariable
2026-08-14T23:02:06Z [33,961ms] [Warning] [omni.anim.graph.core.python] Type mismatch for variable Walk in Character::SetVariable
2026-08-14T23:02:06Z [33,981ms] [Error] [omni.physx.plugin] PhysX error: PxRigidDynamic::setLinearVelocity: Body must be non-kinematic!, FILE /builds/omniverse/physics/physx/source/physx/src/NpRigidDynamic.cpp, LINE 232
2026-08-14T23:02:06Z [33,981ms] [Error] [omni.physx.plugin] PhysX error: PxRigidDynamic::setAngularVelocity: Body must be non-kinematic!, FILE /builds/omniverse/physics/physx/source/physx/src/NpRigidDynamic.cpp, LINE 266
2026-08-14T23:02:06Z [33,981ms] [Warning] [omni.anim.graph.core.python] Type mismatch for variable Action in Character::SetVariable
2026-08-14T23:02:06Z [33,981ms] [Warning] [omni.anim.graph.core.python] Type mismatch for variable Walk in Character::SetVariable
2026-08-14T23:02:06Z [34,022ms] [Error] [omni.physx.plugin] PhysX error: PxRigidDynamic::setLinearVelocity: Body must be non-kinematic!, FILE /builds/omniverse/physics/physx/source/physx/src/NpRigidDynamic.cpp, LINE 232
2026-08-14T23:02:06Z [34,022ms] [Error] [omni.physx.plugin] PhysX error: PxRigidDynamic::setAngularVelocity: Body must be non-kinematic!, FILE /builds/omniverse/physics/physx/source/physx/src/NpRigidDynamic.cpp, LINE 266
2026-08-14T23:02:06Z [34,022ms] [Warning] [omni.anim.graph.core.python] Type mismatch for variable Action in Character::SetVariable
2026-08-14T23:02:06Z [34,022ms] [Warning] [omni.anim.graph.core.python] Type mismatch for variable Walk in Character::SetVariable
2026-08-14T23:02:06Z [34,030ms] [Error] [omni.physx.plugin] PhysX error: PxRigidDynamic::setLinearVelocity: Body must be non-kinematic!, FILE /builds/omniverse/physics/physx/source/physx/src/NpRigidDynamic.cpp, LINE 232
2026-08-14T23:02:06Z [34,030ms] [Error] [omni.physx.plugin] PhysX error: PxRigidDynamic::setAngularVelocity: Body must be non-kinematic!, FILE /builds/omniverse/physics/physx/source/physx/src/NpRigidDynamic.cpp, LINE 266
2026-08-14T23:02:06Z [34,030ms] [Warning] [omni.anim.graph.core.python] Type mismatch for variable Action in Character::SetVariable
2026-08-14T23:02:06Z [34,030ms] [Warning] [omni.anim.graph.core.python] Type mismatch for variable Walk in Character::SetVariable
2026-08-14T23:02:06Z [34,041ms] [Error] [omni.physx.plugin] PhysX error: PxRigidDynamic::setLinearVelocity: Body must be non-kinematic!, FILE /builds/omniverse/physics/physx/source/physx/src/NpRigidDynamic.cpp, LINE 232
2026-08-14T23:02:06Z [34,041ms] [Error] [omni.physx.plugin] PhysX error: PxRigidDynamic::setAngularVelocity: Body must be non-kinematic!, FILE /builds/omniverse/physics/physx/source/physx/src/NpRigidDynamic.cpp, LINE 266
2026-08-14T23:02:06Z [34,041ms] [Warning] [omni.anim.graph.core.python] Type mismatch for variable Action in Character::SetVariable
2026-08-14T23:02:06Z [34,041ms] [Warning] [omni.anim.graph.core.python] Type mismatch for variable Walk in Character::SetVariable
2026-08-14T23:02:06Z [34,061ms] [Error] [omni.physx.plugin] PhysX error: PxRigidDynamic::setLinearVelocity: Body must be non-kinematic!, FILE /builds/omniverse/physics/physx/source/physx/src/NpRigidDynamic.cpp, LINE 232
2026-08-14T23:02:06Z [34,061ms] [Error] [omni.physx.plugin] PhysX error: PxRigidDynamic::setAngularVelocity: Body must be non-kinematic!, FILE /builds/omniverse/physics/physx/source/physx/src/NpRigidDynamic.cpp, LINE 266
2026-08-14T23:02:06Z [34,061ms] [Warning] [omni.anim.graph.core.python] Type mismatch for variable Action in Character::SetVariable
2026-08-14T23:02:06Z [34,061ms] [Warning] [omni.anim.graph.core.python] Type mismatch for variable Walk in Character::SetVariable
2026-08-14T23:02:06Z [34,081ms] [Error] [omni.physx.plugin] PhysX error: PxRigidDynamic::setLinearVelocity: Body must be non-kinematic!, FILE /builds/omniverse/physics/physx/source/physx/src/NpRigidDynamic.cpp, LINE 232
2026-08-14T23:02:06Z [34,081ms] [Error] [omni.physx.plugin] PhysX error: PxRigidDynamic::setAngularVelocity: Body must be non-kinematic!, FILE /builds/omniverse/physics/physx/source/physx/src/NpRigidDynamic.cpp, LINE 266
2026-08-14T23:02:06Z [34,081ms] [Warning] [omni.anim.graph.core.python] Type mismatch for variable Action in Character::SetVariable
2026-08-14T23:02:06Z [34,081ms] [Warning] [omni.anim.graph.core.python] Type mismatch for variable Walk in Character::SetVariable
2026-08-14T23:02:06Z [34,107ms] [Error] [omni.physx.plugin] PhysX error: PxRigidDynamic::setLinearVelocity: Body must be non-kinematic!, FILE /builds/omniverse/physics/physx/source/physx/src/NpRigidDynamic.cpp, LINE 232
2026-08-14T23:02:06Z [34,107ms] [Error] [omni.physx.plugin] PhysX error: PxRigidDynamic::setAngularVelocity: Body must be non-kinematic!, FILE /builds/omniverse/physics/physx/source/physx/src/NpRigidDynamic.cpp, LINE 266
2026-08-14T23:02:06Z [34,107ms] [Warning] [omni.anim.graph.core.python] Type mismatch for variable Action in Character::SetVariable
2026-08-14T23:02:06Z [34,107ms] [Warning] [omni.anim.graph.core.python] Type mismatch for variable Walk in Character::SetVariable
2026-08-14T23:02:06Z [34,128ms] [Error] [omni.physx.plugin] PhysX error: PxRigidDynamic::setLinearVelocity: Body must be non-kinematic!, FILE /builds/omniverse/physics/physx/source/physx/src/NpRigidDynamic.cpp, LINE 232
2026-08-14T23:02:06Z [34,128ms] [Error] [omni.physx.plugin] PhysX error: PxRigidDynamic::setAngularVelocity: Body must be non-kinematic!, FILE /builds/omniverse/physics/physx/source/physx/src/NpRigidDynamic.cpp, LINE 266
2026-08-14T23:02:06Z [34,128ms] [Warning] [omni.anim.graph.core.python] Type mismatch for variable Action in Character::SetVariable
2026-08-14T23:02:06Z [34,128ms] [Warning] [omni.anim.graph.core.python] Type mismatch for variable Walk in Character::SetVariable
2026-08-14T23:02:06Z [34,141ms] [Error] [omni.physx.plugin] PhysX error: PxRigidDynamic::setLinearVelocity: Body must be non-kinematic!, FILE /builds/omniverse/physics/physx/source/physx/src/NpRigidDynamic.cpp, LINE 232
2026-08-14T23:02:06Z [34,141ms] [Error] [omni.physx.plugin] PhysX error: PxRigidDynamic::setAngularVelocity: Body must be non-kinematic!, FILE /builds/omniverse/physics/physx/source/physx/src/NpRigidDynamic.cpp, LINE 266
2026-08-14T23:02:06Z [34,141ms] [Warning] [omni.anim.graph.core.python] Type mismatch for variable Action in Character::SetVariable
2026-08-14T23:02:06Z [34,141ms] [Warning] [omni.anim.graph.core.python] Type mismatch for variable Walk in Character::SetVariable
2026-08-14T23:02:06Z [34,161ms] [Error] [omni.physx.plugin] PhysX error: PxRigidDynamic::setLinearVelocity: Body must be non-kinematic!, FILE /builds/omniverse/physics/physx/source/physx/src/NpRigidDynamic.cpp, LINE 232
2026-08-14T23:02:06Z [34,161ms] [Error] [omni.physx.plugin] PhysX error: PxRigidDynamic::setAngularVelocity: Body must be non-kinematic!, FILE /builds/omniverse/physics/physx/source/physx/src/NpRigidDynamic.cpp, LINE 266
2026-08-14T23:02:06Z [34,161ms] [Warning] [omni.anim.graph.core.python] Type mismatch for variable Action in Character::SetVariable
2026-08-14T23:02:06Z [34,161ms] [Warning] [omni.anim.graph.core.python] Type mismatch for variable Walk in Character::SetVariable
2026-08-14T23:02:06Z [34,181ms] [Error] [omni.physx.plugin] PhysX error: PxRigidDynamic::setLinearVelocity: Body must be non-kinematic!, FILE /builds/omniverse/physics/physx/source/physx/src/NpRigidDynamic.cpp, LINE 232
2026-08-14T23:02:06Z [34,181ms] [Error] [omni.physx.plugin] PhysX error: PxRigidDynamic::setAngularVelocity: Body must be non-kinematic!, FILE /builds/omniverse/physics/physx/source/physx/src/NpRigidDynamic.cpp, LINE 266
2026-08-14T23:02:06Z [34,181ms] [Warning] [omni.anim.graph.core.python] Type mismatch for variable Action in Character::SetVariable
2026-08-14T23:02:06Z [34,182ms] [Warning] [omni.anim.graph.core.python] Type mismatch for variable Walk in Character::SetVariable
2026-08-14T23:02:06Z [34,212ms] [Error] [omni.physx.plugin] PhysX error: PxRigidDynamic::setLinearVelocity: Body must be non-kinematic!, FILE /builds/omniverse/physics/physx/source/physx/src/NpRigidDynamic.cpp, LINE 232
2026-08-14T23:02:06Z [34,212ms] [Error] [omni.physx.plugin] PhysX error: PxRigidDynamic::setAngularVelocity: Body must be non-kinematic!, FILE /builds/omniverse/physics/physx/source/physx/src/NpRigidDynamic.cpp, LINE 266
2026-08-14T23:02:06Z [34,212ms] [Warning] [omni.anim.graph.core.python] Type mismatch for variable Action in Character::SetVariable
2026-08-14T23:02:06Z [34,212ms] [Warning] [omni.anim.graph.core.python] Type mismatch for variable Walk in Character::SetVariable
2026-08-14T23:02:06Z [34,221ms] [Error] [omni.physx.plugin] PhysX error: PxRigidDynamic::setLinearVelocity: Body must be non-kinematic!, FILE /builds/omniverse/physics/physx/source/physx/src/NpRigidDynamic.cpp, LINE 232
2026-08-14T23:02:06Z [34,221ms] [Error] [omni.physx.plugin] PhysX error: PxRigidDynamic::setAngularVelocity: Body must be non-kinematic!, FILE /builds/omniverse/physics/physx/source/physx/src/NpRigidDynamic.cpp, LINE 266
2026-08-14T23:02:06Z [34,221ms] [Warning] [omni.anim.graph.core.python] Type mismatch for variable Action in Character::SetVariable
2026-08-14T23:02:06Z [34,221ms] [Warning] [omni.anim.graph.core.python] Type mismatch for variable Walk in Character::SetVariable
2026-08-14T23:02:06Z [34,241ms] [Error] [omni.physx.plugin] PhysX error: PxRigidDynamic::setLinearVelocity: Body must be non-kinematic!, FILE /builds/omniverse/physics/physx/source/physx/src/NpRigidDynamic.cpp, LINE 232
2026-08-14T23:02:06Z [34,241ms] [Error] [omni.physx.plugin] PhysX error: PxRigidDynamic::setAngularVelocity: Body must be non-kinematic!, FILE /builds/omniverse/physics/physx/source/physx/src/NpRigidDynamic.cpp, LINE 266
2026-08-14T23:02:06Z [34,241ms] [Warning] [omni.anim.graph.core.python] Type mismatch for variable Action in Character::SetVariable
2026-08-14T23:02:06Z [34,241ms] [Warning] [omni.anim.graph.core.python] Type mismatch for variable Walk in Character::SetVariable
2026-08-14T23:02:06Z [34,261ms] [Error] [omni.physx.plugin] PhysX error: PxRigidDynamic::setLinearVelocity: Body must be non-kinematic!, FILE /builds/omniverse/physics/physx/source/physx/src/NpRigidDynamic.cpp, LINE 232
2026-08-14T23:02:06Z [34,261ms] [Error] [omni.physx.plugin] PhysX error: PxRigidDynamic::setAngularVelocity: Body must be non-kinematic!, FILE /builds/omniverse/physics/physx/source/physx/src/NpRigidDynamic.cpp, LINE 266
2026-08-14T23:02:06Z [34,261ms] [Warning] [omni.anim.graph.core.python] Type mismatch for variable Action in Character::SetVariable
2026-08-14T23:02:06Z [34,261ms] [Warning] [omni.anim.graph.core.python] Type mismatch for variable Walk in Character::SetVariable
2026-08-14T23:02:06Z [34,281ms] [Error] [omni.physx.plugin] PhysX error: PxRigidDynamic::setLinearVelocity: Body must be non-kinematic!, FILE /builds/omniverse/physics/physx/source/physx/src/NpRigidDynamic.cpp, LINE 232
2026-08-14T23:02:06Z [34,281ms] [Error] [omni.physx.plugin] PhysX error: PxRigidDynamic::setAngularVelocity: Body must be non-kinematic!, FILE /builds/omniverse/physics/physx/source/physx/src/NpRigidDynamic.cpp, LINE 266
2026-08-14T23:02:06Z [34,281ms] [Warning] [omni.anim.graph.core.python] Type mismatch for variable Action in Character::SetVariable
2026-08-14T23:02:06Z [34,281ms] [Warning] [omni.anim.graph.core.python] Type mismatch for variable Walk in Character::SetVariable
2026-08-14T23:02:06Z [34,320ms] [Error] [omni.physx.plugin] PhysX error: PxRigidDynamic::setLinearVelocity: Body must be non-kinematic!, FILE /builds/omniverse/physics/physx/source/physx/src/NpRigidDynamic.cpp, LINE 232
2026-08-14T23:02:06Z [34,320ms] [Error] [omni.physx.plugin] PhysX error: PxRigidDynamic::setAngularVelocity: Body must be non-kinematic!, FILE /builds/omniverse/physics/physx/source/physx/src/NpRigidDynamic.cpp, LINE 266
2026-08-14T23:02:06Z [34,320ms] [Warning] [omni.anim.graph.core.python] Type mismatch for variable Action in Character::SetVariable
2026-08-14T23:02:06Z [34,320ms] [Warning] [omni.anim.graph.core.python] Type mismatch for variable Walk in Character::SetVariable
2026-08-14T23:02:06Z [34,329ms] [Error] [omni.physx.plugin] PhysX error: PxRigidDynamic::setLinearVelocity: Body must be non-kinematic!, FILE /builds/omniverse/physics/physx/source/physx/src/NpRigidDynamic.cpp, LINE 232
2026-08-14T23:02:06Z [34,329ms] [Error] [omni.physx.plugin] PhysX error: PxRigidDynamic::setAngularVelocity: Body must be non-kinematic!, FILE /builds/omniverse/physics/physx/source/physx/src/NpRigidDynamic.cpp, LINE 266
2026-08-14T23:02:06Z [34,329ms] [Warning] [omni.anim.graph.core.python] Type mismatch for variable Action in Character::SetVariable
2026-08-14T23:02:06Z [34,329ms] [Warning] [omni.anim.graph.core.python] Type mismatch for variable Walk in Character::SetVariable
2026-08-14T23:02:06Z [34,341ms] [Error] [omni.physx.plugin] PhysX error: PxRigidDynamic::setLinearVelocity: Body must be non-kinematic!, FILE /builds/omniverse/physics/physx/source/physx/src/NpRigidDynamic.cpp, LINE 232
2026-08-14T23:02:06Z [34,341ms] [Error] [omni.physx.plugin] PhysX error: PxRigidDynamic::setAngularVelocity: Body must be non-kinematic!, FILE /builds/omniverse/physics/physx/source/physx/src/NpRigidDynamic.cpp, LINE 266
2026-08-14T23:02:06Z [34,341ms] [Warning] [omni.anim.graph.core.python] Type mismatch for variable Action in Character::SetVariable
2026-08-14T23:02:06Z [34,341ms] [Warning] [omni.anim.graph.core.python] Type mismatch for variable Walk in Character::SetVariable
2026-08-14T23:02:06Z [34,362ms] [Error] [omni.physx.plugin] PhysX error: PxRigidDynamic::setLinearVelocity: Body must be non-kinematic!, FILE /builds/omniverse/physics/physx/source/physx/src/NpRigidDynamic.cpp, LINE 232
2026-08-14T23:02:06Z [34,362ms] [Error] [omni.physx.plugin] PhysX error: PxRigidDynamic::setAngularVelocity: Body must be non-kinematic!, FILE /builds/omniverse/physics/physx/source/physx/src/NpRigidDynamic.cpp, LINE 266
2026-08-14T23:02:06Z [34,362ms] [Warning] [omni.anim.graph.core.python] Type mismatch for variable Action in Character::SetVariable
2026-08-14T23:02:06Z [34,362ms] [Warning] [omni.anim.graph.core.python] Type mismatch for variable Walk in Character::SetVariable
2026-08-14T23:02:06Z [34,381ms] [Error] [omni.physx.plugin] PhysX error: PxRigidDynamic::setLinearVelocity: Body must be non-kinematic!, FILE /builds/omniverse/physics/physx/source/physx/src/NpRigidDynamic.cpp, LINE 232
2026-08-14T23:02:06Z [34,381ms] [Error] [omni.physx.plugin] PhysX error: PxRigidDynamic::setAngularVelocity: Body must be non-kinematic!, FILE /builds/omniverse/physics/physx/source/physx/src/NpRigidDynamic.cpp, LINE 266
2026-08-14T23:02:06Z [34,381ms] [Warning] [omni.anim.graph.core.python] Type mismatch for variable Action in Character::SetVariable
2026-08-14T23:02:06Z [34,381ms] [Warning] [omni.anim.graph.core.python] Type mismatch for variable Walk in Character::SetVariable
2026-08-14T23:02:06Z [34,411ms] [Error] [omni.physx.plugin] PhysX error: PxRigidDynamic::setLinearVelocity: Body must be non-kinematic!, FILE /builds/omniverse/physics/physx/source/physx/src/NpRigidDynamic.cpp, LINE 232
2026-08-14T23:02:06Z [34,411ms] [Error] [omni.physx.plugin] PhysX error: PxRigidDynamic::setAngularVelocity: Body must be non-kinematic!, FILE /builds/omniverse/physics/physx/source/physx/src/NpRigidDynamic.cpp, LINE 266
2026-08-14T23:02:06Z [34,411ms] [Warning] [omni.anim.graph.core.python] Type mismatch for variable Action in Character::SetVariable
2026-08-14T23:02:06Z [34,411ms] [Warning] [omni.anim.graph.core.python] Type mismatch for variable Walk in Character::SetVariable
2026-08-14T23:02:06Z [34,431ms] [Error] [omni.physx.plugin] PhysX error: PxRigidDynamic::setLinearVelocity: Body must be non-kinematic!, FILE /builds/omniverse/physics/physx/source/physx/src/NpRigidDynamic.cpp, LINE 232
2026-08-14T23:02:06Z [34,431ms] [Error] [omni.physx.plugin] PhysX error: PxRigidDynamic::setAngularVelocity: Body must be non-kinematic!, FILE /builds/omniverse/physics/physx/source/physx/src/NpRigidDynamic.cpp, LINE 266
2026-08-14T23:02:06Z [34,431ms] [Warning] [omni.anim.graph.core.python] Type mismatch for variable Action in Character::SetVariable
2026-08-14T23:02:06Z [34,431ms] [Warning] [omni.anim.graph.core.python] Type mismatch for variable Walk in Character::SetVariable
2026-08-14T23:02:06Z [34,441ms] [Error] [omni.physx.plugin] PhysX error: PxRigidDynamic::setLinearVelocity: Body must be non-kinematic!, FILE /builds/omniverse/physics/physx/source/physx/src/NpRigidDynamic.cpp, LINE 232
2026-08-14T23:02:06Z [34,441ms] [Error] [omni.physx.plugin] PhysX error: PxRigidDynamic::setAngularVelocity: Body must be non-kinematic!, FILE /builds/omniverse/physics/physx/source/physx/src/NpRigidDynamic.cpp, LINE 266
2026-08-14T23:02:06Z [34,441ms] [Warning] [omni.anim.graph.core.python] Type mismatch for variable Action in Character::SetVariable
2026-08-14T23:02:06Z [34,441ms] [Warning] [omni.anim.graph.core.python] Type mismatch for variable Walk in Character::SetVariable
2026-08-14T23:02:06Z [34,461ms] [Error] [omni.physx.plugin] PhysX error: PxRigidDynamic::setLinearVelocity: Body must be non-kinematic!, FILE /builds/omniverse/physics/physx/source/physx/src/NpRigidDynamic.cpp, LINE 232
2026-08-14T23:02:06Z [34,461ms] [Error] [omni.physx.plugin] PhysX error: PxRigidDynamic::setAngularVelocity: Body must be non-kinematic!, FILE /builds/omniverse/physics/physx/source/physx/src/NpRigidDynamic.cpp, LINE 266
2026-08-14T23:02:06Z [34,461ms] [Warning] [omni.anim.graph.core.python] Type mismatch for variable Action in Character::SetVariable
2026-08-14T23:02:06Z [34,461ms] [Warning] [omni.anim.graph.core.python] Type mismatch for variable Walk in Character::SetVariable
2026-08-14T23:02:06Z [34,481ms] [Error] [omni.physx.plugin] PhysX error: PxRigidDynamic::setLinearVelocity: Body must be non-kinematic!, FILE /builds/omniverse/physics/physx/source/physx/src/NpRigidDynamic.cpp, LINE 232
2026-08-14T23:02:06Z [34,481ms] [Error] [omni.physx.plugin] PhysX error: PxRigidDynamic::setAngularVelocity: Body must be non-kinematic!, FILE /builds/omniverse/physics/physx/source/physx/src/NpRigidDynamic.cpp, LINE 266
2026-08-14T23:02:06Z [34,481ms] [Warning] [omni.anim.graph.core.python] Type mismatch for variable Action in Character::SetVariable
2026-08-14T23:02:06Z [34,481ms] [Warning] [omni.anim.graph.core.python] Type mismatch for variable Walk in Character::SetVariable
2026-08-14T23:02:06Z [34,508ms] [Error] [omni.physx.plugin] PhysX error: PxRigidDynamic::setLinearVelocity: Body must be non-kinematic!, FILE /builds/omniverse/physics/physx/source/physx/src/NpRigidDynamic.cpp, LINE 232
2026-08-14T23:02:06Z [34,509ms] [Error] [omni.physx.plugin] PhysX error: PxRigidDynamic::setAngularVelocity: Body must be non-kinematic!, FILE /builds/omniverse/physics/physx/source/physx/src/NpRigidDynamic.cpp, LINE 266
2026-08-14T23:02:06Z [34,509ms] [Warning] [omni.anim.graph.core.python] Type mismatch for variable Action in Character::SetVariable
2026-08-14T23:02:06Z [34,509ms] [Warning] [omni.anim.graph.core.python] Type mismatch for variable Walk in Character::SetVariable
2026-08-14T23:02:06Z [34,521ms] [Error] [omni.physx.plugin] PhysX error: PxRigidDynamic::setLinearVelocity: Body must be non-kinematic!, FILE /builds/omniverse/physics/physx/source/physx/src/NpRigidDynamic.cpp, LINE 232
2026-08-14T23:02:06Z [34,521ms] [Error] [omni.physx.plugin] PhysX error: PxRigidDynamic::setAngularVelocity: Body must be non-kinematic!, FILE /builds/omniverse/physics/physx/source/physx/src/NpRigidDynamic.cpp, LINE 266
2026-08-14T23:02:06Z [34,521ms] [Warning] [omni.anim.graph.core.python] Type mismatch for variable Action in Character::SetVariable
2026-08-14T23:02:06Z [34,521ms] [Warning] [omni.anim.graph.core.python] Type mismatch for variable Walk in Character::SetVariable
2026-08-14T23:02:06Z [34,541ms] [Error] [omni.physx.plugin] PhysX error: PxRigidDynamic::setLinearVelocity: Body must be non-kinematic!, FILE /builds/omniverse/physics/physx/source/physx/src/NpRigidDynamic.cpp, LINE 232
2026-08-14T23:02:06Z [34,541ms] [Error] [omni.physx.plugin] PhysX error: PxRigidDynamic::setAngularVelocity: Body must be non-kinematic!, FILE /builds/omniverse/physics/physx/source/physx/src/NpRigidDynamic.cpp, LINE 266
2026-08-14T23:02:06Z [34,541ms] [Warning] [omni.anim.graph.core.python] Type mismatch for variable Action in Character::SetVariable
2026-08-14T23:02:06Z [34,541ms] [Warning] [omni.anim.graph.core.python] Type mismatch for variable Walk in Character::SetVariable
2026-08-14T23:02:06Z [34,561ms] [Error] [omni.physx.plugin] PhysX error: PxRigidDynamic::setLinearVelocity: Body must be non-kinematic!, FILE /builds/omniverse/physics/physx/source/physx/src/NpRigidDynamic.cpp, LINE 232
2026-08-14T23:02:06Z [34,561ms] [Error] [omni.physx.plugin] PhysX error: PxRigidDynamic::setAngularVelocity: Body must be non-kinematic!, FILE /builds/omniverse/physics/physx/source/physx/src/NpRigidDynamic.cpp, LINE 266
2026-08-14T23:02:06Z [34,561ms] [Warning] [omni.anim.graph.core.python] Type mismatch for variable Action in Character::SetVariable
2026-08-14T23:02:06Z [34,561ms] [Warning] [omni.anim.graph.core.python] Type mismatch for variable Walk in Character::SetVariable
2026-08-14T23:02:06Z [34,581ms] [Error] [omni.physx.plugin] PhysX error: PxRigidDynamic::setLinearVelocity: Body must be non-kinematic!, FILE /builds/omniverse/physics/physx/source/physx/src/NpRigidDynamic.cpp, LINE 232
2026-08-14T23:02:06Z [34,581ms] [Error] [omni.physx.plugin] PhysX error: PxRigidDynamic::setAngularVelocity: Body must be non-kinematic!, FILE /builds/omniverse/physics/physx/source/physx/src/NpRigidDynamic.cpp, LINE 266
2026-08-14T23:02:06Z [34,581ms] [Warning] [omni.anim.graph.core.python] Type mismatch for variable Action in Character::SetVariable
2026-08-14T23:02:06Z [34,581ms] [Warning] [omni.anim.graph.core.python] Type mismatch for variable Walk in Character::SetVariable
2026-08-14T23:02:06Z [34,625ms] [Error] [omni.physx.plugin] PhysX error: PxRigidDynamic::setLinearVelocity: Body must be non-kinematic!, FILE /builds/omniverse/physics/physx/source/physx/src/NpRigidDynamic.cpp, LINE 232
2026-08-14T23:02:06Z [34,625ms] [Error] [omni.physx.plugin] PhysX error: PxRigidDynamic::setAngularVelocity: Body must be non-kinematic!, FILE /builds/omniverse/physics/physx/source/physx/src/NpRigidDynamic.cpp, LINE 266
2026-08-14T23:02:06Z [34,625ms] [Warning] [omni.anim.graph.core.python] Type mismatch for variable Action in Character::SetVariable
2026-08-14T23:02:06Z [34,625ms] [Warning] [omni.anim.graph.core.python] Type mismatch for variable Walk in Character::SetVariable
2026-08-14T23:02:06Z [34,633ms] [Error] [omni.physx.plugin] PhysX error: PxRigidDynamic::setLinearVelocity: Body must be non-kinematic!, FILE /builds/omniverse/physics/physx/source/physx/src/NpRigidDynamic.cpp, LINE 232
2026-08-14T23:02:06Z [34,633ms] [Error] [omni.physx.plugin] PhysX error: PxRigidDynamic::setAngularVelocity: Body must be non-kinematic!, FILE /builds/omniverse/physics/physx/source/physx/src/NpRigidDynamic.cpp, LINE 266
2026-08-14T23:02:06Z [34,633ms] [Warning] [omni.anim.graph.core.python] Type mismatch for variable Action in Character::SetVariable
2026-08-14T23:02:06Z [34,633ms] [Warning] [omni.anim.graph.core.python] Type mismatch for variable Walk in Character::SetVariable
2026-08-14T23:02:06Z [34,641ms] [Error] [omni.physx.plugin] PhysX error: PxRigidDynamic::setLinearVelocity: Body must be non-kinematic!, FILE /builds/omniverse/physics/physx/source/physx/src/NpRigidDynamic.cpp, LINE 232
2026-08-14T23:02:06Z [34,641ms] [Error] [omni.physx.plugin] PhysX error: PxRigidDynamic::setAngularVelocity: Body must be non-kinematic!, FILE /builds/omniverse/physics/physx/source/physx/src/NpRigidDynamic.cpp, LINE 266
2026-08-14T23:02:06Z [34,641ms] [Warning] [omni.anim.graph.core.python] Type mismatch for variable Action in Character::SetVariable
2026-08-14T23:02:06Z [34,641ms] [Warning] [omni.anim.graph.core.python] Type mismatch for variable Walk in Character::SetVariable
2026-08-14T23:02:06Z [34,662ms] [Error] [omni.physx.plugin] PhysX error: PxRigidDynamic::setLinearVelocity: Body must be non-kinematic!, FILE /builds/omniverse/physics/physx/source/physx/src/NpRigidDynamic.cpp, LINE 232
2026-08-14T23:02:06Z [34,662ms] [Error] [omni.physx.plugin] PhysX error: PxRigidDynamic::setAngularVelocity: Body must be non-kinematic!, FILE /builds/omniverse/physics/physx/source/physx/src/NpRigidDynamic.cpp, LINE 266
2026-08-14T23:02:06Z [34,662ms] [Warning] [omni.anim.graph.core.python] Type mismatch for variable Action in Character::SetVariable
2026-08-14T23:02:06Z [34,662ms] [Warning] [omni.anim.graph.core.python] Type mismatch for variable Walk in Character::SetVariable
2026-08-14T23:02:07Z [34,681ms] [Error] [omni.physx.plugin] PhysX error: PxRigidDynamic::setLinearVelocity: Body must be non-kinematic!, FILE /builds/omniverse/physics/physx/source/physx/src/NpRigidDynamic.cpp, LINE 232
2026-08-14T23:02:07Z [34,681ms] [Error] [omni.physx.plugin] PhysX error: PxRigidDynamic::setAngularVelocity: Body must be non-kinematic!, FILE /builds/omniverse/physics/physx/source/physx/src/NpRigidDynamic.cpp, LINE 266
2026-08-14T23:02:07Z [34,681ms] [Warning] [omni.anim.graph.core.python] Type mismatch for variable Action in Character::SetVariable
2026-08-14T23:02:07Z [34,681ms] [Warning] [omni.anim.graph.core.python] Type mismatch for variable Walk in Character::SetVariable
2026-08-14T23:02:07Z [34,711ms] [Error] [omni.physx.plugin] PhysX error: PxRigidDynamic::setLinearVelocity: Body must be non-kinematic!, FILE /builds/omniverse/physics/physx/source/physx/src/NpRigidDynamic.cpp, LINE 232
2026-08-14T23:02:07Z [34,711ms] [Error] [omni.physx.plugin] PhysX error: PxRigidDynamic::setAngularVelocity: Body must be non-kinematic!, FILE /builds/omniverse/physics/physx/source/physx/src/NpRigidDynamic.cpp, LINE 266
2026-08-14T23:02:07Z [34,711ms] [Warning] [omni.anim.graph.core.python] Type mismatch for variable Action in Character::SetVariable
2026-08-14T23:02:07Z [34,711ms] [Warning] [omni.anim.graph.core.python] Type mismatch for variable Walk in Character::SetVariable
2026-08-14T23:02:07Z [34,734ms] [Error] [omni.physx.plugin] PhysX error: PxRigidDynamic::setLinearVelocity: Body must be non-kinematic!, FILE /builds/omniverse/physics/physx/source/physx/src/NpRigidDynamic.cpp, LINE 232
2026-08-14T23:02:07Z [34,734ms] [Error] [omni.physx.plugin] PhysX error: PxRigidDynamic::setAngularVelocity: Body must be non-kinematic!, FILE /builds/omniverse/physics/physx/source/physx/src/NpRigidDynamic.cpp, LINE 266
2026-08-14T23:02:07Z [34,734ms] [Warning] [omni.anim.graph.core.python] Type mismatch for variable Action in Character::SetVariable
2026-08-14T23:02:07Z [34,734ms] [Warning] [omni.anim.graph.core.python] Type mismatch for variable Walk in Character::SetVariable
2026-08-14T23:02:07Z [34,743ms] [Error] [omni.physx.plugin] PhysX error: PxRigidDynamic::setLinearVelocity: Body must be non-kinematic!, FILE /builds/omniverse/physics/physx/source/physx/src/NpRigidDynamic.cpp, LINE 232
2026-08-14T23:02:07Z [34,743ms] [Error] [omni.physx.plugin] PhysX error: PxRigidDynamic::setAngularVelocity: Body must be non-kinematic!, FILE /builds/omniverse/physics/physx/source/physx/src/NpRigidDynamic.cpp, LINE 266
2026-08-14T23:02:07Z [34,743ms] [Warning] [omni.anim.graph.core.python] Type mismatch for variable Action in Character::SetVariable
2026-08-14T23:02:07Z [34,743ms] [Warning] [omni.anim.graph.core.python] Type mismatch for variable Walk in Character::SetVariable
2026-08-14T23:02:07Z [34,761ms] [Error] [omni.physx.plugin] PhysX error: PxRigidDynamic::setLinearVelocity: Body must be non-kinematic!, FILE /builds/omniverse/physics/physx/source/physx/src/NpRigidDynamic.cpp, LINE 232
2026-08-14T23:02:07Z [34,761ms] [Error] [omni.physx.plugin] PhysX error: PxRigidDynamic::setAngularVelocity: Body must be non-kinematic!, FILE /builds/omniverse/physics/physx/source/physx/src/NpRigidDynamic.cpp, LINE 266
2026-08-14T23:02:07Z [34,761ms] [Warning] [omni.anim.graph.core.python] Type mismatch for variable Action in Character::SetVariable
2026-08-14T23:02:07Z [34,761ms] [Warning] [omni.anim.graph.core.python] Type mismatch for variable Walk in Character::SetVariable
2026-08-14T23:02:07Z [34,781ms] [Error] [omni.physx.plugin] PhysX error: PxRigidDynamic::setLinearVelocity: Body must be non-kinematic!, FILE /builds/omniverse/physics/physx/source/physx/src/NpRigidDynamic.cpp, LINE 232
2026-08-14T23:02:07Z [34,781ms] [Error] [omni.physx.plugin] PhysX error: PxRigidDynamic::setAngularVelocity: Body must be non-kinematic!, FILE /builds/omniverse/physics/physx/source/physx/src/NpRigidDynamic.cpp, LINE 266
2026-08-14T23:02:07Z [34,781ms] [Warning] [omni.anim.graph.core.python] Type mismatch for variable Action in Character::SetVariable
2026-08-14T23:02:07Z [34,781ms] [Warning] [omni.anim.graph.core.python] Type mismatch for variable Walk in Character::SetVariable
2026-08-14T23:02:07Z [34,812ms] [Error] [omni.physx.plugin] PhysX error: PxRigidDynamic::setLinearVelocity: Body must be non-kinematic!, FILE /builds/omniverse/physics/physx/source/physx/src/NpRigidDynamic.cpp, LINE 232
2026-08-14T23:02:07Z [34,812ms] [Error] [omni.physx.plugin] PhysX error: PxRigidDynamic::setAngularVelocity: Body must be non-kinematic!, FILE /builds/omniverse/physics/physx/source/physx/src/NpRigidDynamic.cpp, LINE 266
2026-08-14T23:02:07Z [34,812ms] [Warning] [omni.anim.graph.core.python] Type mismatch for variable Action in Character::SetVariable
2026-08-14T23:02:07Z [34,812ms] [Warning] [omni.anim.graph.core.python] Type mismatch for variable Walk in Character::SetVariable
2026-08-14T23:02:07Z [34,821ms] [Error] [omni.physx.plugin] PhysX error: PxRigidDynamic::setLinearVelocity: Body must be non-kinematic!, FILE /builds/omniverse/physics/physx/source/physx/src/NpRigidDynamic.cpp, LINE 232
2026-08-14T23:02:07Z [34,821ms] [Error] [omni.physx.plugin] PhysX error: PxRigidDynamic::setAngularVelocity: Body must be non-kinematic!, FILE /builds/omniverse/physics/physx/source/physx/src/NpRigidDynamic.cpp, LINE 266
2026-08-14T23:02:07Z [34,821ms] [Warning] [omni.anim.graph.core.python] Type mismatch for variable Action in Character::SetVariable
2026-08-14T23:02:07Z [34,821ms] [Warning] [omni.anim.graph.core.python] Type mismatch for variable Walk in Character::SetVariable
2026-08-14T23:02:07Z [34,842ms] [Error] [omni.physx.plugin] PhysX error: PxRigidDynamic::setLinearVelocity: Body must be non-kinematic!, FILE /builds/omniverse/physics/physx/source/physx/src/NpRigidDynamic.cpp, LINE 232
2026-08-14T23:02:07Z [34,842ms] [Error] [omni.physx.plugin] PhysX error: PxRigidDynamic::setAngularVelocity: Body must be non-kinematic!, FILE /builds/omniverse/physics/physx/source/physx/src/NpRigidDynamic.cpp, LINE 266
2026-08-14T23:02:07Z [34,842ms] [Warning] [omni.anim.graph.core.python] Type mismatch for variable Action in Character::SetVariable
2026-08-14T23:02:07Z [34,842ms] [Warning] [omni.anim.graph.core.python] Type mismatch for variable Walk in Character::SetVariable
2026-08-14T23:02:07Z [34,861ms] [Error] [omni.physx.plugin] PhysX error: PxRigidDynamic::setLinearVelocity: Body must be non-kinematic!, FILE /builds/omniverse/physics/physx/source/physx/src/NpRigidDynamic.cpp, LINE 232
2026-08-14T23:02:07Z [34,861ms] [Error] [omni.physx.plugin] PhysX error: PxRigidDynamic::setAngularVelocity: Body must be non-kinematic!, FILE /builds/omniverse/physics/physx/source/physx/src/NpRigidDynamic.cpp, LINE 266
2026-08-14T23:02:07Z [34,861ms] [Warning] [omni.anim.graph.core.python] Type mismatch for variable Action in Character::SetVariable
2026-08-14T23:02:07Z [34,861ms] [Warning] [omni.anim.graph.core.python] Type mismatch for variable Walk in Character::SetVariable
2026-08-14T23:02:07Z [34,881ms] [Error] [omni.physx.plugin] PhysX error: PxRigidDynamic::setLinearVelocity: Body must be non-kinematic!, FILE /builds/omniverse/physics/physx/source/physx/src/NpRigidDynamic.cpp, LINE 232
2026-08-14T23:02:07Z [34,881ms] [Error] [omni.physx.plugin] PhysX error: PxRigidDynamic::setAngularVelocity: Body must be non-kinematic!, FILE /builds/omniverse/physics/physx/source/physx/src/NpRigidDynamic.cpp, LINE 266
2026-08-14T23:02:07Z [34,881ms] [Warning] [omni.anim.graph.core.python] Type mismatch for variable Action in Character::SetVariable
2026-08-14T23:02:07Z [34,881ms] [Warning] [omni.anim.graph.core.python] Type mismatch for variable Walk in Character::SetVariable
2026-08-14T23:02:07Z [34,922ms] [Error] [omni.physx.plugin] PhysX error: PxRigidDynamic::setLinearVelocity: Body must be non-kinematic!, FILE /builds/omniverse/physics/physx/source/physx/src/NpRigidDynamic.cpp, LINE 232
2026-08-14T23:02:07Z [34,922ms] [Error] [omni.physx.plugin] PhysX error: PxRigidDynamic::setAngularVelocity: Body must be non-kinematic!, FILE /builds/omniverse/physics/physx/source/physx/src/NpRigidDynamic.cpp, LINE 266
2026-08-14T23:02:07Z [34,922ms] [Warning] [omni.anim.graph.core.python] Type mismatch for variable Action in Character::SetVariable
2026-08-14T23:02:07Z [34,922ms] [Warning] [omni.anim.graph.core.python] Type mismatch for variable Walk in Character::SetVariable
2026-08-14T23:02:07Z [34,930ms] [Error] [omni.physx.plugin] PhysX error: PxRigidDynamic::setLinearVelocity: Body must be non-kinematic!, FILE /builds/omniverse/physics/physx/source/physx/src/NpRigidDynamic.cpp, LINE 232
2026-08-14T23:02:07Z [34,930ms] [Error] [omni.physx.plugin] PhysX error: PxRigidDynamic::setAngularVelocity: Body must be non-kinematic!, FILE /builds/omniverse/physics/physx/source/physx/src/NpRigidDynamic.cpp, LINE 266
2026-08-14T23:02:07Z [34,930ms] [Warning] [omni.anim.graph.core.python] Type mismatch for variable Action in Character::SetVariable
2026-08-14T23:02:07Z [34,930ms] [Warning] [omni.anim.graph.core.python] Type mismatch for variable Walk in Character::SetVariable
2026-08-14T23:02:07Z [34,941ms] [Error] [omni.physx.plugin] PhysX error: PxRigidDynamic::setLinearVelocity: Body must be non-kinematic!, FILE /builds/omniverse/physics/physx/source/physx/src/NpRigidDynamic.cpp, LINE 232
2026-08-14T23:02:07Z [34,941ms] [Error] [omni.physx.plugin] PhysX error: PxRigidDynamic::setAngularVelocity: Body must be non-kinematic!, FILE /builds/omniverse/physics/physx/source/physx/src/NpRigidDynamic.cpp, LINE 266
2026-08-14T23:02:07Z [34,941ms] [Warning] [omni.anim.graph.core.python] Type mismatch for variable Action in Character::SetVariable
2026-08-14T23:02:07Z [34,941ms] [Warning] [omni.anim.graph.core.python] Type mismatch for variable Walk in Character::SetVariable
2026-08-14T23:02:07Z [34,961ms] [Error] [omni.physx.plugin] PhysX error: PxRigidDynamic::setLinearVelocity: Body must be non-kinematic!, FILE /builds/omniverse/physics/physx/source/physx/src/NpRigidDynamic.cpp, LINE 232
2026-08-14T23:02:07Z [34,961ms] [Error] [omni.physx.plugin] PhysX error: PxRigidDynamic::setAngularVelocity: Body must be non-kinematic!, FILE /builds/omniverse/physics/physx/source/physx/src/NpRigidDynamic.cpp, LINE 266
2026-08-14T23:02:07Z [34,961ms] [Warning] [omni.anim.graph.core.python] Type mismatch for variable Action in Character::SetVariable
2026-08-14T23:02:07Z [34,961ms] [Warning] [omni.anim.graph.core.python] Type mismatch for variable Walk in Character::SetVariable
2026-08-14T23:02:07Z [34,981ms] [Error] [omni.physx.plugin] PhysX error: PxRigidDynamic::setLinearVelocity: Body must be non-kinematic!, FILE /builds/omniverse/physics/physx/source/physx/src/NpRigidDynamic.cpp, LINE 232
2026-08-14T23:02:07Z [34,981ms] [Error] [omni.physx.plugin] PhysX error: PxRigidDynamic::setAngularVelocity: Body must be non-kinematic!, FILE /builds/omniverse/physics/physx/source/physx/src/NpRigidDynamic.cpp, LINE 266
2026-08-14T23:02:07Z [34,981ms] [Warning] [omni.anim.graph.core.python] Type mismatch for variable Action in Character::SetVariable
2026-08-14T23:02:07Z [34,981ms] [Warning] [omni.anim.graph.core.python] Type mismatch for variable Walk in Character::SetVariable
2026-08-14T23:02:07Z [35,011ms] [Error] [omni.physx.plugin] PhysX error: PxRigidDynamic::setLinearVelocity: Body must be non-kinematic!, FILE /builds/omniverse/physics/physx/source/physx/src/NpRigidDynamic.cpp, LINE 232
2026-08-14T23:02:07Z [35,011ms] [Error] [omni.physx.plugin] PhysX error: PxRigidDynamic::setAngularVelocity: Body must be non-kinematic!, FILE /builds/omniverse/physics/physx/source/physx/src/NpRigidDynamic.cpp, LINE 266
2026-08-14T23:02:07Z [35,011ms] [Warning] [omni.anim.graph.core.python] Type mismatch for variable Action in Character::SetVariable
2026-08-14T23:02:07Z [35,011ms] [Warning] [omni.anim.graph.core.python] Type mismatch for variable Walk in Character::SetVariable
2026-08-14T23:02:07Z [35,031ms] [Error] [omni.physx.plugin] PhysX error: PxRigidDynamic::setLinearVelocity: Body must be non-kinematic!, FILE /builds/omniverse/physics/physx/source/physx/src/NpRigidDynamic.cpp, LINE 232
2026-08-14T23:02:07Z [35,031ms] [Error] [omni.physx.plugin] PhysX error: PxRigidDynamic::setAngularVelocity: Body must be non-kinematic!, FILE /builds/omniverse/physics/physx/source/physx/src/NpRigidDynamic.cpp, LINE 266
2026-08-14T23:02:07Z [35,031ms] [Warning] [omni.anim.graph.core.python] Type mismatch for variable Action in Character::SetVariable
2026-08-14T23:02:07Z [35,031ms] [Warning] [omni.anim.graph.core.python] Type mismatch for variable Walk in Character::SetVariable
2026-08-14T23:02:07Z [35,041ms] [Error] [omni.physx.plugin] PhysX error: PxRigidDynamic::setLinearVelocity: Body must be non-kinematic!, FILE /builds/omniverse/physics/physx/source/physx/src/NpRigidDynamic.cpp, LINE 232
2026-08-14T23:02:07Z [35,041ms] [Error] [omni.physx.plugin] PhysX error: PxRigidDynamic::setAngularVelocity: Body must be non-kinematic!, FILE /builds/omniverse/physics/physx/source/physx/src/NpRigidDynamic.cpp, LINE 266
2026-08-14T23:02:07Z [35,041ms] [Warning] [omni.anim.graph.core.python] Type mismatch for variable Action in Character::SetVariable
2026-08-14T23:02:07Z [35,041ms] [Warning] [omni.anim.graph.core.python] Type mismatch for variable Walk in Character::SetVariable
2026-08-14T23:02:07Z [35,061ms] [Error] [omni.physx.plugin] PhysX error: PxRigidDynamic::setLinearVelocity: Body must be non-kinematic!, FILE /builds/omniverse/physics/physx/source/physx/src/NpRigidDynamic.cpp, LINE 232
2026-08-14T23:02:07Z [35,061ms] [Error] [omni.physx.plugin] PhysX error: PxRigidDynamic::setAngularVelocity: Body must be non-kinematic!, FILE /builds/omniverse/physics/physx/source/physx/src/NpRigidDynamic.cpp, LINE 266
2026-08-14T23:02:07Z [35,061ms] [Warning] [omni.anim.graph.core.python] Type mismatch for variable Action in Character::SetVariable
2026-08-14T23:02:07Z [35,061ms] [Warning] [omni.anim.graph.core.python] Type mismatch for variable Walk in Character::SetVariable
2026-08-14T23:02:07Z [35,081ms] [Error] [omni.physx.plugin] PhysX error: PxRigidDynamic::setLinearVelocity: Body must be non-kinematic!, FILE /builds/omniverse/physics/physx/source/physx/src/NpRigidDynamic.cpp, LINE 232
2026-08-14T23:02:07Z [35,081ms] [Error] [omni.physx.plugin] PhysX error: PxRigidDynamic::setAngularVelocity: Body must be non-kinematic!, FILE /builds/omniverse/physics/physx/source/physx/src/NpRigidDynamic.cpp, LINE 266
2026-08-14T23:02:07Z [35,081ms] [Warning] [omni.anim.graph.core.python] Type mismatch for variable Action in Character::SetVariable
2026-08-14T23:02:07Z [35,081ms] [Warning] [omni.anim.graph.core.python] Type mismatch for variable Walk in Character::SetVariable
2026-08-14T23:02:07Z [35,110ms] [Error] [omni.physx.plugin] PhysX error: PxRigidDynamic::setLinearVelocity: Body must be non-kinematic!, FILE /builds/omniverse/physics/physx/source/physx/src/NpRigidDynamic.cpp, LINE 232
2026-08-14T23:02:07Z [35,110ms] [Error] [omni.physx.plugin] PhysX error: PxRigidDynamic::setAngularVelocity: Body must be non-kinematic!, FILE /builds/omniverse/physics/physx/source/physx/src/NpRigidDynamic.cpp, LINE 266
2026-08-14T23:02:07Z [35,110ms] [Warning] [omni.anim.graph.core.python] Type mismatch for variable Action in Character::SetVariable
2026-08-14T23:02:07Z [35,110ms] [Warning] [omni.anim.graph.core.python] Type mismatch for variable Walk in Character::SetVariable
2026-08-14T23:02:07Z [35,121ms] [Error] [omni.physx.plugin] PhysX error: PxRigidDynamic::setLinearVelocity: Body must be non-kinematic!, FILE /builds/omniverse/physics/physx/source/physx/src/NpRigidDynamic.cpp, LINE 232
2026-08-14T23:02:07Z [35,121ms] [Error] [omni.physx.plugin] PhysX error: PxRigidDynamic::setAngularVelocity: Body must be non-kinematic!, FILE /builds/omniverse/physics/physx/source/physx/src/NpRigidDynamic.cpp, LINE 266
2026-08-14T23:02:07Z [35,121ms] [Warning] [omni.anim.graph.core.python] Type mismatch for variable Action in Character::SetVariable
2026-08-14T23:02:07Z [35,121ms] [Warning] [omni.anim.graph.core.python] Type mismatch for variable Walk in Character::SetVariable
2026-08-14T23:02:07Z [35,141ms] [Error] [omni.physx.plugin] PhysX error: PxRigidDynamic::setLinearVelocity: Body must be non-kinematic!, FILE /builds/omniverse/physics/physx/source/physx/src/NpRigidDynamic.cpp, LINE 232
2026-08-14T23:02:07Z [35,141ms] [Error] [omni.physx.plugin] PhysX error: PxRigidDynamic::setAngularVelocity: Body must be non-kinematic!, FILE /builds/omniverse/physics/physx/source/physx/src/NpRigidDynamic.cpp, LINE 266
2026-08-14T23:02:07Z [35,141ms] [Warning] [omni.anim.graph.core.python] Type mismatch for variable Action in Character::SetVariable
2026-08-14T23:02:07Z [35,141ms] [Warning] [omni.anim.graph.core.python] Type mismatch for variable Walk in Character::SetVariable
2026-08-14T23:02:07Z [35,161ms] [Error] [omni.physx.plugin] PhysX error: PxRigidDynamic::setLinearVelocity: Body must be non-kinematic!, FILE /builds/omniverse/physics/physx/source/physx/src/NpRigidDynamic.cpp, LINE 232
2026-08-14T23:02:07Z [35,161ms] [Error] [omni.physx.plugin] PhysX error: PxRigidDynamic::setAngularVelocity: Body must be non-kinematic!, FILE /builds/omniverse/physics/physx/source/physx/src/NpRigidDynamic.cpp, LINE 266
2026-08-14T23:02:07Z [35,161ms] [Warning] [omni.anim.graph.core.python] Type mismatch for variable Action in Character::SetVariable
2026-08-14T23:02:07Z [35,161ms] [Warning] [omni.anim.graph.core.python] Type mismatch for variable Walk in Character::SetVariable
2026-08-14T23:02:07Z [35,181ms] [Error] [omni.physx.plugin] PhysX error: PxRigidDynamic::setLinearVelocity: Body must be non-kinematic!, FILE /builds/omniverse/physics/physx/source/physx/src/NpRigidDynamic.cpp, LINE 232
2026-08-14T23:02:07Z [35,181ms] [Error] [omni.physx.plugin] PhysX error: PxRigidDynamic::setAngularVelocity: Body must be non-kinematic!, FILE /builds/omniverse/physics/physx/source/physx/src/NpRigidDynamic.cpp, LINE 266
2026-08-14T23:02:07Z [35,181ms] [Warning] [omni.anim.graph.core.python] Type mismatch for variable Action in Character::SetVariable
2026-08-14T23:02:07Z [35,181ms] [Warning] [omni.anim.graph.core.python] Type mismatch for variable Walk in Character::SetVariable
2026-08-14T23:02:07Z [35,223ms] [Error] [omni.physx.plugin] PhysX error: PxRigidDynamic::setLinearVelocity: Body must be non-kinematic!, FILE /builds/omniverse/physics/physx/source/physx/src/NpRigidDynamic.cpp, LINE 232
2026-08-14T23:02:07Z [35,223ms] [Error] [omni.physx.plugin] PhysX error: PxRigidDynamic::setAngularVelocity: Body must be non-kinematic!, FILE /builds/omniverse/physics/physx/source/physx/src/NpRigidDynamic.cpp, LINE 266
2026-08-14T23:02:07Z [35,223ms] [Warning] [omni.anim.graph.core.python] Type mismatch for variable Action in Character::SetVariable
2026-08-14T23:02:07Z [35,223ms] [Warning] [omni.anim.graph.core.python] Type mismatch for variable Walk in Character::SetVariable
2026-08-14T23:02:07Z [35,232ms] [Error] [omni.physx.plugin] PhysX error: PxRigidDynamic::setLinearVelocity: Body must be non-kinematic!, FILE /builds/omniverse/physics/physx/source/physx/src/NpRigidDynamic.cpp, LINE 232
2026-08-14T23:02:07Z [35,232ms] [Error] [omni.physx.plugin] PhysX error: PxRigidDynamic::setAngularVelocity: Body must be non-kinematic!, FILE /builds/omniverse/physics/physx/source/physx/src/NpRigidDynamic.cpp, LINE 266
2026-08-14T23:02:07Z [35,232ms] [Warning] [omni.anim.graph.core.python] Type mismatch for variable Action in Character::SetVariable
2026-08-14T23:02:07Z [35,232ms] [Warning] [omni.anim.graph.core.python] Type mismatch for variable Walk in Character::SetVariable
2026-08-14T23:02:07Z [35,241ms] [Error] [omni.physx.plugin] PhysX error: PxRigidDynamic::setLinearVelocity: Body must be non-kinematic!, FILE /builds/omniverse/physics/physx/source/physx/src/NpRigidDynamic.cpp, LINE 232
2026-08-14T23:02:07Z [35,241ms] [Error] [omni.physx.plugin] PhysX error: PxRigidDynamic::setAngularVelocity: Body must be non-kinematic!, FILE /builds/omniverse/physics/physx/source/physx/src/NpRigidDynamic.cpp, LINE 266
2026-08-14T23:02:07Z [35,241ms] [Warning] [omni.anim.graph.core.python] Type mismatch for variable Action in Character::SetVariable
2026-08-14T23:02:07Z [35,241ms] [Warning] [omni.anim.graph.core.python] Type mismatch for variable Walk in Character::SetVariable
2026-08-14T23:02:07Z [35,262ms] [Error] [omni.physx.plugin] PhysX error: PxRigidDynamic::setLinearVelocity: Body must be non-kinematic!, FILE /builds/omniverse/physics/physx/source/physx/src/NpRigidDynamic.cpp, LINE 232
2026-08-14T23:02:07Z [35,262ms] [Error] [omni.physx.plugin] PhysX error: PxRigidDynamic::setAngularVelocity: Body must be non-kinematic!, FILE /builds/omniverse/physics/physx/source/physx/src/NpRigidDynamic.cpp, LINE 266
2026-08-14T23:02:07Z [35,262ms] [Warning] [omni.anim.graph.core.python] Type mismatch for variable Action in Character::SetVariable
2026-08-14T23:02:07Z [35,262ms] [Warning] [omni.anim.graph.core.python] Type mismatch for variable Walk in Character::SetVariable
2026-08-14T23:02:07Z [35,281ms] [Error] [omni.physx.plugin] PhysX error: PxRigidDynamic::setLinearVelocity: Body must be non-kinematic!, FILE /builds/omniverse/physics/physx/source/physx/src/NpRigidDynamic.cpp, LINE 232
2026-08-14T23:02:07Z [35,281ms] [Error] [omni.physx.plugin] PhysX error: PxRigidDynamic::setAngularVelocity: Body must be non-kinematic!, FILE /builds/omniverse/physics/physx/source/physx/src/NpRigidDynamic.cpp, LINE 266
2026-08-14T23:02:07Z [35,281ms] [Warning] [omni.anim.graph.core.python] Type mismatch for variable Action in Character::SetVariable
2026-08-14T23:02:07Z [35,281ms] [Warning] [omni.anim.graph.core.python] Type mismatch for variable Walk in Character::SetVariable
2026-08-14T23:02:07Z [35,310ms] [Error] [omni.physx.plugin] PhysX error: PxRigidDynamic::setLinearVelocity: Body must be non-kinematic!, FILE /builds/omniverse/physics/physx/source/physx/src/NpRigidDynamic.cpp, LINE 232
2026-08-14T23:02:07Z [35,311ms] [Error] [omni.physx.plugin] PhysX error: PxRigidDynamic::setAngularVelocity: Body must be non-kinematic!, FILE /builds/omniverse/physics/physx/source/physx/src/NpRigidDynamic.cpp, LINE 266
2026-08-14T23:02:07Z [35,311ms] [Warning] [omni.anim.graph.core.python] Type mismatch for variable Action in Character::SetVariable
2026-08-14T23:02:07Z [35,311ms] [Warning] [omni.anim.graph.core.python] Type mismatch for variable Walk in Character::SetVariable
2026-08-14T23:02:07Z [35,331ms] [Error] [omni.physx.plugin] PhysX error: PxRigidDynamic::setLinearVelocity: Body must be non-kinematic!, FILE /builds/omniverse/physics/physx/source/physx/src/NpRigidDynamic.cpp, LINE 232
2026-08-14T23:02:07Z [35,331ms] [Error] [omni.physx.plugin] PhysX error: PxRigidDynamic::setAngularVelocity: Body must be non-kinematic!, FILE /builds/omniverse/physics/physx/source/physx/src/NpRigidDynamic.cpp, LINE 266
2026-08-14T23:02:07Z [35,331ms] [Warning] [omni.anim.graph.core.python] Type mismatch for variable Action in Character::SetVariable
2026-08-14T23:02:07Z [35,331ms] [Warning] [omni.anim.graph.core.python] Type mismatch for variable Walk in Character::SetVariable
2026-08-14T23:02:07Z [35,341ms] [Error] [omni.physx.plugin] PhysX error: PxRigidDynamic::setLinearVelocity: Body must be non-kinematic!, FILE /builds/omniverse/physics/physx/source/physx/src/NpRigidDynamic.cpp, LINE 232
2026-08-14T23:02:07Z [35,341ms] [Error] [omni.physx.plugin] PhysX error: PxRigidDynamic::setAngularVelocity: Body must be non-kinematic!, FILE /builds/omniverse/physics/physx/source/physx/src/NpRigidDynamic.cpp, LINE 266
2026-08-14T23:02:07Z [35,341ms] [Warning] [omni.anim.graph.core.python] Type mismatch for variable Action in Character::SetVariable
2026-08-14T23:02:07Z [35,341ms] [Warning] [omni.anim.graph.core.python] Type mismatch for variable Walk in Character::SetVariable
2026-08-14T23:02:07Z [35,361ms] [Error] [omni.physx.plugin] PhysX error: PxRigidDynamic::setLinearVelocity: Body must be non-kinematic!, FILE /builds/omniverse/physics/physx/source/physx/src/NpRigidDynamic.cpp, LINE 232
2026-08-14T23:02:07Z [35,361ms] [Error] [omni.physx.plugin] PhysX error: PxRigidDynamic::setAngularVelocity: Body must be non-kinematic!, FILE /builds/omniverse/physics/physx/source/physx/src/NpRigidDynamic.cpp, LINE 266
2026-08-14T23:02:07Z [35,361ms] [Warning] [omni.anim.graph.core.python] Type mismatch for variable Action in Character::SetVariable
2026-08-14T23:02:07Z [35,361ms] [Warning] [omni.anim.graph.core.python] Type mismatch for variable Walk in Character::SetVariable
2026-08-14T23:02:07Z [35,383ms] [Error] [omni.physx.plugin] PhysX error: PxRigidDynamic::setLinearVelocity: Body must be non-kinematic!, FILE /builds/omniverse/physics/physx/source/physx/src/NpRigidDynamic.cpp, LINE 232
2026-08-14T23:02:07Z [35,383ms] [Error] [omni.physx.plugin] PhysX error: PxRigidDynamic::setAngularVelocity: Body must be non-kinematic!, FILE /builds/omniverse/physics/physx/source/physx/src/NpRigidDynamic.cpp, LINE 266
2026-08-14T23:02:07Z [35,383ms] [Warning] [omni.anim.graph.core.python] Type mismatch for variable Action in Character::SetVariable
2026-08-14T23:02:07Z [35,383ms] [Warning] [omni.anim.graph.core.python] Type mismatch for variable Walk in Character::SetVariable
2026-08-14T23:02:07Z [35,410ms] [Error] [omni.physx.plugin] PhysX error: PxRigidDynamic::setLinearVelocity: Body must be non-kinematic!, FILE /builds/omniverse/physics/physx/source/physx/src/NpRigidDynamic.cpp, LINE 232
2026-08-14T23:02:07Z [35,410ms] [Error] [omni.physx.plugin] PhysX error: PxRigidDynamic::setAngularVelocity: Body must be non-kinematic!, FILE /builds/omniverse/physics/physx/source/physx/src/NpRigidDynamic.cpp, LINE 266
2026-08-14T23:02:07Z [35,410ms] [Warning] [omni.anim.graph.core.python] Type mismatch for variable Action in Character::SetVariable
2026-08-14T23:02:07Z [35,410ms] [Warning] [omni.anim.graph.core.python] Type mismatch for variable Walk in Character::SetVariable
2026-08-14T23:02:07Z [35,421ms] [Error] [omni.physx.plugin] PhysX error: PxRigidDynamic::setLinearVelocity: Body must be non-kinematic!, FILE /builds/omniverse/physics/physx/source/physx/src/NpRigidDynamic.cpp, LINE 232
2026-08-14T23:02:07Z [35,421ms] [Error] [omni.physx.plugin] PhysX error: PxRigidDynamic::setAngularVelocity: Body must be non-kinematic!, FILE /builds/omniverse/physics/physx/source/physx/src/NpRigidDynamic.cpp, LINE 266
2026-08-14T23:02:07Z [35,421ms] [Warning] [omni.anim.graph.core.python] Type mismatch for variable Action in Character::SetVariable
2026-08-14T23:02:07Z [35,421ms] [Warning] [omni.anim.graph.core.python] Type mismatch for variable Walk in Character::SetVariable
2026-08-14T23:02:07Z [35,441ms] [Error] [omni.physx.plugin] PhysX error: PxRigidDynamic::setLinearVelocity: Body must be non-kinematic!, FILE /builds/omniverse/physics/physx/source/physx/src/NpRigidDynamic.cpp, LINE 232
2026-08-14T23:02:07Z [35,441ms] [Error] [omni.physx.plugin] PhysX error: PxRigidDynamic::setAngularVelocity: Body must be non-kinematic!, FILE /builds/omniverse/physics/physx/source/physx/src/NpRigidDynamic.cpp, LINE 266
2026-08-14T23:02:07Z [35,441ms] [Warning] [omni.anim.graph.core.python] Type mismatch for variable Action in Character::SetVariable
2026-08-14T23:02:07Z [35,441ms] [Warning] [omni.anim.graph.core.python] Type mismatch for variable Walk in Character::SetVariable
2026-08-14T23:02:07Z [35,461ms] [Error] [omni.physx.plugin] PhysX error: PxRigidDynamic::setLinearVelocity: Body must be non-kinematic!, FILE /builds/omniverse/physics/physx/source/physx/src/NpRigidDynamic.cpp, LINE 232
2026-08-14T23:02:07Z [35,461ms] [Error] [omni.physx.plugin] PhysX error: PxRigidDynamic::setAngularVelocity: Body must be non-kinematic!, FILE /builds/omniverse/physics/physx/source/physx/src/NpRigidDynamic.cpp, LINE 266
2026-08-14T23:02:07Z [35,461ms] [Warning] [omni.anim.graph.core.python] Type mismatch for variable Action in Character::SetVariable
2026-08-14T23:02:07Z [35,461ms] [Warning] [omni.anim.graph.core.python] Type mismatch for variable Walk in Character::SetVariable
2026-08-14T23:02:07Z [35,481ms] [Error] [omni.physx.plugin] PhysX error: PxRigidDynamic::setLinearVelocity: Body must be non-kinematic!, FILE /builds/omniverse/physics/physx/source/physx/src/NpRigidDynamic.cpp, LINE 232
2026-08-14T23:02:07Z [35,481ms] [Error] [omni.physx.plugin] PhysX error: PxRigidDynamic::setAngularVelocity: Body must be non-kinematic!, FILE /builds/omniverse/physics/physx/source/physx/src/NpRigidDynamic.cpp, LINE 266
2026-08-14T23:02:07Z [35,481ms] [Warning] [omni.anim.graph.core.python] Type mismatch for variable Action in Character::SetVariable
2026-08-14T23:02:07Z [35,481ms] [Warning] [omni.anim.graph.core.python] Type mismatch for variable Walk in Character::SetVariable
2026-08-14T23:02:07Z [35,523ms] [Error] [omni.physx.plugin] PhysX error: PxRigidDynamic::setLinearVelocity: Body must be non-kinematic!, FILE /builds/omniverse/physics/physx/source/physx/src/NpRigidDynamic.cpp, LINE 232
2026-08-14T23:02:07Z [35,524ms] [Error] [omni.physx.plugin] PhysX error: PxRigidDynamic::setAngularVelocity: Body must be non-kinematic!, FILE /builds/omniverse/physics/physx/source/physx/src/NpRigidDynamic.cpp, LINE 266
2026-08-14T23:02:07Z [35,524ms] [Warning] [omni.anim.graph.core.python] Type mismatch for variable Action in Character::SetVariable
2026-08-14T23:02:07Z [35,524ms] [Warning] [omni.anim.graph.core.python] Type mismatch for variable Walk in Character::SetVariable
2026-08-14T23:02:07Z [35,532ms] [Error] [omni.physx.plugin] PhysX error: PxRigidDynamic::setLinearVelocity: Body must be non-kinematic!, FILE /builds/omniverse/physics/physx/source/physx/src/NpRigidDynamic.cpp, LINE 232
2026-08-14T23:02:07Z [35,532ms] [Error] [omni.physx.plugin] PhysX error: PxRigidDynamic::setAngularVelocity: Body must be non-kinematic!, FILE /builds/omniverse/physics/physx/source/physx/src/NpRigidDynamic.cpp, LINE 266
2026-08-14T23:02:07Z [35,533ms] [Warning] [omni.anim.graph.core.python] Type mismatch for variable Action in Character::SetVariable
2026-08-14T23:02:07Z [35,533ms] [Warning] [omni.anim.graph.core.python] Type mismatch for variable Walk in Character::SetVariable
2026-08-14T23:02:07Z [35,541ms] [Error] [omni.physx.plugin] PhysX error: PxRigidDynamic::setLinearVelocity: Body must be non-kinematic!, FILE /builds/omniverse/physics/physx/source/physx/src/NpRigidDynamic.cpp, LINE 232
2026-08-14T23:02:07Z [35,541ms] [Error] [omni.physx.plugin] PhysX error: PxRigidDynamic::setAngularVelocity: Body must be non-kinematic!, FILE /builds/omniverse/physics/physx/source/physx/src/NpRigidDynamic.cpp, LINE 266
2026-08-14T23:02:07Z [35,541ms] [Warning] [omni.anim.graph.core.python] Type mismatch for variable Action in Character::SetVariable
2026-08-14T23:02:07Z [35,541ms] [Warning] [omni.anim.graph.core.python] Type mismatch for variable Walk in Character::SetVariable
2026-08-14T23:02:07Z [35,561ms] [Error] [omni.physx.plugin] PhysX error: PxRigidDynamic::setLinearVelocity: Body must be non-kinematic!, FILE /builds/omniverse/physics/physx/source/physx/src/NpRigidDynamic.cpp, LINE 232
2026-08-14T23:02:07Z [35,562ms] [Error] [omni.physx.plugin] PhysX error: PxRigidDynamic::setAngularVelocity: Body must be non-kinematic!, FILE /builds/omniverse/physics/physx/source/physx/src/NpRigidDynamic.cpp, LINE 266
2026-08-14T23:02:07Z [35,562ms] [Warning] [omni.anim.graph.core.python] Type mismatch for variable Action in Character::SetVariable
2026-08-14T23:02:07Z [35,562ms] [Warning] [omni.anim.graph.core.python] Type mismatch for variable Walk in Character::SetVariable
2026-08-14T23:02:07Z [35,581ms] [Error] [omni.physx.plugin] PhysX error: PxRigidDynamic::setLinearVelocity: Body must be non-kinematic!, FILE /builds/omniverse/physics/physx/source/physx/src/NpRigidDynamic.cpp, LINE 232
2026-08-14T23:02:07Z [35,581ms] [Error] [omni.physx.plugin] PhysX error: PxRigidDynamic::setAngularVelocity: Body must be non-kinematic!, FILE /builds/omniverse/physics/physx/source/physx/src/NpRigidDynamic.cpp, LINE 266
2026-08-14T23:02:07Z [35,581ms] [Warning] [omni.anim.graph.core.python] Type mismatch for variable Action in Character::SetVariable
2026-08-14T23:02:07Z [35,581ms] [Warning] [omni.anim.graph.core.python] Type mismatch for variable Walk in Character::SetVariable
2026-08-14T23:02:07Z [35,611ms] [Error] [omni.physx.plugin] PhysX error: PxRigidDynamic::setLinearVelocity: Body must be non-kinematic!, FILE /builds/omniverse/physics/physx/source/physx/src/NpRigidDynamic.cpp, LINE 232
2026-08-14T23:02:07Z [35,612ms] [Error] [omni.physx.plugin] PhysX error: PxRigidDynamic::setAngularVelocity: Body must be non-kinematic!, FILE /builds/omniverse/physics/physx/source/physx/src/NpRigidDynamic.cpp, LINE 266
2026-08-14T23:02:07Z [35,612ms] [Warning] [omni.anim.graph.core.python] Type mismatch for variable Action in Character::SetVariable
2026-08-14T23:02:07Z [35,612ms] [Warning] [omni.anim.graph.core.python] Type mismatch for variable Walk in Character::SetVariable
2026-08-14T23:02:07Z [35,632ms] [Error] [omni.physx.plugin] PhysX error: PxRigidDynamic::setLinearVelocity: Body must be non-kinematic!, FILE /builds/omniverse/physics/physx/source/physx/src/NpRigidDynamic.cpp, LINE 232
2026-08-14T23:02:07Z [35,633ms] [Error] [omni.physx.plugin] PhysX error: PxRigidDynamic::setAngularVelocity: Body must be non-kinematic!, FILE /builds/omniverse/physics/physx/source/physx/src/NpRigidDynamic.cpp, LINE 266
2026-08-14T23:02:07Z [35,633ms] [Warning] [omni.anim.graph.core.python] Type mismatch for variable Action in Character::SetVariable
2026-08-14T23:02:07Z [35,633ms] [Warning] [omni.anim.graph.core.python] Type mismatch for variable Walk in Character::SetVariable
2026-08-14T23:02:07Z [35,641ms] [Error] [omni.physx.plugin] PhysX error: PxRigidDynamic::setLinearVelocity: Body must be non-kinematic!, FILE /builds/omniverse/physics/physx/source/physx/src/NpRigidDynamic.cpp, LINE 232
2026-08-14T23:02:07Z [35,641ms] [Error] [omni.physx.plugin] PhysX error: PxRigidDynamic::setAngularVelocity: Body must be non-kinematic!, FILE /builds/omniverse/physics/physx/source/physx/src/NpRigidDynamic.cpp, LINE 266
2026-08-14T23:02:07Z [35,641ms] [Warning] [omni.anim.graph.core.python] Type mismatch for variable Action in Character::SetVariable
2026-08-14T23:02:07Z [35,641ms] [Warning] [omni.anim.graph.core.python] Type mismatch for variable Walk in Character::SetVariable
2026-08-14T23:02:07Z [35,661ms] [Error] [omni.physx.plugin] PhysX error: PxRigidDynamic::setLinearVelocity: Body must be non-kinematic!, FILE /builds/omniverse/physics/physx/source/physx/src/NpRigidDynamic.cpp, LINE 232
2026-08-14T23:02:07Z [35,661ms] [Error] [omni.physx.plugin] PhysX error: PxRigidDynamic::setAngularVelocity: Body must be non-kinematic!, FILE /builds/omniverse/physics/physx/source/physx/src/NpRigidDynamic.cpp, LINE 266
2026-08-14T23:02:07Z [35,661ms] [Warning] [omni.anim.graph.core.python] Type mismatch for variable Action in Character::SetVariable
2026-08-14T23:02:07Z [35,661ms] [Warning] [omni.anim.graph.core.python] Type mismatch for variable Walk in Character::SetVariable
2026-08-14T23:02:08Z [35,681ms] [Error] [omni.physx.plugin] PhysX error: PxRigidDynamic::setLinearVelocity: Body must be non-kinematic!, FILE /builds/omniverse/physics/physx/source/physx/src/NpRigidDynamic.cpp, LINE 232
2026-08-14T23:02:08Z [35,681ms] [Error] [omni.physx.plugin] PhysX error: PxRigidDynamic::setAngularVelocity: Body must be non-kinematic!, FILE /builds/omniverse/physics/physx/source/physx/src/NpRigidDynamic.cpp, LINE 266
2026-08-14T23:02:08Z [35,681ms] [Warning] [omni.anim.graph.core.python] Type mismatch for variable Action in Character::SetVariable
2026-08-14T23:02:08Z [35,681ms] [Warning] [omni.anim.graph.core.python] Type mismatch for variable Walk in Character::SetVariable
2026-08-14T23:02:08Z [35,710ms] [Error] [omni.physx.plugin] PhysX error: PxRigidDynamic::setLinearVelocity: Body must be non-kinematic!, FILE /builds/omniverse/physics/physx/source/physx/src/NpRigidDynamic.cpp, LINE 232
2026-08-14T23:02:08Z [35,711ms] [Error] [omni.physx.plugin] PhysX error: PxRigidDynamic::setAngularVelocity: Body must be non-kinematic!, FILE /builds/omniverse/physics/physx/source/physx/src/NpRigidDynamic.cpp, LINE 266
2026-08-14T23:02:08Z [35,711ms] [Warning] [omni.anim.graph.core.python] Type mismatch for variable Action in Character::SetVariable
2026-08-14T23:02:08Z [35,711ms] [Warning] [omni.anim.graph.core.python] Type mismatch for variable Walk in Character::SetVariable
2026-08-14T23:02:08Z [35,721ms] [Error] [omni.physx.plugin] PhysX error: PxRigidDynamic::setLinearVelocity: Body must be non-kinematic!, FILE /builds/omniverse/physics/physx/source/physx/src/NpRigidDynamic.cpp, LINE 232
2026-08-14T23:02:08Z [35,721ms] [Error] [omni.physx.plugin] PhysX error: PxRigidDynamic::setAngularVelocity: Body must be non-kinematic!, FILE /builds/omniverse/physics/physx/source/physx/src/NpRigidDynamic.cpp, LINE 266
2026-08-14T23:02:08Z [35,721ms] [Warning] [omni.anim.graph.core.python] Type mismatch for variable Action in Character::SetVariable
2026-08-14T23:02:08Z [35,721ms] [Warning] [omni.anim.graph.core.python] Type mismatch for variable Walk in Character::SetVariable
2026-08-14T23:02:08Z [35,742ms] [Error] [omni.physx.plugin] PhysX error: PxRigidDynamic::setLinearVelocity: Body must be non-kinematic!, FILE /builds/omniverse/physics/physx/source/physx/src/NpRigidDynamic.cpp, LINE 232
2026-08-14T23:02:08Z [35,742ms] [Error] [omni.physx.plugin] PhysX error: PxRigidDynamic::setAngularVelocity: Body must be non-kinematic!, FILE /builds/omniverse/physics/physx/source/physx/src/NpRigidDynamic.cpp, LINE 266
2026-08-14T23:02:08Z [35,742ms] [Warning] [omni.anim.graph.core.python] Type mismatch for variable Action in Character::SetVariable
2026-08-14T23:02:08Z [35,742ms] [Warning] [omni.anim.graph.core.python] Type mismatch for variable Walk in Character::SetVariable
2026-08-14T23:02:08Z [35,761ms] [Error] [omni.physx.plugin] PhysX error: PxRigidDynamic::setLinearVelocity: Body must be non-kinematic!, FILE /builds/omniverse/physics/physx/source/physx/src/NpRigidDynamic.cpp, LINE 232
2026-08-14T23:02:08Z [35,761ms] [Error] [omni.physx.plugin] PhysX error: PxRigidDynamic::setAngularVelocity: Body must be non-kinematic!, FILE /builds/omniverse/physics/physx/source/physx/src/NpRigidDynamic.cpp, LINE 266
2026-08-14T23:02:08Z [35,761ms] [Warning] [omni.anim.graph.core.python] Type mismatch for variable Action in Character::SetVariable
2026-08-14T23:02:08Z [35,761ms] [Warning] [omni.anim.graph.core.python] Type mismatch for variable Walk in Character::SetVariable
2026-08-14T23:02:08Z [35,781ms] [Error] [omni.physx.plugin] PhysX error: PxRigidDynamic::setLinearVelocity: Body must be non-kinematic!, FILE /builds/omniverse/physics/physx/source/physx/src/NpRigidDynamic.cpp, LINE 232
2026-08-14T23:02:08Z [35,781ms] [Error] [omni.physx.plugin] PhysX error: PxRigidDynamic::setAngularVelocity: Body must be non-kinematic!, FILE /builds/omniverse/physics/physx/source/physx/src/NpRigidDynamic.cpp, LINE 266
2026-08-14T23:02:08Z [35,781ms] [Warning] [omni.anim.graph.core.python] Type mismatch for variable Action in Character::SetVariable
2026-08-14T23:02:08Z [35,781ms] [Warning] [omni.anim.graph.core.python] Type mismatch for variable Walk in Character::SetVariable
2026-08-14T23:02:08Z [35,821ms] [Error] [omni.physx.plugin] PhysX error: PxRigidDynamic::setLinearVelocity: Body must be non-kinematic!, FILE /builds/omniverse/physics/physx/source/physx/src/NpRigidDynamic.cpp, LINE 232
2026-08-14T23:02:08Z [35,821ms] [Error] [omni.physx.plugin] PhysX error: PxRigidDynamic::setAngularVelocity: Body must be non-kinematic!, FILE /builds/omniverse/physics/physx/source/physx/src/NpRigidDynamic.cpp, LINE 266
2026-08-14T23:02:08Z [35,821ms] [Warning] [omni.anim.graph.core.python] Type mismatch for variable Action in Character::SetVariable
2026-08-14T23:02:08Z [35,821ms] [Warning] [omni.anim.graph.core.python] Type mismatch for variable Walk in Character::SetVariable
2026-08-14T23:02:08Z [35,829ms] [Error] [omni.physx.plugin] PhysX error: PxRigidDynamic::setLinearVelocity: Body must be non-kinematic!, FILE /builds/omniverse/physics/physx/source/physx/src/NpRigidDynamic.cpp, LINE 232
2026-08-14T23:02:08Z [35,829ms] [Error] [omni.physx.plugin] PhysX error: PxRigidDynamic::setAngularVelocity: Body must be non-kinematic!, FILE /builds/omniverse/physics/physx/source/physx/src/NpRigidDynamic.cpp, LINE 266
2026-08-14T23:02:08Z [35,829ms] [Warning] [omni.anim.graph.core.python] Type mismatch for variable Action in Character::SetVariable
2026-08-14T23:02:08Z [35,830ms] [Warning] [omni.anim.graph.core.python] Type mismatch for variable Walk in Character::SetVariable
2026-08-14T23:02:08Z [35,841ms] [Error] [omni.physx.plugin] PhysX error: PxRigidDynamic::setLinearVelocity: Body must be non-kinematic!, FILE /builds/omniverse/physics/physx/source/physx/src/NpRigidDynamic.cpp, LINE 232
2026-08-14T23:02:08Z [35,841ms] [Error] [omni.physx.plugin] PhysX error: PxRigidDynamic::setAngularVelocity: Body must be non-kinematic!, FILE /builds/omniverse/physics/physx/source/physx/src/NpRigidDynamic.cpp, LINE 266
2026-08-14T23:02:08Z [35,841ms] [Warning] [omni.anim.graph.core.python] Type mismatch for variable Action in Character::SetVariable
2026-08-14T23:02:08Z [35,841ms] [Warning] [omni.anim.graph.core.python] Type mismatch for variable Walk in Character::SetVariable
2026-08-14T23:02:08Z [35,863ms] [Error] [omni.physx.plugin] PhysX error: PxRigidDynamic::setLinearVelocity: Body must be non-kinematic!, FILE /builds/omniverse/physics/physx/source/physx/src/NpRigidDynamic.cpp, LINE 232
2026-08-14T23:02:08Z [35,863ms] [Error] [omni.physx.plugin] PhysX error: PxRigidDynamic::setAngularVelocity: Body must be non-kinematic!, FILE /builds/omniverse/physics/physx/source/physx/src/NpRigidDynamic.cpp, LINE 266
2026-08-14T23:02:08Z [35,863ms] [Warning] [omni.anim.graph.core.python] Type mismatch for variable Action in Character::SetVariable
2026-08-14T23:02:08Z [35,863ms] [Warning] [omni.anim.graph.core.python] Type mismatch for variable Walk in Character::SetVariable
2026-08-14T23:02:08Z [35,881ms] [Error] [omni.physx.plugin] PhysX error: PxRigidDynamic::setLinearVelocity: Body must be non-kinematic!, FILE /builds/omniverse/physics/physx/source/physx/src/NpRigidDynamic.cpp, LINE 232
2026-08-14T23:02:08Z [35,881ms] [Error] [omni.physx.plugin] PhysX error: PxRigidDynamic::setAngularVelocity: Body must be non-kinematic!, FILE /builds/omniverse/physics/physx/source/physx/src/NpRigidDynamic.cpp, LINE 266
2026-08-14T23:02:08Z [35,881ms] [Warning] [omni.anim.graph.core.python] Type mismatch for variable Action in Character::SetVariable
2026-08-14T23:02:08Z [35,881ms] [Warning] [omni.anim.graph.core.python] Type mismatch for variable Walk in Character::SetVariable
2026-08-14T23:02:08Z [35,908ms] [Error] [omni.physx.plugin] PhysX error: PxRigidDynamic::setLinearVelocity: Body must be non-kinematic!, FILE /builds/omniverse/physics/physx/source/physx/src/NpRigidDynamic.cpp, LINE 232
2026-08-14T23:02:08Z [35,908ms] [Error] [omni.physx.plugin] PhysX error: PxRigidDynamic::setAngularVelocity: Body must be non-kinematic!, FILE /builds/omniverse/physics/physx/source/physx/src/NpRigidDynamic.cpp, LINE 266
2026-08-14T23:02:08Z [35,908ms] [Warning] [omni.anim.graph.core.python] Type mismatch for variable Action in Character::SetVariable
2026-08-14T23:02:08Z [35,908ms] [Warning] [omni.anim.graph.core.python] Type mismatch for variable Walk in Character::SetVariable
2026-08-14T23:02:08Z [35,928ms] [Error] [omni.physx.plugin] PhysX error: PxRigidDynamic::setLinearVelocity: Body must be non-kinematic!, FILE /builds/omniverse/physics/physx/source/physx/src/NpRigidDynamic.cpp, LINE 232
2026-08-14T23:02:08Z [35,929ms] [Error] [omni.physx.plugin] PhysX error: PxRigidDynamic::setAngularVelocity: Body must be non-kinematic!, FILE /builds/omniverse/physics/physx/source/physx/src/NpRigidDynamic.cpp, LINE 266
2026-08-14T23:02:08Z [35,929ms] [Warning] [omni.anim.graph.core.python] Type mismatch for variable Action in Character::SetVariable
2026-08-14T23:02:08Z [35,929ms] [Warning] [omni.anim.graph.core.python] Type mismatch for variable Walk in Character::SetVariable
2026-08-14T23:02:08Z [35,941ms] [Error] [omni.physx.plugin] PhysX error: PxRigidDynamic::setLinearVelocity: Body must be non-kinematic!, FILE /builds/omniverse/physics/physx/source/physx/src/NpRigidDynamic.cpp, LINE 232
2026-08-14T23:02:08Z [35,941ms] [Error] [omni.physx.plugin] PhysX error: PxRigidDynamic::setAngularVelocity: Body must be non-kinematic!, FILE /builds/omniverse/physics/physx/source/physx/src/NpRigidDynamic.cpp, LINE 266
2026-08-14T23:02:08Z [35,941ms] [Warning] [omni.anim.graph.core.python] Type mismatch for variable Action in Character::SetVariable
2026-08-14T23:02:08Z [35,941ms] [Warning] [omni.anim.graph.core.python] Type mismatch for variable Walk in Character::SetVariable
2026-08-14T23:02:08Z [35,961ms] [Error] [omni.physx.plugin] PhysX error: PxRigidDynamic::setLinearVelocity: Body must be non-kinematic!, FILE /builds/omniverse/physics/physx/source/physx/src/NpRigidDynamic.cpp, LINE 232
2026-08-14T23:02:08Z [35,961ms] [Error] [omni.physx.plugin] PhysX error: PxRigidDynamic::setAngularVelocity: Body must be non-kinematic!, FILE /builds/omniverse/physics/physx/source/physx/src/NpRigidDynamic.cpp, LINE 266
2026-08-14T23:02:08Z [35,961ms] [Warning] [omni.anim.graph.core.python] Type mismatch for variable Action in Character::SetVariable
2026-08-14T23:02:08Z [35,961ms] [Warning] [omni.anim.graph.core.python] Type mismatch for variable Walk in Character::SetVariable
2026-08-14T23:02:08Z [35,973ms] [Warning] [carb] Client gpu.foundation.plugin has acquired [gpu::unstable::IMemoryBudgetManagerFactory v0.1] 100 times. Consider accessing this interface with carb::getCachedInterface() (Performance warning)
2026-08-14T23:02:08Z [35,981ms] [Error] [omni.physx.plugin] PhysX error: PxRigidDynamic::setLinearVelocity: Body must be non-kinematic!, FILE /builds/omniverse/physics/physx/source/physx/src/NpRigidDynamic.cpp, LINE 232
2026-08-14T23:02:08Z [35,981ms] [Error] [omni.physx.plugin] PhysX error: PxRigidDynamic::setAngularVelocity: Body must be non-kinematic!, FILE /builds/omniverse/physics/physx/source/physx/src/NpRigidDynamic.cpp, LINE 266
2026-08-14T23:02:08Z [35,981ms] [Warning] [omni.anim.graph.core.python] Type mismatch for variable Action in Character::SetVariable
2026-08-14T23:02:08Z [35,981ms] [Warning] [omni.anim.graph.core.python] Type mismatch for variable Walk in Character::SetVariable
2026-08-14T23:02:08Z [36,011ms] [Error] [omni.physx.plugin] PhysX error: PxRigidDynamic::setLinearVelocity: Body must be non-kinematic!, FILE /builds/omniverse/physics/physx/source/physx/src/NpRigidDynamic.cpp, LINE 232
2026-08-14T23:02:08Z [36,011ms] [Error] [omni.physx.plugin] PhysX error: PxRigidDynamic::setAngularVelocity: Body must be non-kinematic!, FILE /builds/omniverse/physics/physx/source/physx/src/NpRigidDynamic.cpp, LINE 266
2026-08-14T23:02:08Z [36,011ms] [Warning] [omni.anim.graph.core.python] Type mismatch for variable Action in Character::SetVariable
2026-08-14T23:02:08Z [36,011ms] [Warning] [omni.anim.graph.core.python] Type mismatch for variable Walk in Character::SetVariable
2026-08-14T23:02:08Z [36,021ms] [Error] [omni.physx.plugin] PhysX error: PxRigidDynamic::setLinearVelocity: Body must be non-kinematic!, FILE /builds/omniverse/physics/physx/source/physx/src/NpRigidDynamic.cpp, LINE 232
2026-08-14T23:02:08Z [36,021ms] [Error] [omni.physx.plugin] PhysX error: PxRigidDynamic::setAngularVelocity: Body must be non-kinematic!, FILE /builds/omniverse/physics/physx/source/physx/src/NpRigidDynamic.cpp, LINE 266
2026-08-14T23:02:08Z [36,021ms] [Warning] [omni.anim.graph.core.python] Type mismatch for variable Action in Character::SetVariable
2026-08-14T23:02:08Z [36,021ms] [Warning] [omni.anim.graph.core.python] Type mismatch for variable Walk in Character::SetVariable
2026-08-14T23:02:08Z [36,041ms] [Error] [omni.physx.plugin] PhysX error: PxRigidDynamic::setLinearVelocity: Body must be non-kinematic!, FILE /builds/omniverse/physics/physx/source/physx/src/NpRigidDynamic.cpp, LINE 232
2026-08-14T23:02:08Z [36,041ms] [Error] [omni.physx.plugin] PhysX error: PxRigidDynamic::setAngularVelocity: Body must be non-kinematic!, FILE /builds/omniverse/physics/physx/source/physx/src/NpRigidDynamic.cpp, LINE 266
2026-08-14T23:02:08Z [36,041ms] [Warning] [omni.anim.graph.core.python] Type mismatch for variable Action in Character::SetVariable
2026-08-14T23:02:08Z [36,041ms] [Warning] [omni.anim.graph.core.python] Type mismatch for variable Walk in Character::SetVariable
2026-08-14T23:02:08Z [36,061ms] [Error] [omni.physx.plugin] PhysX error: PxRigidDynamic::setLinearVelocity: Body must be non-kinematic!, FILE /builds/omniverse/physics/physx/source/physx/src/NpRigidDynamic.cpp, LINE 232
2026-08-14T23:02:08Z [36,061ms] [Error] [omni.physx.plugin] PhysX error: PxRigidDynamic::setAngularVelocity: Body must be non-kinematic!, FILE /builds/omniverse/physics/physx/source/physx/src/NpRigidDynamic.cpp, LINE 266
2026-08-14T23:02:08Z [36,061ms] [Warning] [omni.anim.graph.core.python] Type mismatch for variable Action in Character::SetVariable
2026-08-14T23:02:08Z [36,061ms] [Warning] [omni.anim.graph.core.python] Type mismatch for variable Walk in Character::SetVariable
2026-08-14T23:02:08Z [36,081ms] [Error] [omni.physx.plugin] PhysX error: PxRigidDynamic::setLinearVelocity: Body must be non-kinematic!, FILE /builds/omniverse/physics/physx/source/physx/src/NpRigidDynamic.cpp, LINE 232
2026-08-14T23:02:08Z [36,081ms] [Error] [omni.physx.plugin] PhysX error: PxRigidDynamic::setAngularVelocity: Body must be non-kinematic!, FILE /builds/omniverse/physics/physx/source/physx/src/NpRigidDynamic.cpp, LINE 266
2026-08-14T23:02:08Z [36,081ms] [Warning] [omni.anim.graph.core.python] Type mismatch for variable Action in Character::SetVariable
2026-08-14T23:02:08Z [36,081ms] [Warning] [omni.anim.graph.core.python] Type mismatch for variable Walk in Character::SetVariable
2026-08-14T23:02:08Z [36,124ms] [Error] [omni.physx.plugin] PhysX error: PxRigidDynamic::setLinearVelocity: Body must be non-kinematic!, FILE /builds/omniverse/physics/physx/source/physx/src/NpRigidDynamic.cpp, LINE 232
2026-08-14T23:02:08Z [36,124ms] [Error] [omni.physx.plugin] PhysX error: PxRigidDynamic::setAngularVelocity: Body must be non-kinematic!, FILE /builds/omniverse/physics/physx/source/physx/src/NpRigidDynamic.cpp, LINE 266
2026-08-14T23:02:08Z [36,124ms] [Warning] [omni.anim.graph.core.python] Type mismatch for variable Action in Character::SetVariable
2026-08-14T23:02:08Z [36,124ms] [Warning] [omni.anim.graph.core.python] Type mismatch for variable Walk in Character::SetVariable
2026-08-14T23:02:08Z [36,132ms] [Error] [omni.physx.plugin] PhysX error: PxRigidDynamic::setLinearVelocity: Body must be non-kinematic!, FILE /builds/omniverse/physics/physx/source/physx/src/NpRigidDynamic.cpp, LINE 232
2026-08-14T23:02:08Z [36,132ms] [Error] [omni.physx.plugin] PhysX error: PxRigidDynamic::setAngularVelocity: Body must be non-kinematic!, FILE /builds/omniverse/physics/physx/source/physx/src/NpRigidDynamic.cpp, LINE 266
2026-08-14T23:02:08Z [36,132ms] [Warning] [omni.anim.graph.core.python] Type mismatch for variable Action in Character::SetVariable
2026-08-14T23:02:08Z [36,132ms] [Warning] [omni.anim.graph.core.python] Type mismatch for variable Walk in Character::SetVariable
2026-08-14T23:02:08Z [36,141ms] [Error] [omni.physx.plugin] PhysX error: PxRigidDynamic::setLinearVelocity: Body must be non-kinematic!, FILE /builds/omniverse/physics/physx/source/physx/src/NpRigidDynamic.cpp, LINE 232
2026-08-14T23:02:08Z [36,141ms] [Error] [omni.physx.plugin] PhysX error: PxRigidDynamic::setAngularVelocity: Body must be non-kinematic!, FILE /builds/omniverse/physics/physx/source/physx/src/NpRigidDynamic.cpp, LINE 266
2026-08-14T23:02:08Z [36,141ms] [Warning] [omni.anim.graph.core.python] Type mismatch for variable Action in Character::SetVariable
2026-08-14T23:02:08Z [36,141ms] [Warning] [omni.anim.graph.core.python] Type mismatch for variable Walk in Character::SetVariable
2026-08-14T23:02:08Z [36,161ms] [Error] [omni.physx.plugin] PhysX error: PxRigidDynamic::setLinearVelocity: Body must be non-kinematic!, FILE /builds/omniverse/physics/physx/source/physx/src/NpRigidDynamic.cpp, LINE 232
2026-08-14T23:02:08Z [36,161ms] [Error] [omni.physx.plugin] PhysX error: PxRigidDynamic::setAngularVelocity: Body must be non-kinematic!, FILE /builds/omniverse/physics/physx/source/physx/src/NpRigidDynamic.cpp, LINE 266
2026-08-14T23:02:08Z [36,161ms] [Warning] [omni.anim.graph.core.python] Type mismatch for variable Action in Character::SetVariable
2026-08-14T23:02:08Z [36,161ms] [Warning] [omni.anim.graph.core.python] Type mismatch for variable Walk in Character::SetVariable
2026-08-14T23:02:08Z [36,181ms] [Error] [omni.physx.plugin] PhysX error: PxRigidDynamic::setLinearVelocity: Body must be non-kinematic!, FILE /builds/omniverse/physics/physx/source/physx/src/NpRigidDynamic.cpp, LINE 232
2026-08-14T23:02:08Z [36,181ms] [Error] [omni.physx.plugin] PhysX error: PxRigidDynamic::setAngularVelocity: Body must be non-kinematic!, FILE /builds/omniverse/physics/physx/source/physx/src/NpRigidDynamic.cpp, LINE 266
2026-08-14T23:02:08Z [36,181ms] [Warning] [omni.anim.graph.core.python] Type mismatch for variable Action in Character::SetVariable
2026-08-14T23:02:08Z [36,181ms] [Warning] [omni.anim.graph.core.python] Type mismatch for variable Walk in Character::SetVariable
2026-08-14T23:02:08Z [36,210ms] [Error] [omni.physx.plugin] PhysX error: PxRigidDynamic::setLinearVelocity: Body must be non-kinematic!, FILE /builds/omniverse/physics/physx/source/physx/src/NpRigidDynamic.cpp, LINE 232
2026-08-14T23:02:08Z [36,210ms] [Error] [omni.physx.plugin] PhysX error: PxRigidDynamic::setAngularVelocity: Body must be non-kinematic!, FILE /builds/omniverse/physics/physx/source/physx/src/NpRigidDynamic.cpp, LINE 266
2026-08-14T23:02:08Z [36,210ms] [Warning] [omni.anim.graph.core.python] Type mismatch for variable Action in Character::SetVariable
2026-08-14T23:02:08Z [36,210ms] [Warning] [omni.anim.graph.core.python] Type mismatch for variable Walk in Character::SetVariable
2026-08-14T23:02:08Z [36,229ms] [Error] [omni.physx.plugin] PhysX error: PxRigidDynamic::setLinearVelocity: Body must be non-kinematic!, FILE /builds/omniverse/physics/physx/source/physx/src/NpRigidDynamic.cpp, LINE 232
2026-08-14T23:02:08Z [36,229ms] [Error] [omni.physx.plugin] PhysX error: PxRigidDynamic::setAngularVelocity: Body must be non-kinematic!, FILE /builds/omniverse/physics/physx/source/physx/src/NpRigidDynamic.cpp, LINE 266
2026-08-14T23:02:08Z [36,229ms] [Warning] [omni.anim.graph.core.python] Type mismatch for variable Action in Character::SetVariable
2026-08-14T23:02:08Z [36,229ms] [Warning] [omni.anim.graph.core.python] Type mismatch for variable Walk in Character::SetVariable
2026-08-14T23:02:08Z [36,241ms] [Error] [omni.physx.plugin] PhysX error: PxRigidDynamic::setLinearVelocity: Body must be non-kinematic!, FILE /builds/omniverse/physics/physx/source/physx/src/NpRigidDynamic.cpp, LINE 232
2026-08-14T23:02:08Z [36,241ms] [Error] [omni.physx.plugin] PhysX error: PxRigidDynamic::setAngularVelocity: Body must be non-kinematic!, FILE /builds/omniverse/physics/physx/source/physx/src/NpRigidDynamic.cpp, LINE 266
2026-08-14T23:02:08Z [36,241ms] [Warning] [omni.anim.graph.core.python] Type mismatch for variable Action in Character::SetVariable
2026-08-14T23:02:08Z [36,241ms] [Warning] [omni.anim.graph.core.python] Type mismatch for variable Walk in Character::SetVariable
2026-08-14T23:02:08Z [36,261ms] [Error] [omni.physx.plugin] PhysX error: PxRigidDynamic::setLinearVelocity: Body must be non-kinematic!, FILE /builds/omniverse/physics/physx/source/physx/src/NpRigidDynamic.cpp, LINE 232
2026-08-14T23:02:08Z [36,261ms] [Error] [omni.physx.plugin] PhysX error: PxRigidDynamic::setAngularVelocity: Body must be non-kinematic!, FILE /builds/omniverse/physics/physx/source/physx/src/NpRigidDynamic.cpp, LINE 266
2026-08-14T23:02:08Z [36,261ms] [Warning] [omni.anim.graph.core.python] Type mismatch for variable Action in Character::SetVariable
2026-08-14T23:02:08Z [36,261ms] [Warning] [omni.anim.graph.core.python] Type mismatch for variable Walk in Character::SetVariable
2026-08-14T23:02:08Z [36,282ms] [Error] [omni.physx.plugin] PhysX error: PxRigidDynamic::setLinearVelocity: Body must be non-kinematic!, FILE /builds/omniverse/physics/physx/source/physx/src/NpRigidDynamic.cpp, LINE 232
2026-08-14T23:02:08Z [36,282ms] [Error] [omni.physx.plugin] PhysX error: PxRigidDynamic::setAngularVelocity: Body must be non-kinematic!, FILE /builds/omniverse/physics/physx/source/physx/src/NpRigidDynamic.cpp, LINE 266
2026-08-14T23:02:08Z [36,282ms] [Warning] [omni.anim.graph.core.python] Type mismatch for variable Action in Character::SetVariable
2026-08-14T23:02:08Z [36,282ms] [Warning] [omni.anim.graph.core.python] Type mismatch for variable Walk in Character::SetVariable
2026-08-14T23:02:08Z [36,311ms] [Error] [omni.physx.plugin] PhysX error: PxRigidDynamic::setLinearVelocity: Body must be non-kinematic!, FILE /builds/omniverse/physics/physx/source/physx/src/NpRigidDynamic.cpp, LINE 232
2026-08-14T23:02:08Z [36,311ms] [Error] [omni.physx.plugin] PhysX error: PxRigidDynamic::setAngularVelocity: Body must be non-kinematic!, FILE /builds/omniverse/physics/physx/source/physx/src/NpRigidDynamic.cpp, LINE 266
2026-08-14T23:02:08Z [36,311ms] [Warning] [omni.anim.graph.core.python] Type mismatch for variable Action in Character::SetVariable
2026-08-14T23:02:08Z [36,311ms] [Warning] [omni.anim.graph.core.python] Type mismatch for variable Walk in Character::SetVariable
2026-08-14T23:02:08Z [36,321ms] [Error] [omni.physx.plugin] PhysX error: PxRigidDynamic::setLinearVelocity: Body must be non-kinematic!, FILE /builds/omniverse/physics/physx/source/physx/src/NpRigidDynamic.cpp, LINE 232
2026-08-14T23:02:08Z [36,321ms] [Error] [omni.physx.plugin] PhysX error: PxRigidDynamic::setAngularVelocity: Body must be non-kinematic!, FILE /builds/omniverse/physics/physx/source/physx/src/NpRigidDynamic.cpp, LINE 266
2026-08-14T23:02:08Z [36,321ms] [Warning] [omni.anim.graph.core.python] Type mismatch for variable Action in Character::SetVariable
2026-08-14T23:02:08Z [36,321ms] [Warning] [omni.anim.graph.core.python] Type mismatch for variable Walk in Character::SetVariable
2026-08-14T23:02:08Z [36,341ms] [Error] [omni.physx.plugin] PhysX error: PxRigidDynamic::setLinearVelocity: Body must be non-kinematic!, FILE /builds/omniverse/physics/physx/source/physx/src/NpRigidDynamic.cpp, LINE 232
2026-08-14T23:02:08Z [36,341ms] [Error] [omni.physx.plugin] PhysX error: PxRigidDynamic::setAngularVelocity: Body must be non-kinematic!, FILE /builds/omniverse/physics/physx/source/physx/src/NpRigidDynamic.cpp, LINE 266
2026-08-14T23:02:08Z [36,341ms] [Warning] [omni.anim.graph.core.python] Type mismatch for variable Action in Character::SetVariable
2026-08-14T23:02:08Z [36,341ms] [Warning] [omni.anim.graph.core.python] Type mismatch for variable Walk in Character::SetVariable
2026-08-14T23:02:08Z [36,361ms] [Error] [omni.physx.plugin] PhysX error: PxRigidDynamic::setLinearVelocity: Body must be non-kinematic!, FILE /builds/omniverse/physics/physx/source/physx/src/NpRigidDynamic.cpp, LINE 232
2026-08-14T23:02:08Z [36,361ms] [Error] [omni.physx.plugin] PhysX error: PxRigidDynamic::setAngularVelocity: Body must be non-kinematic!, FILE /builds/omniverse/physics/physx/source/physx/src/NpRigidDynamic.cpp, LINE 266
2026-08-14T23:02:08Z [36,361ms] [Warning] [omni.anim.graph.core.python] Type mismatch for variable Action in Character::SetVariable
2026-08-14T23:02:08Z [36,361ms] [Warning] [omni.anim.graph.core.python] Type mismatch for variable Walk in Character::SetVariable
2026-08-14T23:02:08Z [36,381ms] [Error] [omni.physx.plugin] PhysX error: PxRigidDynamic::setLinearVelocity: Body must be non-kinematic!, FILE /builds/omniverse/physics/physx/source/physx/src/NpRigidDynamic.cpp, LINE 232
2026-08-14T23:02:08Z [36,381ms] [Error] [omni.physx.plugin] PhysX error: PxRigidDynamic::setAngularVelocity: Body must be non-kinematic!, FILE /builds/omniverse/physics/physx/source/physx/src/NpRigidDynamic.cpp, LINE 266
2026-08-14T23:02:08Z [36,381ms] [Warning] [omni.anim.graph.core.python] Type mismatch for variable Action in Character::SetVariable
2026-08-14T23:02:08Z [36,381ms] [Warning] [omni.anim.graph.core.python] Type mismatch for variable Walk in Character::SetVariable
2026-08-14T23:02:08Z [36,422ms] [Error] [omni.physx.plugin] PhysX error: PxRigidDynamic::setLinearVelocity: Body must be non-kinematic!, FILE /builds/omniverse/physics/physx/source/physx/src/NpRigidDynamic.cpp, LINE 232
2026-08-14T23:02:08Z [36,422ms] [Error] [omni.physx.plugin] PhysX error: PxRigidDynamic::setAngularVelocity: Body must be non-kinematic!, FILE /builds/omniverse/physics/physx/source/physx/src/NpRigidDynamic.cpp, LINE 266
2026-08-14T23:02:08Z [36,422ms] [Warning] [omni.anim.graph.core.python] Type mismatch for variable Action in Character::SetVariable
2026-08-14T23:02:08Z [36,422ms] [Warning] [omni.anim.graph.core.python] Type mismatch for variable Walk in Character::SetVariable
2026-08-14T23:02:08Z [36,430ms] [Error] [omni.physx.plugin] PhysX error: PxRigidDynamic::setLinearVelocity: Body must be non-kinematic!, FILE /builds/omniverse/physics/physx/source/physx/src/NpRigidDynamic.cpp, LINE 232
2026-08-14T23:02:08Z [36,430ms] [Error] [omni.physx.plugin] PhysX error: PxRigidDynamic::setAngularVelocity: Body must be non-kinematic!, FILE /builds/omniverse/physics/physx/source/physx/src/NpRigidDynamic.cpp, LINE 266
2026-08-14T23:02:08Z [36,430ms] [Warning] [omni.anim.graph.core.python] Type mismatch for variable Action in Character::SetVariable
2026-08-14T23:02:08Z [36,430ms] [Warning] [omni.anim.graph.core.python] Type mismatch for variable Walk in Character::SetVariable
2026-08-14T23:02:08Z [36,441ms] [Error] [omni.physx.plugin] PhysX error: PxRigidDynamic::setLinearVelocity: Body must be non-kinematic!, FILE /builds/omniverse/physics/physx/source/physx/src/NpRigidDynamic.cpp, LINE 232
2026-08-14T23:02:08Z [36,441ms] [Error] [omni.physx.plugin] PhysX error: PxRigidDynamic::setAngularVelocity: Body must be non-kinematic!, FILE /builds/omniverse/physics/physx/source/physx/src/NpRigidDynamic.cpp, LINE 266
2026-08-14T23:02:08Z [36,441ms] [Warning] [omni.anim.graph.core.python] Type mismatch for variable Action in Character::SetVariable
2026-08-14T23:02:08Z [36,441ms] [Warning] [omni.anim.graph.core.python] Type mismatch for variable Walk in Character::SetVariable
2026-08-14T23:02:08Z [36,461ms] [Error] [omni.physx.plugin] PhysX error: PxRigidDynamic::setLinearVelocity: Body must be non-kinematic!, FILE /builds/omniverse/physics/physx/source/physx/src/NpRigidDynamic.cpp, LINE 232
2026-08-14T23:02:08Z [36,461ms] [Error] [omni.physx.plugin] PhysX error: PxRigidDynamic::setAngularVelocity: Body must be non-kinematic!, FILE /builds/omniverse/physics/physx/source/physx/src/NpRigidDynamic.cpp, LINE 266
2026-08-14T23:02:08Z [36,461ms] [Warning] [omni.anim.graph.core.python] Type mismatch for variable Action in Character::SetVariable
2026-08-14T23:02:08Z [36,461ms] [Warning] [omni.anim.graph.core.python] Type mismatch for variable Walk in Character::SetVariable
2026-08-14T23:02:08Z [36,481ms] [Error] [omni.physx.plugin] PhysX error: PxRigidDynamic::setLinearVelocity: Body must be non-kinematic!, FILE /builds/omniverse/physics/physx/source/physx/src/NpRigidDynamic.cpp, LINE 232
2026-08-14T23:02:08Z [36,481ms] [Error] [omni.physx.plugin] PhysX error: PxRigidDynamic::setAngularVelocity: Body must be non-kinematic!, FILE /builds/omniverse/physics/physx/source/physx/src/NpRigidDynamic.cpp, LINE 266
2026-08-14T23:02:08Z [36,481ms] [Warning] [omni.anim.graph.core.python] Type mismatch for variable Action in Character::SetVariable
2026-08-14T23:02:08Z [36,481ms] [Warning] [omni.anim.graph.core.python] Type mismatch for variable Walk in Character::SetVariable
2026-08-14T23:02:08Z [36,509ms] [Error] [omni.physx.plugin] PhysX error: PxRigidDynamic::setLinearVelocity: Body must be non-kinematic!, FILE /builds/omniverse/physics/physx/source/physx/src/NpRigidDynamic.cpp, LINE 232
2026-08-14T23:02:08Z [36,509ms] [Error] [omni.physx.plugin] PhysX error: PxRigidDynamic::setAngularVelocity: Body must be non-kinematic!, FILE /builds/omniverse/physics/physx/source/physx/src/NpRigidDynamic.cpp, LINE 266
2026-08-14T23:02:08Z [36,509ms] [Warning] [omni.anim.graph.core.python] Type mismatch for variable Action in Character::SetVariable
2026-08-14T23:02:08Z [36,509ms] [Warning] [omni.anim.graph.core.python] Type mismatch for variable Walk in Character::SetVariable
2026-08-14T23:02:08Z [36,530ms] [Error] [omni.physx.plugin] PhysX error: PxRigidDynamic::setLinearVelocity: Body must be non-kinematic!, FILE /builds/omniverse/physics/physx/source/physx/src/NpRigidDynamic.cpp, LINE 232
2026-08-14T23:02:08Z [36,530ms] [Error] [omni.physx.plugin] PhysX error: PxRigidDynamic::setAngularVelocity: Body must be non-kinematic!, FILE /builds/omniverse/physics/physx/source/physx/src/NpRigidDynamic.cpp, LINE 266
2026-08-14T23:02:08Z [36,530ms] [Warning] [omni.anim.graph.core.python] Type mismatch for variable Action in Character::SetVariable
2026-08-14T23:02:08Z [36,530ms] [Warning] [omni.anim.graph.core.python] Type mismatch for variable Walk in Character::SetVariable
2026-08-14T23:02:08Z [36,541ms] [Error] [omni.physx.plugin] PhysX error: PxRigidDynamic::setLinearVelocity: Body must be non-kinematic!, FILE /builds/omniverse/physics/physx/source/physx/src/NpRigidDynamic.cpp, LINE 232
2026-08-14T23:02:08Z [36,541ms] [Error] [omni.physx.plugin] PhysX error: PxRigidDynamic::setAngularVelocity: Body must be non-kinematic!, FILE /builds/omniverse/physics/physx/source/physx/src/NpRigidDynamic.cpp, LINE 266
2026-08-14T23:02:08Z [36,541ms] [Warning] [omni.anim.graph.core.python] Type mismatch for variable Action in Character::SetVariable
2026-08-14T23:02:08Z [36,541ms] [Warning] [omni.anim.graph.core.python] Type mismatch for variable Walk in Character::SetVariable
2026-08-14T23:02:08Z [36,561ms] [Error] [omni.physx.plugin] PhysX error: PxRigidDynamic::setLinearVelocity: Body must be non-kinematic!, FILE /builds/omniverse/physics/physx/source/physx/src/NpRigidDynamic.cpp, LINE 232
2026-08-14T23:02:08Z [36,561ms] [Error] [omni.physx.plugin] PhysX error: PxRigidDynamic::setAngularVelocity: Body must be non-kinematic!, FILE /builds/omniverse/physics/physx/source/physx/src/NpRigidDynamic.cpp, LINE 266
2026-08-14T23:02:08Z [36,561ms] [Warning] [omni.anim.graph.core.python] Type mismatch for variable Action in Character::SetVariable
2026-08-14T23:02:08Z [36,561ms] [Warning] [omni.anim.graph.core.python] Type mismatch for variable Walk in Character::SetVariable
2026-08-14T23:02:08Z [36,583ms] [Error] [omni.physx.plugin] PhysX error: PxRigidDynamic::setLinearVelocity: Body must be non-kinematic!, FILE /builds/omniverse/physics/physx/source/physx/src/NpRigidDynamic.cpp, LINE 232
2026-08-14T23:02:08Z [36,583ms] [Error] [omni.physx.plugin] PhysX error: PxRigidDynamic::setAngularVelocity: Body must be non-kinematic!, FILE /builds/omniverse/physics/physx/source/physx/src/NpRigidDynamic.cpp, LINE 266
2026-08-14T23:02:08Z [36,583ms] [Warning] [omni.anim.graph.core.python] Type mismatch for variable Action in Character::SetVariable
2026-08-14T23:02:08Z [36,583ms] [Warning] [omni.anim.graph.core.python] Type mismatch for variable Walk in Character::SetVariable
2026-08-14T23:02:08Z [36,612ms] [Error] [omni.physx.plugin] PhysX error: PxRigidDynamic::setLinearVelocity: Body must be non-kinematic!, FILE /builds/omniverse/physics/physx/source/physx/src/NpRigidDynamic.cpp, LINE 232
2026-08-14T23:02:08Z [36,612ms] [Error] [omni.physx.plugin] PhysX error: PxRigidDynamic::setAngularVelocity: Body must be non-kinematic!, FILE /builds/omniverse/physics/physx/source/physx/src/NpRigidDynamic.cpp, LINE 266
2026-08-14T23:02:08Z [36,612ms] [Warning] [omni.anim.graph.core.python] Type mismatch for variable Action in Character::SetVariable
2026-08-14T23:02:08Z [36,612ms] [Warning] [omni.anim.graph.core.python] Type mismatch for variable Walk in Character::SetVariable
2026-08-14T23:02:08Z [36,621ms] [Error] [omni.physx.plugin] PhysX error: PxRigidDynamic::setLinearVelocity: Body must be non-kinematic!, FILE /builds/omniverse/physics/physx/source/physx/src/NpRigidDynamic.cpp, LINE 232
2026-08-14T23:02:08Z [36,621ms] [Error] [omni.physx.plugin] PhysX error: PxRigidDynamic::setAngularVelocity: Body must be non-kinematic!, FILE /builds/omniverse/physics/physx/source/physx/src/NpRigidDynamic.cpp, LINE 266
2026-08-14T23:02:08Z [36,621ms] [Warning] [omni.anim.graph.core.python] Type mismatch for variable Action in Character::SetVariable
2026-08-14T23:02:08Z [36,621ms] [Warning] [omni.anim.graph.core.python] Type mismatch for variable Walk in Character::SetVariable
2026-08-14T23:02:08Z [36,642ms] [Error] [omni.physx.plugin] PhysX error: PxRigidDynamic::setLinearVelocity: Body must be non-kinematic!, FILE /builds/omniverse/physics/physx/source/physx/src/NpRigidDynamic.cpp, LINE 232
2026-08-14T23:02:08Z [36,642ms] [Error] [omni.physx.plugin] PhysX error: PxRigidDynamic::setAngularVelocity: Body must be non-kinematic!, FILE /builds/omniverse/physics/physx/source/physx/src/NpRigidDynamic.cpp, LINE 266
2026-08-14T23:02:08Z [36,642ms] [Warning] [omni.anim.graph.core.python] Type mismatch for variable Action in Character::SetVariable
2026-08-14T23:02:08Z [36,642ms] [Warning] [omni.anim.graph.core.python] Type mismatch for variable Walk in Character::SetVariable
2026-08-14T23:02:08Z [36,661ms] [Error] [omni.physx.plugin] PhysX error: PxRigidDynamic::setLinearVelocity: Body must be non-kinematic!, FILE /builds/omniverse/physics/physx/source/physx/src/NpRigidDynamic.cpp, LINE 232
2026-08-14T23:02:08Z [36,661ms] [Error] [omni.physx.plugin] PhysX error: PxRigidDynamic::setAngularVelocity: Body must be non-kinematic!, FILE /builds/omniverse/physics/physx/source/physx/src/NpRigidDynamic.cpp, LINE 266
2026-08-14T23:02:08Z [36,661ms] [Warning] [omni.anim.graph.core.python] Type mismatch for variable Action in Character::SetVariable
2026-08-14T23:02:08Z [36,661ms] [Warning] [omni.anim.graph.core.python] Type mismatch for variable Walk in Character::SetVariable
2026-08-14T23:02:09Z [36,681ms] [Error] [omni.physx.plugin] PhysX error: PxRigidDynamic::setLinearVelocity: Body must be non-kinematic!, FILE /builds/omniverse/physics/physx/source/physx/src/NpRigidDynamic.cpp, LINE 232
2026-08-14T23:02:09Z [36,681ms] [Error] [omni.physx.plugin] PhysX error: PxRigidDynamic::setAngularVelocity: Body must be non-kinematic!, FILE /builds/omniverse/physics/physx/source/physx/src/NpRigidDynamic.cpp, LINE 266
2026-08-14T23:02:09Z [36,681ms] [Warning] [omni.anim.graph.core.python] Type mismatch for variable Action in Character::SetVariable
2026-08-14T23:02:09Z [36,681ms] [Warning] [omni.anim.graph.core.python] Type mismatch for variable Walk in Character::SetVariable
2026-08-14T23:02:09Z [36,724ms] [Error] [omni.physx.plugin] PhysX error: PxRigidDynamic::setLinearVelocity: Body must be non-kinematic!, FILE /builds/omniverse/physics/physx/source/physx/src/NpRigidDynamic.cpp, LINE 232
2026-08-14T23:02:09Z [36,724ms] [Error] [omni.physx.plugin] PhysX error: PxRigidDynamic::setAngularVelocity: Body must be non-kinematic!, FILE /builds/omniverse/physics/physx/source/physx/src/NpRigidDynamic.cpp, LINE 266
2026-08-14T23:02:09Z [36,724ms] [Warning] [omni.anim.graph.core.python] Type mismatch for variable Action in Character::SetVariable
2026-08-14T23:02:09Z [36,724ms] [Warning] [omni.anim.graph.core.python] Type mismatch for variable Walk in Character::SetVariable
2026-08-14T23:02:09Z [36,734ms] [Error] [omni.physx.plugin] PhysX error: PxRigidDynamic::setLinearVelocity: Body must be non-kinematic!, FILE /builds/omniverse/physics/physx/source/physx/src/NpRigidDynamic.cpp, LINE 232
2026-08-14T23:02:09Z [36,734ms] [Error] [omni.physx.plugin] PhysX error: PxRigidDynamic::setAngularVelocity: Body must be non-kinematic!, FILE /builds/omniverse/physics/physx/source/physx/src/NpRigidDynamic.cpp, LINE 266
2026-08-14T23:02:09Z [36,734ms] [Warning] [omni.anim.graph.core.python] Type mismatch for variable Action in Character::SetVariable
2026-08-14T23:02:09Z [36,734ms] [Warning] [omni.anim.graph.core.python] Type mismatch for variable Walk in Character::SetVariable
2026-08-14T23:02:09Z [36,742ms] [Error] [omni.physx.plugin] PhysX error: PxRigidDynamic::setLinearVelocity: Body must be non-kinematic!, FILE /builds/omniverse/physics/physx/source/physx/src/NpRigidDynamic.cpp, LINE 232
2026-08-14T23:02:09Z [36,742ms] [Error] [omni.physx.plugin] PhysX error: PxRigidDynamic::setAngularVelocity: Body must be non-kinematic!, FILE /builds/omniverse/physics/physx/source/physx/src/NpRigidDynamic.cpp, LINE 266
2026-08-14T23:02:09Z [36,743ms] [Warning] [omni.anim.graph.core.python] Type mismatch for variable Action in Character::SetVariable
2026-08-14T23:02:09Z [36,743ms] [Warning] [omni.anim.graph.core.python] Type mismatch for variable Walk in Character::SetVariable
2026-08-14T23:02:09Z [36,763ms] [Error] [omni.physx.plugin] PhysX error: PxRigidDynamic::setLinearVelocity: Body must be non-kinematic!, FILE /builds/omniverse/physics/physx/source/physx/src/NpRigidDynamic.cpp, LINE 232
2026-08-14T23:02:09Z [36,764ms] [Error] [omni.physx.plugin] PhysX error: PxRigidDynamic::setAngularVelocity: Body must be non-kinematic!, FILE /builds/omniverse/physics/physx/source/physx/src/NpRigidDynamic.cpp, LINE 266
2026-08-14T23:02:09Z [36,764ms] [Warning] [omni.anim.graph.core.python] Type mismatch for variable Action in Character::SetVariable
2026-08-14T23:02:09Z [36,764ms] [Warning] [omni.anim.graph.core.python] Type mismatch for variable Walk in Character::SetVariable
2026-08-14T23:02:09Z [36,781ms] [Error] [omni.physx.plugin] PhysX error: PxRigidDynamic::setLinearVelocity: Body must be non-kinematic!, FILE /builds/omniverse/physics/physx/source/physx/src/NpRigidDynamic.cpp, LINE 232
2026-08-14T23:02:09Z [36,781ms] [Error] [omni.physx.plugin] PhysX error: PxRigidDynamic::setAngularVelocity: Body must be non-kinematic!, FILE /builds/omniverse/physics/physx/source/physx/src/NpRigidDynamic.cpp, LINE 266
2026-08-14T23:02:09Z [36,781ms] [Warning] [omni.anim.graph.core.python] Type mismatch for variable Action in Character::SetVariable
2026-08-14T23:02:09Z [36,781ms] [Warning] [omni.anim.graph.core.python] Type mismatch for variable Walk in Character::SetVariable
2026-08-14T23:02:09Z [36,808ms] [Error] [omni.physx.plugin] PhysX error: PxRigidDynamic::setLinearVelocity: Body must be non-kinematic!, FILE /builds/omniverse/physics/physx/source/physx/src/NpRigidDynamic.cpp, LINE 232
2026-08-14T23:02:09Z [36,808ms] [Error] [omni.physx.plugin] PhysX error: PxRigidDynamic::setAngularVelocity: Body must be non-kinematic!, FILE /builds/omniverse/physics/physx/source/physx/src/NpRigidDynamic.cpp, LINE 266
2026-08-14T23:02:09Z [36,808ms] [Warning] [omni.anim.graph.core.python] Type mismatch for variable Action in Character::SetVariable
2026-08-14T23:02:09Z [36,808ms] [Warning] [omni.anim.graph.core.python] Type mismatch for variable Walk in Character::SetVariable
2026-08-14T23:02:09Z [36,829ms] [Error] [omni.physx.plugin] PhysX error: PxRigidDynamic::setLinearVelocity: Body must be non-kinematic!, FILE /builds/omniverse/physics/physx/source/physx/src/NpRigidDynamic.cpp, LINE 232
2026-08-14T23:02:09Z [36,829ms] [Error] [omni.physx.plugin] PhysX error: PxRigidDynamic::setAngularVelocity: Body must be non-kinematic!, FILE /builds/omniverse/physics/physx/source/physx/src/NpRigidDynamic.cpp, LINE 266
2026-08-14T23:02:09Z [36,829ms] [Warning] [omni.anim.graph.core.python] Type mismatch for variable Action in Character::SetVariable
2026-08-14T23:02:09Z [36,829ms] [Warning] [omni.anim.graph.core.python] Type mismatch for variable Walk in Character::SetVariable
2026-08-14T23:02:09Z [36,841ms] [Error] [omni.physx.plugin] PhysX error: PxRigidDynamic::setLinearVelocity: Body must be non-kinematic!, FILE /builds/omniverse/physics/physx/source/physx/src/NpRigidDynamic.cpp, LINE 232
2026-08-14T23:02:09Z [36,841ms] [Error] [omni.physx.plugin] PhysX error: PxRigidDynamic::setAngularVelocity: Body must be non-kinematic!, FILE /builds/omniverse/physics/physx/source/physx/src/NpRigidDynamic.cpp, LINE 266
2026-08-14T23:02:09Z [36,841ms] [Warning] [omni.anim.graph.core.python] Type mismatch for variable Action in Character::SetVariable
2026-08-14T23:02:09Z [36,841ms] [Warning] [omni.anim.graph.core.python] Type mismatch for variable Walk in Character::SetVariable
2026-08-14T23:02:09Z [36,861ms] [Error] [omni.physx.plugin] PhysX error: PxRigidDynamic::setLinearVelocity: Body must be non-kinematic!, FILE /builds/omniverse/physics/physx/source/physx/src/NpRigidDynamic.cpp, LINE 232
2026-08-14T23:02:09Z [36,861ms] [Error] [omni.physx.plugin] PhysX error: PxRigidDynamic::setAngularVelocity: Body must be non-kinematic!, FILE /builds/omniverse/physics/physx/source/physx/src/NpRigidDynamic.cpp, LINE 266
2026-08-14T23:02:09Z [36,861ms] [Warning] [omni.anim.graph.core.python] Type mismatch for variable Action in Character::SetVariable
2026-08-14T23:02:09Z [36,861ms] [Warning] [omni.anim.graph.core.python] Type mismatch for variable Walk in Character::SetVariable
2026-08-14T23:02:09Z [36,881ms] [Error] [omni.physx.plugin] PhysX error: PxRigidDynamic::setLinearVelocity: Body must be non-kinematic!, FILE /builds/omniverse/physics/physx/source/physx/src/NpRigidDynamic.cpp, LINE 232
2026-08-14T23:02:09Z [36,881ms] [Error] [omni.physx.plugin] PhysX error: PxRigidDynamic::setAngularVelocity: Body must be non-kinematic!, FILE /builds/omniverse/physics/physx/source/physx/src/NpRigidDynamic.cpp, LINE 266
2026-08-14T23:02:09Z [36,881ms] [Warning] [omni.anim.graph.core.python] Type mismatch for variable Action in Character::SetVariable
2026-08-14T23:02:09Z [36,881ms] [Warning] [omni.anim.graph.core.python] Type mismatch for variable Walk in Character::SetVariable
2026-08-14T23:02:09Z [36,912ms] [Error] [omni.physx.plugin] PhysX error: PxRigidDynamic::setLinearVelocity: Body must be non-kinematic!, FILE /builds/omniverse/physics/physx/source/physx/src/NpRigidDynamic.cpp, LINE 232
2026-08-14T23:02:09Z [36,912ms] [Error] [omni.physx.plugin] PhysX error: PxRigidDynamic::setAngularVelocity: Body must be non-kinematic!, FILE /builds/omniverse/physics/physx/source/physx/src/NpRigidDynamic.cpp, LINE 266
2026-08-14T23:02:09Z [36,912ms] [Warning] [omni.anim.graph.core.python] Type mismatch for variable Action in Character::SetVariable
2026-08-14T23:02:09Z [36,912ms] [Warning] [omni.anim.graph.core.python] Type mismatch for variable Walk in Character::SetVariable
2026-08-14T23:02:09Z [36,921ms] [Error] [omni.physx.plugin] PhysX error: PxRigidDynamic::setLinearVelocity: Body must be non-kinematic!, FILE /builds/omniverse/physics/physx/source/physx/src/NpRigidDynamic.cpp, LINE 232
2026-08-14T23:02:09Z [36,921ms] [Error] [omni.physx.plugin] PhysX error: PxRigidDynamic::setAngularVelocity: Body must be non-kinematic!, FILE /builds/omniverse/physics/physx/source/physx/src/NpRigidDynamic.cpp, LINE 266
2026-08-14T23:02:09Z [36,921ms] [Warning] [omni.anim.graph.core.python] Type mismatch for variable Action in Character::SetVariable
2026-08-14T23:02:09Z [36,921ms] [Warning] [omni.anim.graph.core.python] Type mismatch for variable Walk in Character::SetVariable
2026-08-14T23:02:09Z [36,942ms] [Error] [omni.physx.plugin] PhysX error: PxRigidDynamic::setLinearVelocity: Body must be non-kinematic!, FILE /builds/omniverse/physics/physx/source/physx/src/NpRigidDynamic.cpp, LINE 232
2026-08-14T23:02:09Z [36,942ms] [Error] [omni.physx.plugin] PhysX error: PxRigidDynamic::setAngularVelocity: Body must be non-kinematic!, FILE /builds/omniverse/physics/physx/source/physx/src/NpRigidDynamic.cpp, LINE 266
2026-08-14T23:02:09Z [36,942ms] [Warning] [omni.anim.graph.core.python] Type mismatch for variable Action in Character::SetVariable
2026-08-14T23:02:09Z [36,942ms] [Warning] [omni.anim.graph.core.python] Type mismatch for variable Walk in Character::SetVariable
2026-08-14T23:02:09Z [36,961ms] [Error] [omni.physx.plugin] PhysX error: PxRigidDynamic::setLinearVelocity: Body must be non-kinematic!, FILE /builds/omniverse/physics/physx/source/physx/src/NpRigidDynamic.cpp, LINE 232
2026-08-14T23:02:09Z [36,961ms] [Error] [omni.physx.plugin] PhysX error: PxRigidDynamic::setAngularVelocity: Body must be non-kinematic!, FILE /builds/omniverse/physics/physx/source/physx/src/NpRigidDynamic.cpp, LINE 266
2026-08-14T23:02:09Z [36,961ms] [Warning] [omni.anim.graph.core.python] Type mismatch for variable Action in Character::SetVariable
2026-08-14T23:02:09Z [36,961ms] [Warning] [omni.anim.graph.core.python] Type mismatch for variable Walk in Character::SetVariable
2026-08-14T23:02:09Z [36,981ms] [Error] [omni.physx.plugin] PhysX error: PxRigidDynamic::setLinearVelocity: Body must be non-kinematic!, FILE /builds/omniverse/physics/physx/source/physx/src/NpRigidDynamic.cpp, LINE 232
2026-08-14T23:02:09Z [36,981ms] [Error] [omni.physx.plugin] PhysX error: PxRigidDynamic::setAngularVelocity: Body must be non-kinematic!, FILE /builds/omniverse/physics/physx/source/physx/src/NpRigidDynamic.cpp, LINE 266
2026-08-14T23:02:09Z [36,981ms] [Warning] [omni.anim.graph.core.python] Type mismatch for variable Action in Character::SetVariable
2026-08-14T23:02:09Z [36,981ms] [Warning] [omni.anim.graph.core.python] Type mismatch for variable Walk in Character::SetVariable
2026-08-14T23:02:09Z [37,023ms] [Error] [omni.physx.plugin] PhysX error: PxRigidDynamic::setLinearVelocity: Body must be non-kinematic!, FILE /builds/omniverse/physics/physx/source/physx/src/NpRigidDynamic.cpp, LINE 232
2026-08-14T23:02:09Z [37,023ms] [Error] [omni.physx.plugin] PhysX error: PxRigidDynamic::setAngularVelocity: Body must be non-kinematic!, FILE /builds/omniverse/physics/physx/source/physx/src/NpRigidDynamic.cpp, LINE 266
2026-08-14T23:02:09Z [37,023ms] [Warning] [omni.anim.graph.core.python] Type mismatch for variable Action in Character::SetVariable
2026-08-14T23:02:09Z [37,023ms] [Warning] [omni.anim.graph.core.python] Type mismatch for variable Walk in Character::SetVariable
2026-08-14T23:02:09Z [37,031ms] [Error] [omni.physx.plugin] PhysX error: PxRigidDynamic::setLinearVelocity: Body must be non-kinematic!, FILE /builds/omniverse/physics/physx/source/physx/src/NpRigidDynamic.cpp, LINE 232
2026-08-14T23:02:09Z [37,031ms] [Error] [omni.physx.plugin] PhysX error: PxRigidDynamic::setAngularVelocity: Body must be non-kinematic!, FILE /builds/omniverse/physics/physx/source/physx/src/NpRigidDynamic.cpp, LINE 266
2026-08-14T23:02:09Z [37,031ms] [Warning] [omni.anim.graph.core.python] Type mismatch for variable Action in Character::SetVariable
2026-08-14T23:02:09Z [37,031ms] [Warning] [omni.anim.graph.core.python] Type mismatch for variable Walk in Character::SetVariable
2026-08-14T23:02:09Z [37,041ms] [Error] [omni.physx.plugin] PhysX error: PxRigidDynamic::setLinearVelocity: Body must be non-kinematic!, FILE /builds/omniverse/physics/physx/source/physx/src/NpRigidDynamic.cpp, LINE 232
2026-08-14T23:02:09Z [37,041ms] [Error] [omni.physx.plugin] PhysX error: PxRigidDynamic::setAngularVelocity: Body must be non-kinematic!, FILE /builds/omniverse/physics/physx/source/physx/src/NpRigidDynamic.cpp, LINE 266
2026-08-14T23:02:09Z [37,041ms] [Warning] [omni.anim.graph.core.python] Type mismatch for variable Action in Character::SetVariable
2026-08-14T23:02:09Z [37,041ms] [Warning] [omni.anim.graph.core.python] Type mismatch for variable Walk in Character::SetVariable
2026-08-14T23:02:09Z [37,061ms] [Error] [omni.physx.plugin] PhysX error: PxRigidDynamic::setLinearVelocity: Body must be non-kinematic!, FILE /builds/omniverse/physics/physx/source/physx/src/NpRigidDynamic.cpp, LINE 232
2026-08-14T23:02:09Z [37,061ms] [Error] [omni.physx.plugin] PhysX error: PxRigidDynamic::setAngularVelocity: Body must be non-kinematic!, FILE /builds/omniverse/physics/physx/source/physx/src/NpRigidDynamic.cpp, LINE 266
2026-08-14T23:02:09Z [37,061ms] [Warning] [omni.anim.graph.core.python] Type mismatch for variable Action in Character::SetVariable
2026-08-14T23:02:09Z [37,061ms] [Warning] [omni.anim.graph.core.python] Type mismatch for variable Walk in Character::SetVariable
2026-08-14T23:02:09Z [37,081ms] [Error] [omni.physx.plugin] PhysX error: PxRigidDynamic::setLinearVelocity: Body must be non-kinematic!, FILE /builds/omniverse/physics/physx/source/physx/src/NpRigidDynamic.cpp, LINE 232
2026-08-14T23:02:09Z [37,081ms] [Error] [omni.physx.plugin] PhysX error: PxRigidDynamic::setAngularVelocity: Body must be non-kinematic!, FILE /builds/omniverse/physics/physx/source/physx/src/NpRigidDynamic.cpp, LINE 266
2026-08-14T23:02:09Z [37,081ms] [Warning] [omni.anim.graph.core.python] Type mismatch for variable Action in Character::SetVariable
2026-08-14T23:02:09Z [37,081ms] [Warning] [omni.anim.graph.core.python] Type mismatch for variable Walk in Character::SetVariable
2026-08-14T23:02:09Z [37,108ms] [Error] [omni.physx.plugin] PhysX error: PxRigidDynamic::setLinearVelocity: Body must be non-kinematic!, FILE /builds/omniverse/physics/physx/source/physx/src/NpRigidDynamic.cpp, LINE 232
2026-08-14T23:02:09Z [37,108ms] [Error] [omni.physx.plugin] PhysX error: PxRigidDynamic::setAngularVelocity: Body must be non-kinematic!, FILE /builds/omniverse/physics/physx/source/physx/src/NpRigidDynamic.cpp, LINE 266
2026-08-14T23:02:09Z [37,108ms] [Warning] [omni.anim.graph.core.python] Type mismatch for variable Action in Character::SetVariable
2026-08-14T23:02:09Z [37,108ms] [Warning] [omni.anim.graph.core.python] Type mismatch for variable Walk in Character::SetVariable
2026-08-14T23:02:09Z [37,128ms] [Error] [omni.physx.plugin] PhysX error: PxRigidDynamic::setLinearVelocity: Body must be non-kinematic!, FILE /builds/omniverse/physics/physx/source/physx/src/NpRigidDynamic.cpp, LINE 232
2026-08-14T23:02:09Z [37,128ms] [Error] [omni.physx.plugin] PhysX error: PxRigidDynamic::setAngularVelocity: Body must be non-kinematic!, FILE /builds/omniverse/physics/physx/source/physx/src/NpRigidDynamic.cpp, LINE 266
2026-08-14T23:02:09Z [37,128ms] [Warning] [omni.anim.graph.core.python] Type mismatch for variable Action in Character::SetVariable
2026-08-14T23:02:09Z [37,128ms] [Warning] [omni.anim.graph.core.python] Type mismatch for variable Walk in Character::SetVariable
2026-08-14T23:02:09Z [37,141ms] [Error] [omni.physx.plugin] PhysX error: PxRigidDynamic::setLinearVelocity: Body must be non-kinematic!, FILE /builds/omniverse/physics/physx/source/physx/src/NpRigidDynamic.cpp, LINE 232
2026-08-14T23:02:09Z [37,141ms] [Error] [omni.physx.plugin] PhysX error: PxRigidDynamic::setAngularVelocity: Body must be non-kinematic!, FILE /builds/omniverse/physics/physx/source/physx/src/NpRigidDynamic.cpp, LINE 266
2026-08-14T23:02:09Z [37,141ms] [Warning] [omni.anim.graph.core.python] Type mismatch for variable Action in Character::SetVariable
2026-08-14T23:02:09Z [37,141ms] [Warning] [omni.anim.graph.core.python] Type mismatch for variable Walk in Character::SetVariable
2026-08-14T23:02:09Z [37,161ms] [Error] [omni.physx.plugin] PhysX error: PxRigidDynamic::setLinearVelocity: Body must be non-kinematic!, FILE /builds/omniverse/physics/physx/source/physx/src/NpRigidDynamic.cpp, LINE 232
2026-08-14T23:02:09Z [37,161ms] [Error] [omni.physx.plugin] PhysX error: PxRigidDynamic::setAngularVelocity: Body must be non-kinematic!, FILE /builds/omniverse/physics/physx/source/physx/src/NpRigidDynamic.cpp, LINE 266
2026-08-14T23:02:09Z [37,161ms] [Warning] [omni.anim.graph.core.python] Type mismatch for variable Action in Character::SetVariable
2026-08-14T23:02:09Z [37,161ms] [Warning] [omni.anim.graph.core.python] Type mismatch for variable Walk in Character::SetVariable
2026-08-14T23:02:09Z [37,181ms] [Error] [omni.physx.plugin] PhysX error: PxRigidDynamic::setLinearVelocity: Body must be non-kinematic!, FILE /builds/omniverse/physics/physx/source/physx/src/NpRigidDynamic.cpp, LINE 232
2026-08-14T23:02:09Z [37,181ms] [Error] [omni.physx.plugin] PhysX error: PxRigidDynamic::setAngularVelocity: Body must be non-kinematic!, FILE /builds/omniverse/physics/physx/source/physx/src/NpRigidDynamic.cpp, LINE 266
2026-08-14T23:02:09Z [37,181ms] [Warning] [omni.anim.graph.core.python] Type mismatch for variable Action in Character::SetVariable
2026-08-14T23:02:09Z [37,181ms] [Warning] [omni.anim.graph.core.python] Type mismatch for variable Walk in Character::SetVariable
2026-08-14T23:02:09Z [37,212ms] [Error] [omni.physx.plugin] PhysX error: PxRigidDynamic::setLinearVelocity: Body must be non-kinematic!, FILE /builds/omniverse/physics/physx/source/physx/src/NpRigidDynamic.cpp, LINE 232
2026-08-14T23:02:09Z [37,212ms] [Error] [omni.physx.plugin] PhysX error: PxRigidDynamic::setAngularVelocity: Body must be non-kinematic!, FILE /builds/omniverse/physics/physx/source/physx/src/NpRigidDynamic.cpp, LINE 266
2026-08-14T23:02:09Z [37,212ms] [Warning] [omni.anim.graph.core.python] Type mismatch for variable Action in Character::SetVariable
2026-08-14T23:02:09Z [37,212ms] [Warning] [omni.anim.graph.core.python] Type mismatch for variable Walk in Character::SetVariable
2026-08-14T23:02:09Z [37,221ms] [Error] [omni.physx.plugin] PhysX error: PxRigidDynamic::setLinearVelocity: Body must be non-kinematic!, FILE /builds/omniverse/physics/physx/source/physx/src/NpRigidDynamic.cpp, LINE 232
2026-08-14T23:02:09Z [37,221ms] [Error] [omni.physx.plugin] PhysX error: PxRigidDynamic::setAngularVelocity: Body must be non-kinematic!, FILE /builds/omniverse/physics/physx/source/physx/src/NpRigidDynamic.cpp, LINE 266
2026-08-14T23:02:09Z [37,221ms] [Warning] [omni.anim.graph.core.python] Type mismatch for variable Action in Character::SetVariable
2026-08-14T23:02:09Z [37,221ms] [Warning] [omni.anim.graph.core.python] Type mismatch for variable Walk in Character::SetVariable
2026-08-14T23:02:09Z [37,241ms] [Error] [omni.physx.plugin] PhysX error: PxRigidDynamic::setLinearVelocity: Body must be non-kinematic!, FILE /builds/omniverse/physics/physx/source/physx/src/NpRigidDynamic.cpp, LINE 232
2026-08-14T23:02:09Z [37,241ms] [Error] [omni.physx.plugin] PhysX error: PxRigidDynamic::setAngularVelocity: Body must be non-kinematic!, FILE /builds/omniverse/physics/physx/source/physx/src/NpRigidDynamic.cpp, LINE 266
2026-08-14T23:02:09Z [37,241ms] [Warning] [omni.anim.graph.core.python] Type mismatch for variable Action in Character::SetVariable
2026-08-14T23:02:09Z [37,241ms] [Warning] [omni.anim.graph.core.python] Type mismatch for variable Walk in Character::SetVariable
2026-08-14T23:02:09Z [37,261ms] [Error] [omni.physx.plugin] PhysX error: PxRigidDynamic::setLinearVelocity: Body must be non-kinematic!, FILE /builds/omniverse/physics/physx/source/physx/src/NpRigidDynamic.cpp, LINE 232
2026-08-14T23:02:09Z [37,261ms] [Error] [omni.physx.plugin] PhysX error: PxRigidDynamic::setAngularVelocity: Body must be non-kinematic!, FILE /builds/omniverse/physics/physx/source/physx/src/NpRigidDynamic.cpp, LINE 266
2026-08-14T23:02:09Z [37,261ms] [Warning] [omni.anim.graph.core.python] Type mismatch for variable Action in Character::SetVariable
2026-08-14T23:02:09Z [37,261ms] [Warning] [omni.anim.graph.core.python] Type mismatch for variable Walk in Character::SetVariable
2026-08-14T23:02:09Z [37,281ms] [Error] [omni.physx.plugin] PhysX error: PxRigidDynamic::setLinearVelocity: Body must be non-kinematic!, FILE /builds/omniverse/physics/physx/source/physx/src/NpRigidDynamic.cpp, LINE 232
2026-08-14T23:02:09Z [37,281ms] [Error] [omni.physx.plugin] PhysX error: PxRigidDynamic::setAngularVelocity: Body must be non-kinematic!, FILE /builds/omniverse/physics/physx/source/physx/src/NpRigidDynamic.cpp, LINE 266
2026-08-14T23:02:09Z [37,281ms] [Warning] [omni.anim.graph.core.python] Type mismatch for variable Action in Character::SetVariable
2026-08-14T23:02:09Z [37,281ms] [Warning] [omni.anim.graph.core.python] Type mismatch for variable Walk in Character::SetVariable
2026-08-14T23:02:09Z [37,323ms] [Error] [omni.physx.plugin] PhysX error: PxRigidDynamic::setLinearVelocity: Body must be non-kinematic!, FILE /builds/omniverse/physics/physx/source/physx/src/NpRigidDynamic.cpp, LINE 232
2026-08-14T23:02:09Z [37,323ms] [Error] [omni.physx.plugin] PhysX error: PxRigidDynamic::setAngularVelocity: Body must be non-kinematic!, FILE /builds/omniverse/physics/physx/source/physx/src/NpRigidDynamic.cpp, LINE 266
2026-08-14T23:02:09Z [37,323ms] [Warning] [omni.anim.graph.core.python] Type mismatch for variable Action in Character::SetVariable
2026-08-14T23:02:09Z [37,323ms] [Warning] [omni.anim.graph.core.python] Type mismatch for variable Walk in Character::SetVariable
2026-08-14T23:02:09Z [37,332ms] [Error] [omni.physx.plugin] PhysX error: PxRigidDynamic::setLinearVelocity: Body must be non-kinematic!, FILE /builds/omniverse/physics/physx/source/physx/src/NpRigidDynamic.cpp, LINE 232
2026-08-14T23:02:09Z [37,332ms] [Error] [omni.physx.plugin] PhysX error: PxRigidDynamic::setAngularVelocity: Body must be non-kinematic!, FILE /builds/omniverse/physics/physx/source/physx/src/NpRigidDynamic.cpp, LINE 266
2026-08-14T23:02:09Z [37,332ms] [Warning] [omni.anim.graph.core.python] Type mismatch for variable Action in Character::SetVariable
2026-08-14T23:02:09Z [37,332ms] [Warning] [omni.anim.graph.core.python] Type mismatch for variable Walk in Character::SetVariable
2026-08-14T23:02:09Z [37,341ms] [Error] [omni.physx.plugin] PhysX error: PxRigidDynamic::setLinearVelocity: Body must be non-kinematic!, FILE /builds/omniverse/physics/physx/source/physx/src/NpRigidDynamic.cpp, LINE 232
2026-08-14T23:02:09Z [37,341ms] [Error] [omni.physx.plugin] PhysX error: PxRigidDynamic::setAngularVelocity: Body must be non-kinematic!, FILE /builds/omniverse/physics/physx/source/physx/src/NpRigidDynamic.cpp, LINE 266
2026-08-14T23:02:09Z [37,341ms] [Warning] [omni.anim.graph.core.python] Type mismatch for variable Action in Character::SetVariable
2026-08-14T23:02:09Z [37,341ms] [Warning] [omni.anim.graph.core.python] Type mismatch for variable Walk in Character::SetVariable
2026-08-14T23:02:09Z [37,361ms] [Error] [omni.physx.plugin] PhysX error: PxRigidDynamic::setLinearVelocity: Body must be non-kinematic!, FILE /builds/omniverse/physics/physx/source/physx/src/NpRigidDynamic.cpp, LINE 232
2026-08-14T23:02:09Z [37,361ms] [Error] [omni.physx.plugin] PhysX error: PxRigidDynamic::setAngularVelocity: Body must be non-kinematic!, FILE /builds/omniverse/physics/physx/source/physx/src/NpRigidDynamic.cpp, LINE 266
2026-08-14T23:02:09Z [37,361ms] [Warning] [omni.anim.graph.core.python] Type mismatch for variable Action in Character::SetVariable
2026-08-14T23:02:09Z [37,361ms] [Warning] [omni.anim.graph.core.python] Type mismatch for variable Walk in Character::SetVariable
2026-08-14T23:02:09Z [37,381ms] [Error] [omni.physx.plugin] PhysX error: PxRigidDynamic::setLinearVelocity: Body must be non-kinematic!, FILE /builds/omniverse/physics/physx/source/physx/src/NpRigidDynamic.cpp, LINE 232
2026-08-14T23:02:09Z [37,381ms] [Error] [omni.physx.plugin] PhysX error: PxRigidDynamic::setAngularVelocity: Body must be non-kinematic!, FILE /builds/omniverse/physics/physx/source/physx/src/NpRigidDynamic.cpp, LINE 266
2026-08-14T23:02:09Z [37,381ms] [Warning] [omni.anim.graph.core.python] Type mismatch for variable Action in Character::SetVariable
2026-08-14T23:02:09Z [37,381ms] [Warning] [omni.anim.graph.core.python] Type mismatch for variable Walk in Character::SetVariable
2026-08-14T23:02:09Z [37,411ms] [Error] [omni.physx.plugin] PhysX error: PxRigidDynamic::setLinearVelocity: Body must be non-kinematic!, FILE /builds/omniverse/physics/physx/source/physx/src/NpRigidDynamic.cpp, LINE 232
2026-08-14T23:02:09Z [37,411ms] [Error] [omni.physx.plugin] PhysX error: PxRigidDynamic::setAngularVelocity: Body must be non-kinematic!, FILE /builds/omniverse/physics/physx/source/physx/src/NpRigidDynamic.cpp, LINE 266
2026-08-14T23:02:09Z [37,411ms] [Warning] [omni.anim.graph.core.python] Type mismatch for variable Action in Character::SetVariable
2026-08-14T23:02:09Z [37,411ms] [Warning] [omni.anim.graph.core.python] Type mismatch for variable Walk in Character::SetVariable
2026-08-14T23:02:09Z [37,431ms] [Error] [omni.physx.plugin] PhysX error: PxRigidDynamic::setLinearVelocity: Body must be non-kinematic!, FILE /builds/omniverse/physics/physx/source/physx/src/NpRigidDynamic.cpp, LINE 232
2026-08-14T23:02:09Z [37,431ms] [Error] [omni.physx.plugin] PhysX error: PxRigidDynamic::setAngularVelocity: Body must be non-kinematic!, FILE /builds/omniverse/physics/physx/source/physx/src/NpRigidDynamic.cpp, LINE 266
2026-08-14T23:02:09Z [37,431ms] [Warning] [omni.anim.graph.core.python] Type mismatch for variable Action in Character::SetVariable
2026-08-14T23:02:09Z [37,431ms] [Warning] [omni.anim.graph.core.python] Type mismatch for variable Walk in Character::SetVariable
2026-08-14T23:02:09Z [37,441ms] [Error] [omni.physx.plugin] PhysX error: PxRigidDynamic::setLinearVelocity: Body must be non-kinematic!, FILE /builds/omniverse/physics/physx/source/physx/src/NpRigidDynamic.cpp, LINE 232
2026-08-14T23:02:09Z [37,441ms] [Error] [omni.physx.plugin] PhysX error: PxRigidDynamic::setAngularVelocity: Body must be non-kinematic!, FILE /builds/omniverse/physics/physx/source/physx/src/NpRigidDynamic.cpp, LINE 266
2026-08-14T23:02:09Z [37,441ms] [Warning] [omni.anim.graph.core.python] Type mismatch for variable Action in Character::SetVariable
2026-08-14T23:02:09Z [37,441ms] [Warning] [omni.anim.graph.core.python] Type mismatch for variable Walk in Character::SetVariable
2026-08-14T23:02:09Z [37,461ms] [Error] [omni.physx.plugin] PhysX error: PxRigidDynamic::setLinearVelocity: Body must be non-kinematic!, FILE /builds/omniverse/physics/physx/source/physx/src/NpRigidDynamic.cpp, LINE 232
2026-08-14T23:02:09Z [37,461ms] [Error] [omni.physx.plugin] PhysX error: PxRigidDynamic::setAngularVelocity: Body must be non-kinematic!, FILE /builds/omniverse/physics/physx/source/physx/src/NpRigidDynamic.cpp, LINE 266
2026-08-14T23:02:09Z [37,461ms] [Warning] [omni.anim.graph.core.python] Type mismatch for variable Action in Character::SetVariable
2026-08-14T23:02:09Z [37,461ms] [Warning] [omni.anim.graph.core.python] Type mismatch for variable Walk in Character::SetVariable
2026-08-14T23:02:09Z [37,481ms] [Error] [omni.physx.plugin] PhysX error: PxRigidDynamic::setLinearVelocity: Body must be non-kinematic!, FILE /builds/omniverse/physics/physx/source/physx/src/NpRigidDynamic.cpp, LINE 232
2026-08-14T23:02:09Z [37,481ms] [Error] [omni.physx.plugin] PhysX error: PxRigidDynamic::setAngularVelocity: Body must be non-kinematic!, FILE /builds/omniverse/physics/physx/source/physx/src/NpRigidDynamic.cpp, LINE 266
2026-08-14T23:02:09Z [37,481ms] [Warning] [omni.anim.graph.core.python] Type mismatch for variable Action in Character::SetVariable
2026-08-14T23:02:09Z [37,481ms] [Warning] [omni.anim.graph.core.python] Type mismatch for variable Walk in Character::SetVariable
2026-08-14T23:02:09Z [37,509ms] [Error] [omni.physx.plugin] PhysX error: PxRigidDynamic::setLinearVelocity: Body must be non-kinematic!, FILE /builds/omniverse/physics/physx/source/physx/src/NpRigidDynamic.cpp, LINE 232
2026-08-14T23:02:09Z [37,509ms] [Error] [omni.physx.plugin] PhysX error: PxRigidDynamic::setAngularVelocity: Body must be non-kinematic!, FILE /builds/omniverse/physics/physx/source/physx/src/NpRigidDynamic.cpp, LINE 266
2026-08-14T23:02:09Z [37,509ms] [Warning] [omni.anim.graph.core.python] Type mismatch for variable Action in Character::SetVariable
2026-08-14T23:02:09Z [37,509ms] [Warning] [omni.anim.graph.core.python] Type mismatch for variable Walk in Character::SetVariable
2026-08-14T23:02:09Z [37,521ms] [Error] [omni.physx.plugin] PhysX error: PxRigidDynamic::setLinearVelocity: Body must be non-kinematic!, FILE /builds/omniverse/physics/physx/source/physx/src/NpRigidDynamic.cpp, LINE 232
2026-08-14T23:02:09Z [37,521ms] [Error] [omni.physx.plugin] PhysX error: PxRigidDynamic::setAngularVelocity: Body must be non-kinematic!, FILE /builds/omniverse/physics/physx/source/physx/src/NpRigidDynamic.cpp, LINE 266
2026-08-14T23:02:09Z [37,521ms] [Warning] [omni.anim.graph.core.python] Type mismatch for variable Action in Character::SetVariable
2026-08-14T23:02:09Z [37,521ms] [Warning] [omni.anim.graph.core.python] Type mismatch for variable Walk in Character::SetVariable
2026-08-14T23:02:09Z [37,541ms] [Error] [omni.physx.plugin] PhysX error: PxRigidDynamic::setLinearVelocity: Body must be non-kinematic!, FILE /builds/omniverse/physics/physx/source/physx/src/NpRigidDynamic.cpp, LINE 232
2026-08-14T23:02:09Z [37,541ms] [Error] [omni.physx.plugin] PhysX error: PxRigidDynamic::setAngularVelocity: Body must be non-kinematic!, FILE /builds/omniverse/physics/physx/source/physx/src/NpRigidDynamic.cpp, LINE 266
2026-08-14T23:02:09Z [37,542ms] [Warning] [omni.anim.graph.core.python] Type mismatch for variable Action in Character::SetVariable
2026-08-14T23:02:09Z [37,542ms] [Warning] [omni.anim.graph.core.python] Type mismatch for variable Walk in Character::SetVariable
2026-08-14T23:02:09Z [37,561ms] [Error] [omni.physx.plugin] PhysX error: PxRigidDynamic::setLinearVelocity: Body must be non-kinematic!, FILE /builds/omniverse/physics/physx/source/physx/src/NpRigidDynamic.cpp, LINE 232
2026-08-14T23:02:09Z [37,561ms] [Error] [omni.physx.plugin] PhysX error: PxRigidDynamic::setAngularVelocity: Body must be non-kinematic!, FILE /builds/omniverse/physics/physx/source/physx/src/NpRigidDynamic.cpp, LINE 266
2026-08-14T23:02:09Z [37,561ms] [Warning] [omni.anim.graph.core.python] Type mismatch for variable Action in Character::SetVariable
2026-08-14T23:02:09Z [37,561ms] [Warning] [omni.anim.graph.core.python] Type mismatch for variable Walk in Character::SetVariable
2026-08-14T23:02:09Z [37,581ms] [Error] [omni.physx.plugin] PhysX error: PxRigidDynamic::setLinearVelocity: Body must be non-kinematic!, FILE /builds/omniverse/physics/physx/source/physx/src/NpRigidDynamic.cpp, LINE 232
2026-08-14T23:02:09Z [37,581ms] [Error] [omni.physx.plugin] PhysX error: PxRigidDynamic::setAngularVelocity: Body must be non-kinematic!, FILE /builds/omniverse/physics/physx/source/physx/src/NpRigidDynamic.cpp, LINE 266
2026-08-14T23:02:09Z [37,581ms] [Warning] [omni.anim.graph.core.python] Type mismatch for variable Action in Character::SetVariable
2026-08-14T23:02:09Z [37,581ms] [Warning] [omni.anim.graph.core.python] Type mismatch for variable Walk in Character::SetVariable
2026-08-14T23:02:09Z [37,624ms] [Error] [omni.physx.plugin] PhysX error: PxRigidDynamic::setLinearVelocity: Body must be non-kinematic!, FILE /builds/omniverse/physics/physx/source/physx/src/NpRigidDynamic.cpp, LINE 232
2026-08-14T23:02:09Z [37,624ms] [Error] [omni.physx.plugin] PhysX error: PxRigidDynamic::setAngularVelocity: Body must be non-kinematic!, FILE /builds/omniverse/physics/physx/source/physx/src/NpRigidDynamic.cpp, LINE 266
2026-08-14T23:02:09Z [37,624ms] [Warning] [omni.anim.graph.core.python] Type mismatch for variable Action in Character::SetVariable
2026-08-14T23:02:09Z [37,624ms] [Warning] [omni.anim.graph.core.python] Type mismatch for variable Walk in Character::SetVariable
2026-08-14T23:02:09Z [37,633ms] [Error] [omni.physx.plugin] PhysX error: PxRigidDynamic::setLinearVelocity: Body must be non-kinematic!, FILE /builds/omniverse/physics/physx/source/physx/src/NpRigidDynamic.cpp, LINE 232
2026-08-14T23:02:09Z [37,633ms] [Error] [omni.physx.plugin] PhysX error: PxRigidDynamic::setAngularVelocity: Body must be non-kinematic!, FILE /builds/omniverse/physics/physx/source/physx/src/NpRigidDynamic.cpp, LINE 266
2026-08-14T23:02:09Z [37,633ms] [Warning] [omni.anim.graph.core.python] Type mismatch for variable Action in Character::SetVariable
2026-08-14T23:02:09Z [37,633ms] [Warning] [omni.anim.graph.core.python] Type mismatch for variable Walk in Character::SetVariable
2026-08-14T23:02:09Z [37,641ms] [Error] [omni.physx.plugin] PhysX error: PxRigidDynamic::setLinearVelocity: Body must be non-kinematic!, FILE /builds/omniverse/physics/physx/source/physx/src/NpRigidDynamic.cpp, LINE 232
2026-08-14T23:02:09Z [37,641ms] [Error] [omni.physx.plugin] PhysX error: PxRigidDynamic::setAngularVelocity: Body must be non-kinematic!, FILE /builds/omniverse/physics/physx/source/physx/src/NpRigidDynamic.cpp, LINE 266
2026-08-14T23:02:09Z [37,641ms] [Warning] [omni.anim.graph.core.python] Type mismatch for variable Action in Character::SetVariable
2026-08-14T23:02:09Z [37,641ms] [Warning] [omni.anim.graph.core.python] Type mismatch for variable Walk in Character::SetVariable
2026-08-14T23:02:09Z [37,661ms] [Error] [omni.physx.plugin] PhysX error: PxRigidDynamic::setLinearVelocity: Body must be non-kinematic!, FILE /builds/omniverse/physics/physx/source/physx/src/NpRigidDynamic.cpp, LINE 232
2026-08-14T23:02:09Z [37,661ms] [Error] [omni.physx.plugin] PhysX error: PxRigidDynamic::setAngularVelocity: Body must be non-kinematic!, FILE /builds/omniverse/physics/physx/source/physx/src/NpRigidDynamic.cpp, LINE 266
2026-08-14T23:02:09Z [37,661ms] [Warning] [omni.anim.graph.core.python] Type mismatch for variable Action in Character::SetVariable
2026-08-14T23:02:09Z [37,661ms] [Warning] [omni.anim.graph.core.python] Type mismatch for variable Walk in Character::SetVariable
2026-08-14T23:02:10Z [37,681ms] [Error] [omni.physx.plugin] PhysX error: PxRigidDynamic::setLinearVelocity: Body must be non-kinematic!, FILE /builds/omniverse/physics/physx/source/physx/src/NpRigidDynamic.cpp, LINE 232
2026-08-14T23:02:10Z [37,681ms] [Error] [omni.physx.plugin] PhysX error: PxRigidDynamic::setAngularVelocity: Body must be non-kinematic!, FILE /builds/omniverse/physics/physx/source/physx/src/NpRigidDynamic.cpp, LINE 266
2026-08-14T23:02:10Z [37,681ms] [Warning] [omni.anim.graph.core.python] Type mismatch for variable Action in Character::SetVariable
2026-08-14T23:02:10Z [37,681ms] [Warning] [omni.anim.graph.core.python] Type mismatch for variable Walk in Character::SetVariable
2026-08-14T23:02:10Z [37,709ms] [Error] [omni.physx.plugin] PhysX error: PxRigidDynamic::setLinearVelocity: Body must be non-kinematic!, FILE /builds/omniverse/physics/physx/source/physx/src/NpRigidDynamic.cpp, LINE 232
2026-08-14T23:02:10Z [37,709ms] [Error] [omni.physx.plugin] PhysX error: PxRigidDynamic::setAngularVelocity: Body must be non-kinematic!, FILE /builds/omniverse/physics/physx/source/physx/src/NpRigidDynamic.cpp, LINE 266
2026-08-14T23:02:10Z [37,710ms] [Warning] [omni.anim.graph.core.python] Type mismatch for variable Action in Character::SetVariable
2026-08-14T23:02:10Z [37,710ms] [Warning] [omni.anim.graph.core.python] Type mismatch for variable Walk in Character::SetVariable
2026-08-14T23:02:10Z [37,731ms] [Error] [omni.physx.plugin] PhysX error: PxRigidDynamic::setLinearVelocity: Body must be non-kinematic!, FILE /builds/omniverse/physics/physx/source/physx/src/NpRigidDynamic.cpp, LINE 232
2026-08-14T23:02:10Z [37,731ms] [Error] [omni.physx.plugin] PhysX error: PxRigidDynamic::setAngularVelocity: Body must be non-kinematic!, FILE /builds/omniverse/physics/physx/source/physx/src/NpRigidDynamic.cpp, LINE 266
2026-08-14T23:02:10Z [37,731ms] [Warning] [omni.anim.graph.core.python] Type mismatch for variable Action in Character::SetVariable
2026-08-14T23:02:10Z [37,731ms] [Warning] [omni.anim.graph.core.python] Type mismatch for variable Walk in Character::SetVariable
2026-08-14T23:02:10Z [37,741ms] [Error] [omni.physx.plugin] PhysX error: PxRigidDynamic::setLinearVelocity: Body must be non-kinematic!, FILE /builds/omniverse/physics/physx/source/physx/src/NpRigidDynamic.cpp, LINE 232
2026-08-14T23:02:10Z [37,741ms] [Error] [omni.physx.plugin] PhysX error: PxRigidDynamic::setAngularVelocity: Body must be non-kinematic!, FILE /builds/omniverse/physics/physx/source/physx/src/NpRigidDynamic.cpp, LINE 266
2026-08-14T23:02:10Z [37,741ms] [Warning] [omni.anim.graph.core.python] Type mismatch for variable Action in Character::SetVariable
2026-08-14T23:02:10Z [37,741ms] [Warning] [omni.anim.graph.core.python] Type mismatch for variable Walk in Character::SetVariable
2026-08-14T23:02:10Z [37,761ms] [Error] [omni.physx.plugin] PhysX error: PxRigidDynamic::setLinearVelocity: Body must be non-kinematic!, FILE /builds/omniverse/physics/physx/source/physx/src/NpRigidDynamic.cpp, LINE 232
2026-08-14T23:02:10Z [37,761ms] [Error] [omni.physx.plugin] PhysX error: PxRigidDynamic::setAngularVelocity: Body must be non-kinematic!, FILE /builds/omniverse/physics/physx/source/physx/src/NpRigidDynamic.cpp, LINE 266
2026-08-14T23:02:10Z [37,761ms] [Warning] [omni.anim.graph.core.python] Type mismatch for variable Action in Character::SetVariable
2026-08-14T23:02:10Z [37,761ms] [Warning] [omni.anim.graph.core.python] Type mismatch for variable Walk in Character::SetVariable
2026-08-14T23:02:10Z [37,781ms] [Error] [omni.physx.plugin] PhysX error: PxRigidDynamic::setLinearVelocity: Body must be non-kinematic!, FILE /builds/omniverse/physics/physx/source/physx/src/NpRigidDynamic.cpp, LINE 232
2026-08-14T23:02:10Z [37,781ms] [Error] [omni.physx.plugin] PhysX error: PxRigidDynamic::setAngularVelocity: Body must be non-kinematic!, FILE /builds/omniverse/physics/physx/source/physx/src/NpRigidDynamic.cpp, LINE 266
2026-08-14T23:02:10Z [37,781ms] [Warning] [omni.anim.graph.core.python] Type mismatch for variable Action in Character::SetVariable
2026-08-14T23:02:10Z [37,781ms] [Warning] [omni.anim.graph.core.python] Type mismatch for variable Walk in Character::SetVariable
2026-08-14T23:02:10Z [37,809ms] [Error] [omni.physx.plugin] PhysX error: PxRigidDynamic::setLinearVelocity: Body must be non-kinematic!, FILE /builds/omniverse/physics/physx/source/physx/src/NpRigidDynamic.cpp, LINE 232
2026-08-14T23:02:10Z [37,809ms] [Error] [omni.physx.plugin] PhysX error: PxRigidDynamic::setAngularVelocity: Body must be non-kinematic!, FILE /builds/omniverse/physics/physx/source/physx/src/NpRigidDynamic.cpp, LINE 266
2026-08-14T23:02:10Z [37,809ms] [Warning] [omni.anim.graph.core.python] Type mismatch for variable Action in Character::SetVariable
2026-08-14T23:02:10Z [37,809ms] [Warning] [omni.anim.graph.core.python] Type mismatch for variable Walk in Character::SetVariable
2026-08-14T23:02:10Z [37,821ms] [Error] [omni.physx.plugin] PhysX error: PxRigidDynamic::setLinearVelocity: Body must be non-kinematic!, FILE /builds/omniverse/physics/physx/source/physx/src/NpRigidDynamic.cpp, LINE 232
2026-08-14T23:02:10Z [37,821ms] [Error] [omni.physx.plugin] PhysX error: PxRigidDynamic::setAngularVelocity: Body must be non-kinematic!, FILE /builds/omniverse/physics/physx/source/physx/src/NpRigidDynamic.cpp, LINE 266
2026-08-14T23:02:10Z [37,821ms] [Warning] [omni.anim.graph.core.python] Type mismatch for variable Action in Character::SetVariable
2026-08-14T23:02:10Z [37,821ms] [Warning] [omni.anim.graph.core.python] Type mismatch for variable Walk in Character::SetVariable
2026-08-14T23:02:10Z [37,841ms] [Error] [omni.physx.plugin] PhysX error: PxRigidDynamic::setLinearVelocity: Body must be non-kinematic!, FILE /builds/omniverse/physics/physx/source/physx/src/NpRigidDynamic.cpp, LINE 232
2026-08-14T23:02:10Z [37,841ms] [Error] [omni.physx.plugin] PhysX error: PxRigidDynamic::setAngularVelocity: Body must be non-kinematic!, FILE /builds/omniverse/physics/physx/source/physx/src/NpRigidDynamic.cpp, LINE 266
2026-08-14T23:02:10Z [37,842ms] [Warning] [omni.anim.graph.core.python] Type mismatch for variable Action in Character::SetVariable
2026-08-14T23:02:10Z [37,842ms] [Warning] [omni.anim.graph.core.python] Type mismatch for variable Walk in Character::SetVariable
2026-08-14T23:02:10Z [37,861ms] [Error] [omni.physx.plugin] PhysX error: PxRigidDynamic::setLinearVelocity: Body must be non-kinematic!, FILE /builds/omniverse/physics/physx/source/physx/src/NpRigidDynamic.cpp, LINE 232
2026-08-14T23:02:10Z [37,861ms] [Error] [omni.physx.plugin] PhysX error: PxRigidDynamic::setAngularVelocity: Body must be non-kinematic!, FILE /builds/omniverse/physics/physx/source/physx/src/NpRigidDynamic.cpp, LINE 266
2026-08-14T23:02:10Z [37,861ms] [Warning] [omni.anim.graph.core.python] Type mismatch for variable Action in Character::SetVariable
2026-08-14T23:02:10Z [37,861ms] [Warning] [omni.anim.graph.core.python] Type mismatch for variable Walk in Character::SetVariable
2026-08-14T23:02:10Z [37,881ms] [Error] [omni.physx.plugin] PhysX error: PxRigidDynamic::setLinearVelocity: Body must be non-kinematic!, FILE /builds/omniverse/physics/physx/source/physx/src/NpRigidDynamic.cpp, LINE 232
2026-08-14T23:02:10Z [37,881ms] [Error] [omni.physx.plugin] PhysX error: PxRigidDynamic::setAngularVelocity: Body must be non-kinematic!, FILE /builds/omniverse/physics/physx/source/physx/src/NpRigidDynamic.cpp, LINE 266
2026-08-14T23:02:10Z [37,881ms] [Warning] [omni.anim.graph.core.python] Type mismatch for variable Action in Character::SetVariable
2026-08-14T23:02:10Z [37,881ms] [Warning] [omni.anim.graph.core.python] Type mismatch for variable Walk in Character::SetVariable
2026-08-14T23:02:10Z [37,920ms] [Error] [omni.physx.plugin] PhysX error: PxRigidDynamic::setLinearVelocity: Body must be non-kinematic!, FILE /builds/omniverse/physics/physx/source/physx/src/NpRigidDynamic.cpp, LINE 232
2026-08-14T23:02:10Z [37,920ms] [Error] [omni.physx.plugin] PhysX error: PxRigidDynamic::setAngularVelocity: Body must be non-kinematic!, FILE /builds/omniverse/physics/physx/source/physx/src/NpRigidDynamic.cpp, LINE 266
2026-08-14T23:02:10Z [37,920ms] [Warning] [omni.anim.graph.core.python] Type mismatch for variable Action in Character::SetVariable
2026-08-14T23:02:10Z [37,921ms] [Warning] [omni.anim.graph.core.python] Type mismatch for variable Walk in Character::SetVariable
2026-08-14T23:02:10Z [37,929ms] [Error] [omni.physx.plugin] PhysX error: PxRigidDynamic::setLinearVelocity: Body must be non-kinematic!, FILE /builds/omniverse/physics/physx/source/physx/src/NpRigidDynamic.cpp, LINE 232
2026-08-14T23:02:10Z [37,929ms] [Error] [omni.physx.plugin] PhysX error: PxRigidDynamic::setAngularVelocity: Body must be non-kinematic!, FILE /builds/omniverse/physics/physx/source/physx/src/NpRigidDynamic.cpp, LINE 266
2026-08-14T23:02:10Z [37,929ms] [Warning] [omni.anim.graph.core.python] Type mismatch for variable Action in Character::SetVariable
2026-08-14T23:02:10Z [37,929ms] [Warning] [omni.anim.graph.core.python] Type mismatch for variable Walk in Character::SetVariable
2026-08-14T23:02:10Z [37,941ms] [Error] [omni.physx.plugin] PhysX error: PxRigidDynamic::setLinearVelocity: Body must be non-kinematic!, FILE /builds/omniverse/physics/physx/source/physx/src/NpRigidDynamic.cpp, LINE 232
2026-08-14T23:02:10Z [37,941ms] [Error] [omni.physx.plugin] PhysX error: PxRigidDynamic::setAngularVelocity: Body must be non-kinematic!, FILE /builds/omniverse/physics/physx/source/physx/src/NpRigidDynamic.cpp, LINE 266
2026-08-14T23:02:10Z [37,941ms] [Warning] [omni.anim.graph.core.python] Type mismatch for variable Action in Character::SetVariable
2026-08-14T23:02:10Z [37,941ms] [Warning] [omni.anim.graph.core.python] Type mismatch for variable Walk in Character::SetVariable
2026-08-14T23:02:10Z [37,961ms] [Error] [omni.physx.plugin] PhysX error: PxRigidDynamic::setLinearVelocity: Body must be non-kinematic!, FILE /builds/omniverse/physics/physx/source/physx/src/NpRigidDynamic.cpp, LINE 232
2026-08-14T23:02:10Z [37,961ms] [Error] [omni.physx.plugin] PhysX error: PxRigidDynamic::setAngularVelocity: Body must be non-kinematic!, FILE /builds/omniverse/physics/physx/source/physx/src/NpRigidDynamic.cpp, LINE 266
2026-08-14T23:02:10Z [37,961ms] [Warning] [omni.anim.graph.core.python] Type mismatch for variable Action in Character::SetVariable
2026-08-14T23:02:10Z [37,961ms] [Warning] [omni.anim.graph.core.python] Type mismatch for variable Walk in Character::SetVariable
2026-08-14T23:02:10Z [37,981ms] [Error] [omni.physx.plugin] PhysX error: PxRigidDynamic::setLinearVelocity: Body must be non-kinematic!, FILE /builds/omniverse/physics/physx/source/physx/src/NpRigidDynamic.cpp, LINE 232
2026-08-14T23:02:10Z [37,981ms] [Error] [omni.physx.plugin] PhysX error: PxRigidDynamic::setAngularVelocity: Body must be non-kinematic!, FILE /builds/omniverse/physics/physx/source/physx/src/NpRigidDynamic.cpp, LINE 266
2026-08-14T23:02:10Z [37,981ms] [Warning] [omni.anim.graph.core.python] Type mismatch for variable Action in Character::SetVariable
2026-08-14T23:02:10Z [37,981ms] [Warning] [omni.anim.graph.core.python] Type mismatch for variable Walk in Character::SetVariable
2026-08-14T23:02:10Z [38,008ms] [Error] [omni.physx.plugin] PhysX error: PxRigidDynamic::setLinearVelocity: Body must be non-kinematic!, FILE /builds/omniverse/physics/physx/source/physx/src/NpRigidDynamic.cpp, LINE 232
2026-08-14T23:02:10Z [38,008ms] [Error] [omni.physx.plugin] PhysX error: PxRigidDynamic::setAngularVelocity: Body must be non-kinematic!, FILE /builds/omniverse/physics/physx/source/physx/src/NpRigidDynamic.cpp, LINE 266
2026-08-14T23:02:10Z [38,008ms] [Warning] [omni.anim.graph.core.python] Type mismatch for variable Action in Character::SetVariable
2026-08-14T23:02:10Z [38,008ms] [Warning] [omni.anim.graph.core.python] Type mismatch for variable Walk in Character::SetVariable
2026-08-14T23:02:10Z [38,028ms] [Error] [omni.physx.plugin] PhysX error: PxRigidDynamic::setLinearVelocity: Body must be non-kinematic!, FILE /builds/omniverse/physics/physx/source/physx/src/NpRigidDynamic.cpp, LINE 232
2026-08-14T23:02:10Z [38,028ms] [Error] [omni.physx.plugin] PhysX error: PxRigidDynamic::setAngularVelocity: Body must be non-kinematic!, FILE /builds/omniverse/physics/physx/source/physx/src/NpRigidDynamic.cpp, LINE 266
2026-08-14T23:02:10Z [38,028ms] [Warning] [omni.anim.graph.core.python] Type mismatch for variable Action in Character::SetVariable
2026-08-14T23:02:10Z [38,028ms] [Warning] [omni.anim.graph.core.python] Type mismatch for variable Walk in Character::SetVariable
2026-08-14T23:02:10Z [38,041ms] [Error] [omni.physx.plugin] PhysX error: PxRigidDynamic::setLinearVelocity: Body must be non-kinematic!, FILE /builds/omniverse/physics/physx/source/physx/src/NpRigidDynamic.cpp, LINE 232
2026-08-14T23:02:10Z [38,041ms] [Error] [omni.physx.plugin] PhysX error: PxRigidDynamic::setAngularVelocity: Body must be non-kinematic!, FILE /builds/omniverse/physics/physx/source/physx/src/NpRigidDynamic.cpp, LINE 266
2026-08-14T23:02:10Z [38,041ms] [Warning] [omni.anim.graph.core.python] Type mismatch for variable Action in Character::SetVariable
2026-08-14T23:02:10Z [38,041ms] [Warning] [omni.anim.graph.core.python] Type mismatch for variable Walk in Character::SetVariable
2026-08-14T23:02:10Z [38,061ms] [Error] [omni.physx.plugin] PhysX error: PxRigidDynamic::setLinearVelocity: Body must be non-kinematic!, FILE /builds/omniverse/physics/physx/source/physx/src/NpRigidDynamic.cpp, LINE 232
2026-08-14T23:02:10Z [38,061ms] [Error] [omni.physx.plugin] PhysX error: PxRigidDynamic::setAngularVelocity: Body must be non-kinematic!, FILE /builds/omniverse/physics/physx/source/physx/src/NpRigidDynamic.cpp, LINE 266
2026-08-14T23:02:10Z [38,061ms] [Warning] [omni.anim.graph.core.python] Type mismatch for variable Action in Character::SetVariable
2026-08-14T23:02:10Z [38,061ms] [Warning] [omni.anim.graph.core.python] Type mismatch for variable Walk in Character::SetVariable
2026-08-14T23:02:10Z [38,081ms] [Error] [omni.physx.plugin] PhysX error: PxRigidDynamic::setLinearVelocity: Body must be non-kinematic!, FILE /builds/omniverse/physics/physx/source/physx/src/NpRigidDynamic.cpp, LINE 232
2026-08-14T23:02:10Z [38,081ms] [Error] [omni.physx.plugin] PhysX error: PxRigidDynamic::setAngularVelocity: Body must be non-kinematic!, FILE /builds/omniverse/physics/physx/source/physx/src/NpRigidDynamic.cpp, LINE 266
2026-08-14T23:02:10Z [38,081ms] [Warning] [omni.anim.graph.core.python] Type mismatch for variable Action in Character::SetVariable
2026-08-14T23:02:10Z [38,081ms] [Warning] [omni.anim.graph.core.python] Type mismatch for variable Walk in Character::SetVariable
2026-08-14T23:02:10Z [38,112ms] [Error] [omni.physx.plugin] PhysX error: PxRigidDynamic::setLinearVelocity: Body must be non-kinematic!, FILE /builds/omniverse/physics/physx/source/physx/src/NpRigidDynamic.cpp, LINE 232
2026-08-14T23:02:10Z [38,112ms] [Error] [omni.physx.plugin] PhysX error: PxRigidDynamic::setAngularVelocity: Body must be non-kinematic!, FILE /builds/omniverse/physics/physx/source/physx/src/NpRigidDynamic.cpp, LINE 266
2026-08-14T23:02:10Z [38,112ms] [Warning] [omni.anim.graph.core.python] Type mismatch for variable Action in Character::SetVariable
2026-08-14T23:02:10Z [38,112ms] [Warning] [omni.anim.graph.core.python] Type mismatch for variable Walk in Character::SetVariable
2026-08-14T23:02:10Z [38,121ms] [Error] [omni.physx.plugin] PhysX error: PxRigidDynamic::setLinearVelocity: Body must be non-kinematic!, FILE /builds/omniverse/physics/physx/source/physx/src/NpRigidDynamic.cpp, LINE 232
2026-08-14T23:02:10Z [38,121ms] [Error] [omni.physx.plugin] PhysX error: PxRigidDynamic::setAngularVelocity: Body must be non-kinematic!, FILE /builds/omniverse/physics/physx/source/physx/src/NpRigidDynamic.cpp, LINE 266
2026-08-14T23:02:10Z [38,121ms] [Warning] [omni.anim.graph.core.python] Type mismatch for variable Action in Character::SetVariable
2026-08-14T23:02:10Z [38,121ms] [Warning] [omni.anim.graph.core.python] Type mismatch for variable Walk in Character::SetVariable
2026-08-14T23:02:10Z [38,141ms] [Error] [omni.physx.plugin] PhysX error: PxRigidDynamic::setLinearVelocity: Body must be non-kinematic!, FILE /builds/omniverse/physics/physx/source/physx/src/NpRigidDynamic.cpp, LINE 232
2026-08-14T23:02:10Z [38,141ms] [Error] [omni.physx.plugin] PhysX error: PxRigidDynamic::setAngularVelocity: Body must be non-kinematic!, FILE /builds/omniverse/physics/physx/source/physx/src/NpRigidDynamic.cpp, LINE 266
2026-08-14T23:02:10Z [38,141ms] [Warning] [omni.anim.graph.core.python] Type mismatch for variable Action in Character::SetVariable
2026-08-14T23:02:10Z [38,141ms] [Warning] [omni.anim.graph.core.python] Type mismatch for variable Walk in Character::SetVariable
2026-08-14T23:02:10Z [38,161ms] [Error] [omni.physx.plugin] PhysX error: PxRigidDynamic::setLinearVelocity: Body must be non-kinematic!, FILE /builds/omniverse/physics/physx/source/physx/src/NpRigidDynamic.cpp, LINE 232
2026-08-14T23:02:10Z [38,161ms] [Error] [omni.physx.plugin] PhysX error: PxRigidDynamic::setAngularVelocity: Body must be non-kinematic!, FILE /builds/omniverse/physics/physx/source/physx/src/NpRigidDynamic.cpp, LINE 266
2026-08-14T23:02:10Z [38,161ms] [Warning] [omni.anim.graph.core.python] Type mismatch for variable Action in Character::SetVariable
2026-08-14T23:02:10Z [38,161ms] [Warning] [omni.anim.graph.core.python] Type mismatch for variable Walk in Character::SetVariable
2026-08-14T23:02:10Z [38,181ms] [Error] [omni.physx.plugin] PhysX error: PxRigidDynamic::setLinearVelocity: Body must be non-kinematic!, FILE /builds/omniverse/physics/physx/source/physx/src/NpRigidDynamic.cpp, LINE 232
2026-08-14T23:02:10Z [38,181ms] [Error] [omni.physx.plugin] PhysX error: PxRigidDynamic::setAngularVelocity: Body must be non-kinematic!, FILE /builds/omniverse/physics/physx/source/physx/src/NpRigidDynamic.cpp, LINE 266
2026-08-14T23:02:10Z [38,181ms] [Warning] [omni.anim.graph.core.python] Type mismatch for variable Action in Character::SetVariable
2026-08-14T23:02:10Z [38,181ms] [Warning] [omni.anim.graph.core.python] Type mismatch for variable Walk in Character::SetVariable
2026-08-14T23:02:10Z [38,220ms] [Error] [omni.physx.plugin] PhysX error: PxRigidDynamic::setLinearVelocity: Body must be non-kinematic!, FILE /builds/omniverse/physics/physx/source/physx/src/NpRigidDynamic.cpp, LINE 232
2026-08-14T23:02:10Z [38,220ms] [Error] [omni.physx.plugin] PhysX error: PxRigidDynamic::setAngularVelocity: Body must be non-kinematic!, FILE /builds/omniverse/physics/physx/source/physx/src/NpRigidDynamic.cpp, LINE 266
2026-08-14T23:02:10Z [38,220ms] [Warning] [omni.anim.graph.core.python] Type mismatch for variable Action in Character::SetVariable
2026-08-14T23:02:10Z [38,220ms] [Warning] [omni.anim.graph.core.python] Type mismatch for variable Walk in Character::SetVariable
2026-08-14T23:02:10Z [38,229ms] [Error] [omni.physx.plugin] PhysX error: PxRigidDynamic::setLinearVelocity: Body must be non-kinematic!, FILE /builds/omniverse/physics/physx/source/physx/src/NpRigidDynamic.cpp, LINE 232
2026-08-14T23:02:10Z [38,229ms] [Error] [omni.physx.plugin] PhysX error: PxRigidDynamic::setAngularVelocity: Body must be non-kinematic!, FILE /builds/omniverse/physics/physx/source/physx/src/NpRigidDynamic.cpp, LINE 266
2026-08-14T23:02:10Z [38,229ms] [Warning] [omni.anim.graph.core.python] Type mismatch for variable Action in Character::SetVariable
2026-08-14T23:02:10Z [38,229ms] [Warning] [omni.anim.graph.core.python] Type mismatch for variable Walk in Character::SetVariable
2026-08-14T23:02:10Z [38,241ms] [Error] [omni.physx.plugin] PhysX error: PxRigidDynamic::setLinearVelocity: Body must be non-kinematic!, FILE /builds/omniverse/physics/physx/source/physx/src/NpRigidDynamic.cpp, LINE 232
2026-08-14T23:02:10Z [38,241ms] [Error] [omni.physx.plugin] PhysX error: PxRigidDynamic::setAngularVelocity: Body must be non-kinematic!, FILE /builds/omniverse/physics/physx/source/physx/src/NpRigidDynamic.cpp, LINE 266
2026-08-14T23:02:10Z [38,241ms] [Warning] [omni.anim.graph.core.python] Type mismatch for variable Action in Character::SetVariable
2026-08-14T23:02:10Z [38,241ms] [Warning] [omni.anim.graph.core.python] Type mismatch for variable Walk in Character::SetVariable
2026-08-14T23:02:10Z [38,261ms] [Error] [omni.physx.plugin] PhysX error: PxRigidDynamic::setLinearVelocity: Body must be non-kinematic!, FILE /builds/omniverse/physics/physx/source/physx/src/NpRigidDynamic.cpp, LINE 232
2026-08-14T23:02:10Z [38,261ms] [Error] [omni.physx.plugin] PhysX error: PxRigidDynamic::setAngularVelocity: Body must be non-kinematic!, FILE /builds/omniverse/physics/physx/source/physx/src/NpRigidDynamic.cpp, LINE 266
2026-08-14T23:02:10Z [38,261ms] [Warning] [omni.anim.graph.core.python] Type mismatch for variable Action in Character::SetVariable
2026-08-14T23:02:10Z [38,261ms] [Warning] [omni.anim.graph.core.python] Type mismatch for variable Walk in Character::SetVariable
2026-08-14T23:02:10Z [38,281ms] [Error] [omni.physx.plugin] PhysX error: PxRigidDynamic::setLinearVelocity: Body must be non-kinematic!, FILE /builds/omniverse/physics/physx/source/physx/src/NpRigidDynamic.cpp, LINE 232
2026-08-14T23:02:10Z [38,281ms] [Error] [omni.physx.plugin] PhysX error: PxRigidDynamic::setAngularVelocity: Body must be non-kinematic!, FILE /builds/omniverse/physics/physx/source/physx/src/NpRigidDynamic.cpp, LINE 266
2026-08-14T23:02:10Z [38,281ms] [Warning] [omni.anim.graph.core.python] Type mismatch for variable Action in Character::SetVariable
2026-08-14T23:02:10Z [38,281ms] [Warning] [omni.anim.graph.core.python] Type mismatch for variable Walk in Character::SetVariable
2026-08-14T23:02:10Z [38,309ms] [Error] [omni.physx.plugin] PhysX error: PxRigidDynamic::setLinearVelocity: Body must be non-kinematic!, FILE /builds/omniverse/physics/physx/source/physx/src/NpRigidDynamic.cpp, LINE 232
2026-08-14T23:02:10Z [38,309ms] [Error] [omni.physx.plugin] PhysX error: PxRigidDynamic::setAngularVelocity: Body must be non-kinematic!, FILE /builds/omniverse/physics/physx/source/physx/src/NpRigidDynamic.cpp, LINE 266
2026-08-14T23:02:10Z [38,309ms] [Warning] [omni.anim.graph.core.python] Type mismatch for variable Action in Character::SetVariable
2026-08-14T23:02:10Z [38,309ms] [Warning] [omni.anim.graph.core.python] Type mismatch for variable Walk in Character::SetVariable
2026-08-14T23:02:10Z [38,329ms] [Error] [omni.physx.plugin] PhysX error: PxRigidDynamic::setLinearVelocity: Body must be non-kinematic!, FILE /builds/omniverse/physics/physx/source/physx/src/NpRigidDynamic.cpp, LINE 232
2026-08-14T23:02:10Z [38,329ms] [Error] [omni.physx.plugin] PhysX error: PxRigidDynamic::setAngularVelocity: Body must be non-kinematic!, FILE /builds/omniverse/physics/physx/source/physx/src/NpRigidDynamic.cpp, LINE 266
2026-08-14T23:02:10Z [38,329ms] [Warning] [omni.anim.graph.core.python] Type mismatch for variable Action in Character::SetVariable
2026-08-14T23:02:10Z [38,329ms] [Warning] [omni.anim.graph.core.python] Type mismatch for variable Walk in Character::SetVariable
2026-08-14T23:02:10Z [38,341ms] [Error] [omni.physx.plugin] PhysX error: PxRigidDynamic::setLinearVelocity: Body must be non-kinematic!, FILE /builds/omniverse/physics/physx/source/physx/src/NpRigidDynamic.cpp, LINE 232
2026-08-14T23:02:10Z [38,341ms] [Error] [omni.physx.plugin] PhysX error: PxRigidDynamic::setAngularVelocity: Body must be non-kinematic!, FILE /builds/omniverse/physics/physx/source/physx/src/NpRigidDynamic.cpp, LINE 266
2026-08-14T23:02:10Z [38,341ms] [Warning] [omni.anim.graph.core.python] Type mismatch for variable Action in Character::SetVariable
2026-08-14T23:02:10Z [38,341ms] [Warning] [omni.anim.graph.core.python] Type mismatch for variable Walk in Character::SetVariable
2026-08-14T23:02:10Z [38,361ms] [Error] [omni.physx.plugin] PhysX error: PxRigidDynamic::setLinearVelocity: Body must be non-kinematic!, FILE /builds/omniverse/physics/physx/source/physx/src/NpRigidDynamic.cpp, LINE 232
2026-08-14T23:02:10Z [38,361ms] [Error] [omni.physx.plugin] PhysX error: PxRigidDynamic::setAngularVelocity: Body must be non-kinematic!, FILE /builds/omniverse/physics/physx/source/physx/src/NpRigidDynamic.cpp, LINE 266
2026-08-14T23:02:10Z [38,361ms] [Warning] [omni.anim.graph.core.python] Type mismatch for variable Action in Character::SetVariable
2026-08-14T23:02:10Z [38,361ms] [Warning] [omni.anim.graph.core.python] Type mismatch for variable Walk in Character::SetVariable
2026-08-14T23:02:10Z [38,382ms] [Error] [omni.physx.plugin] PhysX error: PxRigidDynamic::setLinearVelocity: Body must be non-kinematic!, FILE /builds/omniverse/physics/physx/source/physx/src/NpRigidDynamic.cpp, LINE 232
2026-08-14T23:02:10Z [38,382ms] [Error] [omni.physx.plugin] PhysX error: PxRigidDynamic::setAngularVelocity: Body must be non-kinematic!, FILE /builds/omniverse/physics/physx/source/physx/src/NpRigidDynamic.cpp, LINE 266
2026-08-14T23:02:10Z [38,382ms] [Warning] [omni.anim.graph.core.python] Type mismatch for variable Action in Character::SetVariable
2026-08-14T23:02:10Z [38,382ms] [Warning] [omni.anim.graph.core.python] Type mismatch for variable Walk in Character::SetVariable
2026-08-14T23:02:10Z [38,410ms] [Error] [omni.physx.plugin] PhysX error: PxRigidDynamic::setLinearVelocity: Body must be non-kinematic!, FILE /builds/omniverse/physics/physx/source/physx/src/NpRigidDynamic.cpp, LINE 232
2026-08-14T23:02:10Z [38,410ms] [Error] [omni.physx.plugin] PhysX error: PxRigidDynamic::setAngularVelocity: Body must be non-kinematic!, FILE /builds/omniverse/physics/physx/source/physx/src/NpRigidDynamic.cpp, LINE 266
2026-08-14T23:02:10Z [38,410ms] [Warning] [omni.anim.graph.core.python] Type mismatch for variable Action in Character::SetVariable
2026-08-14T23:02:10Z [38,410ms] [Warning] [omni.anim.graph.core.python] Type mismatch for variable Walk in Character::SetVariable
2026-08-14T23:02:10Z [38,421ms] [Error] [omni.physx.plugin] PhysX error: PxRigidDynamic::setLinearVelocity: Body must be non-kinematic!, FILE /builds/omniverse/physics/physx/source/physx/src/NpRigidDynamic.cpp, LINE 232
2026-08-14T23:02:10Z [38,421ms] [Error] [omni.physx.plugin] PhysX error: PxRigidDynamic::setAngularVelocity: Body must be non-kinematic!, FILE /builds/omniverse/physics/physx/source/physx/src/NpRigidDynamic.cpp, LINE 266
2026-08-14T23:02:10Z [38,421ms] [Warning] [omni.anim.graph.core.python] Type mismatch for variable Action in Character::SetVariable
2026-08-14T23:02:10Z [38,421ms] [Warning] [omni.anim.graph.core.python] Type mismatch for variable Walk in Character::SetVariable
2026-08-14T23:02:10Z [38,441ms] [Error] [omni.physx.plugin] PhysX error: PxRigidDynamic::setLinearVelocity: Body must be non-kinematic!, FILE /builds/omniverse/physics/physx/source/physx/src/NpRigidDynamic.cpp, LINE 232
2026-08-14T23:02:10Z [38,441ms] [Error] [omni.physx.plugin] PhysX error: PxRigidDynamic::setAngularVelocity: Body must be non-kinematic!, FILE /builds/omniverse/physics/physx/source/physx/src/NpRigidDynamic.cpp, LINE 266
2026-08-14T23:02:10Z [38,441ms] [Warning] [omni.anim.graph.core.python] Type mismatch for variable Action in Character::SetVariable
2026-08-14T23:02:10Z [38,441ms] [Warning] [omni.anim.graph.core.python] Type mismatch for variable Walk in Character::SetVariable
2026-08-14T23:02:10Z [38,461ms] [Error] [omni.physx.plugin] PhysX error: PxRigidDynamic::setLinearVelocity: Body must be non-kinematic!, FILE /builds/omniverse/physics/physx/source/physx/src/NpRigidDynamic.cpp, LINE 232
2026-08-14T23:02:10Z [38,461ms] [Error] [omni.physx.plugin] PhysX error: PxRigidDynamic::setAngularVelocity: Body must be non-kinematic!, FILE /builds/omniverse/physics/physx/source/physx/src/NpRigidDynamic.cpp, LINE 266
2026-08-14T23:02:10Z [38,461ms] [Warning] [omni.anim.graph.core.python] Type mismatch for variable Action in Character::SetVariable
2026-08-14T23:02:10Z [38,461ms] [Warning] [omni.anim.graph.core.python] Type mismatch for variable Walk in Character::SetVariable
2026-08-14T23:02:10Z [38,481ms] [Error] [omni.physx.plugin] PhysX error: PxRigidDynamic::setLinearVelocity: Body must be non-kinematic!, FILE /builds/omniverse/physics/physx/source/physx/src/NpRigidDynamic.cpp, LINE 232
2026-08-14T23:02:10Z [38,481ms] [Error] [omni.physx.plugin] PhysX error: PxRigidDynamic::setAngularVelocity: Body must be non-kinematic!, FILE /builds/omniverse/physics/physx/source/physx/src/NpRigidDynamic.cpp, LINE 266
2026-08-14T23:02:10Z [38,481ms] [Warning] [omni.anim.graph.core.python] Type mismatch for variable Action in Character::SetVariable
2026-08-14T23:02:10Z [38,481ms] [Warning] [omni.anim.graph.core.python] Type mismatch for variable Walk in Character::SetVariable
2026-08-14T23:02:10Z [38,524ms] [Error] [omni.physx.plugin] PhysX error: PxRigidDynamic::setLinearVelocity: Body must be non-kinematic!, FILE /builds/omniverse/physics/physx/source/physx/src/NpRigidDynamic.cpp, LINE 232
2026-08-14T23:02:10Z [38,524ms] [Error] [omni.physx.plugin] PhysX error: PxRigidDynamic::setAngularVelocity: Body must be non-kinematic!, FILE /builds/omniverse/physics/physx/source/physx/src/NpRigidDynamic.cpp, LINE 266
2026-08-14T23:02:10Z [38,524ms] [Warning] [omni.anim.graph.core.python] Type mismatch for variable Action in Character::SetVariable
2026-08-14T23:02:10Z [38,524ms] [Warning] [omni.anim.graph.core.python] Type mismatch for variable Walk in Character::SetVariable
2026-08-14T23:02:10Z [38,532ms] [Error] [omni.physx.plugin] PhysX error: PxRigidDynamic::setLinearVelocity: Body must be non-kinematic!, FILE /builds/omniverse/physics/physx/source/physx/src/NpRigidDynamic.cpp, LINE 232
2026-08-14T23:02:10Z [38,532ms] [Error] [omni.physx.plugin] PhysX error: PxRigidDynamic::setAngularVelocity: Body must be non-kinematic!, FILE /builds/omniverse/physics/physx/source/physx/src/NpRigidDynamic.cpp, LINE 266
2026-08-14T23:02:10Z [38,532ms] [Warning] [omni.anim.graph.core.python] Type mismatch for variable Action in Character::SetVariable
2026-08-14T23:02:10Z [38,532ms] [Warning] [omni.anim.graph.core.python] Type mismatch for variable Walk in Character::SetVariable
2026-08-14T23:02:10Z [38,541ms] [Error] [omni.physx.plugin] PhysX error: PxRigidDynamic::setLinearVelocity: Body must be non-kinematic!, FILE /builds/omniverse/physics/physx/source/physx/src/NpRigidDynamic.cpp, LINE 232
2026-08-14T23:02:10Z [38,541ms] [Error] [omni.physx.plugin] PhysX error: PxRigidDynamic::setAngularVelocity: Body must be non-kinematic!, FILE /builds/omniverse/physics/physx/source/physx/src/NpRigidDynamic.cpp, LINE 266
2026-08-14T23:02:10Z [38,541ms] [Warning] [omni.anim.graph.core.python] Type mismatch for variable Action in Character::SetVariable
2026-08-14T23:02:10Z [38,541ms] [Warning] [omni.anim.graph.core.python] Type mismatch for variable Walk in Character::SetVariable
2026-08-14T23:02:10Z [38,561ms] [Error] [omni.physx.plugin] PhysX error: PxRigidDynamic::setLinearVelocity: Body must be non-kinematic!, FILE /builds/omniverse/physics/physx/source/physx/src/NpRigidDynamic.cpp, LINE 232
2026-08-14T23:02:10Z [38,561ms] [Error] [omni.physx.plugin] PhysX error: PxRigidDynamic::setAngularVelocity: Body must be non-kinematic!, FILE /builds/omniverse/physics/physx/source/physx/src/NpRigidDynamic.cpp, LINE 266
2026-08-14T23:02:10Z [38,561ms] [Warning] [omni.anim.graph.core.python] Type mismatch for variable Action in Character::SetVariable
2026-08-14T23:02:10Z [38,561ms] [Warning] [omni.anim.graph.core.python] Type mismatch for variable Walk in Character::SetVariable
2026-08-14T23:02:10Z [38,581ms] [Error] [omni.physx.plugin] PhysX error: PxRigidDynamic::setLinearVelocity: Body must be non-kinematic!, FILE /builds/omniverse/physics/physx/source/physx/src/NpRigidDynamic.cpp, LINE 232
2026-08-14T23:02:10Z [38,581ms] [Error] [omni.physx.plugin] PhysX error: PxRigidDynamic::setAngularVelocity: Body must be non-kinematic!, FILE /builds/omniverse/physics/physx/source/physx/src/NpRigidDynamic.cpp, LINE 266
2026-08-14T23:02:10Z [38,581ms] [Warning] [omni.anim.graph.core.python] Type mismatch for variable Action in Character::SetVariable
2026-08-14T23:02:10Z [38,581ms] [Warning] [omni.anim.graph.core.python] Type mismatch for variable Walk in Character::SetVariable
2026-08-14T23:02:10Z [38,608ms] [Error] [omni.physx.plugin] PhysX error: PxRigidDynamic::setLinearVelocity: Body must be non-kinematic!, FILE /builds/omniverse/physics/physx/source/physx/src/NpRigidDynamic.cpp, LINE 232
2026-08-14T23:02:10Z [38,608ms] [Error] [omni.physx.plugin] PhysX error: PxRigidDynamic::setAngularVelocity: Body must be non-kinematic!, FILE /builds/omniverse/physics/physx/source/physx/src/NpRigidDynamic.cpp, LINE 266
2026-08-14T23:02:10Z [38,608ms] [Warning] [omni.anim.graph.core.python] Type mismatch for variable Action in Character::SetVariable
2026-08-14T23:02:10Z [38,608ms] [Warning] [omni.anim.graph.core.python] Type mismatch for variable Walk in Character::SetVariable
2026-08-14T23:02:10Z [38,628ms] [Error] [omni.physx.plugin] PhysX error: PxRigidDynamic::setLinearVelocity: Body must be non-kinematic!, FILE /builds/omniverse/physics/physx/source/physx/src/NpRigidDynamic.cpp, LINE 232
2026-08-14T23:02:10Z [38,629ms] [Error] [omni.physx.plugin] PhysX error: PxRigidDynamic::setAngularVelocity: Body must be non-kinematic!, FILE /builds/omniverse/physics/physx/source/physx/src/NpRigidDynamic.cpp, LINE 266
2026-08-14T23:02:10Z [38,629ms] [Warning] [omni.anim.graph.core.python] Type mismatch for variable Action in Character::SetVariable
2026-08-14T23:02:10Z [38,629ms] [Warning] [omni.anim.graph.core.python] Type mismatch for variable Walk in Character::SetVariable
2026-08-14T23:02:10Z [38,641ms] [Error] [omni.physx.plugin] PhysX error: PxRigidDynamic::setLinearVelocity: Body must be non-kinematic!, FILE /builds/omniverse/physics/physx/source/physx/src/NpRigidDynamic.cpp, LINE 232
2026-08-14T23:02:10Z [38,641ms] [Error] [omni.physx.plugin] PhysX error: PxRigidDynamic::setAngularVelocity: Body must be non-kinematic!, FILE /builds/omniverse/physics/physx/source/physx/src/NpRigidDynamic.cpp, LINE 266
2026-08-14T23:02:10Z [38,641ms] [Warning] [omni.anim.graph.core.python] Type mismatch for variable Action in Character::SetVariable
2026-08-14T23:02:10Z [38,641ms] [Warning] [omni.anim.graph.core.python] Type mismatch for variable Walk in Character::SetVariable
2026-08-14T23:02:10Z [38,661ms] [Error] [omni.physx.plugin] PhysX error: PxRigidDynamic::setLinearVelocity: Body must be non-kinematic!, FILE /builds/omniverse/physics/physx/source/physx/src/NpRigidDynamic.cpp, LINE 232
2026-08-14T23:02:10Z [38,661ms] [Error] [omni.physx.plugin] PhysX error: PxRigidDynamic::setAngularVelocity: Body must be non-kinematic!, FILE /builds/omniverse/physics/physx/source/physx/src/NpRigidDynamic.cpp, LINE 266
2026-08-14T23:02:10Z [38,661ms] [Warning] [omni.anim.graph.core.python] Type mismatch for variable Action in Character::SetVariable
2026-08-14T23:02:10Z [38,661ms] [Warning] [omni.anim.graph.core.python] Type mismatch for variable Walk in Character::SetVariable
2026-08-14T23:02:11Z [38,682ms] [Error] [omni.physx.plugin] PhysX error: PxRigidDynamic::setLinearVelocity: Body must be non-kinematic!, FILE /builds/omniverse/physics/physx/source/physx/src/NpRigidDynamic.cpp, LINE 232
2026-08-14T23:02:11Z [38,682ms] [Error] [omni.physx.plugin] PhysX error: PxRigidDynamic::setAngularVelocity: Body must be non-kinematic!, FILE /builds/omniverse/physics/physx/source/physx/src/NpRigidDynamic.cpp, LINE 266
2026-08-14T23:02:11Z [38,682ms] [Warning] [omni.anim.graph.core.python] Type mismatch for variable Action in Character::SetVariable
2026-08-14T23:02:11Z [38,682ms] [Warning] [omni.anim.graph.core.python] Type mismatch for variable Walk in Character::SetVariable
2026-08-14T23:02:11Z [38,713ms] [Error] [omni.physx.plugin] PhysX error: PxRigidDynamic::setLinearVelocity: Body must be non-kinematic!, FILE /builds/omniverse/physics/physx/source/physx/src/NpRigidDynamic.cpp, LINE 232
2026-08-14T23:02:11Z [38,713ms] [Error] [omni.physx.plugin] PhysX error: PxRigidDynamic::setAngularVelocity: Body must be non-kinematic!, FILE /builds/omniverse/physics/physx/source/physx/src/NpRigidDynamic.cpp, LINE 266
2026-08-14T23:02:11Z [38,713ms] [Warning] [omni.anim.graph.core.python] Type mismatch for variable Action in Character::SetVariable
2026-08-14T23:02:11Z [38,713ms] [Warning] [omni.anim.graph.core.python] Type mismatch for variable Walk in Character::SetVariable
2026-08-14T23:02:11Z [38,722ms] [Error] [omni.physx.plugin] PhysX error: PxRigidDynamic::setLinearVelocity: Body must be non-kinematic!, FILE /builds/omniverse/physics/physx/source/physx/src/NpRigidDynamic.cpp, LINE 232
2026-08-14T23:02:11Z [38,722ms] [Error] [omni.physx.plugin] PhysX error: PxRigidDynamic::setAngularVelocity: Body must be non-kinematic!, FILE /builds/omniverse/physics/physx/source/physx/src/NpRigidDynamic.cpp, LINE 266
2026-08-14T23:02:11Z [38,722ms] [Warning] [omni.anim.graph.core.python] Type mismatch for variable Action in Character::SetVariable
2026-08-14T23:02:11Z [38,722ms] [Warning] [omni.anim.graph.core.python] Type mismatch for variable Walk in Character::SetVariable
2026-08-14T23:02:11Z [38,742ms] [Error] [omni.physx.plugin] PhysX error: PxRigidDynamic::setLinearVelocity: Body must be non-kinematic!, FILE /builds/omniverse/physics/physx/source/physx/src/NpRigidDynamic.cpp, LINE 232
2026-08-14T23:02:11Z [38,742ms] [Error] [omni.physx.plugin] PhysX error: PxRigidDynamic::setAngularVelocity: Body must be non-kinematic!, FILE /builds/omniverse/physics/physx/source/physx/src/NpRigidDynamic.cpp, LINE 266
2026-08-14T23:02:11Z [38,742ms] [Warning] [omni.anim.graph.core.python] Type mismatch for variable Action in Character::SetVariable
2026-08-14T23:02:11Z [38,742ms] [Warning] [omni.anim.graph.core.python] Type mismatch for variable Walk in Character::SetVariable
2026-08-14T23:02:11Z [38,761ms] [Error] [omni.physx.plugin] PhysX error: PxRigidDynamic::setLinearVelocity: Body must be non-kinematic!, FILE /builds/omniverse/physics/physx/source/physx/src/NpRigidDynamic.cpp, LINE 232
2026-08-14T23:02:11Z [38,761ms] [Error] [omni.physx.plugin] PhysX error: PxRigidDynamic::setAngularVelocity: Body must be non-kinematic!, FILE /builds/omniverse/physics/physx/source/physx/src/NpRigidDynamic.cpp, LINE 266
2026-08-14T23:02:11Z [38,761ms] [Warning] [omni.anim.graph.core.python] Type mismatch for variable Action in Character::SetVariable
2026-08-14T23:02:11Z [38,761ms] [Warning] [omni.anim.graph.core.python] Type mismatch for variable Walk in Character::SetVariable
2026-08-14T23:02:11Z [38,781ms] [Error] [omni.physx.plugin] PhysX error: PxRigidDynamic::setLinearVelocity: Body must be non-kinematic!, FILE /builds/omniverse/physics/physx/source/physx/src/NpRigidDynamic.cpp, LINE 232
2026-08-14T23:02:11Z [38,781ms] [Error] [omni.physx.plugin] PhysX error: PxRigidDynamic::setAngularVelocity: Body must be non-kinematic!, FILE /builds/omniverse/physics/physx/source/physx/src/NpRigidDynamic.cpp, LINE 266
2026-08-14T23:02:11Z [38,781ms] [Warning] [omni.anim.graph.core.python] Type mismatch for variable Action in Character::SetVariable
2026-08-14T23:02:11Z [38,781ms] [Warning] [omni.anim.graph.core.python] Type mismatch for variable Walk in Character::SetVariable
2026-08-14T23:02:11Z [38,824ms] [Error] [omni.physx.plugin] PhysX error: PxRigidDynamic::setLinearVelocity: Body must be non-kinematic!, FILE /builds/omniverse/physics/physx/source/physx/src/NpRigidDynamic.cpp, LINE 232
2026-08-14T23:02:11Z [38,824ms] [Error] [omni.physx.plugin] PhysX error: PxRigidDynamic::setAngularVelocity: Body must be non-kinematic!, FILE /builds/omniverse/physics/physx/source/physx/src/NpRigidDynamic.cpp, LINE 266
2026-08-14T23:02:11Z [38,824ms] [Warning] [omni.anim.graph.core.python] Type mismatch for variable Action in Character::SetVariable
2026-08-14T23:02:11Z [38,824ms] [Warning] [omni.anim.graph.core.python] Type mismatch for variable Walk in Character::SetVariable
2026-08-14T23:02:11Z [38,832ms] [Error] [omni.physx.plugin] PhysX error: PxRigidDynamic::setLinearVelocity: Body must be non-kinematic!, FILE /builds/omniverse/physics/physx/source/physx/src/NpRigidDynamic.cpp, LINE 232
2026-08-14T23:02:11Z [38,832ms] [Error] [omni.physx.plugin] PhysX error: PxRigidDynamic::setAngularVelocity: Body must be non-kinematic!, FILE /builds/omniverse/physics/physx/source/physx/src/NpRigidDynamic.cpp, LINE 266
2026-08-14T23:02:11Z [38,832ms] [Warning] [omni.anim.graph.core.python] Type mismatch for variable Action in Character::SetVariable
2026-08-14T23:02:11Z [38,832ms] [Warning] [omni.anim.graph.core.python] Type mismatch for variable Walk in Character::SetVariable
2026-08-14T23:02:11Z [38,841ms] [Error] [omni.physx.plugin] PhysX error: PxRigidDynamic::setLinearVelocity: Body must be non-kinematic!, FILE /builds/omniverse/physics/physx/source/physx/src/NpRigidDynamic.cpp, LINE 232
2026-08-14T23:02:11Z [38,841ms] [Error] [omni.physx.plugin] PhysX error: PxRigidDynamic::setAngularVelocity: Body must be non-kinematic!, FILE /builds/omniverse/physics/physx/source/physx/src/NpRigidDynamic.cpp, LINE 266
2026-08-14T23:02:11Z [38,841ms] [Warning] [omni.anim.graph.core.python] Type mismatch for variable Action in Character::SetVariable
2026-08-14T23:02:11Z [38,841ms] [Warning] [omni.anim.graph.core.python] Type mismatch for variable Walk in Character::SetVariable
2026-08-14T23:02:11Z [38,861ms] [Error] [omni.physx.plugin] PhysX error: PxRigidDynamic::setLinearVelocity: Body must be non-kinematic!, FILE /builds/omniverse/physics/physx/source/physx/src/NpRigidDynamic.cpp, LINE 232
2026-08-14T23:02:11Z [38,861ms] [Error] [omni.physx.plugin] PhysX error: PxRigidDynamic::setAngularVelocity: Body must be non-kinematic!, FILE /builds/omniverse/physics/physx/source/physx/src/NpRigidDynamic.cpp, LINE 266
2026-08-14T23:02:11Z [38,861ms] [Warning] [omni.anim.graph.core.python] Type mismatch for variable Action in Character::SetVariable
2026-08-14T23:02:11Z [38,861ms] [Warning] [omni.anim.graph.core.python] Type mismatch for variable Walk in Character::SetVariable
2026-08-14T23:02:11Z [38,881ms] [Error] [omni.physx.plugin] PhysX error: PxRigidDynamic::setLinearVelocity: Body must be non-kinematic!, FILE /builds/omniverse/physics/physx/source/physx/src/NpRigidDynamic.cpp, LINE 232
2026-08-14T23:02:11Z [38,881ms] [Error] [omni.physx.plugin] PhysX error: PxRigidDynamic::setAngularVelocity: Body must be non-kinematic!, FILE /builds/omniverse/physics/physx/source/physx/src/NpRigidDynamic.cpp, LINE 266
2026-08-14T23:02:11Z [38,881ms] [Warning] [omni.anim.graph.core.python] Type mismatch for variable Action in Character::SetVariable
2026-08-14T23:02:11Z [38,881ms] [Warning] [omni.anim.graph.core.python] Type mismatch for variable Walk in Character::SetVariable
2026-08-14T23:02:11Z [38,908ms] [Error] [omni.physx.plugin] PhysX error: PxRigidDynamic::setLinearVelocity: Body must be non-kinematic!, FILE /builds/omniverse/physics/physx/source/physx/src/NpRigidDynamic.cpp, LINE 232
2026-08-14T23:02:11Z [38,908ms] [Error] [omni.physx.plugin] PhysX error: PxRigidDynamic::setAngularVelocity: Body must be non-kinematic!, FILE /builds/omniverse/physics/physx/source/physx/src/NpRigidDynamic.cpp, LINE 266
2026-08-14T23:02:11Z [38,908ms] [Warning] [omni.anim.graph.core.python] Type mismatch for variable Action in Character::SetVariable
2026-08-14T23:02:11Z [38,908ms] [Warning] [omni.anim.graph.core.python] Type mismatch for variable Walk in Character::SetVariable
2026-08-14T23:02:11Z [38,928ms] [Error] [omni.physx.plugin] PhysX error: PxRigidDynamic::setLinearVelocity: Body must be non-kinematic!, FILE /builds/omniverse/physics/physx/source/physx/src/NpRigidDynamic.cpp, LINE 232
2026-08-14T23:02:11Z [38,928ms] [Error] [omni.physx.plugin] PhysX error: PxRigidDynamic::setAngularVelocity: Body must be non-kinematic!, FILE /builds/omniverse/physics/physx/source/physx/src/NpRigidDynamic.cpp, LINE 266
2026-08-14T23:02:11Z [38,928ms] [Warning] [omni.anim.graph.core.python] Type mismatch for variable Action in Character::SetVariable
2026-08-14T23:02:11Z [38,929ms] [Warning] [omni.anim.graph.core.python] Type mismatch for variable Walk in Character::SetVariable
2026-08-14T23:02:11Z [38,941ms] [Error] [omni.physx.plugin] PhysX error: PxRigidDynamic::setLinearVelocity: Body must be non-kinematic!, FILE /builds/omniverse/physics/physx/source/physx/src/NpRigidDynamic.cpp, LINE 232
2026-08-14T23:02:11Z [38,941ms] [Error] [omni.physx.plugin] PhysX error: PxRigidDynamic::setAngularVelocity: Body must be non-kinematic!, FILE /builds/omniverse/physics/physx/source/physx/src/NpRigidDynamic.cpp, LINE 266
2026-08-14T23:02:11Z [38,941ms] [Warning] [omni.anim.graph.core.python] Type mismatch for variable Action in Character::SetVariable
2026-08-14T23:02:11Z [38,941ms] [Warning] [omni.anim.graph.core.python] Type mismatch for variable Walk in Character::SetVariable
2026-08-14T23:02:11Z [38,961ms] [Error] [omni.physx.plugin] PhysX error: PxRigidDynamic::setLinearVelocity: Body must be non-kinematic!, FILE /builds/omniverse/physics/physx/source/physx/src/NpRigidDynamic.cpp, LINE 232
2026-08-14T23:02:11Z [38,961ms] [Error] [omni.physx.plugin] PhysX error: PxRigidDynamic::setAngularVelocity: Body must be non-kinematic!, FILE /builds/omniverse/physics/physx/source/physx/src/NpRigidDynamic.cpp, LINE 266
2026-08-14T23:02:11Z [38,961ms] [Warning] [omni.anim.graph.core.python] Type mismatch for variable Action in Character::SetVariable
2026-08-14T23:02:11Z [38,961ms] [Warning] [omni.anim.graph.core.python] Type mismatch for variable Walk in Character::SetVariable
2026-08-14T23:02:11Z [38,982ms] [Error] [omni.physx.plugin] PhysX error: PxRigidDynamic::setLinearVelocity: Body must be non-kinematic!, FILE /builds/omniverse/physics/physx/source/physx/src/NpRigidDynamic.cpp, LINE 232
2026-08-14T23:02:11Z [38,982ms] [Error] [omni.physx.plugin] PhysX error: PxRigidDynamic::setAngularVelocity: Body must be non-kinematic!, FILE /builds/omniverse/physics/physx/source/physx/src/NpRigidDynamic.cpp, LINE 266
2026-08-14T23:02:11Z [38,982ms] [Warning] [omni.anim.graph.core.python] Type mismatch for variable Action in Character::SetVariable
2026-08-14T23:02:11Z [38,982ms] [Warning] [omni.anim.graph.core.python] Type mismatch for variable Walk in Character::SetVariable
2026-08-14T23:02:11Z [39,009ms] [Error] [omni.physx.plugin] PhysX error: PxRigidDynamic::setLinearVelocity: Body must be non-kinematic!, FILE /builds/omniverse/physics/physx/source/physx/src/NpRigidDynamic.cpp, LINE 232
2026-08-14T23:02:11Z [39,009ms] [Error] [omni.physx.plugin] PhysX error: PxRigidDynamic::setAngularVelocity: Body must be non-kinematic!, FILE /builds/omniverse/physics/physx/source/physx/src/NpRigidDynamic.cpp, LINE 266
2026-08-14T23:02:11Z [39,009ms] [Warning] [omni.anim.graph.core.python] Type mismatch for variable Action in Character::SetVariable
2026-08-14T23:02:11Z [39,009ms] [Warning] [omni.anim.graph.core.python] Type mismatch for variable Walk in Character::SetVariable
2026-08-14T23:02:11Z [39,021ms] [Error] [omni.physx.plugin] PhysX error: PxRigidDynamic::setLinearVelocity: Body must be non-kinematic!, FILE /builds/omniverse/physics/physx/source/physx/src/NpRigidDynamic.cpp, LINE 232
2026-08-14T23:02:11Z [39,021ms] [Error] [omni.physx.plugin] PhysX error: PxRigidDynamic::setAngularVelocity: Body must be non-kinematic!, FILE /builds/omniverse/physics/physx/source/physx/src/NpRigidDynamic.cpp, LINE 266
2026-08-14T23:02:11Z [39,021ms] [Warning] [omni.anim.graph.core.python] Type mismatch for variable Action in Character::SetVariable
2026-08-14T23:02:11Z [39,021ms] [Warning] [omni.anim.graph.core.python] Type mismatch for variable Walk in Character::SetVariable
2026-08-14T23:02:11Z [39,041ms] [Error] [omni.physx.plugin] PhysX error: PxRigidDynamic::setLinearVelocity: Body must be non-kinematic!, FILE /builds/omniverse/physics/physx/source/physx/src/NpRigidDynamic.cpp, LINE 232
2026-08-14T23:02:11Z [39,041ms] [Error] [omni.physx.plugin] PhysX error: PxRigidDynamic::setAngularVelocity: Body must be non-kinematic!, FILE /builds/omniverse/physics/physx/source/physx/src/NpRigidDynamic.cpp, LINE 266
2026-08-14T23:02:11Z [39,041ms] [Warning] [omni.anim.graph.core.python] Type mismatch for variable Action in Character::SetVariable
2026-08-14T23:02:11Z [39,041ms] [Warning] [omni.anim.graph.core.python] Type mismatch for variable Walk in Character::SetVariable
2026-08-14T23:02:11Z [39,061ms] [Error] [omni.physx.plugin] PhysX error: PxRigidDynamic::setLinearVelocity: Body must be non-kinematic!, FILE /builds/omniverse/physics/physx/source/physx/src/NpRigidDynamic.cpp, LINE 232
2026-08-14T23:02:11Z [39,061ms] [Error] [omni.physx.plugin] PhysX error: PxRigidDynamic::setAngularVelocity: Body must be non-kinematic!, FILE /builds/omniverse/physics/physx/source/physx/src/NpRigidDynamic.cpp, LINE 266
2026-08-14T23:02:11Z [39,061ms] [Warning] [omni.anim.graph.core.python] Type mismatch for variable Action in Character::SetVariable
2026-08-14T23:02:11Z [39,061ms] [Warning] [omni.anim.graph.core.python] Type mismatch for variable Walk in Character::SetVariable
2026-08-14T23:02:11Z [39,081ms] [Error] [omni.physx.plugin] PhysX error: PxRigidDynamic::setLinearVelocity: Body must be non-kinematic!, FILE /builds/omniverse/physics/physx/source/physx/src/NpRigidDynamic.cpp, LINE 232
2026-08-14T23:02:11Z [39,081ms] [Error] [omni.physx.plugin] PhysX error: PxRigidDynamic::setAngularVelocity: Body must be non-kinematic!, FILE /builds/omniverse/physics/physx/source/physx/src/NpRigidDynamic.cpp, LINE 266
2026-08-14T23:02:11Z [39,081ms] [Warning] [omni.anim.graph.core.python] Type mismatch for variable Action in Character::SetVariable
2026-08-14T23:02:11Z [39,081ms] [Warning] [omni.anim.graph.core.python] Type mismatch for variable Walk in Character::SetVariable
2026-08-14T23:02:11Z [39,120ms] [Error] [omni.physx.plugin] PhysX error: PxRigidDynamic::setLinearVelocity: Body must be non-kinematic!, FILE /builds/omniverse/physics/physx/source/physx/src/NpRigidDynamic.cpp, LINE 232
2026-08-14T23:02:11Z [39,120ms] [Error] [omni.physx.plugin] PhysX error: PxRigidDynamic::setAngularVelocity: Body must be non-kinematic!, FILE /builds/omniverse/physics/physx/source/physx/src/NpRigidDynamic.cpp, LINE 266
2026-08-14T23:02:11Z [39,120ms] [Warning] [omni.anim.graph.core.python] Type mismatch for variable Action in Character::SetVariable
2026-08-14T23:02:11Z [39,120ms] [Warning] [omni.anim.graph.core.python] Type mismatch for variable Walk in Character::SetVariable
2026-08-14T23:02:11Z [39,128ms] [Error] [omni.physx.plugin] PhysX error: PxRigidDynamic::setLinearVelocity: Body must be non-kinematic!, FILE /builds/omniverse/physics/physx/source/physx/src/NpRigidDynamic.cpp, LINE 232
2026-08-14T23:02:11Z [39,128ms] [Error] [omni.physx.plugin] PhysX error: PxRigidDynamic::setAngularVelocity: Body must be non-kinematic!, FILE /builds/omniverse/physics/physx/source/physx/src/NpRigidDynamic.cpp, LINE 266
2026-08-14T23:02:11Z [39,128ms] [Warning] [omni.anim.graph.core.python] Type mismatch for variable Action in Character::SetVariable
2026-08-14T23:02:11Z [39,128ms] [Warning] [omni.anim.graph.core.python] Type mismatch for variable Walk in Character::SetVariable
2026-08-14T23:02:11Z [39,141ms] [Error] [omni.physx.plugin] PhysX error: PxRigidDynamic::setLinearVelocity: Body must be non-kinematic!, FILE /builds/omniverse/physics/physx/source/physx/src/NpRigidDynamic.cpp, LINE 232
2026-08-14T23:02:11Z [39,141ms] [Error] [omni.physx.plugin] PhysX error: PxRigidDynamic::setAngularVelocity: Body must be non-kinematic!, FILE /builds/omniverse/physics/physx/source/physx/src/NpRigidDynamic.cpp, LINE 266
2026-08-14T23:02:11Z [39,141ms] [Warning] [omni.anim.graph.core.python] Type mismatch for variable Action in Character::SetVariable
2026-08-14T23:02:11Z [39,141ms] [Warning] [omni.anim.graph.core.python] Type mismatch for variable Walk in Character::SetVariable
2026-08-14T23:02:11Z [39,162ms] [Error] [omni.physx.plugin] PhysX error: PxRigidDynamic::setLinearVelocity: Body must be non-kinematic!, FILE /builds/omniverse/physics/physx/source/physx/src/NpRigidDynamic.cpp, LINE 232
2026-08-14T23:02:11Z [39,162ms] [Error] [omni.physx.plugin] PhysX error: PxRigidDynamic::setAngularVelocity: Body must be non-kinematic!, FILE /builds/omniverse/physics/physx/source/physx/src/NpRigidDynamic.cpp, LINE 266
2026-08-14T23:02:11Z [39,162ms] [Warning] [omni.anim.graph.core.python] Type mismatch for variable Action in Character::SetVariable
2026-08-14T23:02:11Z [39,162ms] [Warning] [omni.anim.graph.core.python] Type mismatch for variable Walk in Character::SetVariable
2026-08-14T23:02:11Z [39,181ms] [Error] [omni.physx.plugin] PhysX error: PxRigidDynamic::setLinearVelocity: Body must be non-kinematic!, FILE /builds/omniverse/physics/physx/source/physx/src/NpRigidDynamic.cpp, LINE 232
2026-08-14T23:02:11Z [39,181ms] [Error] [omni.physx.plugin] PhysX error: PxRigidDynamic::setAngularVelocity: Body must be non-kinematic!, FILE /builds/omniverse/physics/physx/source/physx/src/NpRigidDynamic.cpp, LINE 266
2026-08-14T23:02:11Z [39,181ms] [Warning] [omni.anim.graph.core.python] Type mismatch for variable Action in Character::SetVariable
2026-08-14T23:02:11Z [39,181ms] [Warning] [omni.anim.graph.core.python] Type mismatch for variable Walk in Character::SetVariable
2026-08-14T23:02:11Z [39,209ms] [Error] [omni.physx.plugin] PhysX error: PxRigidDynamic::setLinearVelocity: Body must be non-kinematic!, FILE /builds/omniverse/physics/physx/source/physx/src/NpRigidDynamic.cpp, LINE 232
2026-08-14T23:02:11Z [39,209ms] [Error] [omni.physx.plugin] PhysX error: PxRigidDynamic::setAngularVelocity: Body must be non-kinematic!, FILE /builds/omniverse/physics/physx/source/physx/src/NpRigidDynamic.cpp, LINE 266
2026-08-14T23:02:11Z [39,209ms] [Warning] [omni.anim.graph.core.python] Type mismatch for variable Action in Character::SetVariable
2026-08-14T23:02:11Z [39,209ms] [Warning] [omni.anim.graph.core.python] Type mismatch for variable Walk in Character::SetVariable
2026-08-14T23:02:11Z [39,229ms] [Error] [omni.physx.plugin] PhysX error: PxRigidDynamic::setLinearVelocity: Body must be non-kinematic!, FILE /builds/omniverse/physics/physx/source/physx/src/NpRigidDynamic.cpp, LINE 232
2026-08-14T23:02:11Z [39,229ms] [Error] [omni.physx.plugin] PhysX error: PxRigidDynamic::setAngularVelocity: Body must be non-kinematic!, FILE /builds/omniverse/physics/physx/source/physx/src/NpRigidDynamic.cpp, LINE 266
2026-08-14T23:02:11Z [39,229ms] [Warning] [omni.anim.graph.core.python] Type mismatch for variable Action in Character::SetVariable
2026-08-14T23:02:11Z [39,229ms] [Warning] [omni.anim.graph.core.python] Type mismatch for variable Walk in Character::SetVariable
2026-08-14T23:02:11Z [39,241ms] [Error] [omni.physx.plugin] PhysX error: PxRigidDynamic::setLinearVelocity: Body must be non-kinematic!, FILE /builds/omniverse/physics/physx/source/physx/src/NpRigidDynamic.cpp, LINE 232
2026-08-14T23:02:11Z [39,241ms] [Error] [omni.physx.plugin] PhysX error: PxRigidDynamic::setAngularVelocity: Body must be non-kinematic!, FILE /builds/omniverse/physics/physx/source/physx/src/NpRigidDynamic.cpp, LINE 266
2026-08-14T23:02:11Z [39,241ms] [Warning] [omni.anim.graph.core.python] Type mismatch for variable Action in Character::SetVariable
2026-08-14T23:02:11Z [39,241ms] [Warning] [omni.anim.graph.core.python] Type mismatch for variable Walk in Character::SetVariable
2026-08-14T23:02:11Z [39,261ms] [Error] [omni.physx.plugin] PhysX error: PxRigidDynamic::setLinearVelocity: Body must be non-kinematic!, FILE /builds/omniverse/physics/physx/source/physx/src/NpRigidDynamic.cpp, LINE 232
2026-08-14T23:02:11Z [39,261ms] [Error] [omni.physx.plugin] PhysX error: PxRigidDynamic::setAngularVelocity: Body must be non-kinematic!, FILE /builds/omniverse/physics/physx/source/physx/src/NpRigidDynamic.cpp, LINE 266
2026-08-14T23:02:11Z [39,261ms] [Warning] [omni.anim.graph.core.python] Type mismatch for variable Action in Character::SetVariable
2026-08-14T23:02:11Z [39,261ms] [Warning] [omni.anim.graph.core.python] Type mismatch for variable Walk in Character::SetVariable
2026-08-14T23:02:11Z [39,282ms] [Error] [omni.physx.plugin] PhysX error: PxRigidDynamic::setLinearVelocity: Body must be non-kinematic!, FILE /builds/omniverse/physics/physx/source/physx/src/NpRigidDynamic.cpp, LINE 232
2026-08-14T23:02:11Z [39,282ms] [Error] [omni.physx.plugin] PhysX error: PxRigidDynamic::setAngularVelocity: Body must be non-kinematic!, FILE /builds/omniverse/physics/physx/source/physx/src/NpRigidDynamic.cpp, LINE 266
2026-08-14T23:02:11Z [39,282ms] [Warning] [omni.anim.graph.core.python] Type mismatch for variable Action in Character::SetVariable
2026-08-14T23:02:11Z [39,282ms] [Warning] [omni.anim.graph.core.python] Type mismatch for variable Walk in Character::SetVariable
2026-08-14T23:02:11Z [39,310ms] [Error] [omni.physx.plugin] PhysX error: PxRigidDynamic::setLinearVelocity: Body must be non-kinematic!, FILE /builds/omniverse/physics/physx/source/physx/src/NpRigidDynamic.cpp, LINE 232
2026-08-14T23:02:11Z [39,310ms] [Error] [omni.physx.plugin] PhysX error: PxRigidDynamic::setAngularVelocity: Body must be non-kinematic!, FILE /builds/omniverse/physics/physx/source/physx/src/NpRigidDynamic.cpp, LINE 266
2026-08-14T23:02:11Z [39,310ms] [Warning] [omni.anim.graph.core.python] Type mismatch for variable Action in Character::SetVariable
2026-08-14T23:02:11Z [39,310ms] [Warning] [omni.anim.graph.core.python] Type mismatch for variable Walk in Character::SetVariable
2026-08-14T23:02:11Z [39,321ms] [Error] [omni.physx.plugin] PhysX error: PxRigidDynamic::setLinearVelocity: Body must be non-kinematic!, FILE /builds/omniverse/physics/physx/source/physx/src/NpRigidDynamic.cpp, LINE 232
2026-08-14T23:02:11Z [39,321ms] [Error] [omni.physx.plugin] PhysX error: PxRigidDynamic::setAngularVelocity: Body must be non-kinematic!, FILE /builds/omniverse/physics/physx/source/physx/src/NpRigidDynamic.cpp, LINE 266
2026-08-14T23:02:11Z [39,321ms] [Warning] [omni.anim.graph.core.python] Type mismatch for variable Action in Character::SetVariable
2026-08-14T23:02:11Z [39,321ms] [Warning] [omni.anim.graph.core.python] Type mismatch for variable Walk in Character::SetVariable
2026-08-14T23:02:11Z [39,341ms] [Error] [omni.physx.plugin] PhysX error: PxRigidDynamic::setLinearVelocity: Body must be non-kinematic!, FILE /builds/omniverse/physics/physx/source/physx/src/NpRigidDynamic.cpp, LINE 232
2026-08-14T23:02:11Z [39,341ms] [Error] [omni.physx.plugin] PhysX error: PxRigidDynamic::setAngularVelocity: Body must be non-kinematic!, FILE /builds/omniverse/physics/physx/source/physx/src/NpRigidDynamic.cpp, LINE 266
2026-08-14T23:02:11Z [39,341ms] [Warning] [omni.anim.graph.core.python] Type mismatch for variable Action in Character::SetVariable
2026-08-14T23:02:11Z [39,341ms] [Warning] [omni.anim.graph.core.python] Type mismatch for variable Walk in Character::SetVariable
2026-08-14T23:02:11Z [39,361ms] [Error] [omni.physx.plugin] PhysX error: PxRigidDynamic::setLinearVelocity: Body must be non-kinematic!, FILE /builds/omniverse/physics/physx/source/physx/src/NpRigidDynamic.cpp, LINE 232
2026-08-14T23:02:11Z [39,361ms] [Error] [omni.physx.plugin] PhysX error: PxRigidDynamic::setAngularVelocity: Body must be non-kinematic!, FILE /builds/omniverse/physics/physx/source/physx/src/NpRigidDynamic.cpp, LINE 266
2026-08-14T23:02:11Z [39,361ms] [Warning] [omni.anim.graph.core.python] Type mismatch for variable Action in Character::SetVariable
2026-08-14T23:02:11Z [39,361ms] [Warning] [omni.anim.graph.core.python] Type mismatch for variable Walk in Character::SetVariable
{"status": "PASS", "output_dir": "/home/sun/machine-dog-nav-runs/2026-08-14_scan_forest_v8_human/results/v8_official_human_visual_preflight12_cpu/isaac"}
2026-08-14T23:02:14Z [42,113ms] [Warning] [omni.usd] Unexpected reference count of 2 for UsdStage 'anon:0x5f6f3ad256e0:World0.usd' while being closed in UsdContext (this may indicate it is still resident in memory).
