[INFO] [launch]: All log files can be found below /root/.ros/log/2026-08-13-17-20-47-925193-ubuntu-47
[INFO] [launch]: Default logging verbosity is set to INFO
[INFO] [foxy_bridge_node-1]: process started with pid [61]
[INFO] [scan_planner_node-2]: process started with pid [63]
[INFO] [closed_loop_controller-3]: process started with pid [65]
[INFO] [acceptance_monitor_node-4]: process started with pid [67]
[closed_loop_controller-3] [INFO] [1786641647.957123441] [closed_loop_controller]: Closed-loop controller ready
[scan_planner_node-2] hit: 1.7346
[scan_planner_node-2] miss: -0.847298
[scan_planner_node-2] min log: -1.99243
[scan_planner_node-2] max: 3.89182
[scan_planner_node-2] thresh log: 1.38629
[scan_planner_node-2] [INFO] [1786641648.011029761] [scan_planner_node]: Preset waypoint mode will start after the first odometry message
[acceptance_monitor_node-4] [INFO] [1786641648.111573495] [lite3_acceptance_monitor]: Acceptance monitor writing /evidence/ros_events.jsonl and /evidence/ros_summary.json
[foxy_bridge_node-1] [INFO] [1786641648.115492282] [lite3_sim_bridge]: Lite3 bridge ready: telemetry 127.0.0.1:48000, command 127.0.0.1:48001
[foxy_bridge_node-1] [INFO] [1786641648.115929353] [lite3_sim_bridge]: Telemetry stream connected
[foxy_bridge_node-1] [INFO] [1786641648.116053566] [lite3_sim_bridge]: Command stream connected
[scan_planner_node-2] [INFO] [1786641648.354857391] [scan_planner_node]: [navi_mode=2] Planning to waypoint 1/1: [4.00, 0.00, 0.35]
[scan_planner_node-2] [TRIG]: from INIT to GEN_NEW_TRAJ
[scan_planner_node-2] 
[scan_planner_node-2] [rebo replan]: -------------------------------------0
[scan_planner_node-2] start:  -0.00277 -9.79e-05     0.351, 0 0 0
[scan_planner_node-2] goal:   4    0 0.35, 0 0 0
[scan_planner_node-2] [32miter(+1)=38,time(ms)=0.100,total_t(ms)=0.101,cost=0.009
[scan_planner_node-2] [0mfirst_optimize_step_success=1
[scan_planner_node-2] total time:[42m0.000206[0m,optimize:0.000189,refine:1.61e-05
[scan_planner_node-2] final_plan_success=1
[scan_planner_node-2] [FSM]: from GEN_NEW_TRAJ to EXEC_TRAJ
[closed_loop_controller-3] [INFO] [1786641648.379347137] [closed_loop_controller]: Received trajectory 1, duration 6.827s
[scan_planner_node-2] 
[scan_planner_node-2] [rebo replan]: -------------------------------------1
[scan_planner_node-2] start:  -0.00328 -0.000726     0.307,     0.135  9.09e-07 -4.98e-06
[scan_planner_node-2] goal:   4    0 0.35, 0 0 0
[scan_planner_node-2] iter=42,time(ms)=0.18,rebound.
[scan_planner_node-2] [32miter(+1)=188,time(ms)=0.559,total_t(ms)=0.742,cost=0.007
[scan_planner_node-2] [0mfirst_optimize_step_success=1
[scan_planner_node-2] total time:[42m0.0011[0m,optimize:0.0011,refine:1.6e-05
[scan_planner_node-2] final_plan_success=1
[scan_planner_node-2] [SAFETY]: from EXEC_TRAJ to EXEC_TRAJ
[closed_loop_controller-3] [INFO] [1786641648.711865114] [closed_loop_controller]: Received trajectory 2, duration 6.827s
[scan_planner_node-2] [FSM]: state: EXEC_TRAJ
[scan_planner_node-2] [FSM]: state: EXEC_TRAJ
[scan_planner_node-2] [FSM]: from EXEC_TRAJ to REPLAN_TRAJ
[scan_planner_node-2] 
[scan_planner_node-2] [rebo replan]: -------------------------------------2
[scan_planner_node-2] start: 0.516 0.398 0.306,   0.749   0.577 0.00914
[scan_planner_node-2] goal:   4    0 0.35, 0 0 0
[scan_planner_node-2] [32miter(+1)=25,time(ms)=0.043,total_t(ms)=0.043,cost=0.003
[scan_planner_node-2] [0mfirst_optimize_step_success=1
[scan_planner_node-2] total time:[42m0.00011[0m,optimize:9.65e-05,refine:1.36e-05
[scan_planner_node-2] final_plan_success=1
[scan_planner_node-2] [FSM]: from REPLAN_TRAJ to EXEC_TRAJ
[closed_loop_controller-3] [INFO] [1786641650.340762247] [closed_loop_controller]: Received trajectory 3, duration 6.080s
[scan_planner_node-2] 
[scan_planner_node-2] [rebo replan]: -------------------------------------3
[scan_planner_node-2] start: 0.742 0.576 0.304,  0.751  0.408 0.0111
[scan_planner_node-2] goal:   4    0 0.35, 0 0 0
[scan_planner_node-2] [32miter(+1)=32,time(ms)=0.055,total_t(ms)=0.055,cost=0.015
[scan_planner_node-2] [0mfirst_optimize_step_success=1
[scan_planner_node-2] total time:[42m0.000167[0m,optimize:0.000154,refine:1.26e-05
[scan_planner_node-2] final_plan_success=1
[scan_planner_node-2] [SAFETY]: from EXEC_TRAJ to EXEC_TRAJ
[closed_loop_controller-3] [INFO] [1786641650.760869628] [closed_loop_controller]: Received trajectory 4, duration 5.760s
[scan_planner_node-2] [FSM]: state: EXEC_TRAJ
[scan_planner_node-2] [FSM]: from EXEC_TRAJ to REPLAN_TRAJ
[scan_planner_node-2] 
[scan_planner_node-2] [rebo replan]: -------------------------------------4
[scan_planner_node-2] start:  1.45 0.902 0.302,  0.755  0.145 0.0108
[scan_planner_node-2] goal:   4    0 0.35, 0 0 0
[scan_planner_node-2] [32miter(+1)=21,time(ms)=0.034,keep optimizing
[scan_planner_node-2] [0m[32miter(+1)=15,time(ms)=0.018,total_t(ms)=0.071,cost=0.205
[scan_planner_node-2] [0mfirst_optimize_step_success=1
[scan_planner_node-2] total time:[42m0.00016[0m,optimize:0.00014,refine:1.1e-05
[scan_planner_node-2] final_plan_success=1
[scan_planner_node-2] [FSM]: from REPLAN_TRAJ to EXEC_TRAJ
[closed_loop_controller-3] [INFO] [1786641651.990818710] [closed_loop_controller]: Received trajectory 5, duration 4.800s
[scan_planner_node-2] [FSM]: state: EXEC_TRAJ
[scan_planner_node-2] [FSM]: state: EXEC_TRAJ
[scan_planner_node-2] [FSM]: from EXEC_TRAJ to REPLAN_TRAJ
[scan_planner_node-2] 
[scan_planner_node-2] [rebo replan]: -------------------------------------5
[scan_planner_node-2] start:  2.21 0.891 0.301,  0.684 -0.449 0.0143
[scan_planner_node-2] goal:   4    0 0.35, 0 0 0
[scan_planner_node-2] [ERROR] [1786641653.320634833] [bspline_opt]: A-star failed; aborting optimization
[scan_planner_node-2] [WARN] [1786641653.320670941] [bspline_opt]: First three control points are in obstacles; t=0.000000
[scan_planner_node-2] [ERROR] [1786641653.320732576] [bspline_opt]: A-star failed; aborting optimization
[scan_planner_node-2] [WARN] [1786641653.320807587] [bspline_opt]: First three control points are in obstacles; t=0.000000
[scan_planner_node-2]  2.21 0.901 0.301
[scan_planner_node-2]  2.42 0.728 0.306
[scan_planner_node-2]  2.62 0.538 0.314
[scan_planner_node-2]  2.82 0.358  0.32
[scan_planner_node-2] first_optimize_step_success=0
[scan_planner_node-2] final_plan_success=0
[scan_planner_node-2] 
[scan_planner_node-2] [rebo replan]: -------------------------------------6
[scan_planner_node-2] start:  2.21 0.891 0.301,  0.684 -0.449 0.0143
[scan_planner_node-2] goal:   4    0 0.35, 0 0 0
[scan_planner_node-2] iter=5,time(ms)=0.0265,rebound.
[scan_planner_node-2] 2.2 0.9 0.3
[scan_planner_node-2]  2.4 0.73 0.31
[scan_planner_node-2]  2.6 0.61 0.31
[scan_planner_node-2]  2.8 0.55 0.32
[scan_planner_node-2] first_optimize_step_success=0
[scan_planner_node-2] final_plan_success=0
[scan_planner_node-2] [FSM]: from REPLAN_TRAJ to REPLAN_TRAJ
[scan_planner_node-2] 
[scan_planner_node-2] [rebo replan]: -------------------------------------7
[scan_planner_node-2] start:  2.27 0.856  0.32,  0.682 -0.455 0.0143
[scan_planner_node-2] goal:   4    0 0.35, 0 0 0
[scan_planner_node-2]  2.27 0.866  0.32
[scan_planner_node-2]  2.48 0.691 0.325
[scan_planner_node-2]  2.69 0.504 0.328
[scan_planner_node-2]  2.88 0.327 0.332
[scan_planner_node-2] first_optimize_step_success=0
[scan_planner_node-2] final_plan_success=0
[scan_planner_node-2] 
[scan_planner_node-2] [rebo replan]: -------------------------------------8
[scan_planner_node-2] start:  2.27 0.856  0.32,  0.682 -0.455 0.0143
[scan_planner_node-2] goal:   4    0 0.35, 0 0 0
[scan_planner_node-2] [WARN] [1786641653.330653040] [bspline_opt]: First three control points are in obstacles; t=0.000000
[scan_planner_node-2]  2.3 0.87 0.32
[scan_planner_node-2]  2.5 0.69 0.32
[scan_planner_node-2]  2.7 0.58 0.33
[scan_planner_node-2]  2.8 0.53 0.33
[scan_planner_node-2] first_optimize_step_success=0
[scan_planner_node-2] final_plan_success=0
[scan_planner_node-2] [FSM]: from REPLAN_TRAJ to REPLAN_TRAJ
[scan_planner_node-2] [WARN] [1786641653.330859568] [bspline_opt]: First three control points are in obstacles; t=0.000000
[scan_planner_node-2] 
[scan_planner_node-2] [rebo replan]: -------------------------------------9
[scan_planner_node-2] start:  2.27 0.856  0.32,   0.68 -0.461 0.0143
[scan_planner_node-2] goal:   4    0 0.35, 0 0 0
[scan_planner_node-2]  2.27 0.866  0.32
[scan_planner_node-2]  2.48  0.69 0.325
[scan_planner_node-2]  2.68 0.503 0.328
[scan_planner_node-2]  2.88 0.326 0.332
[scan_planner_node-2] first_optimize_step_success=0
[scan_planner_node-2] final_plan_success=0
[scan_planner_node-2] 
[scan_planner_node-2] [rebo replan]: -------------------------------------10
[scan_planner_node-2] start:  2.27 0.856  0.32,   0.68 -0.461 0.0143
[scan_planner_node-2] goal:   4    0 0.35, 0 0 0
[scan_planner_node-2] [WARN] [1786641653.340616274] [bspline_opt]: First three control points are in obstacles; t=0.000000
[scan_planner_node-2]  2.3 0.87 0.32
[scan_planner_node-2]  2.5 0.69 0.32
[scan_planner_node-2]  2.7 0.52 0.33
[scan_planner_node-2]  2.9 0.37 0.33
[scan_planner_node-2] first_optimize_step_success=0
[scan_planner_node-2] final_plan_success=0
[scan_planner_node-2] [FSM]: from REPLAN_TRAJ to REPLAN_TRAJ
[scan_planner_node-2] [WARN] [1786641653.340720741] [bspline_opt]: First three control points are in obstacles; t=0.000000
[scan_planner_node-2] 
[scan_planner_node-2] [rebo replan]: -------------------------------------11
[scan_planner_node-2] start:  2.27 0.856  0.32,  0.678 -0.466 0.0142
[scan_planner_node-2] goal:   4    0 0.35, 0 0 0
[scan_planner_node-2]  2.27 0.865  0.32
[scan_planner_node-2]  2.48 0.689 0.325
[scan_planner_node-2]  2.68 0.502 0.328
[scan_planner_node-2]  2.88 0.325 0.332
[scan_planner_node-2] first_optimize_step_success=0
[scan_planner_node-2] final_plan_success=0
[scan_planner_node-2] 
[scan_planner_node-2] [rebo replan]: -------------------------------------12
[scan_planner_node-2] start:  2.27 0.856  0.32,  0.678 -0.466 0.0142
[scan_planner_node-2] goal:   4    0 0.35, 0 0 0
[scan_planner_node-2] [WARN] [1786641653.350610737] [bspline_opt]: First three control points are in obstacles; t=0.000000
[scan_planner_node-2]  2.3 0.87 0.32
[scan_planner_node-2]  2.5 0.69 0.32
[scan_planner_node-2]  2.7 0.58 0.33
[scan_planner_node-2]  2.8 0.53 0.33
[scan_planner_node-2] first_optimize_step_success=0
[scan_planner_node-2] final_plan_success=0
[scan_planner_node-2] [FSM]: from REPLAN_TRAJ to REPLAN_TRAJ
[scan_planner_node-2] [WARN] [1786641653.350734780] [bspline_opt]: First three control points are in obstacles; t=0.000000
[scan_planner_node-2] 
[scan_planner_node-2] [rebo replan]: -------------------------------------13
[scan_planner_node-2] start:  2.27 0.856  0.32,  0.676 -0.471 0.0142
[scan_planner_node-2] goal:   4    0 0.35, 0 0 0
[scan_planner_node-2]  2.27 0.865  0.32
[scan_planner_node-2]  2.48 0.688 0.325
[scan_planner_node-2]  2.68 0.501 0.328
[scan_planner_node-2]  2.88 0.325 0.332
[scan_planner_node-2] first_optimize_step_success=0
[scan_planner_node-2] final_plan_success=0
[scan_planner_node-2] 
[scan_planner_node-2] [rebo replan]: -------------------------------------14
[scan_planner_node-2] start:  2.27 0.856  0.32,  0.676 -0.471 0.0142
[scan_planner_node-2] goal:   4    0 0.35, 0 0 0
[scan_planner_node-2] [WARN] [1786641653.360624877] [bspline_opt]: First three control points are in obstacles; t=0.000000
[scan_planner_node-2] [ERROR] [1786641653.360698836] [bspline_opt]: A-star failed; aborting optimization
[scan_planner_node-2] iter=5,time(ms)=0.0227,rebound.
[scan_planner_node-2]  2.3 0.87 0.32
[scan_planner_node-2]  2.5 0.69 0.32
[scan_planner_node-2]  2.7 0.56 0.33
[scan_planner_node-2]  2.9 0.47 0.33
[scan_planner_node-2] first_optimize_step_success=0
[scan_planner_node-2] final_plan_success=0
[scan_planner_node-2] [FSM]: from REPLAN_TRAJ to REPLAN_TRAJ
[scan_planner_node-2] [WARN] [1786641653.360795467] [bspline_opt]: First three control points are in obstacles; t=0.000000
[scan_planner_node-2] 
[scan_planner_node-2] [rebo replan]: -------------------------------------15
[scan_planner_node-2] start:  2.27 0.856  0.32,  0.675 -0.476 0.0142
[scan_planner_node-2] goal:   4    0 0.35, 0 0 0
[scan_planner_node-2]  2.27 0.865  0.32
[scan_planner_node-2]  2.48 0.687 0.325
[scan_planner_node-2]  2.68   0.5 0.328
[scan_planner_node-2]  2.89 0.325 0.332
[scan_planner_node-2] first_optimize_step_success=0
[scan_planner_node-2] final_plan_success=0
[scan_planner_node-2] 
[scan_planner_node-2] [rebo replan]: -------------------------------------16
[scan_planner_node-2] start:  2.27 0.856  0.32,  0.675 -0.476 0.0142
[scan_planner_node-2] goal:   4    0 0.35, 0 0 0
[scan_planner_node-2] [WARN] [1786641653.370605464] [bspline_opt]: First three control points are in obstacles; t=0.000000
[scan_planner_node-2]  2.3 0.87 0.32
[scan_planner_node-2]  2.5 0.69 0.32
[scan_planner_node-2]  2.7 0.56 0.33
[scan_planner_node-2]  2.9 0.49 0.33
[scan_planner_node-2] first_optimize_step_success=0
[scan_planner_node-2] final_plan_success=0
[scan_planner_node-2] [FSM]: from REPLAN_TRAJ to REPLAN_TRAJ
[scan_planner_node-2] [WARN] [1786641653.370743533] [bspline_opt]: First three control points are in obstacles; t=0.000000
[scan_planner_node-2] 
[scan_planner_node-2] [rebo replan]: -------------------------------------17
[scan_planner_node-2] start:  2.27 0.856  0.32,  0.673 -0.481 0.0142
[scan_planner_node-2] goal:   4    0 0.35, 0 0 0
[scan_planner_node-2]  2.27 0.864  0.32
[scan_planner_node-2]  2.48 0.686 0.325
[scan_planner_node-2]  2.68 0.499 0.328
[scan_planner_node-2]  2.89 0.324 0.332
[scan_planner_node-2] first_optimize_step_success=0
[scan_planner_node-2] final_plan_success=0
[scan_planner_node-2] 
[scan_planner_node-2] [rebo replan]: -------------------------------------18
[scan_planner_node-2] start:  2.27 0.856  0.32,  0.673 -0.481 0.0142
[scan_planner_node-2] goal:   4    0 0.35, 0 0 0
[scan_planner_node-2] iter=5,time(ms)=0.0194,rebound.
[scan_planner_node-2] [WARN] [1786641653.380618852] [bspline_opt]: First three control points are in obstacles; t=0.000000
[scan_planner_node-2] [ERROR] [1786641653.380681350] [bspline_opt]: A-star failed; aborting optimization
[scan_planner_node-2] [WARN] [1786641653.380749658] [bspline_opt]: First three control points are in obstacles; t=0.000000
[scan_planner_node-2]  2.3 0.86 0.32
[scan_planner_node-2]  2.5 0.69 0.32
[scan_planner_node-2]  2.7 0.55 0.33
[scan_planner_node-2]  2.9 0.48 0.33
[scan_planner_node-2] first_optimize_step_success=0
[scan_planner_node-2] final_plan_success=0
[scan_planner_node-2] [FSM]: from REPLAN_TRAJ to REPLAN_TRAJ
[scan_planner_node-2] 
[scan_planner_node-2] [rebo replan]: -------------------------------------19
[scan_planner_node-2] start:  2.27 0.856  0.32,  0.672 -0.486 0.0142
[scan_planner_node-2] goal:   4    0 0.35, 0 0 0
[scan_planner_node-2]  2.27 0.864  0.32
[scan_planner_node-2]  2.48 0.685 0.325
[scan_planner_node-2]  2.68 0.498 0.328
[scan_planner_node-2]  2.89 0.324 0.332
[scan_planner_node-2] first_optimize_step_success=0
[scan_planner_node-2] final_plan_success=0
[scan_planner_node-2] 
[scan_planner_node-2] [rebo replan]: -------------------------------------20
[scan_planner_node-2] start:  2.27 0.856  0.32,  0.672 -0.486 0.0142
[scan_planner_node-2] goal:   4    0 0.35, 0 0 0
[scan_planner_node-2] [WARN] [1786641653.390607895] [bspline_opt]: First three control points are in obstacles; t=0.000000
[scan_planner_node-2]  2.3 0.86 0.32
[scan_planner_node-2]  2.5 0.69 0.32
[scan_planner_node-2]  2.7 0.59 0.33
[scan_planner_node-2]  2.9 0.56 0.33
[scan_planner_node-2] first_optimize_step_success=0
[scan_planner_node-2] final_plan_success=0
[scan_planner_node-2] [FSM]: from REPLAN_TRAJ to REPLAN_TRAJ
[scan_planner_node-2] [WARN] [1786641653.390751044] [bspline_opt]: First three control points are in obstacles; t=0.000000
[scan_planner_node-2] 
[scan_planner_node-2] [rebo replan]: -------------------------------------21
[scan_planner_node-2] start:  2.27 0.856  0.32,   0.67  -0.49 0.0142
[scan_planner_node-2] goal:   4    0 0.35, 0 0 0
[scan_planner_node-2]  2.27 0.864  0.32
[scan_planner_node-2]  2.48 0.684 0.325
[scan_planner_node-2]  2.68 0.498 0.328
[scan_planner_node-2]  2.89 0.324 0.332
[scan_planner_node-2] first_optimize_step_success=0
[scan_planner_node-2] final_plan_success=0
[scan_planner_node-2] 
[scan_planner_node-2] [rebo replan]: -------------------------------------22
[scan_planner_node-2] start:  2.27 0.856  0.32,   0.67  -0.49 0.0142
[scan_planner_node-2] goal:   4    0 0.35, 0 0 0
[scan_planner_node-2] [WARN] [1786641653.400618418] [bspline_opt]: First three control points are in obstacles; t=0.000000
[scan_planner_node-2]  2.3 0.86 0.32
[scan_planner_node-2]  2.5 0.68 0.32
[scan_planner_node-2]  2.7 0.57 0.33
[scan_planner_node-2]  2.8 0.51 0.33
[scan_planner_node-2] first_optimize_step_success=0
[scan_planner_node-2] final_plan_success=0
[scan_planner_node-2] [FSM]: from REPLAN_TRAJ to REPLAN_TRAJ
[scan_planner_node-2] [WARN] [1786641653.400738915] [bspline_opt]: First three control points are in obstacles; t=0.000000
[scan_planner_node-2] 
[scan_planner_node-2] [rebo replan]: -------------------------------------23
[scan_planner_node-2] start:  2.27 0.856  0.32,  0.669 -0.495 0.0142
[scan_planner_node-2] goal:   4    0 0.35, 0 0 0
[scan_planner_node-2]  2.27 0.864  0.32
[scan_planner_node-2]  2.48 0.683 0.325
[scan_planner_node-2]  2.68 0.497 0.328
[scan_planner_node-2]  2.89 0.324 0.332
[scan_planner_node-2] first_optimize_step_success=0
[scan_planner_node-2] final_plan_success=0
[scan_planner_node-2] 
[scan_planner_node-2] [rebo replan]: -------------------------------------24
[scan_planner_node-2] start:  2.27 0.856  0.32,  0.669 -0.495 0.0142
[scan_planner_node-2] goal:   4    0 0.35, 0 0 0
[scan_planner_node-2] [WARN] [1786641653.410603263] [bspline_opt]: First three control points are in obstacles; t=0.000000
[scan_planner_node-2] [ERROR] [1786641653.410658547] [bspline_opt]: A-star failed; aborting optimization
[scan_planner_node-2] iter=5,time(ms)=0.0186,rebound.
[scan_planner_node-2]  2.3 0.86 0.32
[scan_planner_node-2]  2.5 0.68 0.32
[scan_planner_node-2]  2.7 0.56 0.33
[scan_planner_node-2]  2.9 0.48 0.33
[scan_planner_node-2] first_optimize_step_success=0
[scan_planner_node-2] final_plan_success=0
[scan_planner_node-2] [FSM]: from REPLAN_TRAJ to REPLAN_TRAJ
[scan_planner_node-2] [WARN] [1786641653.410729109] [bspline_opt]: First three control points are in obstacles; t=0.000000
[scan_planner_node-2] 
[scan_planner_node-2] [rebo replan]: -------------------------------------25
[scan_planner_node-2] start:  2.27 0.856  0.32,  0.668 -0.499 0.0142
[scan_planner_node-2] goal:   4    0 0.35, 0 0 0
[scan_planner_node-2]  2.27 0.863  0.32
[scan_planner_node-2]  2.48 0.682 0.325
[scan_planner_node-2]  2.68 0.497 0.328
[scan_planner_node-2]  2.89 0.325 0.332
[scan_planner_node-2] first_optimize_step_success=0
[scan_planner_node-2] final_plan_success=0
[scan_planner_node-2] 
[scan_planner_node-2] [rebo replan]: -------------------------------------26
[scan_planner_node-2] start:  2.27 0.856  0.32,  0.668 -0.499 0.0142
[scan_planner_node-2] goal:   4    0 0.35, 0 0 0
[scan_planner_node-2] [WARN] [1786641653.420609889] [bspline_opt]: First three control points are in obstacles; t=0.000000
[scan_planner_node-2]  2.3 0.86 0.32
[scan_planner_node-2]  2.5 0.68 0.32
[scan_planner_node-2]  2.7 0.51 0.33
[scan_planner_node-2]  2.9 0.37 0.33
[scan_planner_node-2] first_optimize_step_success=0
[scan_planner_node-2] final_plan_success=0
[scan_planner_node-2] [FSM]: from REPLAN_TRAJ to REPLAN_TRAJ
[scan_planner_node-2] [WARN] [1786641653.420709556] [bspline_opt]: First three control points are in obstacles; t=0.000000
[scan_planner_node-2] 
[scan_planner_node-2] [rebo replan]: -------------------------------------27
[scan_planner_node-2] start:  2.27 0.856  0.32,  0.666 -0.503 0.0142
[scan_planner_node-2] goal:   4    0 0.35, 0 0 0
[scan_planner_node-2]  2.27 0.863  0.32
[scan_planner_node-2]  2.48 0.682 0.325
[scan_planner_node-2]  2.69 0.496 0.328
[scan_planner_node-2]  2.89 0.325 0.332
[scan_planner_node-2] first_optimize_step_success=0
[scan_planner_node-2] final_plan_success=0
[scan_planner_node-2] 
[scan_planner_node-2] [rebo replan]: -------------------------------------28
[scan_planner_node-2] start:  2.27 0.856  0.32,  0.666 -0.503 0.0142
[scan_planner_node-2] goal:   4    0 0.35, 0 0 0
[scan_planner_node-2]  2.3 0.86 0.32
[scan_planner_node-2]  2.5 0.68 0.32
[scan_planner_node-2]  2.7 0.57 0.33
[scan_planner_node-2]  2.8 0.52 0.33
[scan_planner_node-2] first_optimize_step_success=0
[scan_planner_node-2] final_plan_success=0
[scan_planner_node-2] [FSM]: from REPLAN_TRAJ to REPLAN_TRAJ
[scan_planner_node-2] [WARN] [1786641653.430615923] [bspline_opt]: First three control points are in obstacles; t=0.000000
[scan_planner_node-2] [WARN] [1786641653.430741189] [bspline_opt]: First three control points are in obstacles; t=0.000000
[scan_planner_node-2] 
[scan_planner_node-2] [rebo replan]: -------------------------------------29
[scan_planner_node-2] start:  2.27 0.856  0.32,  0.665 -0.507 0.0142
[scan_planner_node-2] goal:   4    0 0.35, 0 0 0
[scan_planner_node-2]  2.27 0.863  0.32
[scan_planner_node-2]  2.48 0.681 0.325
[scan_planner_node-2]  2.69 0.496 0.328
[scan_planner_node-2]  2.89 0.325 0.332
[scan_planner_node-2] first_optimize_step_success=0
[scan_planner_node-2] final_plan_success=0
[scan_planner_node-2] 
[scan_planner_node-2] [rebo replan]: -------------------------------------30
[scan_planner_node-2] start:  2.27 0.856  0.32,  0.665 -0.507 0.0142
[scan_planner_node-2] goal:   4    0 0.35, 0 0 0
[scan_planner_node-2] iter=5,time(ms)=0.0163,rebound.
[scan_planner_node-2] [WARN] [1786641653.440591591] [bspline_opt]: First three control points are in obstacles; t=0.000000
[scan_planner_node-2] [ERROR] [1786641653.440639972] [bspline_opt]: A-star failed; aborting optimization
[scan_planner_node-2]  2.3 0.86 0.32
[scan_planner_node-2]  2.5 0.68 0.32
[scan_planner_node-2]  2.7 0.55 0.33
[scan_planner_node-2]  2.9 0.46 0.33
[scan_planner_node-2] first_optimize_step_success=0
[scan_planner_node-2] final_plan_success=0
[scan_planner_node-2] [FSM]: from REPLAN_TRAJ to REPLAN_TRAJ
[scan_planner_node-2] [WARN] [1786641653.440702880] [bspline_opt]: First three control points are in obstacles; t=0.000000
[scan_planner_node-2] 
[scan_planner_node-2] [rebo replan]: -------------------------------------31
[scan_planner_node-2] start:  2.33 0.819 0.301,  0.664 -0.511 0.0142
[scan_planner_node-2] goal:   4    0 0.35, 0 0 0
[scan_planner_node-2]  2.33 0.826 0.302
[scan_planner_node-2]  2.54 0.643 0.306
[scan_planner_node-2]  2.74 0.461 0.316
[scan_planner_node-2]  2.94 0.294 0.321
[scan_planner_node-2] first_optimize_step_success=0
[scan_planner_node-2] final_plan_success=0
[scan_planner_node-2] 
[scan_planner_node-2] [rebo replan]: -------------------------------------32
[scan_planner_node-2] start:  2.33 0.819 0.301,  0.664 -0.511 0.0142
[scan_planner_node-2] goal:   4    0 0.35, 0 0 0
[scan_planner_node-2] [WARN] [1786641653.450651998] [bspline_opt]: First three control points are in obstacles; t=0.000000
[scan_planner_node-2]  2.3 0.83  0.3
[scan_planner_node-2]  2.5 0.64 0.31
[scan_planner_node-2]  2.7 0.45 0.31
[scan_planner_node-2]  2.9 0.28 0.32
[scan_planner_node-2] first_optimize_step_success=0
[scan_planner_node-2] final_plan_success=0
[scan_planner_node-2] [FSM]: from REPLAN_TRAJ to REPLAN_TRAJ
[scan_planner_node-2] [WARN] [1786641653.450794866] [bspline_opt]: First three control points are in obstacles; t=0.000000
[scan_planner_node-2] 
[scan_planner_node-2] [rebo replan]: -------------------------------------33
[scan_planner_node-2] start:  2.33 0.819 0.301,  0.663 -0.514 0.0142
[scan_planner_node-2] goal:   4    0 0.35, 0 0 0
[scan_planner_node-2]  2.33 0.825 0.302
[scan_planner_node-2]  2.54 0.643 0.306
[scan_planner_node-2]  2.74 0.461 0.316
[scan_planner_node-2]  2.95 0.295 0.321
[scan_planner_node-2] first_optimize_step_success=0
[scan_planner_node-2] final_plan_success=0
[scan_planner_node-2] 
[scan_planner_node-2] [rebo replan]: -------------------------------------34
[scan_planner_node-2] start:  2.33 0.819 0.301,  0.663 -0.514 0.0142
[scan_planner_node-2] goal:   4    0 0.35, 0 0 0
[scan_planner_node-2]  2.3 0.83  0.3
[scan_planner_node-2]  2.5 0.64 0.31
[scan_planner_node-2]  2.7 0.47 0.31
[scan_planner_node-2]  2.9 0.32 0.32
[scan_planner_node-2] first_optimize_step_success=0
[scan_planner_node-2] final_plan_success=0
[scan_planner_node-2] [FSM]: from REPLAN_TRAJ to REPLAN_TRAJ
[scan_planner_node-2] [WARN] [1786641653.460626453] [bspline_opt]: First three control points are in obstacles; t=0.000000
[scan_planner_node-2] [WARN] [1786641653.460730088] [bspline_opt]: First three control points are in obstacles; t=0.000000
[scan_planner_node-2] 
[scan_planner_node-2] [rebo replan]: -------------------------------------35
[scan_planner_node-2] start:  2.33 0.819 0.301,  0.662 -0.518 0.0142
[scan_planner_node-2] goal:   4    0 0.35, 0 0 0
[scan_planner_node-2]  2.33 0.825 0.302
[scan_planner_node-2]  2.54 0.642 0.306
[scan_planner_node-2]  2.74 0.461 0.316
[scan_planner_node-2]  2.95 0.295 0.321
[scan_planner_node-2] first_optimize_step_success=0
[scan_planner_node-2] final_plan_success=0
[scan_planner_node-2] 
[scan_planner_node-2] [rebo replan]: -------------------------------------36
[scan_planner_node-2] start:  2.33 0.819 0.301,  0.662 -0.518 0.0142
[scan_planner_node-2] goal:   4    0 0.35, 0 0 0
[scan_planner_node-2]  2.3 0.83  0.3
[scan_planner_node-2]  2.5 0.64 0.31
[scan_planner_node-2]  2.7 0.51 0.31
[scan_planner_node-2]  2.9  0.4 0.31
[scan_planner_node-2] first_optimize_step_success=0
[scan_planner_node-2] final_plan_success=0
[scan_planner_node-2] [FSM]: from REPLAN_TRAJ to REPLAN_TRAJ
[scan_planner_node-2] [WARN] [1786641653.470610817] [bspline_opt]: First three control points are in obstacles; t=0.000000
[scan_planner_node-2] [WARN] [1786641653.470746632] [bspline_opt]: First three control points are in obstacles; t=0.000000
[scan_planner_node-2] 
[scan_planner_node-2] [rebo replan]: -------------------------------------37
[scan_planner_node-2] start:  2.33 0.819 0.301,  0.661 -0.521 0.0142
[scan_planner_node-2] goal:   4    0 0.35, 0 0 0
[scan_planner_node-2]  2.33 0.825 0.302
[scan_planner_node-2]  2.54 0.642 0.306
[scan_planner_node-2]  2.74 0.461 0.316
[scan_planner_node-2]  2.95 0.296 0.321
[scan_planner_node-2] first_optimize_step_success=0
[scan_planner_node-2] final_plan_success=0
[scan_planner_node-2] 
[scan_planner_node-2] [rebo replan]: -------------------------------------38
[scan_planner_node-2] start:  2.33 0.819 0.301,  0.661 -0.521 0.0142
[scan_planner_node-2] goal:   4    0 0.35, 0 0 0
[scan_planner_node-2]  2.3 0.83  0.3
[scan_planner_node-2]  2.5 0.64 0.31
[scan_planner_node-2]  2.7 0.48 0.31
[scan_planner_node-2]  2.9 0.36 0.32
[scan_planner_node-2] first_optimize_step_success=0
[scan_planner_node-2] final_plan_success=0
[scan_planner_node-2] [FSM]: from REPLAN_TRAJ to REPLAN_TRAJ
[scan_planner_node-2] [WARN] [1786641653.480609077] [bspline_opt]: First three control points are in obstacles; t=0.000000
[scan_planner_node-2] [WARN] [1786641653.480705688] [bspline_opt]: First three control points are in obstacles; t=0.000000
[scan_planner_node-2] 
[scan_planner_node-2] [rebo replan]: -------------------------------------39
[scan_planner_node-2] start:  2.33 0.819 0.301,  0.661 -0.524 0.0141
[scan_planner_node-2] goal:   4    0 0.35, 0 0 0
[scan_planner_node-2]  2.33 0.825 0.302
[scan_planner_node-2]  2.54 0.641 0.306
[scan_planner_node-2]  2.74 0.461 0.316
[scan_planner_node-2]  2.95 0.297 0.321
[scan_planner_node-2] first_optimize_step_success=0
[scan_planner_node-2] final_plan_success=0
[scan_planner_node-2] 
[scan_planner_node-2] [rebo replan]: -------------------------------------40
[scan_planner_node-2] start:  2.33 0.819 0.301,  0.661 -0.524 0.0141
[scan_planner_node-2] goal:   4    0 0.35, 0 0 0
[scan_planner_node-2] [WARN] [1786641653.490601115] [bspline_opt]: First three control points are in obstacles; t=0.000000
[scan_planner_node-2] [ERROR] [1786641653.490655056] [bspline_opt]: A-star failed; aborting optimization
[scan_planner_node-2] iter=5,time(ms)=0.0193,rebound.
[scan_planner_node-2]  2.3 0.82  0.3
[scan_planner_node-2]  2.5 0.64 0.31
[scan_planner_node-2]  2.8 0.51 0.31
[scan_planner_node-2]    3 0.41 0.32
[scan_planner_node-2] first_optimize_step_success=0
[scan_planner_node-2] final_plan_success=0
[scan_planner_node-2] [FSM]: from REPLAN_TRAJ to REPLAN_TRAJ
[scan_planner_node-2] [WARN] [1786641653.490753521] [bspline_opt]: First three control points are in obstacles; t=0.000000
[scan_planner_node-2] 
[scan_planner_node-2] [rebo replan]: -------------------------------------41
[scan_planner_node-2] start:  2.33 0.819 0.301,   0.66 -0.527 0.0141
[scan_planner_node-2] goal:   4    0 0.35, 0 0 0
[scan_planner_node-2]  2.33 0.824 0.302
[scan_planner_node-2]  2.54 0.641 0.306
[scan_planner_node-2]  2.74 0.461 0.316
[scan_planner_node-2]  2.95 0.299 0.321
[scan_planner_node-2] first_optimize_step_success=0
[scan_planner_node-2] final_plan_success=0
[scan_planner_node-2] 
[scan_planner_node-2] [rebo replan]: -------------------------------------42
[scan_planner_node-2] start:  2.33 0.819 0.301,   0.66 -0.527 0.0141
[scan_planner_node-2] goal:   4    0 0.35, 0 0 0
[scan_planner_node-2] [WARN] [1786641653.500618091] [bspline_opt]: First three control points are in obstacles; t=0.000000
[scan_planner_node-2] iter=5,time(ms)=0.0174,rebound.
[scan_planner_node-2]  2.3 0.83  0.3
[scan_planner_node-2]  2.5 0.64 0.31
[scan_planner_node-2]  2.7 0.51 0.31
[scan_planner_node-2]  2.9 0.43 0.31
[scan_planner_node-2] first_optimize_step_success=0
[scan_planner_node-2] final_plan_success=0
[scan_planner_node-2] [FSM]: from REPLAN_TRAJ to REPLAN_TRAJ
[scan_planner_node-2] [WARN] [1786641653.500746361] [bspline_opt]: First three control points are in obstacles; t=0.000000
[scan_planner_node-2] 
[scan_planner_node-2] [rebo replan]: -------------------------------------43
[scan_planner_node-2] start:  2.33 0.819 0.301,  0.659  -0.53 0.0141
[scan_planner_node-2] goal:   4    0 0.35, 0 0 0
[scan_planner_node-2]  2.33 0.824 0.302
[scan_planner_node-2]  2.54 0.641 0.306
[scan_planner_node-2]  2.74 0.462 0.316
[scan_planner_node-2]  2.95   0.3 0.321
[scan_planner_node-2] first_optimize_step_success=0
[scan_planner_node-2] final_plan_success=0
[scan_planner_node-2] 
[scan_planner_node-2] [rebo replan]: -------------------------------------44
[scan_planner_node-2] start:  2.33 0.819 0.301,  0.659  -0.53 0.0141
[scan_planner_node-2] goal:   4    0 0.35, 0 0 0
[scan_planner_node-2]  2.3 0.82  0.3
[scan_planner_node-2]  2.5 0.64 0.31
[scan_planner_node-2]  2.7 0.51 0.31
[scan_planner_node-2]  2.9 0.41 0.31
[scan_planner_node-2] first_optimize_step_success=0
[scan_planner_node-2] final_plan_success=0
[scan_planner_node-2] [FSM]: from REPLAN_TRAJ to REPLAN_TRAJ
[scan_planner_node-2] [WARN] [1786641653.510610980] [bspline_opt]: First three control points are in obstacles; t=0.000000
[scan_planner_node-2] [WARN] [1786641653.510733861] [bspline_opt]: First three control points are in obstacles; t=0.000000
[scan_planner_node-2] 
[scan_planner_node-2] [rebo replan]: -------------------------------------45
[scan_planner_node-2] start:  2.33 0.819 0.301,  0.659 -0.533 0.0141
[scan_planner_node-2] goal:   4    0 0.35, 0 0 0
[scan_planner_node-2]  2.33 0.824 0.302
[scan_planner_node-2]  2.54  0.64 0.306
[scan_planner_node-2]  2.74 0.462 0.316
[scan_planner_node-2]  2.95 0.301 0.321
[scan_planner_node-2] first_optimize_step_success=0
[scan_planner_node-2] final_plan_success=0
[scan_planner_node-2] 
[scan_planner_node-2] [rebo replan]: -------------------------------------46
[scan_planner_node-2] start:  2.33 0.819 0.301,  0.659 -0.533 0.0141
[scan_planner_node-2] goal:   4    0 0.35, 0 0 0
[scan_planner_node-2]  2.3 0.82  0.3
[scan_planner_node-2]  2.5 0.64 0.31
[scan_planner_node-2]  2.7 0.51 0.31
[scan_planner_node-2]  2.9 0.41 0.31
[scan_planner_node-2] first_optimize_step_success=0
[scan_planner_node-2] final_plan_success=0
[scan_planner_node-2] [FSM]: from REPLAN_TRAJ to REPLAN_TRAJ
[scan_planner_node-2] [WARN] [1786641653.520612386] [bspline_opt]: First three control points are in obstacles; t=0.000000
[scan_planner_node-2] [WARN] [1786641653.520733714] [bspline_opt]: First three control points are in obstacles; t=0.000000
[scan_planner_node-2] 
[scan_planner_node-2] [rebo replan]: -------------------------------------47
[scan_planner_node-2] start:  2.33 0.819 0.301,  0.658 -0.535 0.0141
[scan_planner_node-2] goal:   4    0 0.35, 0 0 0
[scan_planner_node-2]  2.33 0.823 0.302
[scan_planner_node-2]  2.54  0.64 0.306
[scan_planner_node-2]  2.75 0.463 0.316
[scan_planner_node-2]  2.95 0.303 0.321
[scan_planner_node-2] first_optimize_step_success=0
[scan_planner_node-2] final_plan_success=0
[scan_planner_node-2] 
[scan_planner_node-2] [rebo replan]: -------------------------------------48
[scan_planner_node-2] start:  2.33 0.819 0.301,  0.658 -0.535 0.0141
[scan_planner_node-2] goal:   4    0 0.35, 0 0 0
[scan_planner_node-2] [WARN] [1786641653.530620575] [bspline_opt]: First three control points are in obstacles; t=0.000000
[scan_planner_node-2] iter=5,time(ms)=0.0188,rebound.
[scan_planner_node-2]  2.3 0.82  0.3
[scan_planner_node-2]  2.5 0.64 0.31
[scan_planner_node-2]  2.7 0.51 0.31
[scan_planner_node-2]  2.9 0.43 0.31
[scan_planner_node-2] first_optimize_step_success=0
[scan_planner_node-2] final_plan_success=0
[scan_planner_node-2] [FSM]: from REPLAN_TRAJ to REPLAN_TRAJ
[scan_planner_node-2] [WARN] [1786641653.530765226] [bspline_opt]: First three control points are in obstacles; t=0.000000
[scan_planner_node-2] 
[scan_planner_node-2] [rebo replan]: -------------------------------------49
[scan_planner_node-2] start:  2.33 0.819 0.301,  0.658 -0.537 0.0141
[scan_planner_node-2] goal:   4    0 0.35, 0 0 0
[scan_planner_node-2]  2.33 0.823 0.302
[scan_planner_node-2]  2.54  0.64 0.306
[scan_planner_node-2]  2.75 0.464 0.316
[scan_planner_node-2]  2.95 0.305 0.321
[scan_planner_node-2] first_optimize_step_success=0
[scan_planner_node-2] final_plan_success=0
[scan_planner_node-2] 
[scan_planner_node-2] [rebo replan]: -------------------------------------50
[scan_planner_node-2] start:  2.33 0.819 0.301,  0.658 -0.537 0.0141
[scan_planner_node-2] goal:   4    0 0.35, 0 0 0
[scan_planner_node-2]  2.3 0.82  0.3
[scan_planner_node-2]  2.5 0.64 0.31
[scan_planner_node-2]  2.7 0.49 0.31
[scan_planner_node-2]  2.9 0.38 0.32
[scan_planner_node-2] first_optimize_step_success=0
[scan_planner_node-2] final_plan_success=0
[scan_planner_node-2] [FSM]: from REPLAN_TRAJ to REPLAN_TRAJ
[scan_planner_node-2] [WARN] [1786641653.540598467] [bspline_opt]: First three control points are in obstacles; t=0.000000
[scan_planner_node-2] [WARN] [1786641653.540685330] [bspline_opt]: First three control points are in obstacles; t=0.000000
[scan_planner_node-2] 
[scan_planner_node-2] [rebo replan]: -------------------------------------51
[scan_planner_node-2] start:  2.33 0.819 0.301,  0.658 -0.539 0.0141
[scan_planner_node-2] goal:   4    0 0.35, 0 0 0
[scan_planner_node-2]  2.33 0.823 0.302
[scan_planner_node-2]  2.54  0.64 0.306
[scan_planner_node-2]  2.75 0.464 0.316
[scan_planner_node-2]  2.95 0.306 0.321
[scan_planner_node-2] first_optimize_step_success=0
[scan_planner_node-2] final_plan_success=0
[scan_planner_node-2] 
[scan_planner_node-2] [rebo replan]: -------------------------------------52
[scan_planner_node-2] start:  2.33 0.819 0.301,  0.658 -0.539 0.0141
[scan_planner_node-2] goal:   4    0 0.35, 0 0 0
[scan_planner_node-2] iter=5,time(ms)=0.0143,rebound.
[scan_planner_node-2] [WARN] [1786641653.550592809] [bspline_opt]: First three control points are in obstacles; t=0.000000
[scan_planner_node-2]  2.3 0.82  0.3
[scan_planner_node-2]  2.5 0.64 0.31
[scan_planner_node-2]  2.7 0.51 0.31
[scan_planner_node-2]  2.9 0.43 0.31
[scan_planner_node-2] first_optimize_step_success=0
[scan_planner_node-2] final_plan_success=0
[scan_planner_node-2] [FSM]: from REPLAN_TRAJ to REPLAN_TRAJ
[scan_planner_node-2] [WARN] [1786641653.550701103] [bspline_opt]: First three control points are in obstacles; t=0.000000
[scan_planner_node-2] 
[scan_planner_node-2] [rebo replan]: -------------------------------------53
[scan_planner_node-2] start:  2.38 0.777 0.306,  0.657 -0.541 0.0141
[scan_planner_node-2] goal:   4    0 0.35, 0 0 0
[scan_planner_node-2]  2.38 0.781 0.306
[scan_planner_node-2]  2.59 0.598 0.311
[scan_planner_node-2]   2.8 0.423  0.32
[scan_planner_node-2]  3.01  0.27 0.325
[scan_planner_node-2] first_optimize_step_success=0
[scan_planner_node-2] final_plan_success=0
[scan_planner_node-2] 
[scan_planner_node-2] [rebo replan]: -------------------------------------54
[scan_planner_node-2] start:  2.38 0.777 0.306,  0.657 -0.541 0.0141
[scan_planner_node-2] goal:   4    0 0.35, 0 0 0
[scan_planner_node-2] [WARN] [1786641653.560603443] [bspline_opt]: First three control points are in obstacles; t=0.106807
[scan_planner_node-2] [ERROR] [1786641653.560682511] [bspline_opt]: A-star error
[scan_planner_node-2] iter=5,time(ms)=0.0104,rebound.
[scan_planner_node-2] iter=5,time(ms)=0.0108,rebound.
[scan_planner_node-2]  2.4 0.78 0.31
[scan_planner_node-2]  2.6  0.6 0.31
[scan_planner_node-2]  2.8 0.47 0.31
[scan_planner_node-2]    3 0.38 0.32
[scan_planner_node-2] first_optimize_step_success=0
[scan_planner_node-2] final_plan_success=0
[scan_planner_node-2] [FSM]: from REPLAN_TRAJ to REPLAN_TRAJ
[scan_planner_node-2] [WARN] [1786641653.560734048] [bspline_opt]: First three control points are in obstacles; t=0.106834
[scan_planner_node-2] 
[scan_planner_node-2] [rebo replan]: -------------------------------------55
[scan_planner_node-2] start:  2.38 0.777 0.306,  0.657 -0.543 0.0141
[scan_planner_node-2] goal:   4    0 0.35, 0 0 0
[scan_planner_node-2]  2.38  0.78 0.306
[scan_planner_node-2]  2.59 0.598 0.311
[scan_planner_node-2]   2.8 0.424  0.32
[scan_planner_node-2]  3.01 0.272 0.325
[scan_planner_node-2] first_optimize_step_success=0
[scan_planner_node-2] final_plan_success=0
[scan_planner_node-2] 
[scan_planner_node-2] [rebo replan]: -------------------------------------56
[scan_planner_node-2] start:  2.38 0.777 0.306,  0.657 -0.543 0.0141
[scan_planner_node-2] goal:   4    0 0.35, 0 0 0
[scan_planner_node-2]  2.4 0.78 0.31
[scan_planner_node-2]  2.6  0.6 0.31
[scan_planner_node-2]  2.8 0.41 0.32
[scan_planner_node-2]    3 0.24 0.32
[scan_planner_node-2] first_optimize_step_success=0
[scan_planner_node-2] final_plan_success=0
[scan_planner_node-2] [FSM]: from REPLAN_TRAJ to REPLAN_TRAJ
[scan_planner_node-2] [WARN] [1786641653.570603897] [bspline_opt]: First three control points are in obstacles; t=0.106807
[scan_planner_node-2] [WARN] [1786641653.570697052] [bspline_opt]: First three control points are in obstacles; t=0.106833
[scan_planner_node-2] 
[scan_planner_node-2] [rebo replan]: -------------------------------------57
[scan_planner_node-2] start:  2.38 0.777 0.306,  0.657 -0.545 0.0141
[scan_planner_node-2] goal:   4    0 0.35, 0 0 0
[scan_planner_node-2]  2.38  0.78 0.306
[scan_planner_node-2]  2.59 0.598 0.311
[scan_planner_node-2]   2.8 0.425  0.32
[scan_planner_node-2]  3.01 0.275 0.325
[scan_planner_node-2] first_optimize_step_success=0
[scan_planner_node-2] final_plan_success=0
[scan_planner_node-2] 
[scan_planner_node-2] [rebo replan]: -------------------------------------58
[scan_planner_node-2] start:  2.38 0.777 0.306,  0.657 -0.545 0.0141
[scan_planner_node-2] goal:   4    0 0.35, 0 0 0
[scan_planner_node-2] [WARN] [1786641653.580601405] [bspline_opt]: First three control points are in obstacles; t=0.106807
[scan_planner_node-2]  2.4 0.78 0.31
[scan_planner_node-2]  2.6  0.6 0.31
[scan_planner_node-2]  2.8 0.45 0.32
[scan_planner_node-2]  2.9 0.33 0.32
[scan_planner_node-2] first_optimize_step_success=0
[scan_planner_node-2] final_plan_success=0
[scan_planner_node-2] [FSM]: from REPLAN_TRAJ to REPLAN_TRAJ
[scan_planner_node-2] [WARN] [1786641653.580755014] [bspline_opt]: First three control points are in obstacles; t=0.106834
[scan_planner_node-2] 
[scan_planner_node-2] [rebo replan]: -------------------------------------59
[scan_planner_node-2] start:  2.38 0.777 0.306,  0.657 -0.546 0.0141
[scan_planner_node-2] goal:   4    0 0.35, 0 0 0
[scan_planner_node-2]  2.38  0.78 0.306
[scan_planner_node-2]  2.59 0.598 0.311
[scan_planner_node-2]   2.8 0.426  0.32
[scan_planner_node-2]  3.01 0.277 0.325
[scan_planner_node-2] first_optimize_step_success=0
[scan_planner_node-2] final_plan_success=0
[scan_planner_node-2] 
[scan_planner_node-2] [rebo replan]: -------------------------------------60
[scan_planner_node-2] start:  2.38 0.777 0.306,  0.657 -0.546 0.0141
[scan_planner_node-2] goal:   4    0 0.35, 0 0 0
[scan_planner_node-2]  2.4 0.78 0.31
[scan_planner_node-2]  2.6  0.6 0.31
[scan_planner_node-2]  2.8 0.45 0.32
[scan_planner_node-2]    3 0.34 0.32
[scan_planner_node-2] first_optimize_step_success=0
[scan_planner_node-2] final_plan_success=0
[scan_planner_node-2] [FSM]: from REPLAN_TRAJ to REPLAN_TRAJ
[scan_planner_node-2] [WARN] [1786641653.590604094] [bspline_opt]: First three control points are in obstacles; t=0.106807
[scan_planner_node-2] [WARN] [1786641653.590699763] [bspline_opt]: First three control points are in obstacles; t=0.106832
[scan_planner_node-2] 
[scan_planner_node-2] [rebo replan]: -------------------------------------61
[scan_planner_node-2] start:  2.38 0.777 0.306,  0.657 -0.548 0.0141
[scan_planner_node-2] goal:   4    0 0.35, 0 0 0
[scan_planner_node-2]  2.38 0.779 0.306
[scan_planner_node-2]  2.59 0.598 0.311
[scan_planner_node-2]   2.8 0.427  0.32
[scan_planner_node-2]  3.01 0.279 0.325
[scan_planner_node-2] first_optimize_step_success=0
[scan_planner_node-2] final_plan_success=0
[scan_planner_node-2] 
[scan_planner_node-2] [rebo replan]: -------------------------------------62
[scan_planner_node-2] start:  2.38 0.777 0.306,  0.657 -0.548 0.0141
[scan_planner_node-2] goal:   4    0 0.35, 0 0 0
[scan_planner_node-2] iter=5,time(ms)=0.0147,rebound.
[scan_planner_node-2] [WARN] [1786641653.600608094] [bspline_opt]: First three control points are in obstacles; t=0.106807
[scan_planner_node-2]  2.4 0.78 0.31
[scan_planner_node-2]  2.6  0.6 0.31
[scan_planner_node-2]  2.8 0.42 0.32
[scan_planner_node-2]    3 0.25 0.32
[scan_planner_node-2] first_optimize_step_success=0
[scan_planner_node-2] final_plan_success=0
[scan_planner_node-2] [FSM]: from REPLAN_TRAJ to REPLAN_TRAJ
[scan_planner_node-2] [WARN] [1786641653.600723150] [bspline_opt]: First three control points are in obstacles; t=0.106835
[scan_planner_node-2] 
[scan_planner_node-2] [rebo replan]: -------------------------------------63
[scan_planner_node-2] start:  2.38 0.777 0.306,  0.657 -0.549 0.0141
[scan_planner_node-2] goal:   4    0 0.35, 0 0 0
[scan_planner_node-2]  2.38 0.779 0.306
[scan_planner_node-2]  2.59 0.598 0.311
[scan_planner_node-2]   2.8 0.428  0.32
[scan_planner_node-2]  3.01 0.281 0.325
[scan_planner_node-2] first_optimize_step_success=0
[scan_planner_node-2] final_plan_success=0
[scan_planner_node-2] 
[scan_planner_node-2] [rebo replan]: -------------------------------------64
[scan_planner_node-2] start:  2.38 0.777 0.306,  0.657 -0.549 0.0141
[scan_planner_node-2] goal:   4    0 0.35, 0 0 0
[scan_planner_node-2]  2.4 0.78 0.31
[scan_planner_node-2]  2.6  0.6 0.31
[scan_planner_node-2]  2.8 0.42 0.32
[scan_planner_node-2]    3 0.25 0.32
[scan_planner_node-2] first_optimize_step_success=0
[scan_planner_node-2] final_plan_success=0
[scan_planner_node-2] [FSM]: from REPLAN_TRAJ to REPLAN_TRAJ
[scan_planner_node-2] [WARN] [1786641653.610603048] [bspline_opt]: First three control points are in obstacles; t=0.106807
[scan_planner_node-2] [WARN] [1786641653.610697886] [bspline_opt]: First three control points are in obstacles; t=0.106833
[scan_planner_node-2] 
[scan_planner_node-2] [rebo replan]: -------------------------------------65
[scan_planner_node-2] start:  2.38 0.777 0.306,  0.657  -0.55 0.0141
[scan_planner_node-2] goal:   4    0 0.35, 0 0 0
[scan_planner_node-2]  2.38 0.779 0.306
[scan_planner_node-2]  2.59 0.598 0.311
[scan_planner_node-2]  2.8 0.43 0.32
[scan_planner_node-2]  3.01 0.283 0.325
[scan_planner_node-2] first_optimize_step_success=0
[scan_planner_node-2] final_plan_success=0
[scan_planner_node-2] 
[scan_planner_node-2] [rebo replan]: -------------------------------------66
[scan_planner_node-2] start:  2.38 0.777 0.306,  0.657  -0.55 0.0141
[scan_planner_node-2] goal:   4    0 0.35, 0 0 0
[scan_planner_node-2] iter=5,time(ms)=0.00974,rebound.
[scan_planner_node-2] iter=5,time(ms)=0.0106,rebound.
[scan_planner_node-2] [WARN] [1786641653.620597681] [bspline_opt]: First three control points are in obstacles; t=0.106807
[scan_planner_node-2] [ERROR] [1786641653.620681409] [bspline_opt]: A-star error
[scan_planner_node-2]  2.4 0.78 0.31
[scan_planner_node-2]  2.6  0.6 0.31
[scan_planner_node-2]  2.8 0.47 0.31
[scan_planner_node-2]    3 0.37 0.32
[scan_planner_node-2] first_optimize_step_success=0
[scan_planner_node-2] final_plan_success=0
[scan_planner_node-2] [FSM]: from REPLAN_TRAJ to REPLAN_TRAJ
[scan_planner_node-2] [WARN] [1786641653.620737444] [bspline_opt]: First three control points are in obstacles; t=0.106834
[scan_planner_node-2] 
[scan_planner_node-2] [rebo replan]: -------------------------------------67
[scan_planner_node-2] start:  2.38 0.777 0.306,  0.657 -0.551 0.0141
[scan_planner_node-2] goal:   4    0 0.35, 0 0 0
[scan_planner_node-2]  2.38 0.779 0.306
[scan_planner_node-2]  2.59 0.598 0.311
[scan_planner_node-2]   2.8 0.431  0.32
[scan_planner_node-2]  3.01 0.286 0.325
[scan_planner_node-2] first_optimize_step_success=0
[scan_planner_node-2] final_plan_success=0
[scan_planner_node-2] 
[scan_planner_node-2] [rebo replan]: -------------------------------------68
[scan_planner_node-2] start:  2.38 0.777 0.306,  0.657 -0.551 0.0141
[scan_planner_node-2] goal:   4    0 0.35, 0 0 0
[scan_planner_node-2] iter=5,time(ms)=0.00834,rebound.
[scan_planner_node-2] [WARN] [1786641653.630589870] [bspline_opt]: First three control points are in obstacles; t=0.106807
[scan_planner_node-2] [ERROR] [1786641653.630653289] [bspline_opt]: A-star error
[scan_planner_node-2] [ERROR] [1786641653.630660513] [bspline_opt]: A-star error
[scan_planner_node-2] iter=5,time(ms)=0.00534,rebound.
[scan_planner_node-2] iter=5,time(ms)=0.00526,rebound.
[scan_planner_node-2] iter=5,time(ms)=0.00518,rebound.
[scan_planner_node-2] iter=5,time(ms)=0.00508,rebound.
[scan_planner_node-2] iter=5,time(ms)=0.00508,rebound.
[scan_planner_node-2] iter=5,time(ms)=0.00487,rebound.
[scan_planner_node-2] [ERROR] [1786641653.630666394] [bspline_opt]: A-star error
[scan_planner_node-2] [ERROR] [1786641653.630672114] [bspline_opt]: A-star error
[scan_planner_node-2] [ERROR] [1786641653.630677615] [bspline_opt]: A-star error
[scan_planner_node-2] [ERROR] [1786641653.630683245] [bspline_opt]: A-star error
[scan_planner_node-2] [ERROR] [1786641653.630688575] [bspline_opt]: A-star error
[scan_planner_node-2] [ERROR] [1786641653.630694156] [bspline_opt]: A-star error
[scan_planner_node-2] [ERROR] [1786641653.630699706] [bspline_opt]: A-star error
[scan_planner_node-2] [ERROR] [1786641653.630705237] [bspline_opt]: A-star error
[scan_planner_node-2] [WARN] [1786641653.630751634] [bspline_opt]: First three control points are in obstacles; t=0.106832
[scan_planner_node-2] iter=5,time(ms)=0.00505,rebound.
[scan_planner_node-2] iter=5,time(ms)=0.00508,rebound.
[scan_planner_node-2] iter=5,time(ms)=0.00504,rebound.
[scan_planner_node-2] iter=5,time(ms)=0.0081,rebound.
[scan_planner_node-2]  2.4 0.78 0.31
[scan_planner_node-2]  2.6  0.6 0.31
[scan_planner_node-2]  2.8 0.47 0.32
[scan_planner_node-2]    3 0.36 0.32
[scan_planner_node-2] first_optimize_step_success=0
[scan_planner_node-2] final_plan_success=0
[scan_planner_node-2] [FSM]: from REPLAN_TRAJ to REPLAN_TRAJ
[scan_planner_node-2] 
[scan_planner_node-2] [rebo replan]: -------------------------------------69
[scan_planner_node-2] start:  2.38 0.777 0.306,  0.657 -0.551 0.0141
[scan_planner_node-2] goal:   4    0 0.35, 0 0 0
[scan_planner_node-2]  2.38 0.778 0.306
[scan_planner_node-2]  2.59 0.599 0.311
[scan_planner_node-2]   2.8 0.432  0.32
[scan_planner_node-2]  3.01 0.288 0.325
[scan_planner_node-2] first_optimize_step_success=0
[scan_planner_node-2] final_plan_success=0
[scan_planner_node-2] 
[scan_planner_node-2] [rebo replan]: -------------------------------------70
[scan_planner_node-2] start:  2.38 0.777 0.306,  0.657 -0.551 0.0141
[scan_planner_node-2] goal:   4    0 0.35, 0 0 0
[scan_planner_node-2] [WARN] [1786641653.640613478] [bspline_opt]: First three control points are in obstacles; t=0.106807
[scan_planner_node-2] [ERROR] [1786641653.640671236] [bspline_opt]: A-star failed; aborting optimization
[scan_planner_node-2] [ERROR] [1786641653.640680524] [bspline_opt]: A-star error
[scan_planner_node-2] iter=5,time(ms)=0.0256,rebound.
[scan_planner_node-2] iter=5,time(ms)=0.00591,rebound.
[scan_planner_node-2] iter=5,time(ms)=0.00535,rebound.
[scan_planner_node-2] iter=5,time(ms)=0.0053,rebound.
[scan_planner_node-2] iter=5,time(ms)=0.00532,rebound.
[scan_planner_node-2] iter=5,time(ms)=0.00509,rebound.
[scan_planner_node-2] [ERROR] [1786641653.640704388] [bspline_opt]: A-star error
[scan_planner_node-2] [ERROR] [1786641653.640710660] [bspline_opt]: A-star error
[scan_planner_node-2] [ERROR] [1786641653.640716461] [bspline_opt]: A-star error
[scan_planner_node-2] [ERROR] [1786641653.640722372] [bspline_opt]: A-star error
[scan_planner_node-2] [ERROR] [1786641653.640727893] [bspline_opt]: A-star error
[scan_planner_node-2] [ERROR] [1786641653.640733463] [bspline_opt]: A-star error
[scan_planner_node-2] [ERROR] [1786641653.640738883] [bspline_opt]: A-star error
[scan_planner_node-2] [ERROR] [1786641653.640744424] [bspline_opt]: A-star error
[scan_planner_node-2] [ERROR] [1786641653.640749864] [bspline_opt]: A-star error
[scan_planner_node-2] [ERROR] [1786641653.640755284] [bspline_opt]: A-star error
[scan_planner_node-2] [ERROR] [1786641653.640760854] [bspline_opt]: A-star error
[scan_planner_node-2] [ERROR] [1786641653.640766425] [bspline_opt]: A-star error
[scan_planner_node-2] [ERROR] [1786641653.640771755] [bspline_opt]: A-star error
[scan_planner_node-2] [WARN] [1786641653.640783627] [bspline_opt]: First three control points are in obstacles; t=0.106835
[scan_planner_node-2] iter=5,time(ms)=0.00501,rebound.
[scan_planner_node-2] iter=5,time(ms)=0.00491,rebound.
[scan_planner_node-2] iter=5,time(ms)=0.00507,rebound.
[scan_planner_node-2] iter=5,time(ms)=0.00498,rebound.
[scan_planner_node-2] iter=5,time(ms)=0.00492,rebound.
[scan_planner_node-2] iter=5,time(ms)=0.00514,rebound.
[scan_planner_node-2] iter=5,time(ms)=0.00511,rebound.
[scan_planner_node-2] iter=5,time(ms)=0.00485,rebound.
[scan_planner_node-2]  2.38 0.779 0.306
[scan_planner_node-2]  2.59 0.599 0.311
[scan_planner_node-2]  2.75 0.479 0.318
[scan_planner_node-2] 2.87 0.42 0.32
[scan_planner_node-2] first_optimize_step_success=0
[scan_planner_node-2] final_plan_success=0
[scan_planner_node-2] [FSM]: from REPLAN_TRAJ to REPLAN_TRAJ
[scan_planner_node-2] 
[scan_planner_node-2] [rebo replan]: -------------------------------------71
[scan_planner_node-2] start:  2.38 0.777 0.306,  0.657 -0.552 0.0141
[scan_planner_node-2] goal:   4    0 0.35, 0 0 0
[scan_planner_node-2]  2.38 0.778 0.306
[scan_planner_node-2]  2.59 0.599 0.311
[scan_planner_node-2]   2.8 0.434  0.32
[scan_planner_node-2]  3.01 0.291 0.325
[scan_planner_node-2] first_optimize_step_success=0
[scan_planner_node-2] final_plan_success=0
[scan_planner_node-2] 
[scan_planner_node-2] [rebo replan]: -------------------------------------72
[scan_planner_node-2] start:  2.38 0.777 0.306,  0.657 -0.552 0.0141
[scan_planner_node-2] goal:   4    0 0.35, 0 0 0
[scan_planner_node-2] iter=5,time(ms)=0.019,rebound.
[scan_planner_node-2]  2.4 0.78 0.31
[scan_planner_node-2]  2.6  0.6 0.31
[scan_planner_node-2]  2.8 0.47 0.32
[scan_planner_node-2]    3 0.38 0.32
[scan_planner_node-2] first_optimize_step_success=0
[scan_planner_node-2] final_plan_success=0
[scan_planner_node-2] [FSM]: from REPLAN_TRAJ to REPLAN_TRAJ
[scan_planner_node-2] [WARN] [1786641653.650613952] [bspline_opt]: First three control points are in obstacles; t=0.106807
[scan_planner_node-2] [WARN] [1786641653.650747392] [bspline_opt]: First three control points are in obstacles; t=0.106834
[scan_planner_node-2] 
[scan_planner_node-2] [rebo replan]: -------------------------------------73
[scan_planner_node-2] start:  2.38 0.777 0.306,  0.657 -0.552 0.0141
[scan_planner_node-2] goal:   4    0 0.35, 0 0 0
[scan_planner_node-2]  2.38 0.778 0.306
[scan_planner_node-2]  2.59 0.599 0.311
[scan_planner_node-2]   2.8 0.436  0.32
[scan_planner_node-2]  3.01 0.294 0.325
[scan_planner_node-2] first_optimize_step_success=0
[scan_planner_node-2] final_plan_success=0
[scan_planner_node-2] 
[scan_planner_node-2] [rebo replan]: -------------------------------------74
[scan_planner_node-2] start:  2.38 0.777 0.306,  0.657 -0.552 0.0141
[scan_planner_node-2] goal:   4    0 0.35, 0 0 0
[scan_planner_node-2]  2.4 0.78 0.31
[scan_planner_node-2]  2.6  0.6 0.31
[scan_planner_node-2]  2.8 0.46 0.32
[scan_planner_node-2]  2.9 0.33 0.32
[scan_planner_node-2] first_optimize_step_success=0
[scan_planner_node-2] final_plan_success=0
[scan_planner_node-2] [FSM]: from REPLAN_TRAJ to REPLAN_TRAJ
[scan_planner_node-2] [WARN] [1786641653.660607653] [bspline_opt]: First three control points are in obstacles; t=0.106807
[scan_planner_node-2] [WARN] [1786641653.660728951] [bspline_opt]: First three control points are in obstacles; t=0.106834
[scan_planner_node-2] 
[scan_planner_node-2] [rebo replan]: -------------------------------------75
[scan_planner_node-2] start:  2.38 0.777 0.306,  0.658 -0.552 0.0141
[scan_planner_node-2] goal:   4    0 0.35, 0 0 0
[scan_planner_node-2]  2.38 0.778 0.306
[scan_planner_node-2]  2.59   0.6 0.311
[scan_planner_node-2]   2.8 0.437  0.32
[scan_planner_node-2]  3.02 0.297 0.325
[scan_planner_node-2] first_optimize_step_success=0
[scan_planner_node-2] final_plan_success=0
[scan_planner_node-2] 
[scan_planner_node-2] [rebo replan]: -------------------------------------76
[scan_planner_node-2] start:  2.38 0.777 0.306,  0.658 -0.552 0.0141
[scan_planner_node-2] goal:   4    0 0.35, 0 0 0
[scan_planner_node-2] iter=5,time(ms)=0.0129,rebound.
[scan_planner_node-2] [WARN] [1786641653.670596836] [bspline_opt]: First three control points are in obstacles; t=0.106808
[scan_planner_node-2]  2.4 0.78 0.31
[scan_planner_node-2]  2.6  0.6 0.31
[scan_planner_node-2]  2.8 0.43 0.32
[scan_planner_node-2]    3 0.26 0.32
[scan_planner_node-2] first_optimize_step_success=0
[scan_planner_node-2] final_plan_success=0
[scan_planner_node-2] [FSM]: from REPLAN_TRAJ to REPLAN_TRAJ
[scan_planner_node-2] [WARN] [1786641653.670703857] [bspline_opt]: First three control points are in obstacles; t=0.106833
[scan_planner_node-2] 
[scan_planner_node-2] [rebo replan]: -------------------------------------77
[scan_planner_node-2] start:  2.44 0.738 0.298,  0.658 -0.553 0.0141
[scan_planner_node-2] goal:   4    0 0.35, 0 0 0
[scan_planner_node-2]  2.44 0.738 0.299
[scan_planner_node-2]  2.65 0.561 0.304
[scan_planner_node-2]  2.86   0.4 0.315
[scan_planner_node-2]  3.07 0.265 0.321
[scan_planner_node-2] first_optimize_step_success=0
[scan_planner_node-2] final_plan_success=0
[scan_planner_node-2] 
[scan_planner_node-2] [rebo replan]: -------------------------------------78
[scan_planner_node-2] start:  2.44 0.738 0.298,  0.658 -0.553 0.0141
[scan_planner_node-2] goal:   4    0 0.35, 0 0 0
[scan_planner_node-2] [WARN] [1786641653.680589546] [bspline_opt]: First three control points are in obstacles; t=0.102031
[scan_planner_node-2] iter=5,time(ms)=0.0131,rebound.
[scan_planner_node-2]  2.4 0.74  0.3
[scan_planner_node-2]  2.6 0.56  0.3
[scan_planner_node-2]  2.8 0.44 0.31
[scan_planner_node-2]    3 0.36 0.31
[scan_planner_node-2] first_optimize_step_success=0
[scan_planner_node-2] final_plan_success=0
[scan_planner_node-2] [FSM]: from REPLAN_TRAJ to REPLAN_TRAJ
[scan_planner_node-2] [WARN] [1786641653.680686097] [bspline_opt]: First three control points are in obstacles; t=0.103047
[scan_planner_node-2] 
[scan_planner_node-2] [rebo replan]: -------------------------------------79
[scan_planner_node-2] start:  2.44 0.738 0.298,  0.658 -0.553 0.0141
[scan_planner_node-2] goal:   4    0 0.35, 0 0 0
[scan_planner_node-2]  2.44 0.738 0.299
[scan_planner_node-2]  2.65 0.561 0.304
[scan_planner_node-2]  2.86 0.402 0.315
[scan_planner_node-2]  3.07 0.268 0.321
[scan_planner_node-2] first_optimize_step_success=0
[scan_planner_node-2] final_plan_success=0
[scan_planner_node-2] 
[scan_planner_node-2] [rebo replan]: -------------------------------------80
[scan_planner_node-2] start:  2.44 0.738 0.298,  0.658 -0.553 0.0141
[scan_planner_node-2] goal:   4    0 0.35, 0 0 0
[scan_planner_node-2] iter=5,time(ms)=0.00994,rebound.
[scan_planner_node-2] [WARN] [1786641653.690585972] [bspline_opt]: First three control points are in obstacles; t=0.102032
[scan_planner_node-2]  2.4 0.74  0.3
[scan_planner_node-2]  2.6 0.56  0.3
[scan_planner_node-2]  2.8 0.44 0.31
[scan_planner_node-2]    3 0.35 0.31
[scan_planner_node-2] first_optimize_step_success=0
[scan_planner_node-2] final_plan_success=0
[scan_planner_node-2] [FSM]: from REPLAN_TRAJ to REPLAN_TRAJ
[scan_planner_node-2] [WARN] [1786641653.690674388] [bspline_opt]: First three control points are in obstacles; t=0.103027
[scan_planner_node-2] 
[scan_planner_node-2] [rebo replan]: -------------------------------------81
[scan_planner_node-2] start:  2.44 0.738 0.298,  0.658 -0.552 0.0141
[scan_planner_node-2] goal:   4    0 0.35, 0 0 0
[scan_planner_node-2]  2.44 0.737 0.299
[scan_planner_node-2]  2.65 0.562 0.304
[scan_planner_node-2]  2.86 0.404 0.315
[scan_planner_node-2]  3.07 0.271 0.321
[scan_planner_node-2] first_optimize_step_success=0
[scan_planner_node-2] final_plan_success=0
[scan_planner_node-2] 
[scan_planner_node-2] [rebo replan]: -------------------------------------82
[scan_planner_node-2] start:  2.44 0.738 0.298,  0.658 -0.552 0.0141
[scan_planner_node-2] goal:   4    0 0.35, 0 0 0
[scan_planner_node-2] [WARN] [1786641653.700632223] [bspline_opt]: First three control points are in obstacles; t=0.102034
[scan_planner_node-2] [ERROR] [1786641653.700697725] [bspline_opt]: A-star error
[scan_planner_node-2] [ERROR] [1786641653.700705981] [bspline_opt]: A-star error
[scan_planner_node-2] [ERROR] [1786641653.700712353] [bspline_opt]: A-star error
[scan_planner_node-2] [ERROR] [1786641653.700717843] [bspline_opt]: A-star error
[scan_planner_node-2] [ERROR] [1786641653.700723865] [bspline_opt]: A-star error
[scan_planner_node-2] [ERROR] [1786641653.700729515] [bspline_opt]: A-star error
[scan_planner_node-2] [ERROR] [1786641653.700735126] [bspline_opt]: A-star error
[scan_planner_node-2] [WARN] [1786641653.700781863] [bspline_opt]: First three control points are in obstacles; t=0.103060
[scan_planner_node-2] iter=5,time(ms)=0.0107,rebound.
[scan_planner_node-2] iter=5,time(ms)=0.00602,rebound.
[scan_planner_node-2] iter=5,time(ms)=0.00538,rebound.
[scan_planner_node-2] iter=5,time(ms)=0.00504,rebound.
[scan_planner_node-2] iter=5,time(ms)=0.00526,rebound.
[scan_planner_node-2] iter=5,time(ms)=0.00514,rebound.
[scan_planner_node-2] iter=5,time(ms)=0.00502,rebound.
[scan_planner_node-2] iter=5,time(ms)=0.00982,rebound.
[scan_planner_node-2]  2.4 0.74  0.3
[scan_planner_node-2]  2.6 0.56  0.3
[scan_planner_node-2]  2.8 0.44 0.31
[scan_planner_node-2]    3 0.35 0.31
[scan_planner_node-2] first_optimize_step_success=0
[scan_planner_node-2] final_plan_success=0
[scan_planner_node-2] [FSM]: from REPLAN_TRAJ to REPLAN_TRAJ
[scan_planner_node-2] 
[scan_planner_node-2] [rebo replan]: -------------------------------------83
[scan_planner_node-2] start:  2.44 0.738 0.298,  0.658 -0.552 0.0141
[scan_planner_node-2] goal:   4    0 0.35, 0 0 0
[scan_planner_node-2]  2.44 0.737 0.299
[scan_planner_node-2]  2.65 0.563 0.304
[scan_planner_node-2]  2.86 0.406 0.315
[scan_planner_node-2]  3.07 0.274 0.321
[scan_planner_node-2] first_optimize_step_success=0
[scan_planner_node-2] final_plan_success=0
[scan_planner_node-2] 
[scan_planner_node-2] [rebo replan]: -------------------------------------84
[scan_planner_node-2] start:  2.44 0.738 0.298,  0.658 -0.552 0.0141
[scan_planner_node-2] goal:   4    0 0.35, 0 0 0
[scan_planner_node-2] [WARN] [1786641653.710600747] [bspline_opt]: First three control points are in obstacles; t=0.102035
[scan_planner_node-2]  2.44 0.737 0.299
[scan_planner_node-2]  2.65 0.563 0.304
[scan_planner_node-2]  2.85 0.427 0.314
[scan_planner_node-2]  3.03  0.33 0.316
[scan_planner_node-2] first_optimize_step_success=0
[scan_planner_node-2] final_plan_success=0
[scan_planner_node-2] [FSM]: from REPLAN_TRAJ to REPLAN_TRAJ
[scan_planner_node-2] [WARN] [1786641653.710736291] [bspline_opt]: First three control points are in obstacles; t=0.103044
[scan_planner_node-2] 
[scan_planner_node-2] [rebo replan]: -------------------------------------85
[scan_planner_node-2] start:  2.44 0.738 0.298,  0.659 -0.551 0.0141
[scan_planner_node-2] goal:   4    0 0.35, 0 0 0
[scan_planner_node-2]  2.44 0.737 0.299
[scan_planner_node-2]  2.65 0.563 0.304
[scan_planner_node-2]  2.86 0.408 0.315
[scan_planner_node-2]  3.07 0.277 0.321
[scan_planner_node-2] first_optimize_step_success=0
[scan_planner_node-2] final_plan_success=0
[scan_planner_node-2] 
[scan_planner_node-2] [rebo replan]: -------------------------------------86
[scan_planner_node-2] start:  2.44 0.738 0.298,  0.659 -0.551 0.0141
[scan_planner_node-2] goal:   4    0 0.35, 0 0 0
[scan_planner_node-2]  2.44 0.737 0.299
[scan_planner_node-2]  2.65 0.563 0.304
[scan_planner_node-2]  2.85 0.393 0.312
[scan_planner_node-2]  3.03 0.239 0.315
[scan_planner_node-2] first_optimize_step_success=0
[scan_planner_node-2] final_plan_success=0
[scan_planner_node-2] [FSM]: from REPLAN_TRAJ to REPLAN_TRAJ
[scan_planner_node-2] [WARN] [1786641653.720615037] [bspline_opt]: First three control points are in obstacles; t=0.102036
[scan_planner_node-2] [WARN] [1786641653.720704926] [bspline_opt]: First three control points are in obstacles; t=0.103037
[scan_planner_node-2] 
[scan_planner_node-2] [rebo replan]: -------------------------------------87
[scan_planner_node-2] start:  2.44 0.738 0.298,  0.659 -0.551 0.0141
[scan_planner_node-2] goal:   4    0 0.35, 0 0 0
[scan_planner_node-2]  2.44 0.736 0.299
[scan_planner_node-2]  2.65 0.564 0.304
[scan_planner_node-2]  2.86  0.41 0.315
[scan_planner_node-2]  3.08 0.281 0.321
[scan_planner_node-2] first_optimize_step_success=0
[scan_planner_node-2] final_plan_success=0
[scan_planner_node-2] 
[scan_planner_node-2] [rebo replan]: -------------------------------------88
[scan_planner_node-2] start:  2.44 0.738 0.298,  0.659 -0.551 0.0141
[scan_planner_node-2] goal:   4    0 0.35, 0 0 0
[scan_planner_node-2] iter=5,time(ms)=0.0161,rebound.
[scan_planner_node-2] [WARN] [1786641653.730586046] [bspline_opt]: First three control points are in obstacles; t=0.102038
[scan_planner_node-2]  2.4 0.74  0.3
[scan_planner_node-2]  2.6 0.56  0.3
[scan_planner_node-2]  2.8 0.45 0.31
[scan_planner_node-2]    3 0.38 0.31
[scan_planner_node-2] first_optimize_step_success=0
[scan_planner_node-2] final_plan_success=0
[scan_planner_node-2] [FSM]: from REPLAN_TRAJ to REPLAN_TRAJ
[scan_planner_node-2] [WARN] [1786641653.730690782] [bspline_opt]: First three control points are in obstacles; t=0.103046
[scan_planner_node-2] 
[scan_planner_node-2] [rebo replan]: -------------------------------------89
[scan_planner_node-2] start:  2.44 0.738 0.298,  0.659  -0.55 0.0141
[scan_planner_node-2] goal:   4    0 0.35, 0 0 0
[scan_planner_node-2]  2.44 0.736 0.299
[scan_planner_node-2]  2.65 0.565 0.304
[scan_planner_node-2]  2.86 0.412 0.315
[scan_planner_node-2]  3.08 0.284 0.321
[scan_planner_node-2] first_optimize_step_success=0
[scan_planner_node-2] final_plan_success=0
[scan_planner_node-2] 
[scan_planner_node-2] [rebo replan]: -------------------------------------90
[scan_planner_node-2] start:  2.44 0.738 0.298,  0.659  -0.55 0.0141
[scan_planner_node-2] goal:   4    0 0.35, 0 0 0
[scan_planner_node-2]  2.44 0.736 0.299
[scan_planner_node-2]  2.65 0.565 0.304
[scan_planner_node-2]  2.85 0.427 0.313
[scan_planner_node-2]  3.04 0.323 0.316
[scan_planner_node-2] first_optimize_step_success=0
[scan_planner_node-2] final_plan_success=0
[scan_planner_node-2] [FSM]: from REPLAN_TRAJ to REPLAN_TRAJ
[scan_planner_node-2] [WARN] [1786641653.740673413] [bspline_opt]: First three control points are in obstacles; t=0.102039
[scan_planner_node-2] [WARN] [1786641653.740773050] [bspline_opt]: First three control points are in obstacles; t=0.103031
[scan_planner_node-2] 
[scan_planner_node-2] [rebo replan]: -------------------------------------91
[scan_planner_node-2] start:  2.44 0.738 0.298,   0.66 -0.549 0.0141
[scan_planner_node-2] goal:   4    0 0.35, 0 0 0
[scan_planner_node-2]  2.44 0.736 0.299
[scan_planner_node-2]  2.65 0.566 0.304
[scan_planner_node-2]  2.86 0.415 0.315
[scan_planner_node-2]  3.08 0.288 0.321
[scan_planner_node-2] first_optimize_step_success=0
[scan_planner_node-2] final_plan_success=0
[scan_planner_node-2] 
[scan_planner_node-2] [rebo replan]: -------------------------------------92
[scan_planner_node-2] start:  2.44 0.738 0.298,   0.66 -0.549 0.0141
[scan_planner_node-2] goal:   4    0 0.35, 0 0 0
[scan_planner_node-2] [WARN] [1786641653.750608715] [bspline_opt]: First three control points are in obstacles; t=0.102041
[scan_planner_node-2] iter=5,time(ms)=0.0164,rebound.
[scan_planner_node-2]  2.4 0.74  0.3
[scan_planner_node-2]  2.6 0.57  0.3
[scan_planner_node-2]  2.8 0.45 0.31
[scan_planner_node-2]    3 0.38 0.31
[scan_planner_node-2] first_optimize_step_success=0
[scan_planner_node-2] final_plan_success=0
[scan_planner_node-2] [FSM]: from REPLAN_TRAJ to REPLAN_TRAJ
[scan_planner_node-2] [WARN] [1786641653.750724612] [bspline_opt]: First three control points are in obstacles; t=0.103055
[scan_planner_node-2] 
[scan_planner_node-2] [rebo replan]: -------------------------------------93
[scan_planner_node-2] start:  2.44 0.738 0.298,   0.66 -0.548  0.014
[scan_planner_node-2] goal:   4    0 0.35, 0 0 0
[scan_planner_node-2]  2.44 0.736 0.299
[scan_planner_node-2]  2.65 0.566 0.304
[scan_planner_node-2]  2.87 0.417 0.315
[scan_planner_node-2]  3.08 0.292 0.321
[scan_planner_node-2] first_optimize_step_success=0
[scan_planner_node-2] final_plan_success=0
[scan_planner_node-2] 
[scan_planner_node-2] [rebo replan]: -------------------------------------94
[scan_planner_node-2] start:  2.44 0.738 0.298,   0.66 -0.548  0.014
[scan_planner_node-2] goal:   4    0 0.35, 0 0 0
[scan_planner_node-2] iter=5,time(ms)=0.0111,rebound.
[scan_planner_node-2] iter=5,time(ms)=0.00557,rebound.
[scan_planner_node-2] iter=5,time(ms)=0.00512,rebound.
[scan_planner_node-2] [WARN] [1786641653.760591376] [bspline_opt]: First three control points are in obstacles; t=0.102042
[scan_planner_node-2] [ERROR] [1786641653.760649755] [bspline_opt]: A-star error
[scan_planner_node-2] [ERROR] [1786641653.760657710] [bspline_opt]: A-star error
[scan_planner_node-2] [ERROR] [1786641653.760663521] [bspline_opt]: A-star error
[scan_planner_node-2] [ERROR] [1786641653.760669532] [bspline_opt]: A-star error
[scan_planner_node-2] [ERROR] [1786641653.760675153] [bspline_opt]: A-star error
[scan_planner_node-2] [ERROR] [1786641653.760680793] [bspline_opt]: A-star error
[scan_planner_node-2] [ERROR] [1786641653.760686133] [bspline_opt]: A-star error
[scan_planner_node-2] iter=5,time(ms)=0.00551,rebound.
[scan_planner_node-2] iter=5,time(ms)=0.00494,rebound.
[scan_planner_node-2] iter=5,time(ms)=0.00508,rebound.
[scan_planner_node-2] iter=5,time(ms)=0.00487,rebound.
[scan_planner_node-2] iter=5,time(ms)=0.0106,rebound.
[scan_planner_node-2]  2.4 0.74  0.3
[scan_planner_node-2]  2.6 0.57  0.3
[scan_planner_node-2]  2.8 0.44 0.31
[scan_planner_node-2]    3 0.35 0.31
[scan_planner_node-2] first_optimize_step_success=0
[scan_planner_node-2] final_plan_success=0
[scan_planner_node-2] [FSM]: from REPLAN_TRAJ to REPLAN_TRAJ
[scan_planner_node-2] [WARN] [1786641653.760730517] [bspline_opt]: First three control points are in obstacles; t=0.103053
[scan_planner_node-2] 
[scan_planner_node-2] [rebo replan]: -------------------------------------95
[scan_planner_node-2] start:  2.44 0.738 0.298,   0.66 -0.547  0.014
[scan_planner_node-2] goal:   4    0 0.35, 0 0 0
[scan_planner_node-2]  2.44 0.735 0.299
[scan_planner_node-2]  2.65 0.567 0.304
[scan_planner_node-2]  2.87  0.42 0.315
[scan_planner_node-2]  3.08 0.296 0.321
[scan_planner_node-2] first_optimize_step_success=0
[scan_planner_node-2] final_plan_success=0
[scan_planner_node-2] 
[scan_planner_node-2] [rebo replan]: -------------------------------------96
[scan_planner_node-2] start:  2.44 0.738 0.298,   0.66 -0.547  0.014
[scan_planner_node-2] goal:   4    0 0.35, 0 0 0
[scan_planner_node-2]  2.44 0.736 0.299
[scan_planner_node-2]  2.65 0.568 0.304
[scan_planner_node-2]  2.85 0.417 0.313
[scan_planner_node-2]  3.04 0.295 0.315
[scan_planner_node-2] first_optimize_step_success=0
[scan_planner_node-2] final_plan_success=0
[scan_planner_node-2] [FSM]: from REPLAN_TRAJ to REPLAN_TRAJ
[scan_planner_node-2] [WARN] [1786641653.770593122] [bspline_opt]: First three control points are in obstacles; t=0.102044
[scan_planner_node-2] [WARN] [1786641653.770689904] [bspline_opt]: First three control points are in obstacles; t=0.103022
[scan_planner_node-2] 
[scan_planner_node-2] [rebo replan]: -------------------------------------97
[scan_planner_node-2] start:  2.44 0.738 0.298,  0.661 -0.545  0.014
[scan_planner_node-2] goal:   4    0 0.35, 0 0 0
[scan_planner_node-2]  2.44 0.735 0.299
[scan_planner_node-2]  2.65 0.568 0.304
[scan_planner_node-2]  2.87 0.422 0.315
[scan_planner_node-2]  3.08   0.3 0.321
[scan_planner_node-2] first_optimize_step_success=0
[scan_planner_node-2] final_plan_success=0
[scan_planner_node-2] 
[scan_planner_node-2] [rebo replan]: -------------------------------------98
[scan_planner_node-2] start:  2.44 0.738 0.298,  0.661 -0.545  0.014
[scan_planner_node-2] goal:   4    0 0.35, 0 0 0
[scan_planner_node-2] iter=5,time(ms)=0.0149,rebound.
[scan_planner_node-2]  2.4 0.74  0.3
[scan_planner_node-2]  2.7 0.57  0.3
[scan_planner_node-2]  2.8 0.46 0.31
[scan_planner_node-2]    3  0.4 0.31
[scan_planner_node-2] first_optimize_step_success=0
[scan_planner_node-2] final_plan_success=0
[scan_planner_node-2] [FSM]: from REPLAN_TRAJ to REPLAN_TRAJ
[scan_planner_node-2] [WARN] [1786641653.780604146] [bspline_opt]: First three control points are in obstacles; t=0.102045
[scan_planner_node-2] [WARN] [1786641653.780709614] [bspline_opt]: First three control points are in obstacles; t=0.103031
[scan_planner_node-2] 
[scan_planner_node-2] [rebo replan]: -------------------------------------99
[scan_planner_node-2] start:  2.49 0.702 0.308,  0.661 -0.544  0.014
[scan_planner_node-2] goal:   4    0 0.35, 0 0 0
[scan_planner_node-2]  2.49 0.699 0.308
[scan_planner_node-2]   2.7 0.533 0.313
[scan_planner_node-2]  2.91  0.39 0.322
[scan_planner_node-2]  3.13 0.272 0.327
[scan_planner_node-2] first_optimize_step_success=0
[scan_planner_node-2] final_plan_success=0
[scan_planner_node-2] 
[scan_planner_node-2] [rebo replan]: -------------------------------------100
[scan_planner_node-2] start:  2.49 0.702 0.308,  0.661 -0.544  0.014
[scan_planner_node-2] goal:   4    0 0.35, 0 0 0
[scan_planner_node-2] [WARN] [1786641653.790733883] [bspline_opt]: First three control points are in obstacles; t=0.000000
[scan_planner_node-2]  2.49   0.7 0.308
[scan_planner_node-2]   2.7 0.534 0.312
[scan_planner_node-2]  2.89  0.41 0.317
[scan_planner_node-2]  3.06 0.331  0.32
[scan_planner_node-2] first_optimize_step_success=0
[scan_planner_node-2] final_plan_success=0
[scan_planner_node-2] [FSM]: from REPLAN_TRAJ to REPLAN_TRAJ
[scan_planner_node-2] [WARN] [1786641653.790849340] [bspline_opt]: First three control points are in obstacles; t=0.000000
[scan_planner_node-2] 
[scan_planner_node-2] [rebo replan]: -------------------------------------101
[scan_planner_node-2] start:  2.49 0.702 0.308,  0.662 -0.542  0.014
[scan_planner_node-2] goal:   4    0 0.35, 0 0 0
[scan_planner_node-2]  2.49 0.699 0.308
[scan_planner_node-2]   2.7 0.534 0.313
[scan_planner_node-2]  2.91 0.393 0.322
[scan_planner_node-2]  3.13 0.276 0.327
[scan_planner_node-2] first_optimize_step_success=0
[scan_planner_node-2] final_plan_success=0
[scan_planner_node-2] 
[scan_planner_node-2] [rebo replan]: -------------------------------------102
[scan_planner_node-2] start:  2.49 0.702 0.308,  0.662 -0.542  0.014
[scan_planner_node-2] goal:   4    0 0.35, 0 0 0
[scan_planner_node-2] [WARN] [1786641653.800624902] [bspline_opt]: First three control points are in obstacles; t=0.000000
[scan_planner_node-2]  2.49 0.699 0.308
[scan_planner_node-2]   2.7 0.535 0.313
[scan_planner_node-2]  2.89 0.404 0.318
[scan_planner_node-2]  3.05 0.308  0.32
[scan_planner_node-2] first_optimize_step_success=0
[scan_planner_node-2] final_plan_success=0
[scan_planner_node-2] [FSM]: from REPLAN_TRAJ to REPLAN_TRAJ
[scan_planner_node-2] [WARN] [1786641653.800757260] [bspline_opt]: First three control points are in obstacles; t=0.000000
[scan_planner_node-2] 
[scan_planner_node-2] [rebo replan]: -------------------------------------103
[scan_planner_node-2] start:  2.49 0.702 0.308, 0.662 -0.54 0.014
[scan_planner_node-2] goal:   4    0 0.35, 0 0 0
[scan_planner_node-2]  2.49 0.698 0.308
[scan_planner_node-2]   2.7 0.536 0.313
[scan_planner_node-2]  2.92 0.396 0.322
[scan_planner_node-2]  3.13  0.28 0.327
[scan_planner_node-2] first_optimize_step_success=0
[scan_planner_node-2] final_plan_success=0
[scan_planner_node-2] 
[scan_planner_node-2] [rebo replan]: -------------------------------------104
[scan_planner_node-2] start:  2.49 0.702 0.308, 0.662 -0.54 0.014
[scan_planner_node-2] goal:   4    0 0.35, 0 0 0
[scan_planner_node-2] [WARN] [1786641653.810613213] [bspline_opt]: First three control points are in obstacles; t=0.000000
[scan_planner_node-2]  2.49 0.699 0.308
[scan_planner_node-2]   2.7 0.536 0.312
[scan_planner_node-2]  2.89 0.416 0.317
[scan_planner_node-2]  3.06 0.342  0.32
[scan_planner_node-2] first_optimize_step_success=0
[scan_planner_node-2] final_plan_success=0
[scan_planner_node-2] [FSM]: from REPLAN_TRAJ to REPLAN_TRAJ
[scan_planner_node-2] [WARN] [1786641653.810721266] [bspline_opt]: First three control points are in obstacles; t=0.000000
[scan_planner_node-2] 
[scan_planner_node-2] [rebo replan]: -------------------------------------105
[scan_planner_node-2] start:  2.49 0.702 0.308,  0.663 -0.538  0.014
[scan_planner_node-2] goal:   4    0 0.35, 0 0 0
[scan_planner_node-2]  2.49 0.698 0.308
[scan_planner_node-2]   2.7 0.537 0.313
[scan_planner_node-2]  2.92 0.399 0.322
[scan_planner_node-2]  3.13 0.284 0.327
[scan_planner_node-2] first_optimize_step_success=0
[scan_planner_node-2] final_plan_success=0
[scan_planner_node-2] 
[scan_planner_node-2] [rebo replan]: -------------------------------------106
[scan_planner_node-2] start:  2.49 0.702 0.308,  0.663 -0.538  0.014
[scan_planner_node-2] goal:   4    0 0.35, 0 0 0
[scan_planner_node-2] [WARN] [1786641653.820568552] [bspline_opt]: First three control points are in obstacles; t=0.000000
[scan_planner_node-2] [WARN] [1786641653.820656327] [bspline_opt]: First three control points are in obstacles; t=0.000000
[scan_planner_node-2]  2.48 0.698 0.308
[scan_planner_node-2]   2.7 0.537 0.313
[scan_planner_node-2]   2.9 0.388 0.319
[scan_planner_node-2]  3.09 0.259 0.321
[scan_planner_node-2] first_optimize_step_success=0
[scan_planner_node-2] final_plan_success=0
[scan_planner_node-2] [FSM]: from REPLAN_TRAJ to REPLAN_TRAJ
[scan_planner_node-2] 
[scan_planner_node-2] [rebo replan]: -------------------------------------107
[scan_planner_node-2] start:  2.49 0.702 0.308,  0.663 -0.536  0.014
[scan_planner_node-2] goal:   4    0 0.35, 0 0 0
[scan_planner_node-2]  2.49 0.698 0.308
[scan_planner_node-2]   2.7 0.538 0.313
[scan_planner_node-2]  2.92 0.402 0.322
[scan_planner_node-2]  3.13 0.289 0.327
[scan_planner_node-2] first_optimize_step_success=0
[scan_planner_node-2] final_plan_success=0
[scan_planner_node-2] 
[scan_planner_node-2] [rebo replan]: -------------------------------------108
[scan_planner_node-2] start:  2.49 0.702 0.308,  0.663 -0.536  0.014
[scan_planner_node-2] goal:   4    0 0.35, 0 0 0
[scan_planner_node-2]  2.49 0.699 0.308
[scan_planner_node-2]   2.7 0.539 0.312
[scan_planner_node-2]  2.89 0.422 0.317
[scan_planner_node-2]  3.06 0.351  0.32
[scan_planner_node-2] [WARN] [1786641653.830607379] [bspline_opt]: First three control points are in obstacles; t=0.000000
[scan_planner_node-2] [WARN] [1786641653.830700574] [bspline_opt]: First three control points are in obstacles; t=0.000000
[scan_planner_node-2] first_optimize_step_success=0
[scan_planner_node-2] final_plan_success=0
[scan_planner_node-2] [FSM]: from REPLAN_TRAJ to REPLAN_TRAJ
[scan_planner_node-2] 
[scan_planner_node-2] [rebo replan]: -------------------------------------109
[scan_planner_node-2] start:  2.49 0.702 0.308,  0.664 -0.534 0.0139
[scan_planner_node-2] goal:   4    0 0.35, 0 0 0
[scan_planner_node-2]  2.49 0.698 0.308
[scan_planner_node-2]   2.7 0.539 0.313
[scan_planner_node-2]  2.92 0.405 0.322
[scan_planner_node-2]  3.13 0.294 0.327
[scan_planner_node-2] first_optimize_step_success=0
[scan_planner_node-2] final_plan_success=0
[scan_planner_node-2] 
[scan_planner_node-2] [rebo replan]: -------------------------------------110
[scan_planner_node-2] start:  2.49 0.702 0.308,  0.664 -0.534 0.0139
[scan_planner_node-2] goal:   4    0 0.35, 0 0 0
[scan_planner_node-2]  2.48 0.698 0.308
[scan_planner_node-2]   2.7  0.54 0.312
[scan_planner_node-2]  2.89 0.426 0.317
[scan_planner_node-2]  3.05 0.358  0.32
[scan_planner_node-2] first_optimize_step_success=0
[scan_planner_node-2] final_plan_success=0
[scan_planner_node-2] [FSM]: from REPLAN_TRAJ to REPLAN_TRAJ
[scan_planner_node-2] [WARN] [1786641653.840624484] [bspline_opt]: First three control points are in obstacles; t=0.000000
[scan_planner_node-2] [WARN] [1786641653.840723871] [bspline_opt]: First three control points are in obstacles; t=0.000000
[scan_planner_node-2] 
[scan_planner_node-2] [rebo replan]: -------------------------------------111
[scan_planner_node-2] start:  2.49 0.702 0.308,  0.664 -0.531 0.0139
[scan_planner_node-2] goal:   4    0 0.35, 0 0 0
[scan_planner_node-2]  2.49 0.697 0.308
[scan_planner_node-2]   2.7  0.54 0.313
[scan_planner_node-2]  2.92 0.408 0.322
[scan_planner_node-2]  3.13 0.298 0.327
[scan_planner_node-2] first_optimize_step_success=0
[scan_planner_node-2] final_plan_success=0
[scan_planner_node-2] 
[scan_planner_node-2] [rebo replan]: -------------------------------------112
[scan_planner_node-2] start:  2.49 0.702 0.308,  0.664 -0.531 0.0139
[scan_planner_node-2] goal:   4    0 0.35, 0 0 0
[scan_planner_node-2]  2.48 0.697 0.308
[scan_planner_node-2]   2.7 0.541 0.313
[scan_planner_node-2]  2.91 0.432  0.32
[scan_planner_node-2]   3.1 0.361 0.322
[scan_planner_node-2] first_optimize_step_success=0
[scan_planner_node-2] final_plan_success=0
[scan_planner_node-2] [FSM]: from REPLAN_TRAJ to REPLAN_TRAJ
[scan_planner_node-2] [WARN] [1786641653.850568312] [bspline_opt]: First three control points are in obstacles; t=0.000000
[scan_planner_node-2] [WARN] [1786641653.850655045] [bspline_opt]: First three control points are in obstacles; t=0.000000
[scan_planner_node-2] 
[scan_planner_node-2] [rebo replan]: -------------------------------------113
[scan_planner_node-2] start:  2.49 0.702 0.308,  0.665 -0.528 0.0139
[scan_planner_node-2] goal:   4    0 0.35, 0 0 0
[scan_planner_node-2]  2.49 0.697 0.308
[scan_planner_node-2]   2.7 0.542 0.313
[scan_planner_node-2]  2.92 0.411 0.322
[scan_planner_node-2]  3.13 0.303 0.326
[scan_planner_node-2] first_optimize_step_success=0
[scan_planner_node-2] final_plan_success=0
[scan_planner_node-2] 
[scan_planner_node-2] [rebo replan]: -------------------------------------114
[scan_planner_node-2] start:  2.49 0.702 0.308,  0.665 -0.528 0.0139
[scan_planner_node-2] goal:   4    0 0.35, 0 0 0
[scan_planner_node-2] [WARN] [1786641653.860592921] [bspline_opt]: First three control points are in obstacles; t=0.000000
[scan_planner_node-2]  2.48 0.697 0.308
[scan_planner_node-2]   2.7 0.542 0.313
[scan_planner_node-2]  2.91  0.41 0.319
[scan_planner_node-2]   3.1 0.299 0.322
[scan_planner_node-2] first_optimize_step_success=0
[scan_planner_node-2] final_plan_success=0
[scan_planner_node-2] [FSM]: from REPLAN_TRAJ to REPLAN_TRAJ
[scan_planner_node-2] [WARN] [1786641653.860671889] [bspline_opt]: First three control points are in obstacles; t=0.000000
[scan_planner_node-2] 
[scan_planner_node-2] [rebo replan]: -------------------------------------115
[scan_planner_node-2] start:  2.49 0.702 0.308,  0.665 -0.526 0.0139
[scan_planner_node-2] goal:   4    0 0.35, 0 0 0
[scan_planner_node-2]  2.49 0.697 0.308
[scan_planner_node-2]   2.7 0.543 0.313
[scan_planner_node-2]  2.92 0.415 0.322
[scan_planner_node-2]  3.13 0.308 0.326
[scan_planner_node-2] first_optimize_step_success=0
[scan_planner_node-2] final_plan_success=0
[scan_planner_node-2] 
[scan_planner_node-2] [rebo replan]: -------------------------------------116
[scan_planner_node-2] start:  2.49 0.702 0.308,  0.665 -0.526 0.0139
[scan_planner_node-2] goal:   4    0 0.35, 0 0 0
[scan_planner_node-2]  2.48 0.697 0.308
[scan_planner_node-2]   2.7 0.543 0.313
[scan_planner_node-2]  2.91 0.418 0.319
[scan_planner_node-2]  3.11 0.314 0.322
[scan_planner_node-2] first_optimize_step_success=0
[scan_planner_node-2] final_plan_success=0
[scan_planner_node-2] [FSM]: from REPLAN_TRAJ to REPLAN_TRAJ
[scan_planner_node-2] [WARN] [1786641653.870593836] [bspline_opt]: First three control points are in obstacles; t=0.000000
[scan_planner_node-2] [WARN] [1786641653.870672083] [bspline_opt]: First three control points are in obstacles; t=0.000000
[scan_planner_node-2] 
[scan_planner_node-2] [rebo replan]: -------------------------------------117
[scan_planner_node-2] start:  2.49 0.702 0.308,  0.666 -0.523 0.0139
[scan_planner_node-2] goal:   4    0 0.35, 0 0 0
[scan_planner_node-2]  2.49 0.697 0.308
[scan_planner_node-2]   2.7 0.545 0.313
[scan_planner_node-2]  2.92 0.418 0.322
[scan_planner_node-2]  3.13 0.313 0.326
[scan_planner_node-2] first_optimize_step_success=0
[scan_planner_node-2] final_plan_success=0
[scan_planner_node-2] 
[scan_planner_node-2] [rebo replan]: -------------------------------------118
[scan_planner_node-2] start:  2.49 0.702 0.308,  0.666 -0.523 0.0139
[scan_planner_node-2] goal:   4    0 0.35, 0 0 0
[scan_planner_node-2]  2.48 0.696 0.308
[scan_planner_node-2]   2.7 0.545 0.313
[scan_planner_node-2]  2.91 0.406 0.319
[scan_planner_node-2]   3.1 0.281 0.321
[scan_planner_node-2] first_optimize_step_success=0
[scan_planner_node-2] final_plan_success=0
[scan_planner_node-2] [FSM]: from REPLAN_TRAJ to REPLAN_TRAJ
[scan_planner_node-2] [WARN] [1786641653.880610711] [bspline_opt]: First three control points are in obstacles; t=0.000000
[scan_planner_node-2] [WARN] [1786641653.880718464] [bspline_opt]: First three control points are in obstacles; t=0.000000
[scan_planner_node-2] 
[scan_planner_node-2] [rebo replan]: -------------------------------------119
[scan_planner_node-2] start:  2.49 0.702 0.308,  0.667  -0.52 0.0139
[scan_planner_node-2] goal:   4    0 0.35, 0 0 0
[scan_planner_node-2]  2.48 0.696 0.308
[scan_planner_node-2]   2.7 0.546 0.313
[scan_planner_node-2]  2.92 0.422 0.322
[scan_planner_node-2]  3.13 0.318 0.326
[scan_planner_node-2] first_optimize_step_success=0
[scan_planner_node-2] final_plan_success=0
[scan_planner_node-2] 
[scan_planner_node-2] [rebo replan]: -------------------------------------120
[scan_planner_node-2] start:  2.49 0.702 0.308,  0.667  -0.52 0.0139
[scan_planner_node-2] goal:   4    0 0.35, 0 0 0
[scan_planner_node-2] [WARN] [1786641653.890603811] [bspline_opt]: First three control points are in obstacles; t=0.000000
[scan_planner_node-2]  2.48 0.696 0.308
[scan_planner_node-2]   2.7 0.546 0.313
[scan_planner_node-2]  2.91 0.419 0.319
[scan_planner_node-2]   3.1 0.308 0.321
[scan_planner_node-2] first_optimize_step_success=0
[scan_planner_node-2] final_plan_success=0
[scan_planner_node-2] [FSM]: from REPLAN_TRAJ to REPLAN_TRAJ
[scan_planner_node-2] [WARN] [1786641653.890692698] [bspline_opt]: First three control points are in obstacles; t=0.000000
[scan_planner_node-2] 
[scan_planner_node-2] [rebo replan]: -------------------------------------121
[scan_planner_node-2] start:  2.49 0.702 0.308,  0.667 -0.516 0.0138
[scan_planner_node-2] goal:   4    0 0.35, 0 0 0
[scan_planner_node-2]  2.48 0.696 0.308
[scan_planner_node-2]   2.7 0.548 0.313
[scan_planner_node-2]  2.92 0.425 0.322
[scan_planner_node-2]  3.13 0.323 0.326
[scan_planner_node-2] first_optimize_step_success=0
[scan_planner_node-2] final_plan_success=0
[scan_planner_node-2] 
[scan_planner_node-2] [rebo replan]: -------------------------------------122
[scan_planner_node-2] start:  2.49 0.702 0.308,  0.667 -0.516 0.0138
[scan_planner_node-2] goal:   4    0 0.35, 0 0 0
[scan_planner_node-2] [WARN] [1786641653.900571965] [bspline_opt]: First three control points are in obstacles; t=0.000000
[scan_planner_node-2]  2.48 0.696 0.308
[scan_planner_node-2]   2.7 0.548 0.313
[scan_planner_node-2]  2.91 0.443  0.32
[scan_planner_node-2]   3.1 0.371 0.322
[scan_planner_node-2] first_optimize_step_success=0
[scan_planner_node-2] final_plan_success=0
[scan_planner_node-2] [FSM]: from REPLAN_TRAJ to REPLAN_TRAJ
[scan_planner_node-2] [WARN] [1786641653.900659710] [bspline_opt]: First three control points are in obstacles; t=0.000000
[scan_planner_node-2] 
[scan_planner_node-2] [rebo replan]: -------------------------------------123
[scan_planner_node-2] start:  2.51 0.671 0.346,  0.668 -0.513 0.0138
[scan_planner_node-2] goal:   4    0 0.35, 0 0 0
[scan_planner_node-2]  2.51 0.665 0.345
[scan_planner_node-2]  2.73 0.519 0.349
[scan_planner_node-2]  2.95 0.399 0.346
[scan_planner_node-2]  3.16 0.301 0.348
[scan_planner_node-2] first_optimize_step_success=0
[scan_planner_node-2] final_plan_success=0
[scan_planner_node-2] 
[scan_planner_node-2] [rebo replan]: -------------------------------------124
[scan_planner_node-2] start:  2.51 0.671 0.346,  0.668 -0.513 0.0138
[scan_planner_node-2] goal:   4    0 0.35, 0 0 0
[scan_planner_node-2] [WARN] [1786641653.910604299] [bspline_opt]: First three control points are in obstacles; t=0.000000
[scan_planner_node-2]  2.51 0.666 0.345
[scan_planner_node-2]  2.73  0.52 0.349
[scan_planner_node-2]  2.92 0.417 0.346
[scan_planner_node-2]  3.09 0.352 0.348
[scan_planner_node-2] first_optimize_step_success=0
[scan_planner_node-2] final_plan_success=0
[scan_planner_node-2] [FSM]: from REPLAN_TRAJ to REPLAN_TRAJ
[scan_planner_node-2] [WARN] [1786641653.910695370] [bspline_opt]: First three control points are in obstacles; t=0.000000
[scan_planner_node-2] 
[scan_planner_node-2] [rebo replan]: -------------------------------------125
[scan_planner_node-2] start:  2.51 0.671 0.346,  0.669 -0.509 0.0138
[scan_planner_node-2] goal:   4    0 0.35, 0 0 0
[scan_planner_node-2]  2.51 0.665 0.345
[scan_planner_node-2]  2.73  0.52 0.349
[scan_planner_node-2]  2.95 0.402 0.346
[scan_planner_node-2]  3.16 0.305 0.348
[scan_planner_node-2] first_optimize_step_success=0
[scan_planner_node-2] final_plan_success=0
[scan_planner_node-2] 
[scan_planner_node-2] [rebo replan]: -------------------------------------126
[scan_planner_node-2] start:  2.51 0.671 0.346,  0.669 -0.509 0.0138
[scan_planner_node-2] goal:   4    0 0.35, 0 0 0
[scan_planner_node-2] [WARN] [1786641653.920595506] [bspline_opt]: First three control points are in obstacles; t=0.000000
[scan_planner_node-2]  2.51 0.665 0.345
[scan_planner_node-2]  2.73  0.52 0.349
[scan_planner_node-2]  2.93 0.378 0.346
[scan_planner_node-2]  3.12  0.23 0.348
[scan_planner_node-2] first_optimize_step_success=0
[scan_planner_node-2] final_plan_success=0
[scan_planner_node-2] [FSM]: from REPLAN_TRAJ to REPLAN_TRAJ
[scan_planner_node-2] [WARN] [1786641653.920676077] [bspline_opt]: First three control points are in obstacles; t=0.000000
[scan_planner_node-2] 
[scan_planner_node-2] [rebo replan]: -------------------------------------127
[scan_planner_node-2] start:  2.51 0.671 0.346,  0.669 -0.506 0.0138
[scan_planner_node-2] goal:   4    0 0.35, 0 0 0
[scan_planner_node-2]  2.51 0.665 0.345
[scan_planner_node-2]  2.73 0.522 0.349
[scan_planner_node-2]  2.95 0.405 0.346
[scan_planner_node-2]  3.16 0.308 0.348
[scan_planner_node-2] first_optimize_step_success=0
[scan_planner_node-2] final_plan_success=0
[scan_planner_node-2] 
[scan_planner_node-2] [rebo replan]: -------------------------------------128
[scan_planner_node-2] start:  2.51 0.671 0.346,  0.669 -0.506 0.0138
[scan_planner_node-2] goal:   4    0 0.35, 0 0 0
[scan_planner_node-2]  2.51 0.666 0.345
[scan_planner_node-2]  2.73 0.522 0.349
[scan_planner_node-2]  2.92 0.409 0.346
[scan_planner_node-2]  3.09 0.319 0.348
[scan_planner_node-2] first_optimize_step_success=0
[scan_planner_node-2] final_plan_success=0
[scan_planner_node-2] [FSM]: from REPLAN_TRAJ to REPLAN_TRAJ
[scan_planner_node-2] [WARN] [1786641653.930588165] [bspline_opt]: First three control points are in obstacles; t=0.000000
[scan_planner_node-2] [WARN] [1786641653.930717027] [bspline_opt]: First three control points are in obstacles; t=0.000000
[scan_planner_node-2] 
[scan_planner_node-2] [rebo replan]: -------------------------------------129
[scan_planner_node-2] start:  2.51 0.671 0.346,   0.67 -0.502 0.0138
[scan_planner_node-2] goal:   4    0 0.35, 0 0 0
[scan_planner_node-2]  2.51 0.665 0.345
[scan_planner_node-2]  2.73 0.523 0.349
[scan_planner_node-2]  2.95 0.407 0.346
[scan_planner_node-2]  3.16 0.311 0.348
[scan_planner_node-2] first_optimize_step_success=0
[scan_planner_node-2] final_plan_success=0
[scan_planner_node-2] 
[scan_planner_node-2] [rebo replan]: -------------------------------------130
[scan_planner_node-2] start:  2.51 0.671 0.346,   0.67 -0.502 0.0138
[scan_planner_node-2] goal:   4    0 0.35, 0 0 0
[scan_planner_node-2]  2.51 0.666 0.345
[scan_planner_node-2]  2.73 0.524 0.349
[scan_planner_node-2]  2.92 0.425 0.346
[scan_planner_node-2]   3.1 0.364 0.348
[scan_planner_node-2] [WARN] [1786641653.940604048] [bspline_opt]: First three control points are in obstacles; t=0.000000
[scan_planner_node-2] [WARN] [1786641653.940691082] [bspline_opt]: First three control points are in obstacles; t=0.000000
[scan_planner_node-2] first_optimize_step_success=0
[scan_planner_node-2] final_plan_success=0
[scan_planner_node-2] [FSM]: from REPLAN_TRAJ to REPLAN_TRAJ
[scan_planner_node-2] 
[scan_planner_node-2] [rebo replan]: -------------------------------------131
[scan_planner_node-2] start:  2.51 0.671 0.346,  0.671 -0.499 0.0137
[scan_planner_node-2] goal:   4    0 0.35, 0 0 0
[scan_planner_node-2]  2.51 0.665 0.345
[scan_planner_node-2]  2.73 0.524 0.349
[scan_planner_node-2]  2.95  0.41 0.346
[scan_planner_node-2]  3.16 0.315 0.348
[scan_planner_node-2] first_optimize_step_success=0
[scan_planner_node-2] final_plan_success=0
[scan_planner_node-2] 
[scan_planner_node-2] [rebo replan]: -------------------------------------132
[scan_planner_node-2] start:  2.51 0.671 0.346,  0.671 -0.499 0.0137
[scan_planner_node-2] goal:   4    0 0.35, 0 0 0
[scan_planner_node-2] [WARN] [1786641653.950652262] [bspline_opt]: First three control points are in obstacles; t=0.000000
[scan_planner_node-2]  2.51 0.665 0.345
[scan_planner_node-2]  2.73 0.524 0.349
[scan_planner_node-2]  2.94 0.419 0.346
[scan_planner_node-2]  3.13 0.341 0.348
[scan_planner_node-2] first_optimize_step_success=0
[scan_planner_node-2] final_plan_success=0
[scan_planner_node-2] [FSM]: from REPLAN_TRAJ to REPLAN_TRAJ
[scan_planner_node-2] [WARN] [1786641653.950740177] [bspline_opt]: First three control points are in obstacles; t=0.000000
[scan_planner_node-2] 
[scan_planner_node-2] [rebo replan]: -------------------------------------133
[scan_planner_node-2] start:  2.51 0.671 0.346,  0.671 -0.495 0.0137
[scan_planner_node-2] goal:   4    0 0.35, 0 0 0
[scan_planner_node-2]  2.51 0.665 0.345
[scan_planner_node-2]  2.73 0.526 0.349
[scan_planner_node-2]  2.95 0.412 0.346
[scan_planner_node-2]  3.16 0.319 0.348
[scan_planner_node-2] first_optimize_step_success=0
[scan_planner_node-2] final_plan_success=0
[scan_planner_node-2] 
[scan_planner_node-2] [rebo replan]: -------------------------------------134
[scan_planner_node-2] start:  2.51 0.671 0.346,  0.671 -0.495 0.0137
[scan_planner_node-2] goal:   4    0 0.35, 0 0 0
[scan_planner_node-2] [WARN] [1786641653.960604566] [bspline_opt]: First three control points are in obstacles; t=0.000000
[scan_planner_node-2]  2.51 0.665 0.345
[scan_planner_node-2]  2.73 0.526 0.349
[scan_planner_node-2]  2.94  0.42 0.346
[scan_planner_node-2]  3.13 0.339 0.348
[scan_planner_node-2] first_optimize_step_success=0
[scan_planner_node-2] final_plan_success=0
[scan_planner_node-2] [FSM]: from REPLAN_TRAJ to REPLAN_TRAJ
[scan_planner_node-2] [WARN] [1786641653.960691048] [bspline_opt]: First three control points are in obstacles; t=0.000000
[scan_planner_node-2] 
[scan_planner_node-2] [rebo replan]: -------------------------------------135
[scan_planner_node-2] start:  2.51 0.671 0.346,  0.672 -0.491 0.0137
[scan_planner_node-2] goal:   4    0 0.35, 0 0 0
[scan_planner_node-2]  2.51 0.665 0.345
[scan_planner_node-2]  2.73 0.527 0.349
[scan_planner_node-2]  2.95 0.415 0.346
[scan_planner_node-2]  3.16 0.322 0.348
[scan_planner_node-2] first_optimize_step_success=0
[scan_planner_node-2] final_plan_success=0
[scan_planner_node-2] 
[scan_planner_node-2] [rebo replan]: -------------------------------------136
[scan_planner_node-2] start:  2.51 0.671 0.346,  0.672 -0.491 0.0137
[scan_planner_node-2] goal:   4    0 0.35, 0 0 0
[scan_planner_node-2]  2.51 0.665 0.345
[scan_planner_node-2]  2.73 0.527 0.349
[scan_planner_node-2]  2.94 0.402 0.346
[scan_planner_node-2]  3.13 0.284 0.348
[scan_planner_node-2] first_optimize_step_success=0
[scan_planner_node-2] final_plan_success=0
[scan_planner_node-2] [FSM]: from REPLAN_TRAJ to REPLAN_TRAJ
[scan_planner_node-2] [WARN] [1786641653.970611172] [bspline_opt]: First three control points are in obstacles; t=0.000000
[scan_planner_node-2] [WARN] [1786641653.970715808] [bspline_opt]: First three control points are in obstacles; t=0.000000
[scan_planner_node-2] 
[scan_planner_node-2] [rebo replan]: -------------------------------------137
[scan_planner_node-2] start:  2.51 0.671 0.346,  0.673 -0.487 0.0137
[scan_planner_node-2] goal:   4    0 0.35, 0 0 0
[scan_planner_node-2]  2.51 0.665 0.345
[scan_planner_node-2]  2.73 0.528 0.349
[scan_planner_node-2]  2.95 0.418 0.346
[scan_planner_node-2]  3.16 0.326 0.348
[scan_planner_node-2] first_optimize_step_success=0
[scan_planner_node-2] final_plan_success=0
[scan_planner_node-2] 
[scan_planner_node-2] [rebo replan]: -------------------------------------138
[scan_planner_node-2] start:  2.51 0.671 0.346,  0.673 -0.487 0.0137
[scan_planner_node-2] goal:   4    0 0.35, 0 0 0
[scan_planner_node-2] [WARN] [1786641653.980635801] [bspline_opt]: First three control points are in obstacles; t=0.000000
[scan_planner_node-2]  2.51 0.665 0.345
[scan_planner_node-2]  2.73 0.528 0.349
[scan_planner_node-2]  2.93 0.406 0.346
[scan_planner_node-2]  3.13 0.291 0.348
[scan_planner_node-2] first_optimize_step_success=0
[scan_planner_node-2] final_plan_success=0
[scan_planner_node-2] [FSM]: from REPLAN_TRAJ to REPLAN_TRAJ
[scan_planner_node-2] [WARN] [1786641653.980761497] [bspline_opt]: First three control points are in obstacles; t=0.000000
[scan_planner_node-2] 
[scan_planner_node-2] [rebo replan]: -------------------------------------139
[scan_planner_node-2] start:  2.51 0.671 0.346,  0.673 -0.484 0.0136
[scan_planner_node-2] goal:   4    0 0.35, 0 0 0
[scan_planner_node-2]  2.51 0.665 0.345
[scan_planner_node-2]  2.73  0.53 0.349
[scan_planner_node-2]  2.95 0.421 0.346
[scan_planner_node-2]  3.16 0.329 0.348
[scan_planner_node-2] first_optimize_step_success=0
[scan_planner_node-2] final_plan_success=0
[scan_planner_node-2] 
[scan_planner_node-2] [rebo replan]: -------------------------------------140
[scan_planner_node-2] start:  2.51 0.671 0.346,  0.673 -0.484 0.0136
[scan_planner_node-2] goal:   4    0 0.35, 0 0 0
[scan_planner_node-2]  2.51 0.665 0.345
[scan_planner_node-2]  2.73  0.53 0.349
[scan_planner_node-2]  2.93 0.424 0.346
[scan_planner_node-2]   3.1 0.338 0.348
[scan_planner_node-2] first_optimize_step_success=0
[scan_planner_node-2] final_plan_success=0
[scan_planner_node-2] [FSM]: from REPLAN_TRAJ to REPLAN_TRAJ
[scan_planner_node-2] [WARN] [1786641653.990598504] [bspline_opt]: First three control points are in obstacles; t=0.000000
[scan_planner_node-2] [WARN] [1786641653.990692090] [bspline_opt]: First three control points are in obstacles; t=0.000000
[scan_planner_node-2] 
[scan_planner_node-2] [rebo replan]: -------------------------------------141
[scan_planner_node-2] start:  2.51 0.671 0.346,  0.674  -0.48 0.0136
[scan_planner_node-2] goal:   4    0 0.35, 0 0 0
[scan_planner_node-2]  2.51 0.665 0.345
[scan_planner_node-2]  2.73 0.531 0.349
[scan_planner_node-2]  2.95 0.423 0.346
[scan_planner_node-2]  3.16 0.333 0.348
[scan_planner_node-2] first_optimize_step_success=0
[scan_planner_node-2] final_plan_success=0
[scan_planner_node-2] 
[scan_planner_node-2] [rebo replan]: -------------------------------------142
[scan_planner_node-2] start:  2.51 0.671 0.346,  0.674  -0.48 0.0136
[scan_planner_node-2] goal:   4    0 0.35, 0 0 0
[scan_planner_node-2] [WARN] [1786641654.000560526] [bspline_opt]: First three control points are in obstacles; t=0.000000
[scan_planner_node-2]  2.51 0.665 0.345
[scan_planner_node-2]  2.73 0.532 0.349
[scan_planner_node-2]  2.92  0.43 0.346
[scan_planner_node-2]  3.09 0.351 0.348
[scan_planner_node-2] first_optimize_step_success=0
[scan_planner_node-2] final_plan_success=0
[scan_planner_node-2] [FSM]: from REPLAN_TRAJ to REPLAN_TRAJ
[scan_planner_node-2] [WARN] [1786641654.000650175] [bspline_opt]: First three control points are in obstacles; t=0.000000
[scan_planner_node-2] 
[scan_planner_node-2] [rebo replan]: -------------------------------------143
[scan_planner_node-2] start:  2.51 0.671 0.346,  0.675 -0.476 0.0136
[scan_planner_node-2] goal:   4    0 0.35, 0 0 0
[scan_planner_node-2]  2.51 0.664 0.345
[scan_planner_node-2]  2.73 0.532 0.349
[scan_planner_node-2]  2.95 0.426 0.346
[scan_planner_node-2]  3.16 0.337 0.348
[scan_planner_node-2] first_optimize_step_success=0
[scan_planner_node-2] final_plan_success=0
[scan_planner_node-2] 
[scan_planner_node-2] [rebo replan]: -------------------------------------144
[scan_planner_node-2] start:  2.51 0.671 0.346,  0.675 -0.476 0.0136
[scan_planner_node-2] goal:   4    0 0.35, 0 0 0
[scan_planner_node-2] [WARN] [1786641654.010592019] [bspline_opt]: First three control points are in obstacles; t=0.000000
[scan_planner_node-2]  2.51 0.665 0.345
[scan_planner_node-2]  2.73 0.533 0.349
[scan_planner_node-2]  2.92 0.435 0.346
[scan_planner_node-2]  3.09 0.358 0.348
[scan_planner_node-2] first_optimize_step_success=0
[scan_planner_node-2] final_plan_success=0
[scan_planner_node-2] [FSM]: from REPLAN_TRAJ to REPLAN_TRAJ
[scan_planner_node-2] [WARN] [1786641654.010695824] [bspline_opt]: First three control points are in obstacles; t=0.000000
[scan_planner_node-2] [FSM]: state: REPLAN_TRAJ
[scan_planner_node-2] 
[scan_planner_node-2] [rebo replan]: -------------------------------------145
[scan_planner_node-2] start: 2.51 0.64 0.38,  0.675 -0.472 0.0136
[scan_planner_node-2] goal:   4    0 0.35, 0 0 0
[scan_planner_node-2]  2.51 0.633 0.378
[scan_planner_node-2]  2.73 0.502 0.382
[scan_planner_node-2]  2.95 0.399 0.368
[scan_planner_node-2]  3.16 0.312 0.368
[scan_planner_node-2] first_optimize_step_success=0
[scan_planner_node-2] final_plan_success=0
[scan_planner_node-2] 
[scan_planner_node-2] [rebo replan]: -------------------------------------146
[scan_planner_node-2] start: 2.51 0.64 0.38,  0.675 -0.472 0.0136
[scan_planner_node-2] goal:   4    0 0.35, 0 0 0
[scan_planner_node-2] [WARN] [1786641654.020630805] [bspline_opt]: First three control points are in obstacles; t=0.000000
[scan_planner_node-2]  2.51 0.634 0.378
[scan_planner_node-2]  2.73 0.503 0.382
[scan_planner_node-2]  2.93 0.416 0.371
[scan_planner_node-2]   3.1  0.36 0.372
[scan_planner_node-2] first_optimize_step_success=0
[scan_planner_node-2] final_plan_success=0
[scan_planner_node-2] [FSM]: from REPLAN_TRAJ to REPLAN_TRAJ
[scan_planner_node-2] [WARN] [1786641654.020801816] [bspline_opt]: First three control points are in obstacles; t=0.000000
[scan_planner_node-2] 
[scan_planner_node-2] [rebo replan]: -------------------------------------147
[scan_planner_node-2] start: 2.51 0.64 0.38,  0.676 -0.468 0.0136
[scan_planner_node-2] goal:   4    0 0.35, 0 0 0
[scan_planner_node-2]  2.51 0.633 0.378
[scan_planner_node-2]  2.73 0.504 0.382
[scan_planner_node-2]  2.95 0.401 0.368
[scan_planner_node-2]  3.16 0.316 0.368
[scan_planner_node-2] first_optimize_step_success=0
[scan_planner_node-2] final_plan_success=0
[scan_planner_node-2] 
[scan_planner_node-2] [rebo replan]: -------------------------------------148
[scan_planner_node-2] start: 2.51 0.64 0.38,  0.676 -0.468 0.0136
[scan_planner_node-2] goal:   4    0 0.35, 0 0 0
[scan_planner_node-2]  2.51 0.633 0.378
[scan_planner_node-2]  2.73 0.504 0.382
[scan_planner_node-2]  2.95 0.423 0.369
[scan_planner_node-2]  3.15 0.369 0.371
[scan_planner_node-2] first_optimize_step_success=0
[scan_planner_node-2] final_plan_success=0
[scan_planner_node-2] [FSM]: from REPLAN_TRAJ to REPLAN_TRAJ
[scan_planner_node-2] [WARN] [1786641654.030599910] [bspline_opt]: First three control points are in obstacles; t=0.000000
[scan_planner_node-2] [WARN] [1786641654.030686222] [bspline_opt]: First three control points are in obstacles; t=0.000000
[scan_planner_node-2] 
[scan_planner_node-2] [rebo replan]: -------------------------------------149
[scan_planner_node-2] start: 2.51 0.64 0.38,  0.676 -0.464 0.0135
[scan_planner_node-2] goal:   4    0 0.35, 0 0 0
[scan_planner_node-2]  2.51 0.633 0.378
[scan_planner_node-2]  2.73 0.505 0.382
[scan_planner_node-2]  2.95 0.404 0.368
[scan_planner_node-2]  3.16  0.32 0.368
[scan_planner_node-2] first_optimize_step_success=0
[scan_planner_node-2] final_plan_success=0
[scan_planner_node-2] 
[scan_planner_node-2] [rebo replan]: -------------------------------------150
[scan_planner_node-2] start: 2.51 0.64 0.38,  0.676 -0.464 0.0135
[scan_planner_node-2] goal:   4    0 0.35, 0 0 0
[scan_planner_node-2]  2.51 0.633 0.378
[scan_planner_node-2]  2.73 0.505 0.382
[scan_planner_node-2]  2.94 0.389  0.37
[scan_planner_node-2]  3.13 0.276 0.372
[scan_planner_node-2] first_optimize_step_success=0
[scan_planner_node-2] final_plan_success=0
[scan_planner_node-2] [FSM]: from REPLAN_TRAJ to REPLAN_TRAJ
[scan_planner_node-2] [WARN] [1786641654.040606766] [bspline_opt]: First three control points are in obstacles; t=0.000000
[scan_planner_node-2] [WARN] [1786641654.040697126] [bspline_opt]: First three control points are in obstacles; t=0.000000
[scan_planner_node-2] 
[scan_planner_node-2] [rebo replan]: -------------------------------------151
[scan_planner_node-2] start: 2.51 0.64 0.38,  0.677  -0.46 0.0135
[scan_planner_node-2] goal:   4    0 0.35, 0 0 0
[scan_planner_node-2]  2.51 0.633 0.378
[scan_planner_node-2]  2.73 0.507 0.382
[scan_planner_node-2]  2.95 0.407 0.368
[scan_planner_node-2]  3.16 0.324 0.368
[scan_planner_node-2] first_optimize_step_success=0
[scan_planner_node-2] final_plan_success=0
[scan_planner_node-2] 
[scan_planner_node-2] [rebo replan]: -------------------------------------152
[scan_planner_node-2] start: 2.51 0.64 0.38,  0.677  -0.46 0.0135
[scan_planner_node-2] goal:   4    0 0.35, 0 0 0
[scan_planner_node-2]  2.51 0.633 0.378
[scan_planner_node-2]  2.73 0.507 0.382
[scan_planner_node-2]  2.93 0.415  0.37
[scan_planner_node-2]   3.1 0.339 0.372
[scan_planner_node-2] first_optimize_step_success=0
[scan_planner_node-2] final_plan_success=0
[scan_planner_node-2] [FSM]: from REPLAN_TRAJ to REPLAN_TRAJ
[scan_planner_node-2] [WARN] [1786641654.050592282] [bspline_opt]: First three control points are in obstacles; t=0.000000
[scan_planner_node-2] [WARN] [1786641654.050679416] [bspline_opt]: First three control points are in obstacles; t=0.000000
[scan_planner_node-2] 
[scan_planner_node-2] [rebo replan]: -------------------------------------153
[scan_planner_node-2] start: 2.51 0.64 0.38,  0.678 -0.455 0.0135
[scan_planner_node-2] goal:   4    0 0.35, 0 0 0
[scan_planner_node-2]  2.51 0.633 0.378
[scan_planner_node-2]  2.73 0.508 0.382
[scan_planner_node-2]  2.95  0.41 0.368
[scan_planner_node-2]  3.17 0.328 0.368
[scan_planner_node-2] first_optimize_step_success=0
[scan_planner_node-2] final_plan_success=0
[scan_planner_node-2] 
[scan_planner_node-2] [rebo replan]: -------------------------------------154
[scan_planner_node-2] start: 2.51 0.64 0.38,  0.678 -0.455 0.0135
[scan_planner_node-2] goal:   4    0 0.35, 0 0 0
[scan_planner_node-2]  2.51 0.633 0.378
[scan_planner_node-2]  2.73 0.509 0.382
[scan_planner_node-2]  2.93  0.42 0.371
[scan_planner_node-2]   3.1 0.358 0.372
[scan_planner_node-2] first_optimize_step_success=0
[scan_planner_node-2] final_plan_success=0
[scan_planner_node-2] [FSM]: from REPLAN_TRAJ to REPLAN_TRAJ
[scan_planner_node-2] [WARN] [1786641654.060596834] [bspline_opt]: First three control points are in obstacles; t=0.000000
[scan_planner_node-2] [WARN] [1786641654.060679910] [bspline_opt]: First three control points are in obstacles; t=0.000000
[scan_planner_node-2] 
[scan_planner_node-2] [rebo replan]: -------------------------------------155
[scan_planner_node-2] start: 2.51 0.64 0.38,  0.678 -0.451 0.0135
[scan_planner_node-2] goal:   4    0 0.35, 0 0 0
[scan_planner_node-2]  2.51 0.632 0.378
[scan_planner_node-2]  2.73  0.51 0.382
[scan_planner_node-2]  2.95 0.413 0.368
[scan_planner_node-2]  3.17 0.332 0.368
[scan_planner_node-2] first_optimize_step_success=0
[scan_planner_node-2] final_plan_success=0
[scan_planner_node-2] 
[scan_planner_node-2] [rebo replan]: -------------------------------------156
[scan_planner_node-2] start: 2.51 0.64 0.38,  0.678 -0.451 0.0135
[scan_planner_node-2] goal:   4    0 0.35, 0 0 0
[scan_planner_node-2] [WARN] [1786641654.070604642] [bspline_opt]: First three control points are in obstacles; t=0.000000
[scan_planner_node-2]  2.51 0.633 0.378
[scan_planner_node-2]  2.73 0.511 0.382
[scan_planner_node-2]  2.93 0.417  0.37
[scan_planner_node-2]  3.09 0.338 0.372
[scan_planner_node-2] first_optimize_step_success=0
[scan_planner_node-2] final_plan_success=0
[scan_planner_node-2] [FSM]: from REPLAN_TRAJ to REPLAN_TRAJ
[scan_planner_node-2] [WARN] [1786641654.070696524] [bspline_opt]: First three control points are in obstacles; t=0.000000
[scan_planner_node-2] 
[scan_planner_node-2] [rebo replan]: -------------------------------------157
[scan_planner_node-2] start: 2.51 0.64 0.38,  0.679 -0.447 0.0134
[scan_planner_node-2] goal:   4    0 0.35, 0 0 0
[scan_planner_node-2]  2.51 0.632 0.378
[scan_planner_node-2]  2.73 0.511 0.382
[scan_planner_node-2]  2.95 0.416 0.368
[scan_planner_node-2]  3.17 0.336 0.368
[scan_planner_node-2] first_optimize_step_success=0
[scan_planner_node-2] final_plan_success=0
[scan_planner_node-2] 
[scan_planner_node-2] [rebo replan]: -------------------------------------158
[scan_planner_node-2] start: 2.51 0.64 0.38,  0.679 -0.447 0.0134
[scan_planner_node-2] goal:   4    0 0.35, 0 0 0
[scan_planner_node-2]  2.51 0.632 0.378
[scan_planner_node-2]  2.73 0.511 0.382
[scan_planner_node-2]  2.95 0.385  0.37
[scan_planner_node-2]  3.15  0.25 0.372
[scan_planner_node-2] first_optimize_step_success=0
[scan_planner_node-2] final_plan_success=0
[scan_planner_node-2] [FSM]: from REPLAN_TRAJ to REPLAN_TRAJ
[scan_planner_node-2] [WARN] [1786641654.080637187] [bspline_opt]: First three control points are in obstacles; t=0.000000
[scan_planner_node-2] [WARN] [1786641654.080769274] [bspline_opt]: First three control points are in obstacles; t=0.000000
[scan_planner_node-2] 
[scan_planner_node-2] [rebo replan]: -------------------------------------159
[scan_planner_node-2] start: 2.51 0.64 0.38,  0.679 -0.442 0.0134
[scan_planner_node-2] goal:   4    0 0.35, 0 0 0
[scan_planner_node-2]  2.51 0.632 0.378
[scan_planner_node-2]  2.73 0.513 0.382
[scan_planner_node-2]  2.95 0.419 0.368
[scan_planner_node-2]  3.17  0.34 0.368
[scan_planner_node-2] first_optimize_step_success=0
[scan_planner_node-2] final_plan_success=0
[scan_planner_node-2] 
[scan_planner_node-2] [rebo replan]: -------------------------------------160
[scan_planner_node-2] start: 2.51 0.64 0.38,  0.679 -0.442 0.0134
[scan_planner_node-2] goal:   4    0 0.35, 0 0 0
[scan_planner_node-2]  2.51 0.632 0.378
[scan_planner_node-2]  2.73 0.513 0.382
[scan_planner_node-2]  2.95 0.387 0.371
[scan_planner_node-2]  3.15 0.248 0.372
[scan_planner_node-2] first_optimize_step_success=0
[scan_planner_node-2] final_plan_success=0
[scan_planner_node-2] [FSM]: from REPLAN_TRAJ to REPLAN_TRAJ
[scan_planner_node-2] [WARN] [1786641654.090624356] [bspline_opt]: First three control points are in obstacles; t=0.000000
[scan_planner_node-2] [WARN] [1786641654.090730725] [bspline_opt]: First three control points are in obstacles; t=0.000000
[scan_planner_node-2] 
[scan_planner_node-2] [rebo replan]: -------------------------------------161
[scan_planner_node-2] start: 2.51 0.64 0.38,   0.68 -0.438 0.0134
[scan_planner_node-2] goal:   4    0 0.35, 0 0 0
[scan_planner_node-2]  2.51 0.632 0.378
[scan_planner_node-2]  2.73 0.515 0.382
[scan_planner_node-2]  2.95 0.422 0.368
[scan_planner_node-2]  3.17 0.344 0.368
[scan_planner_node-2] first_optimize_step_success=0
[scan_planner_node-2] final_plan_success=0
[scan_planner_node-2] 
[scan_planner_node-2] [rebo replan]: -------------------------------------162
[scan_planner_node-2] start: 2.51 0.64 0.38,   0.68 -0.438 0.0134
[scan_planner_node-2] goal:   4    0 0.35, 0 0 0
[scan_planner_node-2] [WARN] [1786641654.100609852] [bspline_opt]: First three control points are in obstacles; t=0.000000
[scan_planner_node-2]  2.51 0.632 0.378
[scan_planner_node-2]  2.73 0.514 0.382
[scan_planner_node-2]  2.94 0.401  0.37
[scan_planner_node-2]  3.14 0.279 0.372
[scan_planner_node-2] first_optimize_step_success=0
[scan_planner_node-2] final_plan_success=0
[scan_planner_node-2] [FSM]: from REPLAN_TRAJ to REPLAN_TRAJ
[scan_planner_node-2] [WARN] [1786641654.100700642] [bspline_opt]: First three control points are in obstacles; t=0.000000
[scan_planner_node-2] 
[scan_planner_node-2] [rebo replan]: -------------------------------------163
[scan_planner_node-2] start: 2.51 0.64 0.38,   0.68 -0.434 0.0134
[scan_planner_node-2] goal:   4    0 0.35, 0 0 0
[scan_planner_node-2]  2.51 0.632 0.378
[scan_planner_node-2]  2.73 0.516 0.382
[scan_planner_node-2]  2.95 0.425 0.368
[scan_planner_node-2]  3.17 0.348 0.368
[scan_planner_node-2] first_optimize_step_success=0
[scan_planner_node-2] final_plan_success=0
[scan_planner_node-2] 
[scan_planner_node-2] [rebo replan]: -------------------------------------164
[scan_planner_node-2] start: 2.51 0.64 0.38,   0.68 -0.434 0.0134
[scan_planner_node-2] goal:   4    0 0.35, 0 0 0
[scan_planner_node-2] [WARN] [1786641654.110646985] [bspline_opt]: First three control points are in obstacles; t=0.000000
[scan_planner_node-2]  2.51 0.633 0.378
[scan_planner_node-2]  2.73 0.517 0.382
[scan_planner_node-2] 2.93 0.43 0.37
[scan_planner_node-2]   3.1  0.36 0.372
[scan_planner_node-2] first_optimize_step_success=0
[scan_planner_node-2] final_plan_success=0
[scan_planner_node-2] [FSM]: from REPLAN_TRAJ to REPLAN_TRAJ
[scan_planner_node-2] [WARN] [1786641654.110787278] [bspline_opt]: First three control points are in obstacles; t=0.000000
[scan_planner_node-2] 
[scan_planner_node-2] [rebo replan]: -------------------------------------165
[scan_planner_node-2] start: 2.51 0.64 0.38,  0.681 -0.429 0.0133
[scan_planner_node-2] goal:   4    0 0.35, 0 0 0
[scan_planner_node-2]  2.51 0.632 0.378
[scan_planner_node-2]  2.73 0.518 0.382
[scan_planner_node-2]  2.95 0.428 0.368
[scan_planner_node-2]  3.17 0.352 0.368
[scan_planner_node-2] first_optimize_step_success=0
[scan_planner_node-2] final_plan_success=0
[scan_planner_node-2] 
[scan_planner_node-2] [rebo replan]: -------------------------------------166
[scan_planner_node-2] start: 2.51 0.64 0.38,  0.681 -0.429 0.0133
[scan_planner_node-2] goal:   4    0 0.35, 0 0 0
[scan_planner_node-2] [WARN] [1786641654.120601613] [bspline_opt]: First three control points are in obstacles; t=0.000000
[scan_planner_node-2]  2.51 0.633 0.378
[scan_planner_node-2]  2.73 0.518 0.382
[scan_planner_node-2]  2.93 0.431  0.37
[scan_planner_node-2]   3.1 0.359 0.372
[scan_planner_node-2] first_optimize_step_success=0
[scan_planner_node-2] final_plan_success=0
[scan_planner_node-2] [FSM]: from REPLAN_TRAJ to REPLAN_TRAJ
[scan_planner_node-2] [WARN] [1786641654.120692303] [bspline_opt]: First three control points are in obstacles; t=0.000000
[scan_planner_node-2] 
[scan_planner_node-2] [rebo replan]: -------------------------------------167
[scan_planner_node-2] start: 2.51 0.64 0.38,  0.681 -0.425 0.0133
[scan_planner_node-2] goal:   4    0 0.35, 0 0 0
[scan_planner_node-2]  2.51 0.632 0.378
[scan_planner_node-2]  2.73 0.519 0.382
[scan_planner_node-2]  2.95 0.431 0.368
[scan_planner_node-2]  3.17 0.356 0.368
[scan_planner_node-2] first_optimize_step_success=0
[scan_planner_node-2] final_plan_success=0
[scan_planner_node-2] 
[scan_planner_node-2] [rebo replan]: -------------------------------------168
[scan_planner_node-2] start: 2.51 0.64 0.38,  0.681 -0.425 0.0133
[scan_planner_node-2] goal:   4    0 0.35, 0 0 0
[scan_planner_node-2]  2.51 0.632 0.378
[scan_planner_node-2]  2.73 0.519 0.382
[scan_planner_node-2]  2.95 0.401  0.37
[scan_planner_node-2]  3.15  0.27 0.372
[scan_planner_node-2] first_optimize_step_success=0
[scan_planner_node-2] final_plan_success=0
[scan_planner_node-2] [FSM]: from REPLAN_TRAJ to REPLAN_TRAJ
[scan_planner_node-2] [WARN] [1786641654.130578422] [bspline_opt]: First three control points are in obstacles; t=0.000000
[scan_planner_node-2] [WARN] [1786641654.130651470] [bspline_opt]: First three control points are in obstacles; t=0.000000
[scan_planner_node-2] 
[scan_planner_node-2] [rebo replan]: -------------------------------------169
[scan_planner_node-2] start:  2.51 0.626 0.366,  0.682  -0.42 0.0133
[scan_planner_node-2] goal:   4    0 0.35, 0 0 0
[scan_planner_node-2]  2.51 0.618 0.364
[scan_planner_node-2]  2.73 0.508 0.368
[scan_planner_node-2]  2.96 0.422 0.359
[scan_planner_node-2]  3.17 0.348  0.36
[scan_planner_node-2] first_optimize_step_success=0
[scan_planner_node-2] final_plan_success=0
[scan_planner_node-2] 
[scan_planner_node-2] [rebo replan]: -------------------------------------170
[scan_planner_node-2] start:  2.51 0.626 0.366,  0.682  -0.42 0.0133
[scan_planner_node-2] goal:   4    0 0.35, 0 0 0
[scan_planner_node-2]  2.51 0.618 0.364
[scan_planner_node-2]  2.73 0.507 0.368
[scan_planner_node-2]  2.95 0.399  0.36
[scan_planner_node-2]  3.15  0.28 0.362
[scan_planner_node-2] first_optimize_step_success=0
[scan_planner_node-2] final_plan_success=0
[scan_planner_node-2] [FSM]: from REPLAN_TRAJ to REPLAN_TRAJ
[scan_planner_node-2] [WARN] [1786641654.140594135] [bspline_opt]: First three control points are in obstacles; t=0.000000
[scan_planner_node-2] [WARN] [1786641654.140677281] [bspline_opt]: First three control points are in obstacles; t=0.000000
[scan_planner_node-2] 
[scan_planner_node-2] [rebo replan]: -------------------------------------171
[scan_planner_node-2] start:  2.51 0.626 0.366,  0.682 -0.415 0.0133
[scan_planner_node-2] goal:   4    0 0.35, 0 0 0
[scan_planner_node-2]  2.51 0.618 0.364
[scan_planner_node-2]  2.73 0.509 0.368
[scan_planner_node-2]  2.96 0.425 0.359
[scan_planner_node-2]  3.17 0.352  0.36
[scan_planner_node-2] first_optimize_step_success=0
[scan_planner_node-2] final_plan_success=0
[scan_planner_node-2] 
[scan_planner_node-2] [rebo replan]: -------------------------------------172
[scan_planner_node-2] start:  2.51 0.626 0.366,  0.682 -0.415 0.0133
[scan_planner_node-2] goal:   4    0 0.35, 0 0 0
[scan_planner_node-2]  2.51 0.618 0.364
[scan_planner_node-2]  2.73 0.509 0.368
[scan_planner_node-2]  2.95 0.395  0.36
[scan_planner_node-2]  3.16 0.267 0.362
[scan_planner_node-2] first_optimize_step_success=0
[scan_planner_node-2] final_plan_success=0
[scan_planner_node-2] [FSM]: from REPLAN_TRAJ to REPLAN_TRAJ
[scan_planner_node-2] [WARN] [1786641654.150604608] [bspline_opt]: First three control points are in obstacles; t=0.000000
[scan_planner_node-2] [WARN] [1786641654.150692643] [bspline_opt]: First three control points are in obstacles; t=0.000000
[scan_planner_node-2] 
[scan_planner_node-2] [rebo replan]: -------------------------------------173
[scan_planner_node-2] start:  2.51 0.626 0.366,  0.683 -0.411 0.0132
[scan_planner_node-2] goal:   4    0 0.35, 0 0 0
[scan_planner_node-2]  2.51 0.618 0.364
[scan_planner_node-2]  2.73 0.511 0.368
[scan_planner_node-2]  2.96 0.428 0.359
[scan_planner_node-2]  3.17 0.356  0.36
[scan_planner_node-2] first_optimize_step_success=0
[scan_planner_node-2] final_plan_success=0
[scan_planner_node-2] 
[scan_planner_node-2] [rebo replan]: -------------------------------------174
[scan_planner_node-2] start:  2.51 0.626 0.366,  0.683 -0.411 0.0132
[scan_planner_node-2] goal:   4    0 0.35, 0 0 0
[scan_planner_node-2] [WARN] [1786641654.160629238] [bspline_opt]: First three control points are in obstacles; t=0.000000
[scan_planner_node-2]  2.51 0.618 0.364
[scan_planner_node-2]  2.73  0.51 0.368
[scan_planner_node-2]  2.95 0.399  0.36
[scan_planner_node-2]  3.16 0.268 0.362
[scan_planner_node-2] first_optimize_step_success=0
[scan_planner_node-2] final_plan_success=0
[scan_planner_node-2] [FSM]: from REPLAN_TRAJ to REPLAN_TRAJ
[scan_planner_node-2] [WARN] [1786641654.160761095] [bspline_opt]: First three control points are in obstacles; t=0.000000
[scan_planner_node-2] 
[scan_planner_node-2] [rebo replan]: -------------------------------------175
[scan_planner_node-2] start:  2.51 0.626 0.366,  0.683 -0.406 0.0132
[scan_planner_node-2] goal:   4    0 0.35, 0 0 0
[scan_planner_node-2]  2.51 0.618 0.364
[scan_planner_node-2]  2.74 0.513 0.368
[scan_planner_node-2]  2.96 0.431 0.359
[scan_planner_node-2]  3.17 0.361  0.36
[scan_planner_node-2] first_optimize_step_success=0
[scan_planner_node-2] final_plan_success=0
[scan_planner_node-2] 
[scan_planner_node-2] [rebo replan]: -------------------------------------176
[scan_planner_node-2] start:  2.51 0.626 0.366,  0.683 -0.406 0.0132
[scan_planner_node-2] goal:   4    0 0.35, 0 0 0
[scan_planner_node-2]  2.51 0.618 0.364
[scan_planner_node-2]  2.73 0.512 0.368
[scan_planner_node-2]  2.96 0.399  0.36
[scan_planner_node-2]  3.17  0.27 0.362
[scan_planner_node-2] first_optimize_step_success=0
[scan_planner_node-2] final_plan_success=0
[scan_planner_node-2] [FSM]: from REPLAN_TRAJ to REPLAN_TRAJ
[scan_planner_node-2] [WARN] [1786641654.170604424] [bspline_opt]: First three control points are in obstacles; t=0.000000
[scan_planner_node-2] [WARN] [1786641654.170720152] [bspline_opt]: First three control points are in obstacles; t=0.000000
[scan_planner_node-2] 
[scan_planner_node-2] [rebo replan]: -------------------------------------177
[scan_planner_node-2] start:  2.51 0.626 0.366,  0.683 -0.401 0.0132
[scan_planner_node-2] goal:   4    0 0.35, 0 0 0
[scan_planner_node-2]  2.51 0.618 0.364
[scan_planner_node-2]  2.74 0.514 0.368
[scan_planner_node-2]  2.96 0.434 0.359
[scan_planner_node-2]  3.17 0.365  0.36
[scan_planner_node-2] first_optimize_step_success=0
[scan_planner_node-2] final_plan_success=0
[scan_planner_node-2] 
[scan_planner_node-2] [rebo replan]: -------------------------------------178
[scan_planner_node-2] start:  2.51 0.626 0.366,  0.683 -0.401 0.0132
[scan_planner_node-2] goal:   4    0 0.35, 0 0 0
[scan_planner_node-2] [WARN] [1786641654.180587456] [bspline_opt]: First three control points are in obstacles; t=0.000000
[scan_planner_node-2]  2.51 0.619 0.364
[scan_planner_node-2]  2.73 0.515 0.368
[scan_planner_node-2]  2.93 0.443  0.36
[scan_planner_node-2]   3.1 0.393 0.362
[scan_planner_node-2] first_optimize_step_success=0
[scan_planner_node-2] final_plan_success=0
[scan_planner_node-2] [FSM]: from REPLAN_TRAJ to REPLAN_TRAJ
[scan_planner_node-2] [WARN] [1786641654.180668818] [bspline_opt]: First three control points are in obstacles; t=0.000000
[scan_planner_node-2] 
[scan_planner_node-2] [rebo replan]: -------------------------------------179
[scan_planner_node-2] start:  2.51 0.626 0.366,  0.684 -0.396 0.0131
[scan_planner_node-2] goal:   4    0 0.35, 0 0 0
[scan_planner_node-2]  2.51 0.618 0.364
[scan_planner_node-2]  2.74 0.516 0.368
[scan_planner_node-2]  2.96 0.438 0.359
[scan_planner_node-2]  3.17 0.369  0.36
[scan_planner_node-2] first_optimize_step_success=0
[scan_planner_node-2] final_plan_success=0
[scan_planner_node-2] 
[scan_planner_node-2] [rebo replan]: -------------------------------------180
[scan_planner_node-2] start:  2.51 0.626 0.366,  0.684 -0.396 0.0131
[scan_planner_node-2] goal:   4    0 0.35, 0 0 0
[scan_planner_node-2]  2.51 0.618 0.364
[scan_planner_node-2]  2.73 0.516 0.368
[scan_planner_node-2]  2.95 0.408  0.36
[scan_planner_node-2]  3.15 0.285 0.362
[scan_planner_node-2] first_optimize_step_success=0
[scan_planner_node-2] final_plan_success=0
[scan_planner_node-2] [FSM]: from REPLAN_TRAJ to REPLAN_TRAJ
[scan_planner_node-2] [WARN] [1786641654.190582430] [bspline_opt]: First three control points are in obstacles; t=0.000000
[scan_planner_node-2] [WARN] [1786641654.190654755] [bspline_opt]: First three control points are in obstacles; t=0.000000
[scan_planner_node-2] 
[scan_planner_node-2] [rebo replan]: -------------------------------------181
[scan_planner_node-2] start:  2.51 0.626 0.366,  0.684 -0.392 0.0131
[scan_planner_node-2] goal:   4    0 0.35, 0 0 0
[scan_planner_node-2]  2.51 0.618 0.364
[scan_planner_node-2]  2.74 0.518 0.368
[scan_planner_node-2]  2.96 0.441 0.359
[scan_planner_node-2]  3.17 0.374  0.36
[scan_planner_node-2] first_optimize_step_success=0
[scan_planner_node-2] final_plan_success=0
[scan_planner_node-2] 
[scan_planner_node-2] [rebo replan]: -------------------------------------182
[scan_planner_node-2] start:  2.51 0.626 0.366,  0.684 -0.392 0.0131
[scan_planner_node-2] goal:   4    0 0.35, 0 0 0
[scan_planner_node-2] [WARN] [1786641654.200616006] [bspline_opt]: First three control points are in obstacles; t=0.000000
[scan_planner_node-2]  2.51 0.618 0.364
[scan_planner_node-2]  2.73 0.518 0.368
[scan_planner_node-2]  2.95 0.442 0.359
[scan_planner_node-2]  3.15 0.375 0.361
[scan_planner_node-2] first_optimize_step_success=0
[scan_planner_node-2] final_plan_success=0
[scan_planner_node-2] [FSM]: from REPLAN_TRAJ to REPLAN_TRAJ
[scan_planner_node-2] [WARN] [1786641654.200723438] [bspline_opt]: First three control points are in obstacles; t=0.000000
[scan_planner_node-2] 
[scan_planner_node-2] [rebo replan]: -------------------------------------183
[scan_planner_node-2] start:  2.51 0.626 0.366,  0.685 -0.387 0.0131
[scan_planner_node-2] goal:   4    0 0.35, 0 0 0
[scan_planner_node-2]  2.51 0.618 0.364
[scan_planner_node-2]  2.74 0.519 0.368
[scan_planner_node-2]  2.96 0.444 0.359
[scan_planner_node-2]  3.17 0.378  0.36
[scan_planner_node-2] first_optimize_step_success=0
[scan_planner_node-2] final_plan_success=0
[scan_planner_node-2] 
[scan_planner_node-2] [rebo replan]: -------------------------------------184
[scan_planner_node-2] start:  2.51 0.626 0.366,  0.685 -0.387 0.0131
[scan_planner_node-2] goal:   4    0 0.35, 0 0 0
[scan_planner_node-2]  2.51 0.618 0.364
[scan_planner_node-2]  2.74  0.52 0.368
[scan_planner_node-2]  2.92 0.456  0.36
[scan_planner_node-2]  3.08 0.405 0.362
[scan_planner_node-2] first_optimize_step_success=0
[scan_planner_node-2] final_plan_success=0
[scan_planner_node-2] [FSM]: from REPLAN_TRAJ to REPLAN_TRAJ
[scan_planner_node-2] [WARN] [1786641654.210607303] [bspline_opt]: First three control points are in obstacles; t=0.000000
[scan_planner_node-2] [WARN] [1786641654.210695919] [bspline_opt]: First three control points are in obstacles; t=0.000000
[scan_planner_node-2] 
[scan_planner_node-2] [rebo replan]: -------------------------------------185
[scan_planner_node-2] start:  2.51 0.626 0.366,  0.685 -0.382 0.0131
[scan_planner_node-2] goal:   4    0 0.35, 0 0 0
[scan_planner_node-2]  2.51 0.618 0.364
[scan_planner_node-2]  2.74 0.521 0.368
[scan_planner_node-2]  2.96 0.448 0.359
[scan_planner_node-2]  3.17 0.382  0.36
[scan_planner_node-2] first_optimize_step_success=0
[scan_planner_node-2] final_plan_success=0
[scan_planner_node-2] 
[scan_planner_node-2] [rebo replan]: -------------------------------------186
[scan_planner_node-2] start:  2.51 0.626 0.366,  0.685 -0.382 0.0131
[scan_planner_node-2] goal:   4    0 0.35, 0 0 0
[scan_planner_node-2] [WARN] [1786641654.220597277] [bspline_opt]: First three control points are in obstacles; t=0.000000
[scan_planner_node-2]  2.51 0.618 0.364
[scan_planner_node-2]  2.74 0.521 0.368
[scan_planner_node-2]  2.95 0.467 0.359
[scan_planner_node-2]  3.15 0.436 0.361
[scan_planner_node-2] first_optimize_step_success=0
[scan_planner_node-2] final_plan_success=0
[scan_planner_node-2] [FSM]: from REPLAN_TRAJ to REPLAN_TRAJ
[scan_planner_node-2] [WARN] [1786641654.220680133] [bspline_opt]: First three control points are in obstacles; t=0.000000
[scan_planner_node-2] 
[scan_planner_node-2] [rebo replan]: -------------------------------------187
[scan_planner_node-2] start:  2.51 0.626 0.366,  0.686 -0.377  0.013
[scan_planner_node-2] goal:   4    0 0.35, 0 0 0
[scan_planner_node-2]  2.51 0.618 0.364
[scan_planner_node-2]  2.74 0.523 0.368
[scan_planner_node-2]  2.96 0.451 0.359
[scan_planner_node-2]  3.17 0.387  0.36
[scan_planner_node-2] first_optimize_step_success=0
[scan_planner_node-2] final_plan_success=0
[scan_planner_node-2] 
[scan_planner_node-2] [rebo replan]: -------------------------------------188
[scan_planner_node-2] start:  2.51 0.626 0.366,  0.686 -0.377  0.013
[scan_planner_node-2] goal:   4    0 0.35, 0 0 0
[scan_planner_node-2] [WARN] [1786641654.230590788] [bspline_opt]: First three control points are in obstacles; t=0.000000
[scan_planner_node-2]  2.51 0.618 0.364
[scan_planner_node-2]  2.74 0.523 0.368
[scan_planner_node-2]  2.95  0.46 0.359
[scan_planner_node-2]  3.15 0.409 0.361
[scan_planner_node-2] first_optimize_step_success=0
[scan_planner_node-2] final_plan_success=0
[scan_planner_node-2] [FSM]: from REPLAN_TRAJ to REPLAN_TRAJ
[scan_planner_node-2] [WARN] [1786641654.230668364] [bspline_opt]: First three control points are in obstacles; t=0.000000
[scan_planner_node-2] 
[scan_planner_node-2] [rebo replan]: -------------------------------------189
[scan_planner_node-2] start:  2.51 0.626 0.366,  0.686 -0.372  0.013
[scan_planner_node-2] goal:   4    0 0.35, 0 0 0
[scan_planner_node-2]  2.51 0.618 0.364
[scan_planner_node-2]  2.74 0.524 0.368
[scan_planner_node-2]  2.96 0.454 0.359
[scan_planner_node-2] 3.17 0.39 0.36
[scan_planner_node-2] first_optimize_step_success=0
[scan_planner_node-2] final_plan_success=0
[scan_planner_node-2] 
[scan_planner_node-2] [rebo replan]: -------------------------------------190
[scan_planner_node-2] start:  2.51 0.626 0.366,  0.686 -0.372  0.013
[scan_planner_node-2] goal:   4    0 0.35, 0 0 0
[scan_planner_node-2]  2.51 0.617 0.364
[scan_planner_node-2]  2.73 0.524 0.368
[scan_planner_node-2]  2.96 0.424  0.36
[scan_planner_node-2]  3.16 0.302 0.362
[scan_planner_node-2] first_optimize_step_success=0
[scan_planner_node-2] final_plan_success=0
[scan_planner_node-2] [FSM]: from REPLAN_TRAJ to REPLAN_TRAJ
[scan_planner_node-2] [WARN] [1786641654.240619906] [bspline_opt]: First three control points are in obstacles; t=0.000000
[scan_planner_node-2] [WARN] [1786641654.240736405] [bspline_opt]: First three control points are in obstacles; t=0.000000
[scan_planner_node-2] 
[scan_planner_node-2] [rebo replan]: -------------------------------------191
[scan_planner_node-2] start:  2.52 0.612 0.282,  0.686 -0.367  0.013
[scan_planner_node-2] goal:   4    0 0.35, 0 0 0
[scan_planner_node-2]  2.52 0.604 0.284
[scan_planner_node-2]  2.74 0.512 0.288
[scan_planner_node-2]  2.97 0.442 0.304
[scan_planner_node-2] 3.18 0.38 0.31
[scan_planner_node-2] first_optimize_step_success=0
[scan_planner_node-2] final_plan_success=0
[scan_planner_node-2] 
[scan_planner_node-2] [rebo replan]: -------------------------------------192
[scan_planner_node-2] start:  2.52 0.612 0.282,  0.686 -0.367  0.013
[scan_planner_node-2] goal:   4    0 0.35, 0 0 0
[scan_planner_node-2] [WARN] [1786641654.250606064] [bspline_opt]: First three control points are in obstacles; t=0.000000
[scan_planner_node-2]  2.52 0.604 0.283
[scan_planner_node-2]  2.74 0.512 0.287
[scan_planner_node-2]  2.94 0.451 0.299
[scan_planner_node-2]   3.1 0.397 0.302
[scan_planner_node-2] first_optimize_step_success=0
[scan_planner_node-2] final_plan_success=0
[scan_planner_node-2] [FSM]: from REPLAN_TRAJ to REPLAN_TRAJ
[scan_planner_node-2] [WARN] [1786641654.250740616] [bspline_opt]: First three control points are in obstacles; t=0.000000
[scan_planner_node-2] 
[scan_planner_node-2] [rebo replan]: -------------------------------------193
[scan_planner_node-2] start:  2.52 0.612 0.282,  0.687 -0.362 0.0129
[scan_planner_node-2] goal:   4    0 0.35, 0 0 0
[scan_planner_node-2]  2.52 0.604 0.284
[scan_planner_node-2]  2.74 0.513 0.288
[scan_planner_node-2]  2.96 0.445 0.304
[scan_planner_node-2]  3.18 0.383  0.31
[scan_planner_node-2] first_optimize_step_success=0
[scan_planner_node-2] final_plan_success=0
[scan_planner_node-2] 
[scan_planner_node-2] [rebo replan]: -------------------------------------194
[scan_planner_node-2] start:  2.52 0.612 0.282,  0.687 -0.362 0.0129
[scan_planner_node-2] goal:   4    0 0.35, 0 0 0
[scan_planner_node-2] [WARN] [1786641654.260590688] [bspline_opt]: First three control points are in obstacles; t=0.000000
[scan_planner_node-2]  2.52 0.604 0.283
[scan_planner_node-2]  2.74 0.514 0.287
[scan_planner_node-2]  2.94 0.455 0.297
[scan_planner_node-2]  3.12 0.405 0.301
[scan_planner_node-2] first_optimize_step_success=0
[scan_planner_node-2] final_plan_success=0
[scan_planner_node-2] [FSM]: from REPLAN_TRAJ to REPLAN_TRAJ
[scan_planner_node-2] [WARN] [1786641654.260673343] [bspline_opt]: First three control points are in obstacles; t=0.000000
[scan_planner_node-2] 
[scan_planner_node-2] [rebo replan]: -------------------------------------195
[scan_planner_node-2] start:  2.52 0.612 0.282,  0.687 -0.357 0.0129
[scan_planner_node-2] goal:   4    0 0.35, 0 0 0
[scan_planner_node-2]  2.52 0.604 0.284
[scan_planner_node-2]  2.74 0.515 0.288
[scan_planner_node-2]  2.96 0.447 0.304
[scan_planner_node-2]  3.18 0.386  0.31
[scan_planner_node-2] first_optimize_step_success=0
[scan_planner_node-2] final_plan_success=0
[scan_planner_node-2] 
[scan_planner_node-2] [rebo replan]: -------------------------------------196
[scan_planner_node-2] start:  2.52 0.612 0.282,  0.687 -0.357 0.0129
[scan_planner_node-2] goal:   4    0 0.35, 0 0 0
[scan_planner_node-2] [WARN] [1786641654.270600600] [bspline_opt]: First three control points are in obstacles; t=0.000000
[scan_planner_node-2]  2.52 0.604 0.283
[scan_planner_node-2]  2.74 0.515 0.287
[scan_planner_node-2]  2.94 0.457 0.298
[scan_planner_node-2]   3.1 0.411 0.302
[scan_planner_node-2] first_optimize_step_success=0
[scan_planner_node-2] final_plan_success=0
[scan_planner_node-2] [FSM]: from REPLAN_TRAJ to REPLAN_TRAJ
[scan_planner_node-2] [WARN] [1786641654.270689817] [bspline_opt]: First three control points are in obstacles; t=0.000000
[scan_planner_node-2] 
[scan_planner_node-2] [rebo replan]: -------------------------------------197
[scan_planner_node-2] start:  2.52 0.612 0.282,  0.687 -0.352 0.0129
[scan_planner_node-2] goal:   4    0 0.35, 0 0 0
[scan_planner_node-2]  2.52 0.604 0.283
[scan_planner_node-2]  2.74 0.516 0.288
[scan_planner_node-2]  2.96  0.45 0.304
[scan_planner_node-2]  3.18 0.389  0.31
[scan_planner_node-2] first_optimize_step_success=0
[scan_planner_node-2] final_plan_success=0
[scan_planner_node-2] 
[scan_planner_node-2] [rebo replan]: -------------------------------------198
[scan_planner_node-2] start:  2.52 0.612 0.282,  0.687 -0.352 0.0129
[scan_planner_node-2] goal:   4    0 0.35, 0 0 0
[scan_planner_node-2]  2.52 0.604 0.283
[scan_planner_node-2]  2.74 0.517 0.288
[scan_planner_node-2]  2.96  0.46 0.301
[scan_planner_node-2]  3.17 0.418 0.303
[scan_planner_node-2] first_optimize_step_success=0
[scan_planner_node-2] final_plan_success=0
[scan_planner_node-2] [FSM]: from REPLAN_TRAJ to REPLAN_TRAJ
[scan_planner_node-2] [WARN] [1786641654.280588360] [bspline_opt]: First three control points are in obstacles; t=0.000000
[scan_planner_node-2] [WARN] [1786641654.280667258] [bspline_opt]: First three control points are in obstacles; t=0.000000
[scan_planner_node-2] 
[scan_planner_node-2] [rebo replan]: -------------------------------------199
[scan_planner_node-2] start:  2.52 0.612 0.282,  0.687 -0.347 0.0128
[scan_planner_node-2] goal:   4    0 0.35, 0 0 0
[scan_planner_node-2]  2.52 0.604 0.283
[scan_planner_node-2]  2.74 0.518 0.288
[scan_planner_node-2]  2.96 0.452 0.304
[scan_planner_node-2]  3.18 0.392  0.31
[scan_planner_node-2] first_optimize_step_success=0
[scan_planner_node-2] final_plan_success=0
[scan_planner_node-2] 
[scan_planner_node-2] [rebo replan]: -------------------------------------200
[scan_planner_node-2] start:  2.52 0.612 0.282,  0.687 -0.347 0.0128
[scan_planner_node-2] goal:   4    0 0.35, 0 0 0
[scan_planner_node-2] [WARN] [1786641654.290587973] [bspline_opt]: First three control points are in obstacles; t=0.000000
[scan_planner_node-2]  2.52 0.604 0.283
[scan_planner_node-2]  2.74 0.518 0.287
[scan_planner_node-2]  2.94 0.457 0.299
[scan_planner_node-2]  3.12 0.399 0.302
[scan_planner_node-2] first_optimize_step_success=0
[scan_planner_node-2] final_plan_success=0
[scan_planner_node-2] [FSM]: from REPLAN_TRAJ to REPLAN_TRAJ
[scan_planner_node-2] [WARN] [1786641654.290671840] [bspline_opt]: First three control points are in obstacles; t=0.000000
[scan_planner_node-2] 
[scan_planner_node-2] [rebo replan]: -------------------------------------201
[scan_planner_node-2] start:  2.52 0.612 0.282,  0.687 -0.342 0.0128
[scan_planner_node-2] goal:   4    0 0.35, 0 0 0
[scan_planner_node-2]  2.52 0.604 0.283
[scan_planner_node-2]  2.74 0.519 0.288
[scan_planner_node-2]  2.96 0.455 0.304
[scan_planner_node-2]  3.17 0.394  0.31
[scan_planner_node-2] first_optimize_step_success=0
[scan_planner_node-2] final_plan_success=0
[scan_planner_node-2] 
[scan_planner_node-2] [rebo replan]: -------------------------------------202
[scan_planner_node-2] start:  2.52 0.612 0.282,  0.687 -0.342 0.0128
[scan_planner_node-2] goal:   4    0 0.35, 0 0 0
[scan_planner_node-2]  2.52 0.605 0.283
[scan_planner_node-2]  2.74  0.52 0.287
[scan_planner_node-2]  2.94 0.479 0.297
[scan_planner_node-2]   3.1 0.456 0.302
[scan_planner_node-2] first_optimize_step_success=0
[scan_planner_node-2] final_plan_success=0
[scan_planner_node-2] [FSM]: from REPLAN_TRAJ to REPLAN_TRAJ
[scan_planner_node-2] [WARN] [1786641654.300600329] [bspline_opt]: First three control points are in obstacles; t=0.000000
[scan_planner_node-2] [WARN] [1786641654.300682724] [bspline_opt]: First three control points are in obstacles; t=0.000000
[scan_planner_node-2] 
[scan_planner_node-2] [rebo replan]: -------------------------------------203
[scan_planner_node-2] start:  2.52 0.612 0.282,  0.687 -0.337 0.0128
[scan_planner_node-2] goal:   4    0 0.35, 0 0 0
[scan_planner_node-2]  2.52 0.604 0.283
[scan_planner_node-2]  2.74 0.521 0.288
[scan_planner_node-2]  2.96 0.457 0.304
[scan_planner_node-2]  3.17 0.397  0.31
[scan_planner_node-2] first_optimize_step_success=0
[scan_planner_node-2] final_plan_success=0
[scan_planner_node-2] 
[scan_planner_node-2] [rebo replan]: -------------------------------------204
[scan_planner_node-2] start:  2.52 0.612 0.282,  0.687 -0.337 0.0128
[scan_planner_node-2] goal:   4    0 0.35, 0 0 0
[scan_planner_node-2] [WARN] [1786641654.310626501] [bspline_opt]: First three control points are in obstacles; t=0.000000
[scan_planner_node-2]  2.52 0.604 0.283
[scan_planner_node-2]  2.74 0.521 0.287
[scan_planner_node-2]  2.94  0.46 0.298
[scan_planner_node-2]   3.1 0.408 0.302
[scan_planner_node-2] first_optimize_step_success=0
[scan_planner_node-2] final_plan_success=0
[scan_planner_node-2] [FSM]: from REPLAN_TRAJ to REPLAN_TRAJ
[scan_planner_node-2] [WARN] [1786641654.310749452] [bspline_opt]: First three control points are in obstacles; t=0.000000
[scan_planner_node-2] 
[scan_planner_node-2] [rebo replan]: -------------------------------------205
[scan_planner_node-2] start:  2.52 0.612 0.282,  0.687 -0.332 0.0127
[scan_planner_node-2] goal:   4    0 0.35, 0 0 0
[scan_planner_node-2]  2.52 0.604 0.283
[scan_planner_node-2]  2.74 0.522 0.288
[scan_planner_node-2]  2.96 0.459 0.304
[scan_planner_node-2] 3.17  0.4 0.31
[scan_planner_node-2] first_optimize_step_success=0
[scan_planner_node-2] final_plan_success=0
[scan_planner_node-2] 
[scan_planner_node-2] [rebo replan]: -------------------------------------206
[scan_planner_node-2] start:  2.52 0.612 0.282,  0.687 -0.332 0.0127
[scan_planner_node-2] goal:   4    0 0.35, 0 0 0
[scan_planner_node-2] [WARN] [1786641654.320597901] [bspline_opt]: First three control points are in obstacles; t=0.000000
[scan_planner_node-2]  2.52 0.604 0.283
[scan_planner_node-2]  2.74 0.523 0.287
[scan_planner_node-2]  2.94 0.461   0.3
[scan_planner_node-2]  3.12 0.402 0.303
[scan_planner_node-2] first_optimize_step_success=0
[scan_planner_node-2] final_plan_success=0
[scan_planner_node-2] [FSM]: from REPLAN_TRAJ to REPLAN_TRAJ
[scan_planner_node-2] [WARN] [1786641654.320688201] [bspline_opt]: First three control points are in obstacles; t=0.000000
[scan_planner_node-2] 
[scan_planner_node-2] [rebo replan]: -------------------------------------207
[scan_planner_node-2] start:  2.52 0.612 0.282,  0.687 -0.328 0.0127
[scan_planner_node-2] goal:   4    0 0.35, 0 0 0
[scan_planner_node-2]  2.52 0.604 0.283
[scan_planner_node-2]  2.74 0.523 0.288
[scan_planner_node-2]  2.96 0.462 0.304
[scan_planner_node-2]  3.17 0.403  0.31
[scan_planner_node-2] first_optimize_step_success=0
[scan_planner_node-2] final_plan_success=0
[scan_planner_node-2] 
[scan_planner_node-2] [rebo replan]: -------------------------------------208
[scan_planner_node-2] start:  2.52 0.612 0.282,  0.687 -0.328 0.0127
[scan_planner_node-2] goal:   4    0 0.35, 0 0 0
[scan_planner_node-2] [WARN] [1786641654.330586463] [bspline_opt]: First three control points are in obstacles; t=0.000000
[scan_planner_node-2]  2.52 0.605 0.283
[scan_planner_node-2]  2.74 0.524 0.287
[scan_planner_node-2]  2.94 0.467 0.297
[scan_planner_node-2]  3.12 0.421 0.302
[scan_planner_node-2] first_optimize_step_success=0
[scan_planner_node-2] final_plan_success=0
[scan_planner_node-2] [FSM]: from REPLAN_TRAJ to REPLAN_TRAJ
[scan_planner_node-2] [WARN] [1786641654.330665271] [bspline_opt]: First three control points are in obstacles; t=0.000000
[scan_planner_node-2] 
[scan_planner_node-2] [rebo replan]: -------------------------------------209
[scan_planner_node-2] start:  2.52 0.612 0.282,  0.687 -0.323 0.0127
[scan_planner_node-2] goal:   4    0 0.35, 0 0 0
[scan_planner_node-2]  2.52 0.604 0.283
[scan_planner_node-2]  2.74 0.525 0.287
[scan_planner_node-2]  2.96 0.464 0.303
[scan_planner_node-2]  3.17 0.406  0.31
[scan_planner_node-2] first_optimize_step_success=0
[scan_planner_node-2] final_plan_success=0
[scan_planner_node-2] 
[scan_planner_node-2] [rebo replan]: -------------------------------------210
[scan_planner_node-2] start:  2.52 0.612 0.282,  0.687 -0.323 0.0127
[scan_planner_node-2] goal:   4    0 0.35, 0 0 0
[scan_planner_node-2] [WARN] [1786641654.340589031] [bspline_opt]: First three control points are in obstacles; t=0.000000
[scan_planner_node-2]  2.52 0.604 0.283
[scan_planner_node-2]  2.74 0.525 0.287
[scan_planner_node-2]  2.95 0.476 0.301
[scan_planner_node-2]  3.15 0.435 0.303
[scan_planner_node-2] first_optimize_step_success=0
[scan_planner_node-2] final_plan_success=0
[scan_planner_node-2] [FSM]: from REPLAN_TRAJ to REPLAN_TRAJ
[scan_planner_node-2] [WARN] [1786641654.340663471] [bspline_opt]: First three control points are in obstacles; t=0.000000
[scan_planner_node-2] 
[scan_planner_node-2] [rebo replan]: -------------------------------------211
[scan_planner_node-2] start:  2.52 0.612 0.282,  0.687 -0.318 0.0126
[scan_planner_node-2] goal:   4    0 0.35, 0 0 0
[scan_planner_node-2]  2.52 0.604 0.283
[scan_planner_node-2]  2.74 0.526 0.287
[scan_planner_node-2]  2.96 0.466 0.303
[scan_planner_node-2]  3.17 0.409  0.31
[scan_planner_node-2] first_optimize_step_success=0
[scan_planner_node-2] final_plan_success=0
[scan_planner_node-2] 
[scan_planner_node-2] [rebo replan]: -------------------------------------212
[scan_planner_node-2] start:  2.52 0.612 0.282,  0.687 -0.318 0.0126
[scan_planner_node-2] goal:   4    0 0.35, 0 0 0
[scan_planner_node-2]  2.52 0.605 0.283
[scan_planner_node-2]  2.74 0.527 0.287
[scan_planner_node-2]  2.94 0.473 0.298
[scan_planner_node-2]   3.1 0.422 0.302
[scan_planner_node-2] first_optimize_step_success=0
[scan_planner_node-2] final_plan_success=0
[scan_planner_node-2] [FSM]: from REPLAN_TRAJ to REPLAN_TRAJ
[scan_planner_node-2] [WARN] [1786641654.350603722] [bspline_opt]: First three control points are in obstacles; t=0.000000
[scan_planner_node-2] [WARN] [1786641654.350693671] [bspline_opt]: First three control points are in obstacles; t=0.000000
[scan_planner_node-2] 
[scan_planner_node-2] [rebo replan]: -------------------------------------213
[scan_planner_node-2] start:  2.52 0.612 0.282,  0.687 -0.313 0.0126
[scan_planner_node-2] goal:   4    0 0.35, 0 0 0
[scan_planner_node-2]  2.52 0.604 0.283
[scan_planner_node-2]  2.74 0.528 0.287
[scan_planner_node-2]  2.96 0.469 0.303
[scan_planner_node-2]  3.17 0.411  0.31
[scan_planner_node-2] first_optimize_step_success=0
[scan_planner_node-2] final_plan_success=0
[scan_planner_node-2] 
[scan_planner_node-2] [rebo replan]: -------------------------------------214
[scan_planner_node-2] start:  2.52 0.612 0.282,  0.687 -0.313 0.0126
[scan_planner_node-2] goal:   4    0 0.35, 0 0 0
[scan_planner_node-2] [WARN] [1786641654.360590170] [bspline_opt]: First three control points are in obstacles; t=0.000000
[scan_planner_node-2]  2.52 0.604 0.283
[scan_planner_node-2]  2.74 0.527 0.287
[scan_planner_node-2]  2.96 0.442 0.297
[scan_planner_node-2]  3.17  0.33 0.301
[scan_planner_node-2] first_optimize_step_success=0
[scan_planner_node-2] final_plan_success=0
[scan_planner_node-2] [FSM]: from REPLAN_TRAJ to REPLAN_TRAJ
[scan_planner_node-2] [WARN] [1786641654.360678626] [bspline_opt]: First three control points are in obstacles; t=0.000000
[scan_planner_node-2] 
[scan_planner_node-2] [rebo replan]: -------------------------------------215
[scan_planner_node-2] start:  2.55 0.618 0.263,  0.687 -0.309 0.0126
[scan_planner_node-2] goal:   4    0 0.35, 0 0 0
[scan_planner_node-2]  2.55  0.61 0.265
[scan_planner_node-2]  2.77 0.535 0.269
[scan_planner_node-2]  2.98 0.476 0.291
[scan_planner_node-2]  3.19 0.418 0.298
[scan_planner_node-2] first_optimize_step_success=0
[scan_planner_node-2] final_plan_success=0
[scan_planner_node-2] 
[scan_planner_node-2] [rebo replan]: -------------------------------------216
[scan_planner_node-2] start:  2.55 0.618 0.263,  0.687 -0.309 0.0126
[scan_planner_node-2] goal:   4    0 0.35, 0 0 0
[scan_planner_node-2] [WARN] [1786641654.370595553] [bspline_opt]: First three control points are in obstacles; t=0.000000
[scan_planner_node-2]  2.55 0.609 0.265
[scan_planner_node-2]  2.77 0.534 0.269
[scan_planner_node-2]  2.98 0.453 0.285
[scan_planner_node-2]  3.18 0.351 0.288
[scan_planner_node-2] first_optimize_step_success=0
[scan_planner_node-2] final_plan_success=0
[scan_planner_node-2] [FSM]: from REPLAN_TRAJ to REPLAN_TRAJ
[scan_planner_node-2] [WARN] [1786641654.370679771] [bspline_opt]: First three control points are in obstacles; t=0.000000
[scan_planner_node-2] 
[scan_planner_node-2] [rebo replan]: -------------------------------------217
[scan_planner_node-2] start:  2.55 0.618 0.263,  0.686 -0.304 0.0125
[scan_planner_node-2] goal:   4    0 0.35, 0 0 0
[scan_planner_node-2]  2.55  0.61 0.265
[scan_planner_node-2]  2.77 0.536 0.269
[scan_planner_node-2]  2.98 0.478 0.291
[scan_planner_node-2]  3.19 0.421 0.298
[scan_planner_node-2] first_optimize_step_success=0
[scan_planner_node-2] final_plan_success=0
[scan_planner_node-2] 
[scan_planner_node-2] [rebo replan]: -------------------------------------218
[scan_planner_node-2] start:  2.55 0.618 0.263,  0.686 -0.304 0.0125
[scan_planner_node-2] goal:   4    0 0.35, 0 0 0
[scan_planner_node-2] [WARN] [1786641654.380601698] [bspline_opt]: First three control points are in obstacles; t=0.000000
[scan_planner_node-2]  2.55 0.609 0.265
[scan_planner_node-2]  2.77 0.536 0.269
[scan_planner_node-2]  2.98 0.454 0.285
[scan_planner_node-2]  3.18 0.348 0.288
[scan_planner_node-2] first_optimize_step_success=0
[scan_planner_node-2] final_plan_success=0
[scan_planner_node-2] [FSM]: from REPLAN_TRAJ to REPLAN_TRAJ
[scan_planner_node-2] [WARN] [1786641654.380689803] [bspline_opt]: First three control points are in obstacles; t=0.000000
[scan_planner_node-2] 
[scan_planner_node-2] [rebo replan]: -------------------------------------219
[scan_planner_node-2] start:  2.55 0.618 0.263,  0.686   -0.3 0.0125
[scan_planner_node-2] goal:   4    0 0.35, 0 0 0
[scan_planner_node-2]  2.55  0.61 0.265
[scan_planner_node-2]  2.77 0.537 0.269
[scan_planner_node-2]  2.98 0.481 0.291
[scan_planner_node-2]  3.19 0.423 0.298
[scan_planner_node-2] first_optimize_step_success=0
[scan_planner_node-2] final_plan_success=0
[scan_planner_node-2] 
[scan_planner_node-2] [rebo replan]: -------------------------------------220
[scan_planner_node-2] start:  2.55 0.618 0.263,  0.686   -0.3 0.0125
[scan_planner_node-2] goal:   4    0 0.35, 0 0 0
[scan_planner_node-2]  2.55  0.61 0.265
[scan_planner_node-2]  2.77 0.537 0.269
[scan_planner_node-2]  2.98 0.467 0.286
[scan_planner_node-2]  3.17 0.382 0.288
[scan_planner_node-2] [WARN] [1786641654.390599868] [bspline_opt]: First three control points are in obstacles; t=0.000000
[scan_planner_node-2] [WARN] [1786641654.390684867] [bspline_opt]: First three control points are in obstacles; t=0.000000
[scan_planner_node-2] first_optimize_step_success=0
[scan_planner_node-2] final_plan_success=0
[scan_planner_node-2] [FSM]: from REPLAN_TRAJ to REPLAN_TRAJ
[scan_planner_node-2] 
[scan_planner_node-2] [rebo replan]: -------------------------------------221
[scan_planner_node-2] start:  2.55 0.618 0.263,  0.686 -0.295 0.0125
[scan_planner_node-2] goal:   4    0 0.35, 0 0 0
[scan_planner_node-2]  2.55  0.61 0.265
[scan_planner_node-2]  2.77 0.539 0.269
[scan_planner_node-2]  2.98 0.483 0.291
[scan_planner_node-2]  3.19 0.426 0.298
[scan_planner_node-2] first_optimize_step_success=0
[scan_planner_node-2] final_plan_success=0
[scan_planner_node-2] 
[scan_planner_node-2] [rebo replan]: -------------------------------------222
[scan_planner_node-2] start:  2.55 0.618 0.263,  0.686 -0.295 0.0125
[scan_planner_node-2] goal:   4    0 0.35, 0 0 0
[scan_planner_node-2]  2.55  0.61 0.265
[scan_planner_node-2]  2.77 0.538 0.269
[scan_planner_node-2]  2.98 0.458 0.284
[scan_planner_node-2]  3.18 0.353 0.287
[scan_planner_node-2] first_optimize_step_success=0
[scan_planner_node-2] final_plan_success=0
[scan_planner_node-2] [FSM]: from REPLAN_TRAJ to REPLAN_TRAJ
[scan_planner_node-2] [WARN] [1786641654.400600652] [bspline_opt]: First three control points are in obstacles; t=0.000000
[scan_planner_node-2] [WARN] [1786641654.400689409] [bspline_opt]: First three control points are in obstacles; t=0.000000
[scan_planner_node-2] 
[scan_planner_node-2] [rebo replan]: -------------------------------------223
[scan_planner_node-2] start:  2.55 0.618 0.263,  0.685  -0.29 0.0124
[scan_planner_node-2] goal:   4    0 0.35, 0 0 0
[scan_planner_node-2]  2.55  0.61 0.265
[scan_planner_node-2]  2.77  0.54 0.269
[scan_planner_node-2]  2.98 0.485 0.291
[scan_planner_node-2]  3.19 0.429 0.298
[scan_planner_node-2] first_optimize_step_success=0
[scan_planner_node-2] final_plan_success=0
[scan_planner_node-2] 
[scan_planner_node-2] [rebo replan]: -------------------------------------224
[scan_planner_node-2] start:  2.55 0.618 0.263,  0.685  -0.29 0.0124
[scan_planner_node-2] goal:   4    0 0.35, 0 0 0
[scan_planner_node-2] [WARN] [1786641654.410599574] [bspline_opt]: First three control points are in obstacles; t=0.000000
[scan_planner_node-2]  2.55  0.61 0.265
[scan_planner_node-2]  2.77  0.54 0.269
[scan_planner_node-2]  2.98 0.502 0.287
[scan_planner_node-2]  3.19 0.475 0.289
[scan_planner_node-2] first_optimize_step_success=0
[scan_planner_node-2] final_plan_success=0
[scan_planner_node-2] [FSM]: from REPLAN_TRAJ to REPLAN_TRAJ
[scan_planner_node-2] [WARN] [1786641654.410686347] [bspline_opt]: First three control points are in obstacles; t=0.000000
[scan_planner_node-2] 
[scan_planner_node-2] [rebo replan]: -------------------------------------225
[scan_planner_node-2] start:  2.55 0.618 0.263,  0.685 -0.286 0.0124
[scan_planner_node-2] goal:   4    0 0.35, 0 0 0
[scan_planner_node-2]  2.55  0.61 0.265
[scan_planner_node-2]  2.77 0.542 0.269
[scan_planner_node-2]  2.98 0.487  0.29
[scan_planner_node-2]  3.19 0.431 0.298
[scan_planner_node-2] first_optimize_step_success=0
[scan_planner_node-2] final_plan_success=0
[scan_planner_node-2] 
[scan_planner_node-2] [rebo replan]: -------------------------------------226
[scan_planner_node-2] start:  2.55 0.618 0.263,  0.685 -0.286 0.0124
[scan_planner_node-2] goal:   4    0 0.35, 0 0 0
[scan_planner_node-2] [WARN] [1786641654.420624303] [bspline_opt]: First three control points are in obstacles; t=0.000000
[scan_planner_node-2]  2.55  0.61 0.265
[scan_planner_node-2]  2.77 0.542 0.269
[scan_planner_node-2]  2.98 0.496 0.287
[scan_planner_node-2]  3.18 0.462 0.289
[scan_planner_node-2] first_optimize_step_success=0
[scan_planner_node-2] final_plan_success=0
[scan_planner_node-2] [FSM]: from REPLAN_TRAJ to REPLAN_TRAJ
[scan_planner_node-2] [WARN] [1786641654.420729661] [bspline_opt]: First three control points are in obstacles; t=0.000000
[scan_planner_node-2] 
[scan_planner_node-2] [rebo replan]: -------------------------------------227
[scan_planner_node-2] start:  2.55 0.618 0.263,  0.684 -0.281 0.0124
[scan_planner_node-2] goal:   4    0 0.35, 0 0 0
[scan_planner_node-2]  2.55  0.61 0.265
[scan_planner_node-2]  2.77 0.543 0.269
[scan_planner_node-2]  2.98 0.489  0.29
[scan_planner_node-2]  3.18 0.434 0.298
[scan_planner_node-2] first_optimize_step_success=0
[scan_planner_node-2] final_plan_success=0
[scan_planner_node-2] 
[scan_planner_node-2] [rebo replan]: -------------------------------------228
[scan_planner_node-2] start:  2.55 0.618 0.263,  0.684 -0.281 0.0124
[scan_planner_node-2] goal:   4    0 0.35, 0 0 0
[scan_planner_node-2]  2.55 0.611 0.264
[scan_planner_node-2]  2.77 0.544 0.268
[scan_planner_node-2]  2.96 0.502 0.282
[scan_planner_node-2]  3.13  0.47 0.288
[scan_planner_node-2] first_optimize_step_success=0
[scan_planner_node-2] final_plan_success=0
[scan_planner_node-2] [FSM]: from REPLAN_TRAJ to REPLAN_TRAJ
[scan_planner_node-2] [WARN] [1786641654.430618476] [bspline_opt]: First three control points are in obstacles; t=0.000000
[scan_planner_node-2] [WARN] [1786641654.430714706] [bspline_opt]: First three control points are in obstacles; t=0.000000
[scan_planner_node-2] 
[scan_planner_node-2] [rebo replan]: -------------------------------------229
[scan_planner_node-2] start:  2.55 0.618 0.263,  0.684 -0.277 0.0123
[scan_planner_node-2] goal:   4    0 0.35, 0 0 0
[scan_planner_node-2]  2.55  0.61 0.265
[scan_planner_node-2]  2.77 0.544 0.269
[scan_planner_node-2]  2.98 0.492  0.29
[scan_planner_node-2]  3.18 0.437 0.298
[scan_planner_node-2] first_optimize_step_success=0
[scan_planner_node-2] final_plan_success=0
[scan_planner_node-2] 
[scan_planner_node-2] [rebo replan]: -------------------------------------230
[scan_planner_node-2] start:  2.55 0.618 0.263,  0.684 -0.277 0.0123
[scan_planner_node-2] goal:   4    0 0.35, 0 0 0
[scan_planner_node-2] [WARN] [1786641654.440614542] [bspline_opt]: First three control points are in obstacles; t=0.000000
[scan_planner_node-2]  2.55  0.61 0.265
[scan_planner_node-2]  2.77 0.544 0.269
[scan_planner_node-2]  2.97 0.505 0.287
[scan_planner_node-2]  3.17 0.473 0.289
[scan_planner_node-2] first_optimize_step_success=0
[scan_planner_node-2] final_plan_success=0
[scan_planner_node-2] [FSM]: from REPLAN_TRAJ to REPLAN_TRAJ
[scan_planner_node-2] [WARN] [1786641654.440709780] [bspline_opt]: First three control points are in obstacles; t=0.000000
[scan_planner_node-2] 
[scan_planner_node-2] [rebo replan]: -------------------------------------231
[scan_planner_node-2] start:  2.55 0.618 0.263,  0.683 -0.273 0.0123
[scan_planner_node-2] goal:   4    0 0.35, 0 0 0
[scan_planner_node-2]  2.55  0.61 0.265
[scan_planner_node-2]  2.77 0.545 0.269
[scan_planner_node-2]  2.98 0.494  0.29
[scan_planner_node-2]  3.18 0.439 0.297
[scan_planner_node-2] first_optimize_step_success=0
[scan_planner_node-2] final_plan_success=0
[scan_planner_node-2] 
[scan_planner_node-2] [rebo replan]: -------------------------------------232
[scan_planner_node-2] start:  2.55 0.618 0.263,  0.683 -0.273 0.0123
[scan_planner_node-2] goal:   4    0 0.35, 0 0 0
[scan_planner_node-2] [WARN] [1786641654.450594237] [bspline_opt]: First three control points are in obstacles; t=0.000000
[scan_planner_node-2]  2.55  0.61 0.264
[scan_planner_node-2]  2.76 0.545 0.268
[scan_planner_node-2]  2.98 0.466 0.282
[scan_planner_node-2]  3.18 0.356 0.286
[scan_planner_node-2] first_optimize_step_success=0
[scan_planner_node-2] final_plan_success=0
[scan_planner_node-2] [FSM]: from REPLAN_TRAJ to REPLAN_TRAJ
[scan_planner_node-2] [WARN] [1786641654.450692020] [bspline_opt]: First three control points are in obstacles; t=0.000000
[scan_planner_node-2] 
[scan_planner_node-2] [rebo replan]: -------------------------------------233
[scan_planner_node-2] start:  2.55 0.618 0.263,  0.682 -0.268 0.0122
[scan_planner_node-2] goal:   4    0 0.35, 0 0 0
[scan_planner_node-2]  2.55  0.61 0.265
[scan_planner_node-2]  2.77 0.547 0.269
[scan_planner_node-2]  2.98 0.496  0.29
[scan_planner_node-2]  3.18 0.442 0.297
[scan_planner_node-2] first_optimize_step_success=0
[scan_planner_node-2] final_plan_success=0
[scan_planner_node-2] 
[scan_planner_node-2] [rebo replan]: -------------------------------------234
[scan_planner_node-2] [WARN] [1786641654.460639485] [bspline_opt]: First three control points are in obstacles; t=0.000000
[scan_planner_node-2] start:  2.55 0.618 0.263,  0.682 -0.268 0.0122
[scan_planner_node-2] goal:   4    0 0.35, 0 0 0
[scan_planner_node-2]  2.55  0.61 0.265
[scan_planner_node-2]  2.76 0.547 0.269
[scan_planner_node-2]  2.98 0.512 0.287
[scan_planner_node-2]  3.18 0.485 0.289
[scan_planner_node-2] first_optimize_step_success=0
[scan_planner_node-2] final_plan_success=0
[scan_planner_node-2] [FSM]: from REPLAN_TRAJ to REPLAN_TRAJ
[scan_planner_node-2] [WARN] [1786641654.460769158] [bspline_opt]: First three control points are in obstacles; t=0.000000
[scan_planner_node-2] 
[scan_planner_node-2] [rebo replan]: -------------------------------------235
[scan_planner_node-2] start:  2.55 0.618 0.263,  0.682 -0.264 0.0122
[scan_planner_node-2] goal:   4    0 0.35, 0 0 0
[scan_planner_node-2]  2.55  0.61 0.265
[scan_planner_node-2]  2.76 0.548 0.269
[scan_planner_node-2]  2.98 0.498  0.29
[scan_planner_node-2]  3.18 0.444 0.297
[scan_planner_node-2] first_optimize_step_success=0
[scan_planner_node-2] final_plan_success=0
[scan_planner_node-2] 
[scan_planner_node-2] [rebo replan]: -------------------------------------236
[scan_planner_node-2] start:  2.55 0.618 0.263,  0.682 -0.264 0.0122
[scan_planner_node-2] goal:   4    0 0.35, 0 0 0
[scan_planner_node-2] [WARN] [1786641654.470612217] [bspline_opt]: First three control points are in obstacles; t=0.000000
[scan_planner_node-2]  2.55  0.61 0.265
[scan_planner_node-2]  2.76 0.548 0.269
[scan_planner_node-2]  2.97 0.501 0.287
[scan_planner_node-2]  3.16 0.449 0.288
[scan_planner_node-2] first_optimize_step_success=0
[scan_planner_node-2] final_plan_success=0
[scan_planner_node-2] [FSM]: from REPLAN_TRAJ to REPLAN_TRAJ
[scan_planner_node-2] [WARN] [1786641654.470715451] [bspline_opt]: First three control points are in obstacles; t=0.000000
[scan_planner_node-2] 
[scan_planner_node-2] [rebo replan]: -------------------------------------237
[scan_planner_node-2] start:  2.62 0.605 0.311,  0.681 -0.259 0.0122
[scan_planner_node-2] goal:   4    0 0.35, 0 0 0
[scan_planner_node-2]  2.62 0.597 0.311
[scan_planner_node-2]  2.83 0.536 0.315
[scan_planner_node-2]  3.04 0.487 0.323
[scan_planner_node-2]  3.24 0.431 0.327
[scan_planner_node-2] first_optimize_step_success=0
[scan_planner_node-2] final_plan_success=0
[scan_planner_node-2] 
[scan_planner_node-2] [rebo replan]: -------------------------------------238
[scan_planner_node-2] start:  2.62 0.605 0.311,  0.681 -0.259 0.0122
[scan_planner_node-2] goal:   4    0 0.35, 0 0 0
[scan_planner_node-2]  2.62 0.598 0.311
[scan_planner_node-2]  2.83 0.537 0.315
[scan_planner_node-2]  3.01 0.496  0.32
[scan_planner_node-2]  3.16 0.464 0.323
[scan_planner_node-2] first_optimize_step_success=0
[scan_planner_node-2] final_plan_success=0
[scan_planner_node-2] [FSM]: from REPLAN_TRAJ to REPLAN_TRAJ
[scan_planner_node-2] [WARN] [1786641654.480615827] [bspline_opt]: First three control points are in obstacles; t=0.000000
[scan_planner_node-2] [WARN] [1786641654.480711306] [bspline_opt]: First three control points are in obstacles; t=0.000000
[scan_planner_node-2] 
[scan_planner_node-2] [rebo replan]: -------------------------------------239
[scan_planner_node-2] start:  2.62 0.605 0.311,   0.68 -0.255 0.0121
[scan_planner_node-2] goal:   4    0 0.35, 0 0 0
[scan_planner_node-2]  2.62 0.597 0.311
[scan_planner_node-2]  2.83 0.538 0.315
[scan_planner_node-2]  3.04 0.489 0.323
[scan_planner_node-2]  3.24 0.433 0.327
[scan_planner_node-2] first_optimize_step_success=0
[scan_planner_node-2] final_plan_success=0
[scan_planner_node-2] 
[scan_planner_node-2] [rebo replan]: -------------------------------------240
[scan_planner_node-2] start:  2.62 0.605 0.311,   0.68 -0.255 0.0121
[scan_planner_node-2] goal:   4    0 0.35, 0 0 0
[scan_planner_node-2] [WARN] [1786641654.490605060] [bspline_opt]: First three control points are in obstacles; t=0.000000
[scan_planner_node-2]  2.62 0.597 0.311
[scan_planner_node-2]  2.83 0.537 0.315
[scan_planner_node-2]  3.03 0.452 0.318
[scan_planner_node-2]  3.21 0.327 0.322
[scan_planner_node-2] first_optimize_step_success=0
[scan_planner_node-2] final_plan_success=0
[scan_planner_node-2] [FSM]: from REPLAN_TRAJ to REPLAN_TRAJ
[scan_planner_node-2] [WARN] [1786641654.490694699] [bspline_opt]: First three control points are in obstacles; t=0.000000
[scan_planner_node-2] 
[scan_planner_node-2] [rebo replan]: -------------------------------------241
[scan_planner_node-2] start:  2.62 0.605 0.311,  0.679 -0.251 0.0121
[scan_planner_node-2] goal:   4    0 0.35, 0 0 0
[scan_planner_node-2]  2.62 0.597 0.311
[scan_planner_node-2]  2.83 0.539 0.315
[scan_planner_node-2]  3.04 0.492 0.323
[scan_planner_node-2]  3.24 0.436 0.327
[scan_planner_node-2] first_optimize_step_success=0
[scan_planner_node-2] final_plan_success=0
[scan_planner_node-2] 
[scan_planner_node-2] [rebo replan]: -------------------------------------242
[scan_planner_node-2] [WARN] [1786641654.500609231] [bspline_opt]: First three control points are in obstacles; t=0.000000
[scan_planner_node-2] start:  2.62 0.605 0.311,  0.679 -0.251 0.0121
[scan_planner_node-2] goal:   4    0 0.35, 0 0 0
[scan_planner_node-2]  2.62 0.597 0.311
[scan_planner_node-2]  2.83 0.539 0.315
[scan_planner_node-2]  3.03 0.511 0.321
[scan_planner_node-2]  3.21  0.49 0.323
[scan_planner_node-2] first_optimize_step_success=0
[scan_planner_node-2] final_plan_success=0
[scan_planner_node-2] [FSM]: from REPLAN_TRAJ to REPLAN_TRAJ
[scan_planner_node-2] [WARN] [1786641654.500704119] [bspline_opt]: First three control points are in obstacles; t=0.000000
[scan_planner_node-2] 
[scan_planner_node-2] [rebo replan]: -------------------------------------243
[scan_planner_node-2] start:  2.62 0.605 0.311,  0.679 -0.247  0.012
[scan_planner_node-2] goal:   4    0 0.35, 0 0 0
[scan_planner_node-2]  2.62 0.597 0.311
[scan_planner_node-2]  2.83  0.54 0.315
[scan_planner_node-2]  3.04 0.494 0.323
[scan_planner_node-2]  3.24 0.438 0.327
[scan_planner_node-2] first_optimize_step_success=0
[scan_planner_node-2] final_plan_success=0
[scan_planner_node-2] 
[scan_planner_node-2] [rebo replan]: -------------------------------------244
[scan_planner_node-2] [WARN] [1786641654.510596440] [bspline_opt]: First three control points are in obstacles; t=0.000000
[scan_planner_node-2] start:  2.62 0.605 0.311,  0.679 -0.247  0.012
[scan_planner_node-2] goal:   4    0 0.35, 0 0 0
[scan_planner_node-2]  2.62 0.597 0.311
[scan_planner_node-2]  2.83  0.54 0.315
[scan_planner_node-2]  3.02 0.456  0.32
[scan_planner_node-2]   3.2 0.338 0.322
[scan_planner_node-2] first_optimize_step_success=0
[scan_planner_node-2] final_plan_success=0
[scan_planner_node-2] [FSM]: from REPLAN_TRAJ to REPLAN_TRAJ
[scan_planner_node-2] [WARN] [1786641654.510715764] [bspline_opt]: First three control points are in obstacles; t=0.000000
[scan_planner_node-2] 
[scan_planner_node-2] [rebo replan]: -------------------------------------245
[scan_planner_node-2] start:  2.62 0.605 0.311,  0.678 -0.242  0.012
[scan_planner_node-2] goal:   4    0 0.35, 0 0 0
[scan_planner_node-2]  2.62 0.597 0.311
[scan_planner_node-2]  2.83 0.541 0.315
[scan_planner_node-2]  3.04 0.496 0.323
[scan_planner_node-2]  3.24 0.441 0.327
[scan_planner_node-2] first_optimize_step_success=0
[scan_planner_node-2] final_plan_success=0
[scan_planner_node-2] 
[scan_planner_node-2] [rebo replan]: -------------------------------------246
[scan_planner_node-2] start:  2.62 0.605 0.311,  0.678 -0.242  0.012
[scan_planner_node-2] goal:   4    0 0.35, 0 0 0
[scan_planner_node-2] [WARN] [1786641654.520600221] [bspline_opt]: First three control points are in obstacles; t=0.000000
[scan_planner_node-2]  2.62 0.597 0.311
[scan_planner_node-2]  2.83 0.541 0.315
[scan_planner_node-2]  3.02 0.505 0.321
[scan_planner_node-2]   3.2 0.462 0.323
[scan_planner_node-2] first_optimize_step_success=0
[scan_planner_node-2] final_plan_success=0
[scan_planner_node-2] [FSM]: from REPLAN_TRAJ to REPLAN_TRAJ
[scan_planner_node-2] [WARN] [1786641654.520680522] [bspline_opt]: First three control points are in obstacles; t=0.000000
[scan_planner_node-2] 
[scan_planner_node-2] [rebo replan]: -------------------------------------247
[scan_planner_node-2] start:  2.62 0.605 0.311,  0.677 -0.238  0.012
[scan_planner_node-2] goal:   4    0 0.35, 0 0 0
[scan_planner_node-2]  2.62 0.597 0.311
[scan_planner_node-2]  2.83 0.543 0.315
[scan_planner_node-2]  3.03 0.498 0.323
[scan_planner_node-2]  3.23 0.443 0.327
[scan_planner_node-2] first_optimize_step_success=0
[scan_planner_node-2] final_plan_success=0
[scan_planner_node-2] 
[scan_planner_node-2] [rebo replan]: -------------------------------------248
[scan_planner_node-2] start:  2.62 0.605 0.311,  0.677 -0.238  0.012
[scan_planner_node-2] goal:   4    0 0.35, 0 0 0
[scan_planner_node-2] [WARN] [1786641654.530607588] [bspline_opt]: First three control points are in obstacles; t=0.000000
[scan_planner_node-2]  2.62 0.597 0.311
[scan_planner_node-2]  2.83 0.542 0.315
[scan_planner_node-2]  3.03 0.474  0.32
[scan_planner_node-2]   3.2 0.379 0.322
[scan_planner_node-2] first_optimize_step_success=0
[scan_planner_node-2] final_plan_success=0
[scan_planner_node-2] [FSM]: from REPLAN_TRAJ to REPLAN_TRAJ
[scan_planner_node-2] [WARN] [1786641654.530690433] [bspline_opt]: First three control points are in obstacles; t=0.000000
[scan_planner_node-2] 
[scan_planner_node-2] [rebo replan]: -------------------------------------249
[scan_planner_node-2] start:  2.62 0.605 0.311,  0.676 -0.234 0.0119
[scan_planner_node-2] goal:   4    0 0.35, 0 0 0
[scan_planner_node-2]  2.62 0.597 0.311
[scan_planner_node-2]  2.83 0.544 0.315
[scan_planner_node-2]  3.03   0.5 0.323
[scan_planner_node-2]  3.23 0.445 0.327
[scan_planner_node-2] first_optimize_step_success=0
[scan_planner_node-2] final_plan_success=0
[scan_planner_node-2] 
[scan_planner_node-2] [rebo replan]: -------------------------------------250
[scan_planner_node-2] start:  2.62 0.605 0.311,  0.676 -0.234 0.0119
[scan_planner_node-2] goal:   4    0 0.35, 0 0 0
[scan_planner_node-2]  2.62 0.597 0.311
[scan_planner_node-2]  2.83 0.543 0.315
[scan_planner_node-2]  3.03 0.469 0.319
[scan_planner_node-2]   3.2 0.356 0.322
[scan_planner_node-2] first_optimize_step_success=0
[scan_planner_node-2] final_plan_success=0
[scan_planner_node-2] [FSM]: from REPLAN_TRAJ to REPLAN_TRAJ
[scan_planner_node-2] [WARN] [1786641654.540613372] [bspline_opt]: First three control points are in obstacles; t=0.000000
[scan_planner_node-2] [WARN] [1786641654.540710795] [bspline_opt]: First three control points are in obstacles; t=0.000000
[scan_planner_node-2] 
[scan_planner_node-2] [rebo replan]: -------------------------------------251
[scan_planner_node-2] start:  2.62 0.605 0.311,  0.675  -0.23 0.0119
[scan_planner_node-2] goal:   4    0 0.35, 0 0 0
[scan_planner_node-2]  2.62 0.597 0.311
[scan_planner_node-2]  2.83 0.545 0.315
[scan_planner_node-2]  3.03 0.502 0.323
[scan_planner_node-2]  3.23 0.448 0.327
[scan_planner_node-2] first_optimize_step_success=0
[scan_planner_node-2] final_plan_success=0
[scan_planner_node-2] 
[scan_planner_node-2] [rebo replan]: -------------------------------------252
[scan_planner_node-2] start:  2.62 0.605 0.311,  0.675  -0.23 0.0119
[scan_planner_node-2] goal:   4    0 0.35, 0 0 0
[scan_planner_node-2]  2.62 0.597 0.311
[scan_planner_node-2]  2.83 0.544 0.315
[scan_planner_node-2]  3.03 0.468 0.318
[scan_planner_node-2]  3.21  0.35 0.322
[scan_planner_node-2] first_optimize_step_success=0
[scan_planner_node-2] final_plan_success=0
[scan_planner_node-2] [FSM]: from REPLAN_TRAJ to REPLAN_TRAJ
[scan_planner_node-2] [WARN] [1786641654.550606513] [bspline_opt]: First three control points are in obstacles; t=0.000000
[scan_planner_node-2] [WARN] [1786641654.550692284] [bspline_opt]: First three control points are in obstacles; t=0.000000
[scan_planner_node-2] 
[scan_planner_node-2] [rebo replan]: -------------------------------------253
[scan_planner_node-2] start:  2.62 0.605 0.311,  0.674 -0.226 0.0118
[scan_planner_node-2] goal:   4    0 0.35, 0 0 0
[scan_planner_node-2]  2.62 0.598 0.311
[scan_planner_node-2]  2.83 0.546 0.315
[scan_planner_node-2]  3.03 0.503 0.322
[scan_planner_node-2]  3.23 0.449 0.327
[scan_planner_node-2] first_optimize_step_success=0
[scan_planner_node-2] final_plan_success=0
[scan_planner_node-2] 
[scan_planner_node-2] [rebo replan]: -------------------------------------254
[scan_planner_node-2] start:  2.62 0.605 0.311,  0.674 -0.226 0.0118
[scan_planner_node-2] goal:   4    0 0.35, 0 0 0
[scan_planner_node-2] [WARN] [1786641654.560611465] [bspline_opt]: First three control points are in obstacles; t=0.000000
[scan_planner_node-2]  2.62 0.598 0.311
[scan_planner_node-2]  2.83 0.547 0.315
[scan_planner_node-2]  3.02 0.507 0.321
[scan_planner_node-2]  3.19 0.462 0.323
[scan_planner_node-2] first_optimize_step_success=0
[scan_planner_node-2] final_plan_success=0
[scan_planner_node-2] [FSM]: from REPLAN_TRAJ to REPLAN_TRAJ
[scan_planner_node-2] [WARN] [1786641654.560747270] [bspline_opt]: First three control points are in obstacles; t=0.000000
[scan_planner_node-2] 
[scan_planner_node-2] [rebo replan]: -------------------------------------255
[scan_planner_node-2] start:  2.62 0.605 0.311,  0.672 -0.222 0.0118
[scan_planner_node-2] goal:   4    0 0.35, 0 0 0
[scan_planner_node-2]  2.62 0.598 0.311
[scan_planner_node-2]  2.83 0.547 0.315
[scan_planner_node-2]  3.03 0.505 0.322
[scan_planner_node-2]  3.23 0.451 0.327
[scan_planner_node-2] first_optimize_step_success=0
[scan_planner_node-2] final_plan_success=0
[scan_planner_node-2] 
[scan_planner_node-2] [rebo replan]: -------------------------------------256
[scan_planner_node-2] start:  2.62 0.605 0.311,  0.672 -0.222 0.0118
[scan_planner_node-2] goal:   4    0 0.35, 0 0 0
[scan_planner_node-2]  2.62 0.598 0.311
[scan_planner_node-2]  2.83 0.548 0.315
[scan_planner_node-2]  3.03 0.523 0.321
[scan_planner_node-2]  3.21 0.497 0.323
[scan_planner_node-2] [WARN] [1786641654.570603884] [bspline_opt]: First three control points are in obstacles; t=0.000000
[scan_planner_node-2] [WARN] [1786641654.570694224] [bspline_opt]: First three control points are in obstacles; t=0.000000
[scan_planner_node-2] first_optimize_step_success=0
[scan_planner_node-2] final_plan_success=0
[scan_planner_node-2] [FSM]: from REPLAN_TRAJ to REPLAN_TRAJ
[scan_planner_node-2] 
[scan_planner_node-2] [rebo replan]: -------------------------------------257
[scan_planner_node-2] start:  2.62 0.605 0.311,  0.671 -0.218 0.0118
[scan_planner_node-2] goal:   4    0 0.35, 0 0 0
[scan_planner_node-2]  2.62 0.598 0.311
[scan_planner_node-2]  2.83 0.548 0.315
[scan_planner_node-2]  3.03 0.506 0.322
[scan_planner_node-2]  3.23 0.452 0.327
[scan_planner_node-2] first_optimize_step_success=0
[scan_planner_node-2] final_plan_success=0
[scan_planner_node-2] 
[scan_planner_node-2] [rebo replan]: -------------------------------------258
[scan_planner_node-2] start:  2.62 0.605 0.311,  0.671 -0.218 0.0118
[scan_planner_node-2] goal:   4    0 0.35, 0 0 0
[scan_planner_node-2] [WARN] [1786641654.580629445] [bspline_opt]: First three control points are in obstacles; t=0.000000
[scan_planner_node-2]  2.62 0.597 0.311
[scan_planner_node-2]  2.83 0.548 0.315
[scan_planner_node-2]  3.02 0.474 0.319
[scan_planner_node-2]   3.2  0.36 0.322
[scan_planner_node-2] first_optimize_step_success=0
[scan_planner_node-2] final_plan_success=0
[scan_planner_node-2] [FSM]: from REPLAN_TRAJ to REPLAN_TRAJ
[scan_planner_node-2] [WARN] [1786641654.580764439] [bspline_opt]: First three control points are in obstacles; t=0.000000
[scan_planner_node-2] 
[scan_planner_node-2] [rebo replan]: -------------------------------------259
[scan_planner_node-2] start:  2.62 0.605 0.311,   0.67 -0.214 0.0117
[scan_planner_node-2] goal:   4    0 0.35, 0 0 0
[scan_planner_node-2]  2.62 0.598 0.311
[scan_planner_node-2]  2.83 0.549 0.315
[scan_planner_node-2]  3.03 0.508 0.322
[scan_planner_node-2]  3.22 0.454 0.327
[scan_planner_node-2] first_optimize_step_success=0
[scan_planner_node-2] final_plan_success=0
[scan_planner_node-2] 
[scan_planner_node-2] [rebo replan]: -------------------------------------260
[scan_planner_node-2] [WARN] [1786641654.590621023] [bspline_opt]: First three control points are in obstacles; t=0.000000
[scan_planner_node-2] start:  2.62 0.605 0.311,   0.67 -0.214 0.0117
[scan_planner_node-2] goal:   4    0 0.35, 0 0 0
[scan_planner_node-2]  2.62 0.598 0.311
[scan_planner_node-2]  2.83  0.55 0.315
[scan_planner_node-2]  3.02 0.523 0.321
[scan_planner_node-2]  3.21 0.498 0.323
[scan_planner_node-2] first_optimize_step_success=0
[scan_planner_node-2] final_plan_success=0
[scan_planner_node-2] [FSM]: from REPLAN_TRAJ to REPLAN_TRAJ
[scan_planner_node-2] [WARN] [1786641654.590728424] [bspline_opt]: First three control points are in obstacles; t=0.000000
[scan_planner_node-2] 
[scan_planner_node-2] [rebo replan]: -------------------------------------261
[scan_planner_node-2] start:  2.62 0.605 0.311,  0.669  -0.21 0.0117
[scan_planner_node-2] goal:   4    0 0.35, 0 0 0
[scan_planner_node-2]  2.62 0.598 0.311
[scan_planner_node-2]  2.83  0.55 0.315
[scan_planner_node-2]  3.03 0.509 0.322
[scan_planner_node-2]  3.22 0.455 0.327
[scan_planner_node-2] first_optimize_step_success=0
[scan_planner_node-2] final_plan_success=0
[scan_planner_node-2] 
[scan_planner_node-2] [rebo replan]: -------------------------------------262
[scan_planner_node-2] start:  2.62 0.605 0.311,  0.669  -0.21 0.0117
[scan_planner_node-2] goal:   4    0 0.35, 0 0 0
[scan_planner_node-2] [WARN] [1786641654.600597792] [bspline_opt]: First three control points are in obstacles; t=0.000000
[scan_planner_node-2]  2.62 0.598 0.311
[scan_planner_node-2]  2.82  0.55 0.315
[scan_planner_node-2]  3.01 0.487  0.32
[scan_planner_node-2]  3.19 0.397 0.322
[scan_planner_node-2] first_optimize_step_success=0
[scan_planner_node-2] final_plan_success=0
[scan_planner_node-2] [FSM]: from REPLAN_TRAJ to REPLAN_TRAJ
[scan_planner_node-2] [WARN] [1786641654.600690797] [bspline_opt]: First three control points are in obstacles; t=0.000000
[scan_planner_node-2] 
[scan_planner_node-2] [rebo replan]: -------------------------------------263
[scan_planner_node-2] start:  2.62 0.605 0.311,  0.667 -0.206 0.0116
[scan_planner_node-2] goal:   4    0 0.35, 0 0 0
[scan_planner_node-2]  2.62 0.598 0.311
[scan_planner_node-2]  2.82 0.551 0.315
[scan_planner_node-2]  3.02  0.51 0.322
[scan_planner_node-2]  3.22 0.457 0.326
[scan_planner_node-2] first_optimize_step_success=0
[scan_planner_node-2] final_plan_success=0
[scan_planner_node-2] 
[scan_planner_node-2] [rebo replan]: -------------------------------------264
[scan_planner_node-2] start:  2.62 0.605 0.311,  0.667 -0.206 0.0116
[scan_planner_node-2] goal:   4    0 0.35, 0 0 0
[scan_planner_node-2]  2.62 0.598 0.311
[scan_planner_node-2]  2.82 0.551 0.315
[scan_planner_node-2]  3.01 0.463 0.319
[scan_planner_node-2]  3.19 0.335 0.322
[scan_planner_node-2] first_optimize_step_success=0
[scan_planner_node-2] final_plan_success=0
[scan_planner_node-2] [FSM]: from REPLAN_TRAJ to REPLAN_TRAJ
[scan_planner_node-2] [WARN] [1786641654.610601032] [bspline_opt]: First three control points are in obstacles; t=0.000000
[scan_planner_node-2] [WARN] [1786641654.610700048] [bspline_opt]: First three control points are in obstacles; t=0.000000
[scan_planner_node-2] 
[scan_planner_node-2] [rebo replan]: -------------------------------------265
[scan_planner_node-2] start:  2.62 0.605 0.311,  0.666 -0.203 0.0116
[scan_planner_node-2] goal:   4    0 0.35, 0 0 0
[scan_planner_node-2]  2.62 0.598 0.311
[scan_planner_node-2]  2.82 0.552 0.315
[scan_planner_node-2]  3.02 0.511 0.322
[scan_planner_node-2]  3.22 0.458 0.326
[scan_planner_node-2] first_optimize_step_success=0
[scan_planner_node-2] final_plan_success=0
[scan_planner_node-2] 
[scan_planner_node-2] [rebo replan]: -------------------------------------266
[scan_planner_node-2] start:  2.62 0.605 0.311,  0.666 -0.203 0.0116
[scan_planner_node-2] goal:   4    0 0.35, 0 0 0
[scan_planner_node-2] [WARN] [1786641654.620593891] [bspline_opt]: First three control points are in obstacles; t=0.000000
[scan_planner_node-2]  2.62 0.599 0.311
[scan_planner_node-2]  2.82 0.553 0.315
[scan_planner_node-2]  3.01 0.517 0.321
[scan_planner_node-2]  3.19 0.476 0.323
[scan_planner_node-2] first_optimize_step_success=0
[scan_planner_node-2] final_plan_success=0
[scan_planner_node-2] [FSM]: from REPLAN_TRAJ to REPLAN_TRAJ
[scan_planner_node-2] [WARN] [1786641654.620682909] [bspline_opt]: First three control points are in obstacles; t=0.000000
[scan_planner_node-2] 
[scan_planner_node-2] [rebo replan]: -------------------------------------267
[scan_planner_node-2] start:  2.62 0.605 0.311,  0.664 -0.199 0.0115
[scan_planner_node-2] goal:   4    0 0.35, 0 0 0
[scan_planner_node-2]  2.62 0.598 0.311
[scan_planner_node-2]  2.82 0.553 0.315
[scan_planner_node-2]  3.02 0.513 0.322
[scan_planner_node-2]  3.22 0.459 0.326
[scan_planner_node-2] first_optimize_step_success=0
[scan_planner_node-2] final_plan_success=0
[scan_planner_node-2] 
[scan_planner_node-2] [rebo replan]: -------------------------------------268
[scan_planner_node-2] start:  2.62 0.605 0.311,  0.664 -0.199 0.0115
[scan_planner_node-2] goal:   4    0 0.35, 0 0 0
[scan_planner_node-2] [WARN] [1786641654.630594416] [bspline_opt]: First three control points are in obstacles; t=0.000000
[scan_planner_node-2]  2.62 0.598 0.311
[scan_planner_node-2]  2.82 0.553 0.315
[scan_planner_node-2]  3.01 0.478  0.32
[scan_planner_node-2]  3.18 0.365 0.322
[scan_planner_node-2] first_optimize_step_success=0
[scan_planner_node-2] final_plan_success=0
[scan_planner_node-2] [FSM]: from REPLAN_TRAJ to REPLAN_TRAJ
[scan_planner_node-2] [WARN] [1786641654.630685637] [bspline_opt]: First three control points are in obstacles; t=0.000000
[scan_planner_node-2] 
[scan_planner_node-2] [rebo replan]: -------------------------------------269
[scan_planner_node-2] start:  2.62 0.605 0.311,  0.663 -0.195 0.0115
[scan_planner_node-2] goal:   4    0 0.35, 0 0 0
[scan_planner_node-2]  2.62 0.599 0.311
[scan_planner_node-2]  2.82 0.554 0.315
[scan_planner_node-2]  3.02 0.514 0.322
[scan_planner_node-2]  3.21 0.461 0.326
[scan_planner_node-2] first_optimize_step_success=0
[scan_planner_node-2] final_plan_success=0
[scan_planner_node-2] 
[scan_planner_node-2] [rebo replan]: -------------------------------------270
[scan_planner_node-2] start:  2.62 0.605 0.311,  0.663 -0.195 0.0115
[scan_planner_node-2] goal:   4    0 0.35, 0 0 0
[scan_planner_node-2] [WARN] [1786641654.640614647] [bspline_opt]: First three control points are in obstacles; t=0.000000
[scan_planner_node-2]  2.62 0.598 0.311
[scan_planner_node-2]  2.82 0.553 0.315
[scan_planner_node-2]  3.01 0.477 0.318
[scan_planner_node-2]  3.19 0.355 0.322
[scan_planner_node-2] first_optimize_step_success=0
[scan_planner_node-2] final_plan_success=0
[scan_planner_node-2] [FSM]: from REPLAN_TRAJ to REPLAN_TRAJ
[scan_planner_node-2] [WARN] [1786641654.640720095] [bspline_opt]: First three control points are in obstacles; t=0.000000
[scan_planner_node-2] 
[scan_planner_node-2] [rebo replan]: -------------------------------------271
[scan_planner_node-2] start:  2.62 0.605 0.311,  0.661 -0.192 0.0115
[scan_planner_node-2] goal:   4    0 0.35, 0 0 0
[scan_planner_node-2]  2.62 0.599 0.311
[scan_planner_node-2]  2.82 0.555 0.315
[scan_planner_node-2]  3.02 0.515 0.322
[scan_planner_node-2]  3.21 0.462 0.326
[scan_planner_node-2] first_optimize_step_success=0
[scan_planner_node-2] final_plan_success=0
[scan_planner_node-2] 
[scan_planner_node-2] [rebo replan]: -------------------------------------272
[scan_planner_node-2] start:  2.62 0.605 0.311,  0.661 -0.192 0.0115
[scan_planner_node-2] goal:   4    0 0.35, 0 0 0
[scan_planner_node-2] [WARN] [1786641654.650631041] [bspline_opt]: First three control points are in obstacles; t=0.000000
[scan_planner_node-2]  2.62 0.599 0.311
[scan_planner_node-2]  2.82 0.556 0.315
[scan_planner_node-2]  2.99 0.526 0.319
[scan_planner_node-2]  3.14 0.498 0.323
[scan_planner_node-2] first_optimize_step_success=0
[scan_planner_node-2] final_plan_success=0
[scan_planner_node-2] [FSM]: from REPLAN_TRAJ to REPLAN_TRAJ
[scan_planner_node-2] [WARN] [1786641654.650751938] [bspline_opt]: First three control points are in obstacles; t=0.000000
[scan_planner_node-2] 
[scan_planner_node-2] [rebo replan]: -------------------------------------273
[scan_planner_node-2] start:  2.62 0.605 0.311,   0.66 -0.188 0.0114
[scan_planner_node-2] goal:   4    0 0.35, 0 0 0
[scan_planner_node-2]  2.62 0.599 0.311
[scan_planner_node-2]  2.82 0.556 0.315
[scan_planner_node-2]  3.02 0.516 0.322
[scan_planner_node-2]  3.21 0.463 0.326
[scan_planner_node-2] first_optimize_step_success=0
[scan_planner_node-2] final_plan_success=0
[scan_planner_node-2] 
[scan_planner_node-2] [rebo replan]: -------------------------------------274
[scan_planner_node-2] start:  2.62 0.605 0.311,   0.66 -0.188 0.0114
[scan_planner_node-2] goal:   4    0 0.35, 0 0 0
[scan_planner_node-2] [WARN] [1786641654.660639530] [bspline_opt]: First three control points are in obstacles; t=0.000000
[scan_planner_node-2]  2.62 0.598 0.311
[scan_planner_node-2]  2.82 0.555 0.315
[scan_planner_node-2]  3.01  0.48 0.318
[scan_planner_node-2]  3.19 0.359 0.322
[scan_planner_node-2] first_optimize_step_success=0
[scan_planner_node-2] final_plan_success=0
[scan_planner_node-2] [FSM]: from REPLAN_TRAJ to REPLAN_TRAJ
[scan_planner_node-2] [WARN] [1786641654.660763673] [bspline_opt]: First three control points are in obstacles; t=0.000000
[scan_planner_node-2] 
[scan_planner_node-2] [rebo replan]: -------------------------------------275
[scan_planner_node-2] start:  2.62 0.605 0.311,  0.658 -0.185 0.0114
[scan_planner_node-2] goal:   4    0 0.35, 0 0 0
[scan_planner_node-2]  2.62 0.599 0.311
[scan_planner_node-2]  2.82 0.557 0.315
[scan_planner_node-2]  3.02 0.517 0.322
[scan_planner_node-2]  3.21 0.464 0.326
[scan_planner_node-2] first_optimize_step_success=0
[scan_planner_node-2] final_plan_success=0
[scan_planner_node-2] 
[scan_planner_node-2] [rebo replan]: -------------------------------------276
[scan_planner_node-2] start:  2.62 0.605 0.311,  0.658 -0.185 0.0114
[scan_planner_node-2] goal:   4    0 0.35, 0 0 0
[scan_planner_node-2]  2.62 0.599 0.311
[scan_planner_node-2]  2.82 0.556 0.315
[scan_planner_node-2]     3 0.503  0.32
[scan_planner_node-2]  3.17 0.424 0.322
[scan_planner_node-2] first_optimize_step_success=0
[scan_planner_node-2] final_plan_success=0
[scan_planner_node-2] [FSM]: from REPLAN_TRAJ to REPLAN_TRAJ
[scan_planner_node-2] [WARN] [1786641654.670660463] [bspline_opt]: First three control points are in obstacles; t=0.000000
[scan_planner_node-2] [WARN] [1786641654.670766772] [bspline_opt]: First three control points are in obstacles; t=0.000000
[scan_planner_node-2] 
[scan_planner_node-2] [rebo replan]: -------------------------------------277
[scan_planner_node-2] start:  2.62 0.605 0.311,  0.656 -0.182 0.0113
[scan_planner_node-2] goal:   4    0 0.35, 0 0 0
[scan_planner_node-2]  2.62 0.599 0.311
[scan_planner_node-2]  2.82 0.557 0.315
[scan_planner_node-2]  3.01 0.518 0.322
[scan_planner_node-2]   3.2 0.465 0.326
[scan_planner_node-2] first_optimize_step_success=0
[scan_planner_node-2] final_plan_success=0
[scan_planner_node-2] 
[scan_planner_node-2] [rebo replan]: -------------------------------------278
[scan_planner_node-2] start:  2.62 0.605 0.311,  0.656 -0.182 0.0113
[scan_planner_node-2] goal:   4    0 0.35, 0 0 0
[scan_planner_node-2]  2.62 0.599 0.311
[scan_planner_node-2]  2.82 0.558 0.315
[scan_planner_node-2]  3.01 0.538 0.321
[scan_planner_node-2]  3.19 0.515 0.322
[scan_planner_node-2] first_optimize_step_success=0
[scan_planner_node-2] final_plan_success=0
[scan_planner_node-2] [FSM]: from REPLAN_TRAJ to REPLAN_TRAJ
[scan_planner_node-2] [WARN] [1786641654.680623076] [bspline_opt]: First three control points are in obstacles; t=0.000000
[scan_planner_node-2] [WARN] [1786641654.680712384] [bspline_opt]: First three control points are in obstacles; t=0.000000
[scan_planner_node-2] 
[scan_planner_node-2] [rebo replan]: -------------------------------------279
[scan_planner_node-2] start:  2.62 0.605 0.311,  0.654 -0.179 0.0113
[scan_planner_node-2] goal:   4    0 0.35, 0 0 0
[scan_planner_node-2]  2.62 0.599 0.311
[scan_planner_node-2]  2.82 0.558 0.315
[scan_planner_node-2]  3.01 0.519 0.322
[scan_planner_node-2]   3.2 0.466 0.326
[scan_planner_node-2] first_optimize_step_success=0
[scan_planner_node-2] final_plan_success=0
[scan_planner_node-2] 
[scan_planner_node-2] [rebo replan]: -------------------------------------280
[scan_planner_node-2] start:  2.62 0.605 0.311,  0.654 -0.179 0.0113
[scan_planner_node-2] goal:   4    0 0.35, 0 0 0
[scan_planner_node-2]  2.62 0.599 0.311
[scan_planner_node-2]  2.82 0.558 0.315
[scan_planner_node-2]     3 0.488  0.32
[scan_planner_node-2]  3.16 0.384 0.322
[scan_planner_node-2] first_optimize_step_success=0
[scan_planner_node-2] final_plan_success=0
[scan_planner_node-2] [FSM]: from REPLAN_TRAJ to REPLAN_TRAJ
[scan_planner_node-2] [WARN] [1786641654.690611658] [bspline_opt]: First three control points are in obstacles; t=0.000000
[scan_planner_node-2] [WARN] [1786641654.690698581] [bspline_opt]: First three control points are in obstacles; t=0.000000
[scan_planner_node-2] 
[scan_planner_node-2] [rebo replan]: -------------------------------------281
[scan_planner_node-2] start:  2.62 0.605 0.311,  0.652 -0.175 0.0112
[scan_planner_node-2] goal:   4    0 0.35, 0 0 0
[scan_planner_node-2]  2.62 0.599 0.311
[scan_planner_node-2]  2.82 0.559 0.315
[scan_planner_node-2]  3.01  0.52 0.322
[scan_planner_node-2]   3.2 0.467 0.326
[scan_planner_node-2] first_optimize_step_success=0
[scan_planner_node-2] final_plan_success=0
[scan_planner_node-2] 
[scan_planner_node-2] [rebo replan]: -------------------------------------282
[scan_planner_node-2] start:  2.62 0.605 0.311,  0.652 -0.175 0.0112
[scan_planner_node-2] goal:   4    0 0.35, 0 0 0
[scan_planner_node-2]  2.62 0.599 0.311
[scan_planner_node-2]  2.82 0.559 0.315
[scan_planner_node-2]     3 0.491  0.32
[scan_planner_node-2]  3.17 0.387 0.322
[scan_planner_node-2] first_optimize_step_success=0
[scan_planner_node-2] final_plan_success=0
[scan_planner_node-2] [FSM]: from REPLAN_TRAJ to REPLAN_TRAJ
[scan_planner_node-2] [WARN] [1786641654.700603776] [bspline_opt]: First three control points are in obstacles; t=0.000000
[scan_planner_node-2] [WARN] [1786641654.700687313] [bspline_opt]: First three control points are in obstacles; t=0.000000
[scan_planner_node-2] 
[scan_planner_node-2] [rebo replan]: -------------------------------------283
[scan_planner_node-2] start:  2.62 0.605 0.311,   0.65 -0.172 0.0112
[scan_planner_node-2] goal:   4    0 0.35, 0 0 0
[scan_planner_node-2]  2.62 0.599 0.311
[scan_planner_node-2]  2.82  0.56 0.315
[scan_planner_node-2]  3.01 0.521 0.322
[scan_planner_node-2]   3.2 0.468 0.326
[scan_planner_node-2] first_optimize_step_success=0
[scan_planner_node-2] final_plan_success=0
[scan_planner_node-2] 
[scan_planner_node-2] [rebo replan]: -------------------------------------284
[scan_planner_node-2] start:  2.62 0.605 0.311,   0.65 -0.172 0.0112
[scan_planner_node-2] goal:   4    0 0.35, 0 0 0
[scan_planner_node-2]  2.62 0.599 0.311
[scan_planner_node-2]  2.82 0.559 0.315
[scan_planner_node-2]     3 0.474 0.319
[scan_planner_node-2]  3.17 0.344 0.322
[scan_planner_node-2] first_optimize_step_success=0
[scan_planner_node-2] final_plan_success=0
[scan_planner_node-2] [FSM]: from REPLAN_TRAJ to REPLAN_TRAJ
[scan_planner_node-2] [WARN] [1786641654.710608939] [bspline_opt]: First three control points are in obstacles; t=0.000000
[scan_planner_node-2] [WARN] [1786641654.710718826] [bspline_opt]: First three control points are in obstacles; t=0.000000
[scan_planner_node-2] 
[scan_planner_node-2] [rebo replan]: -------------------------------------285
[scan_planner_node-2] start:  2.62 0.605 0.311,  0.648 -0.169 0.0111
[scan_planner_node-2] goal:   4    0 0.35, 0 0 0
[scan_planner_node-2]  2.62 0.599 0.311
[scan_planner_node-2]  2.82 0.561 0.315
[scan_planner_node-2]  3.01 0.522 0.322
[scan_planner_node-2]   3.2 0.469 0.326
[scan_planner_node-2] first_optimize_step_success=0
[scan_planner_node-2] final_plan_success=0
[scan_planner_node-2] 
[scan_planner_node-2] [rebo replan]: -------------------------------------286
[scan_planner_node-2] start:  2.62 0.605 0.311,  0.648 -0.169 0.0111
[scan_planner_node-2] goal:   4    0 0.35, 0 0 0
[scan_planner_node-2]  2.62 0.599 0.311
[scan_planner_node-2]  2.82  0.56 0.314
[scan_planner_node-2]     3 0.492 0.318
[scan_planner_node-2]  3.17 0.382 0.321
[scan_planner_node-2] first_optimize_step_success=0
[scan_planner_node-2] final_plan_success=0
[scan_planner_node-2] [FSM]: from REPLAN_TRAJ to REPLAN_TRAJ
[scan_planner_node-2] [WARN] [1786641654.720613271] [bspline_opt]: First three control points are in obstacles; t=0.000000
[scan_planner_node-2] [WARN] [1786641654.720707387] [bspline_opt]: First three control points are in obstacles; t=0.000000
[scan_planner_node-2] 
[scan_planner_node-2] [rebo replan]: -------------------------------------287
[scan_planner_node-2] start:  2.62 0.605 0.311,  0.646 -0.166 0.0111
[scan_planner_node-2] goal:   4    0 0.35, 0 0 0
[scan_planner_node-2]  2.62   0.6 0.311
[scan_planner_node-2]  2.82 0.561 0.315
[scan_planner_node-2]     3 0.523 0.322
[scan_planner_node-2]  3.19 0.469 0.326
[scan_planner_node-2] first_optimize_step_success=0
[scan_planner_node-2] final_plan_success=0
[scan_planner_node-2] 
[scan_planner_node-2] [rebo replan]: -------------------------------------288
[scan_planner_node-2] start:  2.62 0.605 0.311,  0.646 -0.166 0.0111
[scan_planner_node-2] goal:   4    0 0.35, 0 0 0
[scan_planner_node-2]  2.62 0.599 0.311
[scan_planner_node-2]  2.82 0.561 0.315
[scan_planner_node-2]     3 0.502  0.32
[scan_planner_node-2]  3.16 0.411 0.322
[scan_planner_node-2] first_optimize_step_success=0
[scan_planner_node-2] final_plan_success=0
[scan_planner_node-2] [FSM]: from REPLAN_TRAJ to REPLAN_TRAJ
[scan_planner_node-2] [WARN] [1786641654.730602624] [bspline_opt]: First three control points are in obstacles; t=0.000000
[scan_planner_node-2] [WARN] [1786641654.730683806] [bspline_opt]: First three control points are in obstacles; t=0.000000
[scan_planner_node-2] 
[scan_planner_node-2] [rebo replan]: -------------------------------------289
[scan_planner_node-2] start:  2.62 0.605 0.311,  0.644 -0.163  0.011
[scan_planner_node-2] goal:   4    0 0.35, 0 0 0
[scan_planner_node-2]  2.62   0.6 0.311
[scan_planner_node-2]  2.81 0.562 0.315
[scan_planner_node-2]     3 0.524 0.322
[scan_planner_node-2]  3.19  0.47 0.326
[scan_planner_node-2] first_optimize_step_success=0
[scan_planner_node-2] final_plan_success=0
[scan_planner_node-2] 
[scan_planner_node-2] [rebo replan]: -------------------------------------290
[scan_planner_node-2] start:  2.62 0.605 0.311,  0.644 -0.163  0.011
[scan_planner_node-2] goal:   4    0 0.35, 0 0 0
[scan_planner_node-2]  2.62   0.6 0.311
[scan_planner_node-2]  2.81 0.562 0.315
[scan_planner_node-2]  2.99 0.523  0.32
[scan_planner_node-2]  3.16 0.465 0.322
[scan_planner_node-2] first_optimize_step_success=0
[scan_planner_node-2] final_plan_success=0
[scan_planner_node-2] [FSM]: from REPLAN_TRAJ to REPLAN_TRAJ
[scan_planner_node-2] [WARN] [1786641654.740586417] [bspline_opt]: First three control points are in obstacles; t=0.000000
[scan_planner_node-2] [WARN] [1786641654.740653242] [bspline_opt]: First three control points are in obstacles; t=0.000000
[scan_planner_node-2] 
[scan_planner_node-2] [rebo replan]: -------------------------------------291
[scan_planner_node-2] start:  2.62 0.605 0.311,  0.642 -0.161  0.011
[scan_planner_node-2] goal:   4    0 0.35, 0 0 0
[scan_planner_node-2]  2.62   0.6 0.311
[scan_planner_node-2]  2.81 0.563 0.315
[scan_planner_node-2]     3 0.525 0.322
[scan_planner_node-2]  3.19 0.471 0.326
[scan_planner_node-2] first_optimize_step_success=0
[scan_planner_node-2] final_plan_success=0
[scan_planner_node-2] 
[scan_planner_node-2] [rebo replan]: -------------------------------------292
[scan_planner_node-2] start:  2.62 0.605 0.311,  0.642 -0.161  0.011
[scan_planner_node-2] goal:   4    0 0.35, 0 0 0
[scan_planner_node-2] [WARN] [1786641654.750600386] [bspline_opt]: First three control points are in obstacles; t=0.000000
[scan_planner_node-2]  2.62   0.6 0.311
[scan_planner_node-2]  2.81 0.563 0.314
[scan_planner_node-2]  2.99 0.539 0.319
[scan_planner_node-2]  3.15 0.513 0.322
[scan_planner_node-2] first_optimize_step_success=0
[scan_planner_node-2] final_plan_success=0
[scan_planner_node-2] [FSM]: from REPLAN_TRAJ to REPLAN_TRAJ
[scan_planner_node-2] [WARN] [1786641654.750682450] [bspline_opt]: First three control points are in obstacles; t=0.000000
[scan_planner_node-2] 
[scan_planner_node-2] [rebo replan]: -------------------------------------293
[scan_planner_node-2] start:  2.62 0.605 0.311,   0.64 -0.158 0.0109
[scan_planner_node-2] goal:   4    0 0.35, 0 0 0
[scan_planner_node-2]  2.62   0.6 0.311
[scan_planner_node-2]  2.81 0.563 0.315
[scan_planner_node-2]     3 0.526 0.321
[scan_planner_node-2]  3.19 0.472 0.326
[scan_planner_node-2] first_optimize_step_success=0
[scan_planner_node-2] final_plan_success=0
[scan_planner_node-2] 
[scan_planner_node-2] [rebo replan]: -------------------------------------294
[scan_planner_node-2] start:  2.62 0.605 0.311,   0.64 -0.158 0.0109
[scan_planner_node-2] goal:   4    0 0.35, 0 0 0
[scan_planner_node-2] [WARN] [1786641654.760585502] [bspline_opt]: First three control points are in obstacles; t=0.000000
[scan_planner_node-2]  2.62   0.6 0.311
[scan_planner_node-2]  2.81 0.564 0.315
[scan_planner_node-2]  2.99 0.532  0.32
[scan_planner_node-2]  3.15 0.495 0.322
[scan_planner_node-2] first_optimize_step_success=0
[scan_planner_node-2] final_plan_success=0
[scan_planner_node-2] [FSM]: from REPLAN_TRAJ to REPLAN_TRAJ
[scan_planner_node-2] [WARN] [1786641654.760696670] [bspline_opt]: First three control points are in obstacles; t=0.000000
[scan_planner_node-2] 
[scan_planner_node-2] [rebo replan]: -------------------------------------295
[scan_planner_node-2] start:  2.62 0.605 0.311,  0.638 -0.155 0.0109
[scan_planner_node-2] goal:   4    0 0.35, 0 0 0
[scan_planner_node-2]  2.62   0.6 0.311
[scan_planner_node-2]  2.81 0.564 0.315
[scan_planner_node-2]     3 0.526 0.321
[scan_planner_node-2]  3.18 0.472 0.325
[scan_planner_node-2] first_optimize_step_success=0
[scan_planner_node-2] final_plan_success=0
[scan_planner_node-2] 
[scan_planner_node-2] [rebo replan]: -------------------------------------296
[scan_planner_node-2] start:  2.62 0.605 0.311,  0.638 -0.155 0.0109
[scan_planner_node-2] goal:   4    0 0.35, 0 0 0
[scan_planner_node-2] [WARN] [1786641654.770617736] [bspline_opt]: First three control points are in obstacles; t=0.000000
[scan_planner_node-2]  2.62   0.6 0.311
[scan_planner_node-2]  2.81 0.564 0.315
[scan_planner_node-2]  2.99 0.534  0.32
[scan_planner_node-2]  3.16 0.497 0.322
[scan_planner_node-2] first_optimize_step_success=0
[scan_planner_node-2] final_plan_success=0
[scan_planner_node-2] [FSM]: from REPLAN_TRAJ to REPLAN_TRAJ
[scan_planner_node-2] [WARN] [1786641654.770719967] [bspline_opt]: First three control points are in obstacles; t=0.000000
[scan_planner_node-2] 
[scan_planner_node-2] [rebo replan]: -------------------------------------297
[scan_planner_node-2] start:  2.62 0.605 0.311,  0.635 -0.153 0.0109
[scan_planner_node-2] goal:   4    0 0.35, 0 0 0
[scan_planner_node-2]  2.62   0.6 0.311
[scan_planner_node-2]  2.81 0.565 0.315
[scan_planner_node-2]  2.99 0.527 0.321
[scan_planner_node-2]  3.18 0.473 0.325
[scan_planner_node-2] first_optimize_step_success=0
[scan_planner_node-2] final_plan_success=0
[scan_planner_node-2] 
[scan_planner_node-2] [rebo replan]: -------------------------------------298
[scan_planner_node-2] start:  2.62 0.605 0.311,  0.635 -0.153 0.0109
[scan_planner_node-2] goal:   4    0 0.35, 0 0 0
[scan_planner_node-2] [WARN] [1786641654.780617879] [bspline_opt]: First three control points are in obstacles; t=0.000000
[scan_planner_node-2]  2.62 0.601 0.311
[scan_planner_node-2]  2.81 0.565 0.314
[scan_planner_node-2]  2.98 0.533  0.32
[scan_planner_node-2]  3.14 0.492 0.322
[scan_planner_node-2] first_optimize_step_success=0
[scan_planner_node-2] final_plan_success=0
[scan_planner_node-2] [FSM]: from REPLAN_TRAJ to REPLAN_TRAJ
[scan_planner_node-2] [WARN] [1786641654.780728346] [bspline_opt]: First three control points are in obstacles; t=0.000000
[scan_planner_node-2] 
[scan_planner_node-2] [rebo replan]: -------------------------------------299
[scan_planner_node-2] start:  2.62 0.605 0.311,  0.633  -0.15 0.0108
[scan_planner_node-2] goal:   4    0 0.35, 0 0 0
[scan_planner_node-2]  2.62   0.6 0.311
[scan_planner_node-2]  2.81 0.565 0.315
[scan_planner_node-2]  2.99 0.528 0.321
[scan_planner_node-2]  3.18 0.473 0.325
[scan_planner_node-2] first_optimize_step_success=0
[scan_planner_node-2] final_plan_success=0
[scan_planner_node-2] 
[scan_planner_node-2] [rebo replan]: -------------------------------------300
[scan_planner_node-2] start:  2.62 0.605 0.311,  0.633  -0.15 0.0108
[scan_planner_node-2] goal:   4    0 0.35, 0 0 0
[scan_planner_node-2] [WARN] [1786641654.790595891] [bspline_opt]: First three control points are in obstacles; t=0.000000
[scan_planner_node-2]  2.62 0.601 0.311
[scan_planner_node-2]  2.81 0.566 0.314
[scan_planner_node-2]  2.98 0.541 0.319
[scan_planner_node-2]  3.14 0.516 0.322
[scan_planner_node-2] first_optimize_step_success=0
[scan_planner_node-2] final_plan_success=0
[scan_planner_node-2] [FSM]: from REPLAN_TRAJ to REPLAN_TRAJ
[scan_planner_node-2] [WARN] [1786641654.790672615] [bspline_opt]: First three control points are in obstacles; t=0.000000
[scan_planner_node-2] 
[scan_planner_node-2] [rebo replan]: -------------------------------------301
[scan_planner_node-2] start:  2.62 0.605 0.311,   0.63 -0.148 0.0108
[scan_planner_node-2] goal:   4    0 0.35, 0 0 0
[scan_planner_node-2]  2.62   0.6 0.311
[scan_planner_node-2]  2.81 0.566 0.315
[scan_planner_node-2]  2.99 0.528 0.321
[scan_planner_node-2]  3.17 0.474 0.325
[scan_planner_node-2] first_optimize_step_success=0
[scan_planner_node-2] final_plan_success=0
[scan_planner_node-2] 
[scan_planner_node-2] [rebo replan]: -------------------------------------302
[scan_planner_node-2] start:  2.62 0.605 0.311,   0.63 -0.148 0.0108
[scan_planner_node-2] goal:   4    0 0.35, 0 0 0
[scan_planner_node-2] [WARN] [1786641654.800596365] [bspline_opt]: First three control points are in obstacles; t=0.000000
[scan_planner_node-2]  2.62   0.6 0.311
[scan_planner_node-2]  2.81 0.565 0.314
[scan_planner_node-2]  2.98  0.49 0.319
[scan_planner_node-2]  3.15 0.366 0.321
[scan_planner_node-2] first_optimize_step_success=0
[scan_planner_node-2] final_plan_success=0
[scan_planner_node-2] [FSM]: from REPLAN_TRAJ to REPLAN_TRAJ
[scan_planner_node-2] [WARN] [1786641654.800677157] [bspline_opt]: First three control points are in obstacles; t=0.000000
[scan_planner_node-2] 
[scan_planner_node-2] [rebo replan]: -------------------------------------303
[scan_planner_node-2] start:  2.62 0.605 0.311,  0.628 -0.145 0.0107
[scan_planner_node-2] goal:   4    0 0.35, 0 0 0
[scan_planner_node-2]  2.62   0.6 0.311
[scan_planner_node-2]  2.81 0.566 0.315
[scan_planner_node-2]  2.99 0.529 0.321
[scan_planner_node-2]  3.17 0.474 0.325
[scan_planner_node-2] first_optimize_step_success=0
[scan_planner_node-2] final_plan_success=0
[scan_planner_node-2] 
[scan_planner_node-2] [rebo replan]: -------------------------------------304
[scan_planner_node-2] start:  2.62 0.605 0.311,  0.628 -0.145 0.0107
[scan_planner_node-2] goal:   4    0 0.35, 0 0 0
[scan_planner_node-2]  2.62 0.601 0.311
[scan_planner_node-2]  2.81 0.566 0.315
[scan_planner_node-2]  2.98 0.543  0.32
[scan_planner_node-2]  3.15 0.511 0.322
[scan_planner_node-2] first_optimize_step_success=0
[scan_planner_node-2] final_plan_success=0
[scan_planner_node-2] [FSM]: from REPLAN_TRAJ to REPLAN_TRAJ
[scan_planner_node-2] [WARN] [1786641654.810591870] [bspline_opt]: First three control points are in obstacles; t=0.000000
[scan_planner_node-2] [WARN] [1786641654.810663084] [bspline_opt]: First three control points are in obstacles; t=0.000000
[scan_planner_node-2] 
[scan_planner_node-2] [rebo replan]: -------------------------------------305
[scan_planner_node-2] start:  2.62 0.605 0.311,  0.625 -0.143 0.0107
[scan_planner_node-2] goal:   4    0 0.35, 0 0 0
[scan_planner_node-2]  2.62 0.601 0.311
[scan_planner_node-2]  2.81 0.567 0.315
[scan_planner_node-2]  2.99 0.529 0.321
[scan_planner_node-2]  3.17 0.475 0.325
[scan_planner_node-2] first_optimize_step_success=0
[scan_planner_node-2] final_plan_success=0
[scan_planner_node-2] 
[scan_planner_node-2] [rebo replan]: -------------------------------------306
[scan_planner_node-2] start:  2.62 0.605 0.311,  0.625 -0.143 0.0107
[scan_planner_node-2] goal:   4    0 0.35, 0 0 0
[scan_planner_node-2]  2.62 0.601 0.311
[scan_planner_node-2]  2.81 0.567 0.314
[scan_planner_node-2]  2.97 0.541 0.319
[scan_planner_node-2]  3.12 0.516 0.322
[scan_planner_node-2] first_optimize_step_success=0
[scan_planner_node-2] final_plan_success=0
[scan_planner_node-2] [FSM]: from REPLAN_TRAJ to REPLAN_TRAJ
[scan_planner_node-2] [WARN] [1786641654.820589459] [bspline_opt]: First three control points are in obstacles; t=0.000000
[scan_planner_node-2] [WARN] [1786641654.820661734] [bspline_opt]: First three control points are in obstacles; t=0.000000
[scan_planner_node-2] 
[scan_planner_node-2] [rebo replan]: -------------------------------------307
[scan_planner_node-2] start:  2.62 0.605 0.311,  0.623 -0.141 0.0106
[scan_planner_node-2] goal:   4    0 0.35, 0 0 0
[scan_planner_node-2]  2.62 0.601 0.311
[scan_planner_node-2]  2.81 0.567 0.315
[scan_planner_node-2]  2.98  0.53 0.321
[scan_planner_node-2]  3.17 0.475 0.325
[scan_planner_node-2] first_optimize_step_success=0
[scan_planner_node-2] final_plan_success=0
[scan_planner_node-2] 
[scan_planner_node-2] [rebo replan]: -------------------------------------308
[scan_planner_node-2] start:  2.62 0.605 0.311,  0.623 -0.141 0.0106
[scan_planner_node-2] goal:   4    0 0.35, 0 0 0
[scan_planner_node-2] [WARN] [1786641654.830634557] [bspline_opt]: First three control points are in obstacles; t=0.000000
[scan_planner_node-2]  2.62 0.601 0.311
[scan_planner_node-2]  2.81 0.568 0.314
[scan_planner_node-2]  2.96 0.543 0.319
[scan_planner_node-2]  3.12 0.517 0.322
[scan_planner_node-2] first_optimize_step_success=0
[scan_planner_node-2] final_plan_success=0
[scan_planner_node-2] [FSM]: from REPLAN_TRAJ to REPLAN_TRAJ
[scan_planner_node-2] [WARN] [1786641654.830754532] [bspline_opt]: First three control points are in obstacles; t=0.000000
[scan_planner_node-2] 
[scan_planner_node-2] [rebo replan]: -------------------------------------309
[scan_planner_node-2] start:  2.69 0.581  0.32,   0.62 -0.138 0.0106
[scan_planner_node-2] goal:   4    0 0.35, 0 0 0
[scan_planner_node-2] [32miter(+1)=4,time(ms)=0.006,total_t(ms)=0.006,cost=0.003
[scan_planner_node-2] [0mfirst_optimize_step_success=1
[scan_planner_node-2] total time:[42m4.09e-05[0m,optimize:3.31e-05,refine:7.82e-06
[scan_planner_node-2] final_plan_success=1
[scan_planner_node-2] [FSM]: from REPLAN_TRAJ to EXEC_TRAJ
[closed_loop_controller-3] [INFO] [1786641654.840675867] [closed_loop_controller]: Received trajectory 6, duration 3.200s
[scan_planner_node-2] [FSM]: state: EXEC_TRAJ
[scan_planner_node-2] [FSM]: state: EXEC_TRAJ
[scan_planner_node-2] [FSM]: from EXEC_TRAJ to REPLAN_TRAJ
[scan_planner_node-2] 
[scan_planner_node-2] [rebo replan]: -------------------------------------310
[scan_planner_node-2] start:  3.56 0.327 0.307,  0.471 -0.281 0.0114
[scan_planner_node-2] goal:   4    0 0.35, 0 0 0
[scan_planner_node-2] [32miter(+1)=17,time(ms)=0.017,total_t(ms)=0.017,cost=0.351
[scan_planner_node-2] [0mfirst_optimize_step_success=1
[scan_planner_node-2] Need to reallocate time.
[scan_planner_node-2] total time:[42m7.7e-05[0m,optimize:4.45e-05,refine:3.26e-05
[scan_planner_node-2] final_plan_success=1
[scan_planner_node-2] [FSM]: from REPLAN_TRAJ to EXEC_TRAJ
[closed_loop_controller-3] [INFO] [1786641656.580719655] [closed_loop_controller]: Received trajectory 7, duration 1.327s
[scan_planner_node-2] [FSM]: state: EXEC_TRAJ
[scan_planner_node-2] [FSM]: from EXEC_TRAJ to WAIT_TARGET
[scan_planner_node-2] [FSM]: state: WAIT_TARGET
[scan_planner_node-2] [FSM]: state: WAIT_TARGET
[scan_planner_node-2] [FSM]: state: WAIT_TARGET
[scan_planner_node-2] [FSM]: state: WAIT_TARGET
[scan_planner_node-2] [FSM]: state: WAIT_TARGET
[scan_planner_node-2] [FSM]: state: WAIT_TARGET
[scan_planner_node-2] [FSM]: state: WAIT_TARGET
[scan_planner_node-2] [FSM]: state: WAIT_TARGET
[scan_planner_node-2] [FSM]: state: WAIT_TARGET
[foxy_bridge_node-1] [WARN] [1786641666.684188782] [lite3_sim_bridge]: Telemetry stream reset: socket closed with 40 bytes remaining
[foxy_bridge_node-1] [WARN] [1786641666.704097036] [lite3_sim_bridge]: Command stream reset: [Errno 104] Connection reset by peer
[scan_planner_node-2] [FSM]: state: WAIT_TARGET
[scan_planner_node-2] [FSM]: state: WAIT_TARGET
[WARNING] [launch]: user interrupted with ctrl-c (SIGINT)
[INFO] [acceptance_monitor_node-4]: sending signal 'SIGINT' to process[acceptance_monitor_node-4]
[INFO] [closed_loop_controller-3]: sending signal 'SIGINT' to process[closed_loop_controller-3]
[INFO] [scan_planner_node-2]: sending signal 'SIGINT' to process[scan_planner_node-2]
[INFO] [foxy_bridge_node-1]: sending signal 'SIGINT' to process[foxy_bridge_node-1]
[closed_loop_controller-3] [INFO] [1786641668.830647649] [rclcpp]: signal_handler(signal_value=2)
[scan_planner_node-2] [INFO] [1786641668.830915201] [rclcpp]: signal_handler(signal_value=2)
[scan_planner_node-2] des manager
[INFO] [closed_loop_controller-3]: process has finished cleanly [pid 65]
[INFO] [scan_planner_node-2]: process has finished cleanly [pid 63]
[INFO] [foxy_bridge_node-1]: process has finished cleanly [pid 61]
[INFO] [acceptance_monitor_node-4]: process has finished cleanly [pid 67]
