ISO-10303-21;
HEADER;
/* Generated by software containing ST-Developer
 * from STEP Tools, Inc. (www.steptools.com) 
 */

FILE_DESCRIPTION(
/* description */ (''),
/* implementation_level */ '2;1');

FILE_NAME(
/* name */ 'j17a-front-pair-65mm-adapted-rev-b.step',
/* time_stamp */ '2026-07-27T09:33:03-07:00',
/* author */ (''),
/* organization */ (''),
/* preprocessor_version */ 'ST-DEVELOPER v20.1',
/* originating_system */ 'Autodesk Translation Framework v15.8.0.0',
/* authorisation */ '');

FILE_SCHEMA (('AUTOMOTIVE_DESIGN { 1 0 10303 214 3 1 1 }'));
ENDSEC;

DATA;
#10=MECHANICAL_DESIGN_GEOMETRIC_PRESENTATION_REPRESENTATION('',(#13),#5089);
#11=SHAPE_REPRESENTATION_RELATIONSHIP('SRR','None',#5096,#12);
#12=ADVANCED_BREP_SHAPE_REPRESENTATION('',(#14),#5088);
#13=STYLED_ITEM('',(#5105),#14);
#14=MANIFOLD_SOLID_BREP('Body1',#2759);
#15=B_SPLINE_SURFACE_WITH_KNOTS('',3,1,((#4654,#4655),(#4656,#4657),(#4658,
#4659),(#4660,#4661)),.UNSPECIFIED.,.F.,.F.,.F.,(4,4),(2,2),(0.578392252022503,
0.681986754398206),(0.,9.96),.UNSPECIFIED.);
#16=B_SPLINE_SURFACE_WITH_KNOTS('',3,1,((#5024,#5025),(#5026,#5027),(#5028,
#5029),(#5030,#5031),(#5032,#5033),(#5034,#5035),(#5036,#5037),(#5038,#5039)),
 .UNSPECIFIED.,.F.,.F.,.F.,(4,2,2,4),(2,2),(0.514366925479638,0.625,0.75,
0.928104864887869),(0.,0.48),.UNSPECIFIED.);
#17=B_SPLINE_SURFACE_WITH_KNOTS('',3,1,((#5042,#5043),(#5044,#5045),(#5046,
#5047),(#5048,#5049),(#5050,#5051),(#5052,#5053),(#5054,#5055),(#5056,#5057)),
 .UNSPECIFIED.,.F.,.F.,.F.,(4,2,2,4),(2,2),(0.0718951353165458,0.25,0.375,
0.485633074520402),(0.,0.48),.UNSPECIFIED.);
#18=FACE_BOUND('',#328,.T.);
#19=FACE_BOUND('',#329,.T.);
#20=FACE_BOUND('',#331,.T.);
#21=FACE_BOUND('',#332,.T.);
#22=FACE_BOUND('',#333,.T.);
#23=FACE_BOUND('',#334,.T.);
#24=FACE_BOUND('',#335,.T.);
#25=FACE_BOUND('',#336,.T.);
#26=FACE_BOUND('',#337,.T.);
#27=FACE_BOUND('',#338,.T.);
#28=FACE_BOUND('',#339,.T.);
#29=FACE_BOUND('',#340,.T.);
#30=FACE_BOUND('',#341,.T.);
#31=FACE_BOUND('',#342,.T.);
#32=FACE_BOUND('',#343,.T.);
#33=FACE_BOUND('',#348,.T.);
#34=FACE_BOUND('',#350,.T.);
#35=FACE_BOUND('',#351,.T.);
#36=FACE_BOUND('',#352,.T.);
#37=FACE_BOUND('',#353,.T.);
#38=FACE_BOUND('',#354,.T.);
#39=FACE_BOUND('',#355,.T.);
#40=FACE_BOUND('',#356,.T.);
#41=FACE_BOUND('',#357,.T.);
#42=FACE_BOUND('',#358,.T.);
#43=FACE_BOUND('',#359,.T.);
#44=FACE_BOUND('',#361,.T.);
#45=FACE_BOUND('',#366,.T.);
#46=FACE_BOUND('',#367,.T.);
#47=FACE_BOUND('',#370,.T.);
#48=FACE_BOUND('',#371,.T.);
#49=FACE_BOUND('',#381,.T.);
#50=FACE_BOUND('',#384,.T.);
#51=FACE_BOUND('',#394,.T.);
#52=FACE_BOUND('',#396,.T.);
#53=FACE_BOUND('',#398,.T.);
#54=FACE_BOUND('',#400,.T.);
#55=FACE_BOUND('',#401,.T.);
#56=FACE_BOUND('',#407,.T.);
#57=FACE_BOUND('',#409,.T.);
#58=FACE_BOUND('',#421,.T.);
#59=FACE_BOUND('',#423,.T.);
#60=FACE_BOUND('',#437,.T.);
#61=FACE_BOUND('',#445,.T.);
#62=FACE_BOUND('',#450,.T.);
#63=B_SPLINE_CURVE_WITH_KNOTS('',3,(#4148,#4149,#4150,#4151,#4152,#4153,
#4154,#4155,#4156,#4157,#4158,#4159,#4160,#4161,#4162,#4163,#4164,#4165,
#4166,#4167,#4168,#4169,#4170,#4171,#4172,#4173,#4174,#4175,#4176,#4177),
 .UNSPECIFIED.,.F.,.F.,(4,2,2,2,2,2,2,2,2,2,2,2,2,2,4),(0.553917747104751,
0.561011372741256,0.573084505086388,0.59790541790679,0.650961410181421,
0.706635257198628,0.768001346312531,0.834431697913369,0.905226276382116,
0.973804135314763,1.03424843284633,1.07984921445684,1.09558407087194,1.10533644788199,
1.10787006473684),.UNSPECIFIED.);
#64=B_SPLINE_CURVE_WITH_KNOTS('',3,(#4181,#4182,#4183,#4184,#4185,#4186,
#4187,#4188,#4189,#4190,#4191,#4192,#4193,#4194,#4195,#4196,#4197,#4198,
#4199,#4200,#4201,#4202,#4203,#4204,#4205,#4206,#4207,#4208,#4209,#4210),
 .UNSPECIFIED.,.F.,.F.,(4,2,2,2,2,2,2,2,2,2,2,2,2,2,4),(1.10787019031057,
1.11702537702124,1.13007186323325,1.1619334856796,1.20602682503843,1.26200351180943,
1.32376638028753,1.39080234295141,1.46161813157727,1.52994478751446,1.5897982102298,
1.63357233046204,1.64947947369992,1.65957276578194,1.66178793741532),
 .UNSPECIFIED.);
#65=B_SPLINE_CURVE_WITH_KNOTS('',3,(#4214,#4215,#4216,#4217,#4218,#4219,
#4220,#4221,#4222,#4223,#4224,#4225,#4226,#4227,#4228,#4229,#4230,#4231,
#4232,#4233,#4234,#4235,#4236,#4237,#4238,#4239,#4240,#4241,#4242,#4243),
 .UNSPECIFIED.,.F.,.F.,(4,2,2,2,2,2,2,2,2,2,2,2,2,2,4),(0.55391774688155,
0.561011372513235,0.573084504849047,0.597905417649116,0.650961409878686,
0.706635256843299,0.76800134589611,0.834431697427631,0.905226275818637,
0.973804134672505,1.0342484321294,1.07984921368069,1.09558407007535,1.10533644707211,
1.10787006392561),.UNSPECIFIED.);
#66=B_SPLINE_CURVE_WITH_KNOTS('',3,(#4247,#4248,#4249,#4250,#4251,#4252,
#4253,#4254,#4255,#4256,#4257,#4258,#4259,#4260,#4261,#4262,#4263,#4264,
#4265,#4266,#4267,#4268,#4269,#4270,#4271,#4272,#4273,#4274,#4275,#4276),
 .UNSPECIFIED.,.F.,.F.,(4,2,2,2,2,2,2,2,2,2,2,2,2,2,4),(1.10787018949953,
1.11702537620978,1.13007186241997,1.16193348486077,1.20602682421015,1.26200351096484,
1.32376637942201,1.39080234206006,1.461618130655,1.52994478655896,1.58979820924348,
1.63357232944739,1.64947947267487,1.65957276474978,1.66178793638108),
 .UNSPECIFIED.);
#67=B_SPLINE_CURVE_WITH_KNOTS('',3,(#4416,#4417,#4418,#4419,#4420,#4421,
#4422,#4423),.UNSPECIFIED.,.F.,.F.,(4,2,2,4),(0.0718951353165458,0.25,0.375,
0.485633074520402),.UNSPECIFIED.);
#68=B_SPLINE_CURVE_WITH_KNOTS('',3,(#4534,#4535,#4536,#4537,#4538,#4539,
#4540,#4541,#4542,#4543,#4544,#4545,#4546,#4547,#4548,#4549,#4550,#4551,
#4552,#4553,#4554,#4555,#4556,#4557,#4558,#4559,#4560,#4561,#4562,#4563,
#4564,#4565,#4566,#4567),.UNSPECIFIED.,.F.,.F.,(4,2,2,2,2,2,2,2,2,2,2,2,
2,2,2,2,4),(1.00000002176962E-6,0.151812775554443,0.307962789956685,0.515046592007184,
0.700542997059533,0.823935962616294,0.910112405840692,0.952452518733143,
0.982110782114502,1.01175750650075,1.05404142647665,1.14006518691371,1.26313002807053,
1.44854003347649,1.6555538215587,1.81211328345199,1.9642869865237),
 .UNSPECIFIED.);
#69=B_SPLINE_CURVE_WITH_KNOTS('',3,(#4572,#4573,#4574,#4575,#4576,#4577,
#4578,#4579,#4580,#4581,#4582,#4583,#4584,#4585,#4586,#4587,#4588,#4589,
#4590,#4591,#4592,#4593,#4594,#4595,#4596,#4597,#4598,#4599,#4600,#4601,
#4602,#4603,#4604,#4605),.UNSPECIFIED.,.F.,.F.,(4,2,2,2,2,2,2,2,2,2,2,2,
2,2,2,2,4),(1.0000000269464E-6,0.151812775554465,0.307962789956677,0.515046592007139,
0.700542997059473,0.823935962616234,0.91011240584053,0.95245251873303,0.982110782114993,
1.01175750650183,1.05404142647772,1.14006518691463,1.2631300280712,1.4485400334768,
1.65555382155862,1.81211328345158,1.96428698652297),.UNSPECIFIED.);
#70=B_SPLINE_CURVE_WITH_KNOTS('',3,(#4664,#4665,#4666,#4667,#4668,#4669,
#4670,#4671,#4672,#4673,#4674,#4675,#4676,#4677,#4678,#4679,#4680,#4681,
#4682,#4683,#4684,#4685,#4686,#4687,#4688,#4689,#4690,#4691,#4692,#4693,
#4694,#4695,#4696,#4697,#4698,#4699,#4700,#4701,#4702,#4703),
 .UNSPECIFIED.,.F.,.F.,(4,3,3,3,3,3,3,3,3,3,3,3,3,4),(-0.491936578483907,
-0.480301296167988,-0.466937988262982,-0.437341103040761,-0.384150646115543,
-0.345543945173259,-0.278630557159381,-0.24599548154541,-0.1823036261943,
-0.142325573605602,-0.0894545018329649,-0.0693824314637544,-0.0188827805294212,
-1.00000004366152E-6),.UNSPECIFIED.);
#71=B_SPLINE_CURVE_WITH_KNOTS('',3,(#4705,#4706,#4707,#4708,#4709,#4710,
#4711,#4712,#4713,#4714,#4715,#4716,#4717,#4718,#4719,#4720,#4721,#4722,
#4723,#4724,#4725,#4726,#4727,#4728,#4729,#4730,#4731,#4732,#4733,#4734,
#4735,#4736,#4737,#4738,#4739,#4740,#4741,#4742,#4743,#4744),
 .UNSPECIFIED.,.F.,.F.,(4,3,3,3,3,3,3,3,3,3,3,3,3,4),(-0.491782708479743,
-0.441299591219043,-0.422509530434872,-0.369663151223897,-0.349690084117007,
-0.286060839857685,-0.246036791936894,-0.175447572951522,-0.146545569026295,
-0.0933624071587876,-0.0546238213473295,-0.0250074864087044,-0.0116390673723095,
-1.00000000920643E-6),.UNSPECIFIED.);
#72=B_SPLINE_CURVE_WITH_KNOTS('',3,(#4747,#4748,#4749,#4750,#4751,#4752,
#4753,#4754,#4755,#4756,#4757,#4758,#4759,#4760,#4761,#4762,#4763,#4764,
#4765,#4766,#4767,#4768,#4769,#4770,#4771,#4772,#4773,#4774,#4775,#4776,
#4777,#4778,#4779,#4780,#4781,#4782,#4783,#4784,#4785,#4786),
 .UNSPECIFIED.,.F.,.F.,(4,3,3,3,3,3,3,3,3,3,3,3,3,4),(-0.491936578483389,
-0.480301296168307,-0.466937988263576,-0.437341103040973,-0.384150646115492,
-0.345543945173411,-0.278630557167612,-0.245995481545462,-0.182303626194516,
-0.14232557360561,-0.0894545018322255,-0.0693824314637464,-0.0188827805290008,
-1.00000003812764E-6),.UNSPECIFIED.);
#73=B_SPLINE_CURVE_WITH_KNOTS('',3,(#4788,#4789,#4790,#4791,#4792,#4793,
#4794,#4795,#4796,#4797,#4798,#4799,#4800,#4801,#4802,#4803,#4804,#4805,
#4806,#4807,#4808,#4809,#4810,#4811,#4812,#4813,#4814,#4815,#4816,#4817,
#4818,#4819,#4820,#4821,#4822,#4823,#4824,#4825,#4826,#4827),
 .UNSPECIFIED.,.F.,.F.,(4,3,3,3,3,3,3,3,3,3,3,3,3,4),(-0.491782708459561,
-0.441299591200356,-0.422509530417503,-0.369663151209081,-0.349690084102654,
-0.286060839845653,-0.246036791926857,-0.175447572943934,-0.146545569020415,
-0.0933624071551364,-0.0546238213453088,-0.0250074864078474,-0.0116390673721023,
-1.00000000920649E-6),.UNSPECIFIED.);
#74=B_SPLINE_CURVE_WITH_KNOTS('',3,(#4894,#4895,#4896,#4897),
 .UNSPECIFIED.,.F.,.F.,(4,4),(0.820960924121213,0.928104864683454),
 .UNSPECIFIED.);
#75=B_SPLINE_CURVE_WITH_KNOTS('',3,(#4919,#4920,#4921,#4922,#4923,#4924,
#4925,#4926),.UNSPECIFIED.,.F.,.F.,(4,2,2,4),(0.514366925479638,0.625,0.75,
0.928104864626655),.UNSPECIFIED.);
#76=B_SPLINE_CURVE_WITH_KNOTS('',3,(#4944,#4945,#4946,#4947),
 .UNSPECIFIED.,.F.,.F.,(4,4),(0.0718951353165458,0.179039075878793),
 .UNSPECIFIED.);
#77=B_SPLINE_CURVE_WITH_KNOTS('',3,(#4976,#4977,#4978,#4979,#4980,#4981,
#4982,#4983),.UNSPECIFIED.,.F.,.F.,(4,2,2,4),(0.514366925479638,0.625,0.75,
0.820960924513909),.UNSPECIFIED.);
#78=B_SPLINE_CURVE_WITH_KNOTS('',3,(#5013,#5014,#5015,#5016,#5017,#5018,
#5019,#5020),.UNSPECIFIED.,.F.,.F.,(4,2,2,4),(0.514366925479638,0.625,0.75,
0.8209609245092),.UNSPECIFIED.);
#79=CONICAL_SURFACE('',#2799,1.69999999999998,0.785398163397469);
#80=CONICAL_SURFACE('',#2802,1.69999999999998,0.785398163397469);
#81=CONICAL_SURFACE('',#2812,1.25,1.02974425867665);
#82=CONICAL_SURFACE('',#2816,1.25,1.02974425867665);
#83=PLANE('',#2778);
#84=PLANE('',#2780);
#85=PLANE('',#2788);
#86=PLANE('',#2790);
#87=PLANE('',#2887);
#88=PLANE('',#2898);
#89=PLANE('',#2915);
#90=PLANE('',#2916);
#91=PLANE('',#2917);
#92=PLANE('',#2918);
#93=PLANE('',#2924);
#94=PLANE('',#2929);
#95=PLANE('',#2930);
#96=PLANE('',#2931);
#97=PLANE('',#2932);
#98=PLANE('',#2934);
#99=PLANE('',#2937);
#100=PLANE('',#2938);
#101=PLANE('',#2941);
#102=PLANE('',#2944);
#103=PLANE('',#2947);
#104=PLANE('',#2948);
#105=PLANE('',#2951);
#106=PLANE('',#2954);
#107=PLANE('',#2957);
#108=PLANE('',#2958);
#109=PLANE('',#2959);
#110=PLANE('',#2960);
#111=PLANE('',#2961);
#112=PLANE('',#2962);
#113=PLANE('',#2963);
#114=PLANE('',#2964);
#115=PLANE('',#2965);
#116=PLANE('',#2966);
#117=PLANE('',#2968);
#118=PLANE('',#2969);
#119=PLANE('',#2970);
#120=PLANE('',#2971);
#121=PLANE('',#2972);
#122=PLANE('',#2973);
#123=PLANE('',#2978);
#124=PLANE('',#2979);
#125=PLANE('',#2980);
#126=PLANE('',#2982);
#127=PLANE('',#2986);
#128=PLANE('',#2987);
#129=PLANE('',#2992);
#130=PLANE('',#2993);
#131=PLANE('',#2995);
#132=PLANE('',#2996);
#133=PLANE('',#2997);
#134=PLANE('',#3004);
#135=PLANE('',#3005);
#136=PLANE('',#3006);
#137=PLANE('',#3012);
#138=PLANE('',#3019);
#139=PLANE('',#3020);
#140=PLANE('',#3023);
#141=PLANE('',#3024);
#142=PLANE('',#3025);
#143=PLANE('',#3032);
#144=PLANE('',#3033);
#145=PLANE('',#3034);
#146=PLANE('',#3039);
#147=PLANE('',#3040);
#148=FACE_OUTER_BOUND('',#289,.T.);
#149=FACE_OUTER_BOUND('',#290,.T.);
#150=FACE_OUTER_BOUND('',#291,.T.);
#151=FACE_OUTER_BOUND('',#292,.T.);
#152=FACE_OUTER_BOUND('',#293,.T.);
#153=FACE_OUTER_BOUND('',#294,.T.);
#154=FACE_OUTER_BOUND('',#295,.T.);
#155=FACE_OUTER_BOUND('',#296,.T.);
#156=FACE_OUTER_BOUND('',#297,.T.);
#157=FACE_OUTER_BOUND('',#298,.T.);
#158=FACE_OUTER_BOUND('',#299,.T.);
#159=FACE_OUTER_BOUND('',#300,.T.);
#160=FACE_OUTER_BOUND('',#301,.T.);
#161=FACE_OUTER_BOUND('',#302,.T.);
#162=FACE_OUTER_BOUND('',#303,.T.);
#163=FACE_OUTER_BOUND('',#304,.T.);
#164=FACE_OUTER_BOUND('',#305,.T.);
#165=FACE_OUTER_BOUND('',#306,.T.);
#166=FACE_OUTER_BOUND('',#307,.T.);
#167=FACE_OUTER_BOUND('',#308,.T.);
#168=FACE_OUTER_BOUND('',#309,.T.);
#169=FACE_OUTER_BOUND('',#310,.T.);
#170=FACE_OUTER_BOUND('',#311,.T.);
#171=FACE_OUTER_BOUND('',#312,.T.);
#172=FACE_OUTER_BOUND('',#313,.T.);
#173=FACE_OUTER_BOUND('',#314,.T.);
#174=FACE_OUTER_BOUND('',#315,.T.);
#175=FACE_OUTER_BOUND('',#316,.T.);
#176=FACE_OUTER_BOUND('',#317,.T.);
#177=FACE_OUTER_BOUND('',#318,.T.);
#178=FACE_OUTER_BOUND('',#319,.T.);
#179=FACE_OUTER_BOUND('',#320,.T.);
#180=FACE_OUTER_BOUND('',#321,.T.);
#181=FACE_OUTER_BOUND('',#322,.T.);
#182=FACE_OUTER_BOUND('',#323,.T.);
#183=FACE_OUTER_BOUND('',#324,.T.);
#184=FACE_OUTER_BOUND('',#325,.T.);
#185=FACE_OUTER_BOUND('',#326,.T.);
#186=FACE_OUTER_BOUND('',#327,.T.);
#187=FACE_OUTER_BOUND('',#330,.T.);
#188=FACE_OUTER_BOUND('',#344,.T.);
#189=FACE_OUTER_BOUND('',#345,.T.);
#190=FACE_OUTER_BOUND('',#346,.T.);
#191=FACE_OUTER_BOUND('',#347,.T.);
#192=FACE_OUTER_BOUND('',#349,.T.);
#193=FACE_OUTER_BOUND('',#360,.T.);
#194=FACE_OUTER_BOUND('',#362,.T.);
#195=FACE_OUTER_BOUND('',#363,.T.);
#196=FACE_OUTER_BOUND('',#364,.T.);
#197=FACE_OUTER_BOUND('',#365,.T.);
#198=FACE_OUTER_BOUND('',#368,.T.);
#199=FACE_OUTER_BOUND('',#369,.T.);
#200=FACE_OUTER_BOUND('',#372,.T.);
#201=FACE_OUTER_BOUND('',#373,.T.);
#202=FACE_OUTER_BOUND('',#374,.T.);
#203=FACE_OUTER_BOUND('',#375,.T.);
#204=FACE_OUTER_BOUND('',#376,.T.);
#205=FACE_OUTER_BOUND('',#377,.T.);
#206=FACE_OUTER_BOUND('',#378,.T.);
#207=FACE_OUTER_BOUND('',#379,.T.);
#208=FACE_OUTER_BOUND('',#380,.T.);
#209=FACE_OUTER_BOUND('',#382,.T.);
#210=FACE_OUTER_BOUND('',#383,.T.);
#211=FACE_OUTER_BOUND('',#385,.T.);
#212=FACE_OUTER_BOUND('',#386,.T.);
#213=FACE_OUTER_BOUND('',#387,.T.);
#214=FACE_OUTER_BOUND('',#388,.T.);
#215=FACE_OUTER_BOUND('',#389,.T.);
#216=FACE_OUTER_BOUND('',#390,.T.);
#217=FACE_OUTER_BOUND('',#391,.T.);
#218=FACE_OUTER_BOUND('',#392,.T.);
#219=FACE_OUTER_BOUND('',#393,.T.);
#220=FACE_OUTER_BOUND('',#395,.T.);
#221=FACE_OUTER_BOUND('',#397,.T.);
#222=FACE_OUTER_BOUND('',#399,.T.);
#223=FACE_OUTER_BOUND('',#402,.T.);
#224=FACE_OUTER_BOUND('',#403,.T.);
#225=FACE_OUTER_BOUND('',#404,.T.);
#226=FACE_OUTER_BOUND('',#405,.T.);
#227=FACE_OUTER_BOUND('',#406,.T.);
#228=FACE_OUTER_BOUND('',#408,.T.);
#229=FACE_OUTER_BOUND('',#410,.T.);
#230=FACE_OUTER_BOUND('',#411,.T.);
#231=FACE_OUTER_BOUND('',#412,.T.);
#232=FACE_OUTER_BOUND('',#413,.T.);
#233=FACE_OUTER_BOUND('',#414,.T.);
#234=FACE_OUTER_BOUND('',#415,.T.);
#235=FACE_OUTER_BOUND('',#416,.T.);
#236=FACE_OUTER_BOUND('',#417,.T.);
#237=FACE_OUTER_BOUND('',#418,.T.);
#238=FACE_OUTER_BOUND('',#419,.T.);
#239=FACE_OUTER_BOUND('',#420,.T.);
#240=FACE_OUTER_BOUND('',#422,.T.);
#241=FACE_OUTER_BOUND('',#424,.T.);
#242=FACE_OUTER_BOUND('',#425,.T.);
#243=FACE_OUTER_BOUND('',#426,.T.);
#244=FACE_OUTER_BOUND('',#427,.T.);
#245=FACE_OUTER_BOUND('',#428,.T.);
#246=FACE_OUTER_BOUND('',#429,.T.);
#247=FACE_OUTER_BOUND('',#430,.T.);
#248=FACE_OUTER_BOUND('',#431,.T.);
#249=FACE_OUTER_BOUND('',#432,.T.);
#250=FACE_OUTER_BOUND('',#433,.T.);
#251=FACE_OUTER_BOUND('',#434,.T.);
#252=FACE_OUTER_BOUND('',#435,.T.);
#253=FACE_OUTER_BOUND('',#436,.T.);
#254=FACE_OUTER_BOUND('',#438,.T.);
#255=FACE_OUTER_BOUND('',#439,.T.);
#256=FACE_OUTER_BOUND('',#440,.T.);
#257=FACE_OUTER_BOUND('',#441,.T.);
#258=FACE_OUTER_BOUND('',#442,.T.);
#259=FACE_OUTER_BOUND('',#443,.T.);
#260=FACE_OUTER_BOUND('',#444,.T.);
#261=FACE_OUTER_BOUND('',#446,.T.);
#262=FACE_OUTER_BOUND('',#447,.T.);
#263=FACE_OUTER_BOUND('',#448,.T.);
#264=FACE_OUTER_BOUND('',#449,.T.);
#265=FACE_OUTER_BOUND('',#451,.T.);
#266=FACE_OUTER_BOUND('',#452,.T.);
#267=FACE_OUTER_BOUND('',#453,.T.);
#268=FACE_OUTER_BOUND('',#454,.T.);
#269=FACE_OUTER_BOUND('',#455,.T.);
#270=FACE_OUTER_BOUND('',#456,.T.);
#271=FACE_OUTER_BOUND('',#457,.T.);
#272=FACE_OUTER_BOUND('',#458,.T.);
#273=FACE_OUTER_BOUND('',#459,.T.);
#274=FACE_OUTER_BOUND('',#460,.T.);
#275=FACE_OUTER_BOUND('',#461,.T.);
#276=FACE_OUTER_BOUND('',#462,.T.);
#277=FACE_OUTER_BOUND('',#463,.T.);
#278=FACE_OUTER_BOUND('',#464,.T.);
#279=FACE_OUTER_BOUND('',#465,.T.);
#280=FACE_OUTER_BOUND('',#466,.T.);
#281=FACE_OUTER_BOUND('',#467,.T.);
#282=FACE_OUTER_BOUND('',#468,.T.);
#283=FACE_OUTER_BOUND('',#469,.T.);
#284=FACE_OUTER_BOUND('',#470,.T.);
#285=FACE_OUTER_BOUND('',#471,.T.);
#286=FACE_OUTER_BOUND('',#472,.T.);
#287=FACE_OUTER_BOUND('',#473,.T.);
#288=FACE_OUTER_BOUND('',#474,.T.);
#289=EDGE_LOOP('',(#1753,#1754,#1755,#1756,#1757,#1758,#1759,#1760));
#290=EDGE_LOOP('',(#1761,#1762,#1763,#1764));
#291=EDGE_LOOP('',(#1765,#1766,#1767,#1768,#1769,#1770));
#292=EDGE_LOOP('',(#1771,#1772,#1773,#1774));
#293=EDGE_LOOP('',(#1775,#1776,#1777,#1778,#1779,#1780,#1781,#1782));
#294=EDGE_LOOP('',(#1783,#1784,#1785,#1786,#1787));
#295=EDGE_LOOP('',(#1788,#1789,#1790,#1791,#1792,#1793));
#296=EDGE_LOOP('',(#1794,#1795,#1796,#1797));
#297=EDGE_LOOP('',(#1798,#1799,#1800,#1801));
#298=EDGE_LOOP('',(#1802,#1803,#1804,#1805));
#299=EDGE_LOOP('',(#1806,#1807,#1808,#1809));
#300=EDGE_LOOP('',(#1810,#1811,#1812,#1813));
#301=EDGE_LOOP('',(#1814,#1815,#1816,#1817));
#302=EDGE_LOOP('',(#1818,#1819,#1820,#1821));
#303=EDGE_LOOP('',(#1822,#1823,#1824,#1825));
#304=EDGE_LOOP('',(#1826,#1827,#1828));
#305=EDGE_LOOP('',(#1829,#1830,#1831,#1832));
#306=EDGE_LOOP('',(#1833,#1834,#1835));
#307=EDGE_LOOP('',(#1836,#1837,#1838,#1839));
#308=EDGE_LOOP('',(#1840,#1841,#1842,#1843));
#309=EDGE_LOOP('',(#1844,#1845,#1846,#1847));
#310=EDGE_LOOP('',(#1848,#1849,#1850,#1851));
#311=EDGE_LOOP('',(#1852,#1853,#1854,#1855,#1856,#1857,#1858,#1859,#1860,
#1861,#1862,#1863));
#312=EDGE_LOOP('',(#1864,#1865,#1866,#1867));
#313=EDGE_LOOP('',(#1868,#1869,#1870,#1871));
#314=EDGE_LOOP('',(#1872,#1873,#1874,#1875));
#315=EDGE_LOOP('',(#1876,#1877,#1878,#1879));
#316=EDGE_LOOP('',(#1880,#1881,#1882,#1883));
#317=EDGE_LOOP('',(#1884,#1885,#1886,#1887));
#318=EDGE_LOOP('',(#1888,#1889,#1890,#1891));
#319=EDGE_LOOP('',(#1892,#1893,#1894,#1895));
#320=EDGE_LOOP('',(#1896,#1897,#1898,#1899));
#321=EDGE_LOOP('',(#1900,#1901,#1902,#1903));
#322=EDGE_LOOP('',(#1904,#1905,#1906,#1907,#1908,#1909,#1910,#1911,#1912,
#1913,#1914,#1915,#1916,#1917,#1918,#1919,#1920,#1921,#1922,#1923));
#323=EDGE_LOOP('',(#1924,#1925,#1926,#1927));
#324=EDGE_LOOP('',(#1928,#1929,#1930,#1931));
#325=EDGE_LOOP('',(#1932,#1933,#1934,#1935,#1936));
#326=EDGE_LOOP('',(#1937,#1938,#1939,#1940,#1941));
#327=EDGE_LOOP('',(#1942,#1943,#1944,#1945,#1946,#1947,#1948,#1949,#1950,
#1951,#1952,#1953,#1954,#1955,#1956,#1957,#1958,#1959,#1960,#1961,#1962,
#1963,#1964,#1965,#1966,#1967,#1968,#1969));
#328=EDGE_LOOP('',(#1970));
#329=EDGE_LOOP('',(#1971));
#330=EDGE_LOOP('',(#1972,#1973,#1974,#1975,#1976,#1977,#1978,#1979,#1980,
#1981,#1982,#1983,#1984,#1985,#1986,#1987,#1988,#1989,#1990,#1991,#1992,
#1993,#1994,#1995,#1996,#1997,#1998,#1999,#2000,#2001));
#331=EDGE_LOOP('',(#2002));
#332=EDGE_LOOP('',(#2003));
#333=EDGE_LOOP('',(#2004));
#334=EDGE_LOOP('',(#2005));
#335=EDGE_LOOP('',(#2006));
#336=EDGE_LOOP('',(#2007));
#337=EDGE_LOOP('',(#2008));
#338=EDGE_LOOP('',(#2009));
#339=EDGE_LOOP('',(#2010));
#340=EDGE_LOOP('',(#2011));
#341=EDGE_LOOP('',(#2012));
#342=EDGE_LOOP('',(#2013));
#343=EDGE_LOOP('',(#2014));
#344=EDGE_LOOP('',(#2015,#2016,#2017,#2018,#2019,#2020,#2021,#2022,#2023,
#2024));
#345=EDGE_LOOP('',(#2025,#2026,#2027,#2028));
#346=EDGE_LOOP('',(#2029,#2030,#2031,#2032));
#347=EDGE_LOOP('',(#2033,#2034,#2035,#2036,#2037,#2038,#2039,#2040,#2041,
#2042,#2043));
#348=EDGE_LOOP('',(#2044));
#349=EDGE_LOOP('',(#2045,#2046,#2047,#2048,#2049,#2050,#2051,#2052,#2053,
#2054,#2055,#2056,#2057,#2058,#2059));
#350=EDGE_LOOP('',(#2060));
#351=EDGE_LOOP('',(#2061));
#352=EDGE_LOOP('',(#2062,#2063,#2064,#2065,#2066,#2067));
#353=EDGE_LOOP('',(#2068));
#354=EDGE_LOOP('',(#2069));
#355=EDGE_LOOP('',(#2070));
#356=EDGE_LOOP('',(#2071));
#357=EDGE_LOOP('',(#2072));
#358=EDGE_LOOP('',(#2073,#2074,#2075,#2076,#2077));
#359=EDGE_LOOP('',(#2078));
#360=EDGE_LOOP('',(#2079,#2080,#2081,#2082));
#361=EDGE_LOOP('',(#2083));
#362=EDGE_LOOP('',(#2084,#2085,#2086,#2087));
#363=EDGE_LOOP('',(#2088,#2089,#2090,#2091));
#364=EDGE_LOOP('',(#2092,#2093,#2094,#2095,#2096,#2097));
#365=EDGE_LOOP('',(#2098,#2099,#2100,#2101,#2102,#2103));
#366=EDGE_LOOP('',(#2104));
#367=EDGE_LOOP('',(#2105));
#368=EDGE_LOOP('',(#2106,#2107,#2108,#2109));
#369=EDGE_LOOP('',(#2110,#2111,#2112,#2113,#2114,#2115,#2116,#2117,#2118,
#2119));
#370=EDGE_LOOP('',(#2120));
#371=EDGE_LOOP('',(#2121));
#372=EDGE_LOOP('',(#2122,#2123,#2124,#2125,#2126));
#373=EDGE_LOOP('',(#2127,#2128,#2129,#2130));
#374=EDGE_LOOP('',(#2131,#2132,#2133,#2134,#2135));
#375=EDGE_LOOP('',(#2136,#2137,#2138,#2139));
#376=EDGE_LOOP('',(#2140,#2141,#2142,#2143));
#377=EDGE_LOOP('',(#2144,#2145,#2146,#2147));
#378=EDGE_LOOP('',(#2148,#2149,#2150,#2151));
#379=EDGE_LOOP('',(#2152,#2153,#2154,#2155));
#380=EDGE_LOOP('',(#2156,#2157,#2158,#2159));
#381=EDGE_LOOP('',(#2160));
#382=EDGE_LOOP('',(#2161,#2162,#2163,#2164));
#383=EDGE_LOOP('',(#2165,#2166,#2167,#2168));
#384=EDGE_LOOP('',(#2169));
#385=EDGE_LOOP('',(#2170,#2171,#2172,#2173));
#386=EDGE_LOOP('',(#2174,#2175,#2176,#2177,#2178,#2179,#2180,#2181,#2182,
#2183));
#387=EDGE_LOOP('',(#2184,#2185,#2186,#2187));
#388=EDGE_LOOP('',(#2188,#2189,#2190,#2191));
#389=EDGE_LOOP('',(#2192,#2193,#2194,#2195));
#390=EDGE_LOOP('',(#2196,#2197,#2198,#2199));
#391=EDGE_LOOP('',(#2200,#2201,#2202,#2203));
#392=EDGE_LOOP('',(#2204,#2205,#2206,#2207));
#393=EDGE_LOOP('',(#2208,#2209,#2210,#2211));
#394=EDGE_LOOP('',(#2212));
#395=EDGE_LOOP('',(#2213));
#396=EDGE_LOOP('',(#2214));
#397=EDGE_LOOP('',(#2215));
#398=EDGE_LOOP('',(#2216));
#399=EDGE_LOOP('',(#2217,#2218,#2219,#2220,#2221,#2222,#2223,#2224,#2225,
#2226,#2227,#2228));
#400=EDGE_LOOP('',(#2229,#2230));
#401=EDGE_LOOP('',(#2231,#2232));
#402=EDGE_LOOP('',(#2233,#2234,#2235,#2236,#2237,#2238));
#403=EDGE_LOOP('',(#2239,#2240,#2241,#2242));
#404=EDGE_LOOP('',(#2243,#2244,#2245,#2246));
#405=EDGE_LOOP('',(#2247,#2248,#2249,#2250));
#406=EDGE_LOOP('',(#2251));
#407=EDGE_LOOP('',(#2252));
#408=EDGE_LOOP('',(#2253));
#409=EDGE_LOOP('',(#2254));
#410=EDGE_LOOP('',(#2255,#2256,#2257,#2258));
#411=EDGE_LOOP('',(#2259,#2260,#2261,#2262));
#412=EDGE_LOOP('',(#2263,#2264,#2265,#2266));
#413=EDGE_LOOP('',(#2267,#2268,#2269,#2270));
#414=EDGE_LOOP('',(#2271,#2272,#2273,#2274,#2275,#2276));
#415=EDGE_LOOP('',(#2277,#2278,#2279,#2280,#2281,#2282));
#416=EDGE_LOOP('',(#2283,#2284,#2285,#2286,#2287));
#417=EDGE_LOOP('',(#2288,#2289,#2290,#2291,#2292));
#418=EDGE_LOOP('',(#2293,#2294,#2295,#2296));
#419=EDGE_LOOP('',(#2297,#2298,#2299,#2300));
#420=EDGE_LOOP('',(#2301,#2302,#2303,#2304,#2305,#2306,#2307,#2308));
#421=EDGE_LOOP('',(#2309));
#422=EDGE_LOOP('',(#2310,#2311,#2312,#2313,#2314,#2315,#2316,#2317));
#423=EDGE_LOOP('',(#2318));
#424=EDGE_LOOP('',(#2319,#2320,#2321,#2322));
#425=EDGE_LOOP('',(#2323,#2324,#2325,#2326));
#426=EDGE_LOOP('',(#2327,#2328,#2329,#2330));
#427=EDGE_LOOP('',(#2331,#2332,#2333,#2334));
#428=EDGE_LOOP('',(#2335));
#429=EDGE_LOOP('',(#2336));
#430=EDGE_LOOP('',(#2337,#2338,#2339,#2340));
#431=EDGE_LOOP('',(#2341,#2342,#2343,#2344));
#432=EDGE_LOOP('',(#2345,#2346,#2347,#2348));
#433=EDGE_LOOP('',(#2349,#2350,#2351,#2352,#2353,#2354,#2355,#2356,#2357,
#2358,#2359,#2360,#2361));
#434=EDGE_LOOP('',(#2362,#2363,#2364,#2365));
#435=EDGE_LOOP('',(#2366,#2367,#2368,#2369));
#436=EDGE_LOOP('',(#2370,#2371,#2372,#2373,#2374,#2375,#2376,#2377,#2378,
#2379,#2380));
#437=EDGE_LOOP('',(#2381));
#438=EDGE_LOOP('',(#2382,#2383,#2384,#2385,#2386,#2387,#2388,#2389,#2390,
#2391,#2392,#2393,#2394));
#439=EDGE_LOOP('',(#2395,#2396,#2397,#2398));
#440=EDGE_LOOP('',(#2399,#2400,#2401,#2402));
#441=EDGE_LOOP('',(#2403,#2404,#2405,#2406));
#442=EDGE_LOOP('',(#2407,#2408,#2409,#2410));
#443=EDGE_LOOP('',(#2411,#2412,#2413,#2414));
#444=EDGE_LOOP('',(#2415,#2416,#2417,#2418,#2419,#2420,#2421,#2422,#2423,
#2424));
#445=EDGE_LOOP('',(#2425));
#446=EDGE_LOOP('',(#2426,#2427,#2428,#2429));
#447=EDGE_LOOP('',(#2430,#2431,#2432,#2433));
#448=EDGE_LOOP('',(#2434,#2435,#2436,#2437));
#449=EDGE_LOOP('',(#2438,#2439,#2440,#2441,#2442,#2443,#2444,#2445,#2446,
#2447));
#450=EDGE_LOOP('',(#2448));
#451=EDGE_LOOP('',(#2449,#2450,#2451,#2452,#2453,#2454));
#452=EDGE_LOOP('',(#2455,#2456,#2457,#2458,#2459,#2460));
#453=EDGE_LOOP('',(#2461,#2462,#2463,#2464));
#454=EDGE_LOOP('',(#2465,#2466,#2467,#2468));
#455=EDGE_LOOP('',(#2469,#2470,#2471,#2472));
#456=EDGE_LOOP('',(#2473,#2474,#2475,#2476));
#457=EDGE_LOOP('',(#2477,#2478,#2479,#2480));
#458=EDGE_LOOP('',(#2481,#2482,#2483,#2484));
#459=EDGE_LOOP('',(#2485,#2486,#2487,#2488));
#460=EDGE_LOOP('',(#2489,#2490,#2491,#2492));
#461=EDGE_LOOP('',(#2493,#2494,#2495,#2496));
#462=EDGE_LOOP('',(#2497,#2498,#2499,#2500));
#463=EDGE_LOOP('',(#2501,#2502,#2503,#2504));
#464=EDGE_LOOP('',(#2505,#2506,#2507,#2508));
#465=EDGE_LOOP('',(#2509,#2510,#2511,#2512));
#466=EDGE_LOOP('',(#2513,#2514,#2515,#2516));
#467=EDGE_LOOP('',(#2517,#2518,#2519,#2520));
#468=EDGE_LOOP('',(#2521,#2522,#2523,#2524));
#469=EDGE_LOOP('',(#2525,#2526,#2527,#2528));
#470=EDGE_LOOP('',(#2529,#2530,#2531,#2532));
#471=EDGE_LOOP('',(#2533,#2534,#2535,#2536));
#472=EDGE_LOOP('',(#2537,#2538,#2539,#2540));
#473=EDGE_LOOP('',(#2541,#2542,#2543,#2544));
#474=EDGE_LOOP('',(#2545,#2546,#2547,#2548));
#475=LINE('',#3876,#707);
#476=LINE('',#3880,#708);
#477=LINE('',#3884,#709);
#478=LINE('',#3888,#710);
#479=LINE('',#3891,#711);
#480=LINE('',#3894,#712);
#481=LINE('',#3896,#713);
#482=LINE('',#3898,#714);
#483=LINE('',#3899,#715);
#484=LINE('',#3902,#716);
#485=LINE('',#3908,#717);
#486=LINE('',#3912,#718);
#487=LINE('',#3916,#719);
#488=LINE('',#3920,#720);
#489=LINE('',#3923,#721);
#490=LINE('',#3926,#722);
#491=LINE('',#3928,#723);
#492=LINE('',#3930,#724);
#493=LINE('',#3931,#725);
#494=LINE('',#3934,#726);
#495=LINE('',#3940,#727);
#496=LINE('',#3946,#728);
#497=LINE('',#3952,#729);
#498=LINE('',#3958,#730);
#499=LINE('',#3963,#731);
#500=LINE('',#3967,#732);
#501=LINE('',#3972,#733);
#502=LINE('',#3976,#734);
#503=LINE('',#3981,#735);
#504=LINE('',#3985,#736);
#505=LINE('',#3990,#737);
#506=LINE('',#3996,#738);
#507=LINE('',#4002,#739);
#508=LINE('',#4008,#740);
#509=LINE('',#4015,#741);
#510=LINE('',#4019,#742);
#511=LINE('',#4023,#743);
#512=LINE('',#4027,#744);
#513=LINE('',#4031,#745);
#514=LINE('',#4034,#746);
#515=LINE('',#4039,#747);
#516=LINE('',#4045,#748);
#517=LINE('',#4051,#749);
#518=LINE('',#4057,#750);
#519=LINE('',#4063,#751);
#520=LINE('',#4069,#752);
#521=LINE('',#4075,#753);
#522=LINE('',#4081,#754);
#523=LINE('',#4087,#755);
#524=LINE('',#4093,#756);
#525=LINE('',#4100,#757);
#526=LINE('',#4104,#758);
#527=LINE('',#4108,#759);
#528=LINE('',#4112,#760);
#529=LINE('',#4116,#761);
#530=LINE('',#4121,#762);
#531=LINE('',#4125,#763);
#532=LINE('',#4129,#764);
#533=LINE('',#4132,#765);
#534=LINE('',#4137,#766);
#535=LINE('',#4143,#767);
#536=LINE('',#4179,#768);
#537=LINE('',#4245,#769);
#538=LINE('',#4282,#770);
#539=LINE('',#4286,#771);
#540=LINE('',#4287,#772);
#541=LINE('',#4289,#773);
#542=LINE('',#4292,#774);
#543=LINE('',#4294,#775);
#544=LINE('',#4297,#776);
#545=LINE('',#4299,#777);
#546=LINE('',#4301,#778);
#547=LINE('',#4305,#779);
#548=LINE('',#4309,#780);
#549=LINE('',#4313,#781);
#550=LINE('',#4318,#782);
#551=LINE('',#4321,#783);
#552=LINE('',#4329,#784);
#553=LINE('',#4331,#785);
#554=LINE('',#4335,#786);
#555=LINE('',#4339,#787);
#556=LINE('',#4343,#788);
#557=LINE('',#4347,#789);
#558=LINE('',#4352,#790);
#559=LINE('',#4356,#791);
#560=LINE('',#4360,#792);
#561=LINE('',#4364,#793);
#562=LINE('',#4368,#794);
#563=LINE('',#4370,#795);
#564=LINE('',#4378,#796);
#565=LINE('',#4381,#797);
#566=LINE('',#4383,#798);
#567=LINE('',#4385,#799);
#568=LINE('',#4387,#800);
#569=LINE('',#4389,#801);
#570=LINE('',#4391,#802);
#571=LINE('',#4393,#803);
#572=LINE('',#4394,#804);
#573=LINE('',#4396,#805);
#574=LINE('',#4397,#806);
#575=LINE('',#4399,#807);
#576=LINE('',#4400,#808);
#577=LINE('',#4404,#809);
#578=LINE('',#4408,#810);
#579=LINE('',#4412,#811);
#580=LINE('',#4426,#812);
#581=LINE('',#4430,#813);
#582=LINE('',#4432,#814);
#583=LINE('',#4436,#815);
#584=LINE('',#4438,#816);
#585=LINE('',#4440,#817);
#586=LINE('',#4442,#818);
#587=LINE('',#4444,#819);
#588=LINE('',#4446,#820);
#589=LINE('',#4448,#821);
#590=LINE('',#4452,#822);
#591=LINE('',#4453,#823);
#592=LINE('',#4455,#824);
#593=LINE('',#4458,#825);
#594=LINE('',#4462,#826);
#595=LINE('',#4463,#827);
#596=LINE('',#4466,#828);
#597=LINE('',#4468,#829);
#598=LINE('',#4469,#830);
#599=LINE('',#4471,#831);
#600=LINE('',#4473,#832);
#601=LINE('',#4476,#833);
#602=LINE('',#4477,#834);
#603=LINE('',#4479,#835);
#604=LINE('',#4484,#836);
#605=LINE('',#4486,#837);
#606=LINE('',#4488,#838);
#607=LINE('',#4492,#839);
#608=LINE('',#4496,#840);
#609=LINE('',#4498,#841);
#610=LINE('',#4499,#842);
#611=LINE('',#4503,#843);
#612=LINE('',#4505,#844);
#613=LINE('',#4506,#845);
#614=LINE('',#4508,#846);
#615=LINE('',#4512,#847);
#616=LINE('',#4515,#848);
#617=LINE('',#4517,#849);
#618=LINE('',#4518,#850);
#619=LINE('',#4521,#851);
#620=LINE('',#4523,#852);
#621=LINE('',#4526,#853);
#622=LINE('',#4528,#854);
#623=LINE('',#4532,#855);
#624=LINE('',#4568,#856);
#625=LINE('',#4606,#857);
#626=LINE('',#4607,#858);
#627=LINE('',#4610,#859);
#628=LINE('',#4613,#860);
#629=LINE('',#4615,#861);
#630=LINE('',#4616,#862);
#631=LINE('',#4621,#863);
#632=LINE('',#4622,#864);
#633=LINE('',#4624,#865);
#634=LINE('',#4625,#866);
#635=LINE('',#4627,#867);
#636=LINE('',#4628,#868);
#637=LINE('',#4630,#869);
#638=LINE('',#4632,#870);
#639=LINE('',#4634,#871);
#640=LINE('',#4636,#872);
#641=LINE('',#4637,#873);
#642=LINE('',#4644,#874);
#643=LINE('',#4645,#875);
#644=LINE('',#4648,#876);
#645=LINE('',#4649,#877);
#646=LINE('',#4651,#878);
#647=LINE('',#4663,#879);
#648=LINE('',#4746,#880);
#649=LINE('',#4829,#881);
#650=LINE('',#4832,#882);
#651=LINE('',#4833,#883);
#652=LINE('',#4835,#884);
#653=LINE('',#4837,#885);
#654=LINE('',#4838,#886);
#655=LINE('',#4840,#887);
#656=LINE('',#4851,#888);
#657=LINE('',#4853,#889);
#658=LINE('',#4858,#890);
#659=LINE('',#4859,#891);
#660=LINE('',#4861,#892);
#661=LINE('',#4862,#893);
#662=LINE('',#4873,#894);
#663=LINE('',#4874,#895);
#664=LINE('',#4875,#896);
#665=LINE('',#4879,#897);
#666=LINE('',#4880,#898);
#667=LINE('',#4881,#899);
#668=LINE('',#4886,#900);
#669=LINE('',#4892,#901);
#670=LINE('',#4900,#902);
#671=LINE('',#4906,#903);
#672=LINE('',#4907,#904);
#673=LINE('',#4908,#905);
#674=LINE('',#4911,#906);
#675=LINE('',#4912,#907);
#676=LINE('',#4930,#908);
#677=LINE('',#4935,#909);
#678=LINE('',#4940,#910);
#679=LINE('',#4949,#911);
#680=LINE('',#4954,#912);
#681=LINE('',#4955,#913);
#682=LINE('',#4957,#914);
#683=LINE('',#4960,#915);
#684=LINE('',#4963,#916);
#685=LINE('',#4966,#917);
#686=LINE('',#4967,#918);
#687=LINE('',#4971,#919);
#688=LINE('',#4972,#920);
#689=LINE('',#4973,#921);
#690=LINE('',#4987,#922);
#691=LINE('',#4995,#923);
#692=LINE('',#4996,#924);
#693=LINE('',#4999,#925);
#694=LINE('',#5000,#926);
#695=LINE('',#5003,#927);
#696=LINE('',#5005,#928);
#697=LINE('',#5006,#929);
#698=LINE('',#5010,#930);
#699=LINE('',#5040,#931);
#700=LINE('',#5041,#932);
#701=LINE('',#5058,#933);
#702=LINE('',#5059,#934);
#703=LINE('',#5061,#935);
#704=LINE('',#5062,#936);
#705=LINE('',#5064,#937);
#706=LINE('',#5065,#938);
#707=VECTOR('',#3067,4.);
#708=VECTOR('',#3070,10.);
#709=VECTOR('',#3073,10.);
#710=VECTOR('',#3078,10.);
#711=VECTOR('',#3081,10.);
#712=VECTOR('',#3084,10.);
#713=VECTOR('',#3085,10.);
#714=VECTOR('',#3086,1000.);
#715=VECTOR('',#3087,1000.);
#716=VECTOR('',#3090,10.);
#717=VECTOR('',#3097,4.);
#718=VECTOR('',#3100,10.);
#719=VECTOR('',#3103,10.);
#720=VECTOR('',#3108,10.);
#721=VECTOR('',#3111,10.);
#722=VECTOR('',#3114,10.);
#723=VECTOR('',#3115,10.);
#724=VECTOR('',#3116,1000.);
#725=VECTOR('',#3117,1000.);
#726=VECTOR('',#3120,10.);
#727=VECTOR('',#3127,1.8);
#728=VECTOR('',#3134,1.8);
#729=VECTOR('',#3141,1.69999999999998);
#730=VECTOR('',#3148,1.69999999999998);
#731=VECTOR('',#3155,2.);
#732=VECTOR('',#3160,2.);
#733=VECTOR('',#3165,1.24999999999999);
#734=VECTOR('',#3170,1.25);
#735=VECTOR('',#3175,1.24999999999999);
#736=VECTOR('',#3180,1.25);
#737=VECTOR('',#3185,1.24999999999999);
#738=VECTOR('',#3192,1.24999999999999);
#739=VECTOR('',#3199,1.24999999999999);
#740=VECTOR('',#3206,1.24999999999999);
#741=VECTOR('',#3213,1000.);
#742=VECTOR('',#3216,1000.);
#743=VECTOR('',#3219,1000.);
#744=VECTOR('',#3222,1000.);
#745=VECTOR('',#3225,1000.);
#746=VECTOR('',#3228,1000.);
#747=VECTOR('',#3233,3.25);
#748=VECTOR('',#3240,3.25);
#749=VECTOR('',#3247,1.6);
#750=VECTOR('',#3254,1.6);
#751=VECTOR('',#3261,1.75);
#752=VECTOR('',#3268,1.75);
#753=VECTOR('',#3275,3.5);
#754=VECTOR('',#3282,3.5);
#755=VECTOR('',#3289,4.);
#756=VECTOR('',#3296,4.);
#757=VECTOR('',#3303,1000.);
#758=VECTOR('',#3306,1000.);
#759=VECTOR('',#3309,1000.);
#760=VECTOR('',#3312,1000.);
#761=VECTOR('',#3315,40.5);
#762=VECTOR('',#3320,1000.);
#763=VECTOR('',#3323,1000.);
#764=VECTOR('',#3326,1000.);
#765=VECTOR('',#3329,1000.);
#766=VECTOR('',#3334,2.25);
#767=VECTOR('',#3341,2.25);
#768=VECTOR('',#3346,1.75);
#769=VECTOR('',#3351,1.75);
#770=VECTOR('',#3358,1000.);
#771=VECTOR('',#3361,1000.);
#772=VECTOR('',#3362,1000.);
#773=VECTOR('',#3363,1000.);
#774=VECTOR('',#3366,1000.);
#775=VECTOR('',#3367,1000.);
#776=VECTOR('',#3370,1000.);
#777=VECTOR('',#3371,1000.);
#778=VECTOR('',#3372,1000.);
#779=VECTOR('',#3375,1000.);
#780=VECTOR('',#3378,1000.);
#781=VECTOR('',#3381,1000.);
#782=VECTOR('',#3386,1000.);
#783=VECTOR('',#3389,1000.);
#784=VECTOR('',#3396,1000.);
#785=VECTOR('',#3397,1000.);
#786=VECTOR('',#3400,1000.);
#787=VECTOR('',#3403,1000.);
#788=VECTOR('',#3406,1000.);
#789=VECTOR('',#3409,1000.);
#790=VECTOR('',#3414,1000.);
#791=VECTOR('',#3417,1000.);
#792=VECTOR('',#3420,1000.);
#793=VECTOR('',#3423,1000.);
#794=VECTOR('',#3426,1000.);
#795=VECTOR('',#3427,1000.);
#796=VECTOR('',#3434,1000.);
#797=VECTOR('',#3439,1000.);
#798=VECTOR('',#3440,1000.);
#799=VECTOR('',#3441,1000.);
#800=VECTOR('',#3442,1000.);
#801=VECTOR('',#3443,1000.);
#802=VECTOR('',#3444,1000.);
#803=VECTOR('',#3445,1000.);
#804=VECTOR('',#3446,1000.);
#805=VECTOR('',#3449,1000.);
#806=VECTOR('',#3450,1000.);
#807=VECTOR('',#3453,1000.);
#808=VECTOR('',#3454,1000.);
#809=VECTOR('',#3457,1000.);
#810=VECTOR('',#3460,1000.);
#811=VECTOR('',#3463,1000.);
#812=VECTOR('',#3468,1000.);
#813=VECTOR('',#3473,1000.);
#814=VECTOR('',#3474,1000.);
#815=VECTOR('',#3477,1000.);
#816=VECTOR('',#3478,1000.);
#817=VECTOR('',#3479,1000.);
#818=VECTOR('',#3480,1000.);
#819=VECTOR('',#3481,1000.);
#820=VECTOR('',#3482,1000.);
#821=VECTOR('',#3483,1000.);
#822=VECTOR('',#3486,1000.);
#823=VECTOR('',#3487,1000.);
#824=VECTOR('',#3488,1000.);
#825=VECTOR('',#3491,1000.);
#826=VECTOR('',#3494,1000.);
#827=VECTOR('',#3495,1000.);
#828=VECTOR('',#3498,1000.);
#829=VECTOR('',#3499,1000.);
#830=VECTOR('',#3500,1000.);
#831=VECTOR('',#3503,1000.);
#832=VECTOR('',#3506,1000.);
#833=VECTOR('',#3509,1000.);
#834=VECTOR('',#3510,1000.);
#835=VECTOR('',#3511,1000.);
#836=VECTOR('',#3516,1000.);
#837=VECTOR('',#3517,1000.);
#838=VECTOR('',#3518,1000.);
#839=VECTOR('',#3521,1000.);
#840=VECTOR('',#3526,1000.);
#841=VECTOR('',#3527,1000.);
#842=VECTOR('',#3528,1000.);
#843=VECTOR('',#3533,1000.);
#844=VECTOR('',#3534,1000.);
#845=VECTOR('',#3535,1000.);
#846=VECTOR('',#3536,1000.);
#847=VECTOR('',#3541,10.);
#848=VECTOR('',#3544,1000.);
#849=VECTOR('',#3547,1000.);
#850=VECTOR('',#3548,1000.);
#851=VECTOR('',#3551,10.);
#852=VECTOR('',#3552,1000.);
#853=VECTOR('',#3557,1000.);
#854=VECTOR('',#3560,1000.);
#855=VECTOR('',#3565,1000.);
#856=VECTOR('',#3566,1000.);
#857=VECTOR('',#3569,1000.);
#858=VECTOR('',#3570,1000.);
#859=VECTOR('',#3573,1000.);
#860=VECTOR('',#3576,1000.);
#861=VECTOR('',#3579,1000.);
#862=VECTOR('',#3580,1000.);
#863=VECTOR('',#3585,1000.);
#864=VECTOR('',#3586,1000.);
#865=VECTOR('',#3589,1000.);
#866=VECTOR('',#3590,1000.);
#867=VECTOR('',#3593,1000.);
#868=VECTOR('',#3594,1000.);
#869=VECTOR('',#3595,1000.);
#870=VECTOR('',#3596,1000.);
#871=VECTOR('',#3597,1000.);
#872=VECTOR('',#3598,1000.);
#873=VECTOR('',#3599,1000.);
#874=VECTOR('',#3610,1000.);
#875=VECTOR('',#3611,1000.);
#876=VECTOR('',#3614,1000.);
#877=VECTOR('',#3615,1000.);
#878=VECTOR('',#3618,1000.);
#879=VECTOR('',#3623,1000.);
#880=VECTOR('',#3624,1000.);
#881=VECTOR('',#3625,1000.);
#882=VECTOR('',#3630,1000.);
#883=VECTOR('',#3631,1000.);
#884=VECTOR('',#3634,1000.);
#885=VECTOR('',#3637,1000.);
#886=VECTOR('',#3638,1000.);
#887=VECTOR('',#3641,1000.);
#888=VECTOR('',#3662,1000.);
#889=VECTOR('',#3665,1000.);
#890=VECTOR('',#3674,1000.);
#891=VECTOR('',#3675,1000.);
#892=VECTOR('',#3678,1000.);
#893=VECTOR('',#3679,1000.);
#894=VECTOR('',#3696,1000.);
#895=VECTOR('',#3697,1000.);
#896=VECTOR('',#3698,1000.);
#897=VECTOR('',#3701,1000.);
#898=VECTOR('',#3702,1000.);
#899=VECTOR('',#3703,1000.);
#900=VECTOR('',#3708,1000.);
#901=VECTOR('',#3713,1000.);
#902=VECTOR('',#3716,1000.);
#903=VECTOR('',#3723,1000.);
#904=VECTOR('',#3724,1000.);
#905=VECTOR('',#3725,1000.);
#906=VECTOR('',#3728,1000.);
#907=VECTOR('',#3729,1000.);
#908=VECTOR('',#3740,1000.);
#909=VECTOR('',#3745,1000.);
#910=VECTOR('',#3752,1000.);
#911=VECTOR('',#3755,1000.);
#912=VECTOR('',#3762,1000.);
#913=VECTOR('',#3763,1000.);
#914=VECTOR('',#3766,1000.);
#915=VECTOR('',#3769,1000.);
#916=VECTOR('',#3772,1000.);
#917=VECTOR('',#3775,1000.);
#918=VECTOR('',#3776,1000.);
#919=VECTOR('',#3779,1000.);
#920=VECTOR('',#3780,1000.);
#921=VECTOR('',#3781,1000.);
#922=VECTOR('',#3786,1000.);
#923=VECTOR('',#3797,1000.);
#924=VECTOR('',#3798,1000.);
#925=VECTOR('',#3801,1000.);
#926=VECTOR('',#3802,1000.);
#927=VECTOR('',#3805,1000.);
#928=VECTOR('',#3806,1000.);
#929=VECTOR('',#3807,1000.);
#930=VECTOR('',#3810,1000.);
#931=VECTOR('',#3819,1000.);
#932=VECTOR('',#3820,1000.);
#933=VECTOR('',#3821,1000.);
#934=VECTOR('',#3822,1000.);
#935=VECTOR('',#3825,1000.);
#936=VECTOR('',#3826,1000.);
#937=VECTOR('',#3829,1000.);
#938=VECTOR('',#3830,1000.);
#939=CIRCLE('',#2774,4.0000000208924);
#940=CIRCLE('',#2775,4.0000000208924);
#941=CIRCLE('',#2776,4.);
#942=CIRCLE('',#2777,4.0000000208924);
#943=CIRCLE('',#2779,2.25);
#944=CIRCLE('',#2782,2.25000001175197);
#945=CIRCLE('',#2784,4.0000000208924);
#946=CIRCLE('',#2785,4.);
#947=CIRCLE('',#2786,4.0000000208924);
#948=CIRCLE('',#2787,4.);
#949=CIRCLE('',#2789,2.25);
#950=CIRCLE('',#2792,2.25000001175197);
#951=CIRCLE('',#2794,1.8);
#952=CIRCLE('',#2795,1.8);
#953=CIRCLE('',#2797,1.8);
#954=CIRCLE('',#2798,1.8);
#955=CIRCLE('',#2800,2.);
#956=CIRCLE('',#2801,1.69999999999998);
#957=CIRCLE('',#2803,2.);
#958=CIRCLE('',#2804,1.69999999999998);
#959=CIRCLE('',#2806,2.);
#960=CIRCLE('',#2808,2.);
#961=CIRCLE('',#2810,1.25);
#962=CIRCLE('',#2811,1.24999999999999);
#963=CIRCLE('',#2814,1.25);
#964=CIRCLE('',#2815,1.24999999999999);
#965=CIRCLE('',#2818,1.24999999999999);
#966=CIRCLE('',#2819,1.24999999999999);
#967=CIRCLE('',#2821,1.24999999999999);
#968=CIRCLE('',#2822,1.24999999999999);
#969=CIRCLE('',#2824,1.24999999999999);
#970=CIRCLE('',#2825,1.24999999999999);
#971=CIRCLE('',#2827,1.24999999999999);
#972=CIRCLE('',#2828,1.24999999999999);
#973=CIRCLE('',#2830,35.);
#974=CIRCLE('',#2831,35.);
#975=CIRCLE('',#2832,35.);
#976=CIRCLE('',#2833,35.);
#977=CIRCLE('',#2834,35.);
#978=CIRCLE('',#2835,35.);
#979=CIRCLE('',#2837,3.25);
#980=CIRCLE('',#2838,3.25);
#981=CIRCLE('',#2840,3.25);
#982=CIRCLE('',#2841,3.25);
#983=CIRCLE('',#2843,1.6);
#984=CIRCLE('',#2844,1.6);
#985=CIRCLE('',#2846,1.6);
#986=CIRCLE('',#2847,1.6);
#987=CIRCLE('',#2849,1.75);
#988=CIRCLE('',#2850,1.75);
#989=CIRCLE('',#2852,1.75);
#990=CIRCLE('',#2853,1.75);
#991=CIRCLE('',#2855,3.5);
#992=CIRCLE('',#2856,3.5);
#993=CIRCLE('',#2858,3.5);
#994=CIRCLE('',#2859,3.5);
#995=CIRCLE('',#2861,4.);
#996=CIRCLE('',#2862,4.);
#997=CIRCLE('',#2864,4.);
#998=CIRCLE('',#2865,4.);
#999=CIRCLE('',#2867,40.5);
#1000=CIRCLE('',#2868,40.5);
#1001=CIRCLE('',#2869,40.5);
#1002=CIRCLE('',#2870,40.5);
#1003=CIRCLE('',#2871,40.5);
#1004=CIRCLE('',#2872,40.5);
#1005=CIRCLE('',#2873,40.5);
#1006=CIRCLE('',#2874,40.5);
#1007=CIRCLE('',#2875,40.5);
#1008=CIRCLE('',#2876,40.5);
#1009=CIRCLE('',#2878,2.25);
#1010=CIRCLE('',#2879,2.25);
#1011=CIRCLE('',#2881,2.25);
#1012=CIRCLE('',#2882,2.25);
#1013=CIRCLE('',#2884,1.75);
#1014=CIRCLE('',#2886,1.75);
#1015=CIRCLE('',#2888,2.50000000000002);
#1016=CIRCLE('',#2889,8.);
#1017=CIRCLE('',#2890,53.);
#1018=CIRCLE('',#2891,53.);
#1019=CIRCLE('',#2892,8.);
#1020=CIRCLE('',#2893,2.5);
#1021=CIRCLE('',#2894,2.);
#1022=CIRCLE('',#2895,2.);
#1023=CIRCLE('',#2896,2.);
#1024=CIRCLE('',#2897,2.);
#1025=CIRCLE('',#2899,5.99999999999999);
#1026=CIRCLE('',#2900,3.);
#1027=CIRCLE('',#2901,8.00000000000001);
#1028=CIRCLE('',#2902,8.);
#1029=CIRCLE('',#2903,2.50000000000002);
#1030=CIRCLE('',#2904,2.);
#1031=CIRCLE('',#2905,2.);
#1032=CIRCLE('',#2906,2.);
#1033=CIRCLE('',#2907,2.);
#1034=CIRCLE('',#2908,2.5);
#1035=CIRCLE('',#2909,8.);
#1036=CIRCLE('',#2910,8.00000000000001);
#1037=CIRCLE('',#2911,3.);
#1038=CIRCLE('',#2912,6.00000000000001);
#1039=CIRCLE('',#2913,3.);
#1040=CIRCLE('',#2914,3.);
#1041=CIRCLE('',#2919,2.);
#1042=CIRCLE('',#2920,3.);
#1043=CIRCLE('',#2921,3.);
#1044=CIRCLE('',#2922,3.);
#1045=CIRCLE('',#2923,2.);
#1046=CIRCLE('',#2925,8.00000000000001);
#1047=CIRCLE('',#2926,8.00000000000001);
#1048=CIRCLE('',#2927,53.);
#1049=CIRCLE('',#2928,53.);
#1050=CIRCLE('',#2933,190.080955220785);
#1051=CIRCLE('',#2935,3.);
#1052=CIRCLE('',#2936,3.);
#1053=CIRCLE('',#2939,3.);
#1054=CIRCLE('',#2940,3.);
#1055=CIRCLE('',#2942,53.);
#1056=CIRCLE('',#2945,53.);
#1057=CIRCLE('',#2952,53.);
#1058=CIRCLE('',#2955,53.);
#1059=CIRCLE('',#2967,190.080955222262);
#1060=CIRCLE('',#2981,5.);
#1061=CIRCLE('',#2983,5.);
#1062=CIRCLE('',#2998,1.5);
#1063=CIRCLE('',#2999,4.2);
#1064=CIRCLE('',#3000,3.);
#1065=CIRCLE('',#3001,3.);
#1066=CIRCLE('',#3002,2.);
#1067=CIRCLE('',#3003,2.);
#1068=CIRCLE('',#3007,2.);
#1069=CIRCLE('',#3008,2.);
#1070=CIRCLE('',#3009,3.);
#1071=CIRCLE('',#3010,3.);
#1072=CIRCLE('',#3011,3.);
#1073=CIRCLE('',#3013,1.5);
#1074=CIRCLE('',#3014,2.);
#1075=CIRCLE('',#3015,2.);
#1076=CIRCLE('',#3016,3.);
#1077=CIRCLE('',#3017,3.);
#1078=CIRCLE('',#3018,4.2);
#1079=CIRCLE('',#3022,4.2);
#1080=CIRCLE('',#3026,3.);
#1081=CIRCLE('',#3027,3.);
#1082=CIRCLE('',#3028,1.5);
#1083=CIRCLE('',#3029,3.);
#1084=CIRCLE('',#3031,4.2);
#1085=CIRCLE('',#3035,3.);
#1086=CIRCLE('',#3036,3.);
#1087=CIRCLE('',#3037,1.5);
#1088=CIRCLE('',#3038,3.);
#1089=VERTEX_POINT('',#3873);
#1090=VERTEX_POINT('',#3875);
#1091=VERTEX_POINT('',#3877);
#1092=VERTEX_POINT('',#3879);
#1093=VERTEX_POINT('',#3881);
#1094=VERTEX_POINT('',#3883);
#1095=VERTEX_POINT('',#3887);
#1096=VERTEX_POINT('',#3889);
#1097=VERTEX_POINT('',#3893);
#1098=VERTEX_POINT('',#3895);
#1099=VERTEX_POINT('',#3897);
#1100=VERTEX_POINT('',#3901);
#1101=VERTEX_POINT('',#3905);
#1102=VERTEX_POINT('',#3907);
#1103=VERTEX_POINT('',#3909);
#1104=VERTEX_POINT('',#3911);
#1105=VERTEX_POINT('',#3913);
#1106=VERTEX_POINT('',#3915);
#1107=VERTEX_POINT('',#3919);
#1108=VERTEX_POINT('',#3921);
#1109=VERTEX_POINT('',#3925);
#1110=VERTEX_POINT('',#3927);
#1111=VERTEX_POINT('',#3929);
#1112=VERTEX_POINT('',#3933);
#1113=VERTEX_POINT('',#3937);
#1114=VERTEX_POINT('',#3939);
#1115=VERTEX_POINT('',#3943);
#1116=VERTEX_POINT('',#3945);
#1117=VERTEX_POINT('',#3949);
#1118=VERTEX_POINT('',#3951);
#1119=VERTEX_POINT('',#3955);
#1120=VERTEX_POINT('',#3957);
#1121=VERTEX_POINT('',#3961);
#1122=VERTEX_POINT('',#3965);
#1123=VERTEX_POINT('',#3969);
#1124=VERTEX_POINT('',#3971);
#1125=VERTEX_POINT('',#3975);
#1126=VERTEX_POINT('',#3978);
#1127=VERTEX_POINT('',#3980);
#1128=VERTEX_POINT('',#3984);
#1129=VERTEX_POINT('',#3987);
#1130=VERTEX_POINT('',#3989);
#1131=VERTEX_POINT('',#3993);
#1132=VERTEX_POINT('',#3995);
#1133=VERTEX_POINT('',#3999);
#1134=VERTEX_POINT('',#4001);
#1135=VERTEX_POINT('',#4005);
#1136=VERTEX_POINT('',#4007);
#1137=VERTEX_POINT('',#4011);
#1138=VERTEX_POINT('',#4012);
#1139=VERTEX_POINT('',#4014);
#1140=VERTEX_POINT('',#4016);
#1141=VERTEX_POINT('',#4018);
#1142=VERTEX_POINT('',#4020);
#1143=VERTEX_POINT('',#4022);
#1144=VERTEX_POINT('',#4024);
#1145=VERTEX_POINT('',#4026);
#1146=VERTEX_POINT('',#4028);
#1147=VERTEX_POINT('',#4030);
#1148=VERTEX_POINT('',#4032);
#1149=VERTEX_POINT('',#4036);
#1150=VERTEX_POINT('',#4038);
#1151=VERTEX_POINT('',#4042);
#1152=VERTEX_POINT('',#4044);
#1153=VERTEX_POINT('',#4048);
#1154=VERTEX_POINT('',#4050);
#1155=VERTEX_POINT('',#4054);
#1156=VERTEX_POINT('',#4056);
#1157=VERTEX_POINT('',#4060);
#1158=VERTEX_POINT('',#4062);
#1159=VERTEX_POINT('',#4066);
#1160=VERTEX_POINT('',#4068);
#1161=VERTEX_POINT('',#4072);
#1162=VERTEX_POINT('',#4074);
#1163=VERTEX_POINT('',#4078);
#1164=VERTEX_POINT('',#4080);
#1165=VERTEX_POINT('',#4084);
#1166=VERTEX_POINT('',#4086);
#1167=VERTEX_POINT('',#4090);
#1168=VERTEX_POINT('',#4092);
#1169=VERTEX_POINT('',#4096);
#1170=VERTEX_POINT('',#4097);
#1171=VERTEX_POINT('',#4099);
#1172=VERTEX_POINT('',#4101);
#1173=VERTEX_POINT('',#4103);
#1174=VERTEX_POINT('',#4105);
#1175=VERTEX_POINT('',#4107);
#1176=VERTEX_POINT('',#4109);
#1177=VERTEX_POINT('',#4111);
#1178=VERTEX_POINT('',#4113);
#1179=VERTEX_POINT('',#4115);
#1180=VERTEX_POINT('',#4118);
#1181=VERTEX_POINT('',#4120);
#1182=VERTEX_POINT('',#4122);
#1183=VERTEX_POINT('',#4124);
#1184=VERTEX_POINT('',#4126);
#1185=VERTEX_POINT('',#4128);
#1186=VERTEX_POINT('',#4130);
#1187=VERTEX_POINT('',#4134);
#1188=VERTEX_POINT('',#4136);
#1189=VERTEX_POINT('',#4140);
#1190=VERTEX_POINT('',#4142);
#1191=VERTEX_POINT('',#4146);
#1192=VERTEX_POINT('',#4147);
#1193=VERTEX_POINT('',#4178);
#1194=VERTEX_POINT('',#4212);
#1195=VERTEX_POINT('',#4213);
#1196=VERTEX_POINT('',#4244);
#1197=VERTEX_POINT('',#4278);
#1198=VERTEX_POINT('',#4279);
#1199=VERTEX_POINT('',#4281);
#1200=VERTEX_POINT('',#4283);
#1201=VERTEX_POINT('',#4285);
#1202=VERTEX_POINT('',#4288);
#1203=VERTEX_POINT('',#4290);
#1204=VERTEX_POINT('',#4293);
#1205=VERTEX_POINT('',#4295);
#1206=VERTEX_POINT('',#4298);
#1207=VERTEX_POINT('',#4300);
#1208=VERTEX_POINT('',#4302);
#1209=VERTEX_POINT('',#4304);
#1210=VERTEX_POINT('',#4306);
#1211=VERTEX_POINT('',#4308);
#1212=VERTEX_POINT('',#4310);
#1213=VERTEX_POINT('',#4312);
#1214=VERTEX_POINT('',#4315);
#1215=VERTEX_POINT('',#4317);
#1216=VERTEX_POINT('',#4319);
#1217=VERTEX_POINT('',#4323);
#1218=VERTEX_POINT('',#4324);
#1219=VERTEX_POINT('',#4326);
#1220=VERTEX_POINT('',#4328);
#1221=VERTEX_POINT('',#4330);
#1222=VERTEX_POINT('',#4332);
#1223=VERTEX_POINT('',#4334);
#1224=VERTEX_POINT('',#4336);
#1225=VERTEX_POINT('',#4338);
#1226=VERTEX_POINT('',#4340);
#1227=VERTEX_POINT('',#4342);
#1228=VERTEX_POINT('',#4344);
#1229=VERTEX_POINT('',#4346);
#1230=VERTEX_POINT('',#4349);
#1231=VERTEX_POINT('',#4351);
#1232=VERTEX_POINT('',#4353);
#1233=VERTEX_POINT('',#4355);
#1234=VERTEX_POINT('',#4357);
#1235=VERTEX_POINT('',#4359);
#1236=VERTEX_POINT('',#4361);
#1237=VERTEX_POINT('',#4363);
#1238=VERTEX_POINT('',#4365);
#1239=VERTEX_POINT('',#4367);
#1240=VERTEX_POINT('',#4369);
#1241=VERTEX_POINT('',#4371);
#1242=VERTEX_POINT('',#4373);
#1243=VERTEX_POINT('',#4375);
#1244=VERTEX_POINT('',#4377);
#1245=VERTEX_POINT('',#4382);
#1246=VERTEX_POINT('',#4384);
#1247=VERTEX_POINT('',#4386);
#1248=VERTEX_POINT('',#4388);
#1249=VERTEX_POINT('',#4390);
#1250=VERTEX_POINT('',#4392);
#1251=VERTEX_POINT('',#4402);
#1252=VERTEX_POINT('',#4403);
#1253=VERTEX_POINT('',#4405);
#1254=VERTEX_POINT('',#4407);
#1255=VERTEX_POINT('',#4409);
#1256=VERTEX_POINT('',#4411);
#1257=VERTEX_POINT('',#4413);
#1258=VERTEX_POINT('',#4415);
#1259=VERTEX_POINT('',#4424);
#1260=VERTEX_POINT('',#4429);
#1261=VERTEX_POINT('',#4431);
#1262=VERTEX_POINT('',#4433);
#1263=VERTEX_POINT('',#4435);
#1264=VERTEX_POINT('',#4437);
#1265=VERTEX_POINT('',#4439);
#1266=VERTEX_POINT('',#4441);
#1267=VERTEX_POINT('',#4443);
#1268=VERTEX_POINT('',#4445);
#1269=VERTEX_POINT('',#4447);
#1270=VERTEX_POINT('',#4449);
#1271=VERTEX_POINT('',#4451);
#1272=VERTEX_POINT('',#4454);
#1273=VERTEX_POINT('',#4456);
#1274=VERTEX_POINT('',#4459);
#1275=VERTEX_POINT('',#4461);
#1276=VERTEX_POINT('',#4465);
#1277=VERTEX_POINT('',#4467);
#1278=VERTEX_POINT('',#4475);
#1279=VERTEX_POINT('',#4478);
#1280=VERTEX_POINT('',#4482);
#1281=VERTEX_POINT('',#4483);
#1282=VERTEX_POINT('',#4485);
#1283=VERTEX_POINT('',#4487);
#1284=VERTEX_POINT('',#4489);
#1285=VERTEX_POINT('',#4491);
#1286=VERTEX_POINT('',#4495);
#1287=VERTEX_POINT('',#4497);
#1288=VERTEX_POINT('',#4501);
#1289=VERTEX_POINT('',#4504);
#1290=VERTEX_POINT('',#4507);
#1291=VERTEX_POINT('',#4511);
#1292=VERTEX_POINT('',#4513);
#1293=VERTEX_POINT('',#4520);
#1294=VERTEX_POINT('',#4522);
#1295=VERTEX_POINT('',#4531);
#1296=VERTEX_POINT('',#4533);
#1297=VERTEX_POINT('',#4570);
#1298=VERTEX_POINT('',#4571);
#1299=VERTEX_POINT('',#4609);
#1300=VERTEX_POINT('',#4611);
#1301=VERTEX_POINT('',#4618);
#1302=VERTEX_POINT('',#4619);
#1303=VERTEX_POINT('',#4629);
#1304=VERTEX_POINT('',#4631);
#1305=VERTEX_POINT('',#4633);
#1306=VERTEX_POINT('',#4635);
#1307=VERTEX_POINT('',#4643);
#1308=VERTEX_POINT('',#4647);
#1309=VERTEX_POINT('',#4662);
#1310=VERTEX_POINT('',#4704);
#1311=VERTEX_POINT('',#4745);
#1312=VERTEX_POINT('',#4787);
#1313=VERTEX_POINT('',#4828);
#1314=VERTEX_POINT('',#4871);
#1315=VERTEX_POINT('',#4872);
#1316=VERTEX_POINT('',#4877);
#1317=VERTEX_POINT('',#4878);
#1318=VERTEX_POINT('',#4883);
#1319=VERTEX_POINT('',#4885);
#1320=VERTEX_POINT('',#4887);
#1321=VERTEX_POINT('',#4889);
#1322=VERTEX_POINT('',#4891);
#1323=VERTEX_POINT('',#4893);
#1324=VERTEX_POINT('',#4898);
#1325=VERTEX_POINT('',#4904);
#1326=VERTEX_POINT('',#4905);
#1327=VERTEX_POINT('',#4910);
#1328=VERTEX_POINT('',#4916);
#1329=VERTEX_POINT('',#4918);
#1330=VERTEX_POINT('',#4927);
#1331=VERTEX_POINT('',#4929);
#1332=VERTEX_POINT('',#4933);
#1333=VERTEX_POINT('',#4934);
#1334=VERTEX_POINT('',#4939);
#1335=VERTEX_POINT('',#4941);
#1336=VERTEX_POINT('',#4943);
#1337=VERTEX_POINT('',#4948);
#1338=VERTEX_POINT('',#4950);
#1339=VERTEX_POINT('',#4959);
#1340=VERTEX_POINT('',#4961);
#1341=VERTEX_POINT('',#4965);
#1342=VERTEX_POINT('',#4969);
#1343=VERTEX_POINT('',#4970);
#1344=VERTEX_POINT('',#4975);
#1345=VERTEX_POINT('',#4984);
#1346=VERTEX_POINT('',#4986);
#1347=VERTEX_POINT('',#4992);
#1348=VERTEX_POINT('',#4993);
#1349=VERTEX_POINT('',#4998);
#1350=VERTEX_POINT('',#5002);
#1351=VERTEX_POINT('',#5004);
#1352=VERTEX_POINT('',#5008);
#1353=VERTEX_POINT('',#5009);
#1354=VERTEX_POINT('',#5011);
#1355=EDGE_CURVE('',#1089,#1089,#939,.T.);
#1356=EDGE_CURVE('',#1089,#1090,#475,.T.);
#1357=EDGE_CURVE('',#1091,#1090,#940,.T.);
#1358=EDGE_CURVE('',#1092,#1091,#476,.T.);
#1359=EDGE_CURVE('',#1092,#1093,#941,.T.);
#1360=EDGE_CURVE('',#1094,#1093,#477,.T.);
#1361=EDGE_CURVE('',#1090,#1094,#942,.T.);
#1362=EDGE_CURVE('',#1095,#1092,#478,.T.);
#1363=EDGE_CURVE('',#1096,#1095,#943,.T.);
#1364=EDGE_CURVE('',#1093,#1096,#479,.T.);
#1365=EDGE_CURVE('',#1096,#1097,#480,.T.);
#1366=EDGE_CURVE('',#1098,#1097,#481,.T.);
#1367=EDGE_CURVE('',#1099,#1098,#482,.T.);
#1368=EDGE_CURVE('',#1094,#1099,#483,.T.);
#1369=EDGE_CURVE('',#1100,#1095,#484,.T.);
#1370=EDGE_CURVE('',#1097,#1100,#944,.T.);
#1371=EDGE_CURVE('',#1101,#1101,#945,.T.);
#1372=EDGE_CURVE('',#1101,#1102,#485,.T.);
#1373=EDGE_CURVE('',#1102,#1103,#946,.T.);
#1374=EDGE_CURVE('',#1104,#1103,#486,.T.);
#1375=EDGE_CURVE('',#1105,#1104,#947,.T.);
#1376=EDGE_CURVE('',#1106,#1105,#487,.T.);
#1377=EDGE_CURVE('',#1106,#1102,#948,.T.);
#1378=EDGE_CURVE('',#1107,#1106,#488,.T.);
#1379=EDGE_CURVE('',#1108,#1107,#949,.T.);
#1380=EDGE_CURVE('',#1103,#1108,#489,.T.);
#1381=EDGE_CURVE('',#1108,#1109,#490,.T.);
#1382=EDGE_CURVE('',#1109,#1110,#491,.T.);
#1383=EDGE_CURVE('',#1110,#1111,#492,.T.);
#1384=EDGE_CURVE('',#1104,#1111,#493,.T.);
#1385=EDGE_CURVE('',#1112,#1107,#494,.T.);
#1386=EDGE_CURVE('',#1109,#1112,#950,.T.);
#1387=EDGE_CURVE('',#1113,#1113,#951,.T.);
#1388=EDGE_CURVE('',#1113,#1114,#495,.T.);
#1389=EDGE_CURVE('',#1114,#1114,#952,.T.);
#1390=EDGE_CURVE('',#1115,#1115,#953,.T.);
#1391=EDGE_CURVE('',#1115,#1116,#496,.T.);
#1392=EDGE_CURVE('',#1116,#1116,#954,.T.);
#1393=EDGE_CURVE('',#1117,#1117,#955,.T.);
#1394=EDGE_CURVE('',#1117,#1118,#497,.T.);
#1395=EDGE_CURVE('',#1118,#1118,#956,.T.);
#1396=EDGE_CURVE('',#1119,#1119,#957,.T.);
#1397=EDGE_CURVE('',#1119,#1120,#498,.T.);
#1398=EDGE_CURVE('',#1120,#1120,#958,.T.);
#1399=EDGE_CURVE('',#1121,#1121,#959,.T.);
#1400=EDGE_CURVE('',#1121,#1117,#499,.T.);
#1401=EDGE_CURVE('',#1122,#1122,#960,.T.);
#1402=EDGE_CURVE('',#1122,#1119,#500,.T.);
#1403=EDGE_CURVE('',#1123,#1123,#961,.T.);
#1404=EDGE_CURVE('',#1123,#1124,#501,.T.);
#1405=EDGE_CURVE('',#1124,#1124,#962,.T.);
#1406=EDGE_CURVE('',#1125,#1123,#502,.T.);
#1407=EDGE_CURVE('',#1126,#1126,#963,.T.);
#1408=EDGE_CURVE('',#1126,#1127,#503,.T.);
#1409=EDGE_CURVE('',#1127,#1127,#964,.T.);
#1410=EDGE_CURVE('',#1128,#1126,#504,.T.);
#1411=EDGE_CURVE('',#1129,#1129,#965,.T.);
#1412=EDGE_CURVE('',#1129,#1130,#505,.T.);
#1413=EDGE_CURVE('',#1130,#1130,#966,.T.);
#1414=EDGE_CURVE('',#1131,#1131,#967,.T.);
#1415=EDGE_CURVE('',#1131,#1132,#506,.T.);
#1416=EDGE_CURVE('',#1132,#1132,#968,.T.);
#1417=EDGE_CURVE('',#1133,#1133,#969,.T.);
#1418=EDGE_CURVE('',#1133,#1134,#507,.T.);
#1419=EDGE_CURVE('',#1134,#1134,#970,.T.);
#1420=EDGE_CURVE('',#1135,#1135,#971,.T.);
#1421=EDGE_CURVE('',#1135,#1136,#508,.T.);
#1422=EDGE_CURVE('',#1136,#1136,#972,.T.);
#1423=EDGE_CURVE('',#1137,#1138,#973,.T.);
#1424=EDGE_CURVE('',#1137,#1139,#509,.T.);
#1425=EDGE_CURVE('',#1139,#1140,#974,.T.);
#1426=EDGE_CURVE('',#1141,#1140,#510,.T.);
#1427=EDGE_CURVE('',#1142,#1141,#975,.T.);
#1428=EDGE_CURVE('',#1142,#1143,#511,.T.);
#1429=EDGE_CURVE('',#1143,#1144,#976,.T.);
#1430=EDGE_CURVE('',#1144,#1145,#512,.T.);
#1431=EDGE_CURVE('',#1146,#1145,#977,.T.);
#1432=EDGE_CURVE('',#1146,#1147,#513,.T.);
#1433=EDGE_CURVE('',#1147,#1148,#978,.T.);
#1434=EDGE_CURVE('',#1148,#1138,#514,.T.);
#1435=EDGE_CURVE('',#1149,#1149,#979,.T.);
#1436=EDGE_CURVE('',#1149,#1150,#515,.T.);
#1437=EDGE_CURVE('',#1150,#1150,#980,.T.);
#1438=EDGE_CURVE('',#1151,#1151,#981,.T.);
#1439=EDGE_CURVE('',#1151,#1152,#516,.T.);
#1440=EDGE_CURVE('',#1152,#1152,#982,.T.);
#1441=EDGE_CURVE('',#1153,#1153,#983,.T.);
#1442=EDGE_CURVE('',#1153,#1154,#517,.T.);
#1443=EDGE_CURVE('',#1154,#1154,#984,.T.);
#1444=EDGE_CURVE('',#1155,#1155,#985,.T.);
#1445=EDGE_CURVE('',#1155,#1156,#518,.T.);
#1446=EDGE_CURVE('',#1156,#1156,#986,.T.);
#1447=EDGE_CURVE('',#1157,#1157,#987,.T.);
#1448=EDGE_CURVE('',#1157,#1158,#519,.T.);
#1449=EDGE_CURVE('',#1158,#1158,#988,.T.);
#1450=EDGE_CURVE('',#1159,#1159,#989,.T.);
#1451=EDGE_CURVE('',#1159,#1160,#520,.T.);
#1452=EDGE_CURVE('',#1160,#1160,#990,.T.);
#1453=EDGE_CURVE('',#1161,#1161,#991,.T.);
#1454=EDGE_CURVE('',#1161,#1162,#521,.T.);
#1455=EDGE_CURVE('',#1162,#1162,#992,.T.);
#1456=EDGE_CURVE('',#1163,#1163,#993,.T.);
#1457=EDGE_CURVE('',#1163,#1164,#522,.T.);
#1458=EDGE_CURVE('',#1164,#1164,#994,.T.);
#1459=EDGE_CURVE('',#1165,#1165,#995,.T.);
#1460=EDGE_CURVE('',#1165,#1166,#523,.T.);
#1461=EDGE_CURVE('',#1166,#1166,#996,.T.);
#1462=EDGE_CURVE('',#1167,#1167,#997,.T.);
#1463=EDGE_CURVE('',#1167,#1168,#524,.T.);
#1464=EDGE_CURVE('',#1168,#1168,#998,.T.);
#1465=EDGE_CURVE('',#1169,#1170,#999,.T.);
#1466=EDGE_CURVE('',#1170,#1171,#525,.T.);
#1467=EDGE_CURVE('',#1171,#1172,#1000,.T.);
#1468=EDGE_CURVE('',#1172,#1173,#526,.T.);
#1469=EDGE_CURVE('',#1173,#1174,#1001,.T.);
#1470=EDGE_CURVE('',#1175,#1174,#527,.T.);
#1471=EDGE_CURVE('',#1175,#1176,#1002,.T.);
#1472=EDGE_CURVE('',#1176,#1177,#528,.T.);
#1473=EDGE_CURVE('',#1177,#1178,#1003,.T.);
#1474=EDGE_CURVE('',#1178,#1179,#529,.T.);
#1475=EDGE_CURVE('',#1179,#1179,#1004,.T.);
#1476=EDGE_CURVE('',#1178,#1180,#1005,.T.);
#1477=EDGE_CURVE('',#1181,#1180,#530,.T.);
#1478=EDGE_CURVE('',#1182,#1181,#1006,.T.);
#1479=EDGE_CURVE('',#1182,#1183,#531,.T.);
#1480=EDGE_CURVE('',#1183,#1184,#1007,.T.);
#1481=EDGE_CURVE('',#1184,#1185,#532,.T.);
#1482=EDGE_CURVE('',#1185,#1186,#1008,.T.);
#1483=EDGE_CURVE('',#1186,#1169,#533,.T.);
#1484=EDGE_CURVE('',#1187,#1187,#1009,.T.);
#1485=EDGE_CURVE('',#1187,#1188,#534,.T.);
#1486=EDGE_CURVE('',#1188,#1188,#1010,.T.);
#1487=EDGE_CURVE('',#1189,#1189,#1011,.T.);
#1488=EDGE_CURVE('',#1189,#1190,#535,.T.);
#1489=EDGE_CURVE('',#1190,#1190,#1012,.T.);
#1490=EDGE_CURVE('',#1191,#1192,#63,.T.);
#1491=EDGE_CURVE('',#1192,#1193,#536,.T.);
#1492=EDGE_CURVE('',#1193,#1193,#1013,.T.);
#1493=EDGE_CURVE('',#1192,#1191,#64,.T.);
#1494=EDGE_CURVE('',#1194,#1195,#65,.T.);
#1495=EDGE_CURVE('',#1195,#1196,#537,.T.);
#1496=EDGE_CURVE('',#1196,#1196,#1014,.T.);
#1497=EDGE_CURVE('',#1195,#1194,#66,.T.);
#1498=EDGE_CURVE('',#1197,#1198,#1015,.T.);
#1499=EDGE_CURVE('',#1197,#1199,#538,.T.);
#1500=EDGE_CURVE('',#1199,#1200,#1016,.T.);
#1501=EDGE_CURVE('',#1200,#1201,#539,.T.);
#1502=EDGE_CURVE('',#1201,#1174,#540,.T.);
#1503=EDGE_CURVE('',#1173,#1202,#541,.T.);
#1504=EDGE_CURVE('',#1203,#1202,#1017,.T.);
#1505=EDGE_CURVE('',#1203,#1170,#542,.T.);
#1506=EDGE_CURVE('',#1169,#1204,#543,.T.);
#1507=EDGE_CURVE('',#1205,#1204,#1018,.T.);
#1508=EDGE_CURVE('',#1205,#1184,#544,.T.);
#1509=EDGE_CURVE('',#1206,#1183,#545,.T.);
#1510=EDGE_CURVE('',#1207,#1206,#546,.T.);
#1511=EDGE_CURVE('',#1207,#1208,#1019,.T.);
#1512=EDGE_CURVE('',#1209,#1208,#547,.T.);
#1513=EDGE_CURVE('',#1210,#1209,#1020,.T.);
#1514=EDGE_CURVE('',#1211,#1210,#548,.T.);
#1515=EDGE_CURVE('',#1211,#1212,#1021,.T.);
#1516=EDGE_CURVE('',#1213,#1212,#549,.T.);
#1517=EDGE_CURVE('',#1213,#1144,#1022,.T.);
#1518=EDGE_CURVE('',#1143,#1214,#1023,.T.);
#1519=EDGE_CURVE('',#1215,#1214,#550,.T.);
#1520=EDGE_CURVE('',#1215,#1216,#1024,.T.);
#1521=EDGE_CURVE('',#1198,#1216,#551,.T.);
#1522=EDGE_CURVE('',#1217,#1218,#1025,.T.);
#1523=EDGE_CURVE('',#1217,#1219,#1026,.T.);
#1524=EDGE_CURVE('',#1220,#1219,#552,.T.);
#1525=EDGE_CURVE('',#1221,#1220,#553,.T.);
#1526=EDGE_CURVE('',#1221,#1222,#1027,.T.);
#1527=EDGE_CURVE('',#1223,#1222,#554,.T.);
#1528=EDGE_CURVE('',#1223,#1224,#1028,.T.);
#1529=EDGE_CURVE('',#1225,#1224,#555,.T.);
#1530=EDGE_CURVE('',#1225,#1226,#1029,.T.);
#1531=EDGE_CURVE('',#1227,#1226,#556,.T.);
#1532=EDGE_CURVE('',#1227,#1228,#1030,.T.);
#1533=EDGE_CURVE('',#1228,#1229,#557,.T.);
#1534=EDGE_CURVE('',#1229,#1137,#1031,.T.);
#1535=EDGE_CURVE('',#1138,#1230,#1032,.T.);
#1536=EDGE_CURVE('',#1230,#1231,#558,.T.);
#1537=EDGE_CURVE('',#1231,#1232,#1033,.T.);
#1538=EDGE_CURVE('',#1233,#1232,#559,.T.);
#1539=EDGE_CURVE('',#1233,#1234,#1034,.T.);
#1540=EDGE_CURVE('',#1234,#1235,#560,.T.);
#1541=EDGE_CURVE('',#1235,#1236,#1035,.T.);
#1542=EDGE_CURVE('',#1236,#1237,#561,.T.);
#1543=EDGE_CURVE('',#1237,#1238,#1036,.T.);
#1544=EDGE_CURVE('',#1239,#1238,#562,.T.);
#1545=EDGE_CURVE('',#1240,#1239,#563,.T.);
#1546=EDGE_CURVE('',#1240,#1241,#1037,.T.);
#1547=EDGE_CURVE('',#1242,#1241,#1038,.T.);
#1548=EDGE_CURVE('',#1242,#1243,#1039,.T.);
#1549=EDGE_CURVE('',#1244,#1243,#564,.T.);
#1550=EDGE_CURVE('',#1244,#1218,#1040,.T.);
#1551=EDGE_CURVE('',#1226,#1198,#565,.T.);
#1552=EDGE_CURVE('',#1216,#1245,#566,.T.);
#1553=EDGE_CURVE('',#1246,#1245,#567,.T.);
#1554=EDGE_CURVE('',#1246,#1247,#568,.T.);
#1555=EDGE_CURVE('',#1247,#1248,#569,.T.);
#1556=EDGE_CURVE('',#1248,#1249,#570,.T.);
#1557=EDGE_CURVE('',#1249,#1250,#571,.T.);
#1558=EDGE_CURVE('',#1250,#1227,#572,.T.);
#1559=EDGE_CURVE('',#1225,#1197,#573,.T.);
#1560=EDGE_CURVE('',#1224,#1199,#574,.T.);
#1561=EDGE_CURVE('',#1234,#1209,#575,.T.);
#1562=EDGE_CURVE('',#1208,#1235,#576,.T.);
#1563=EDGE_CURVE('',#1251,#1252,#577,.T.);
#1564=EDGE_CURVE('',#1252,#1253,#1041,.T.);
#1565=EDGE_CURVE('',#1253,#1254,#578,.T.);
#1566=EDGE_CURVE('',#1254,#1255,#1042,.T.);
#1567=EDGE_CURVE('',#1256,#1255,#579,.T.);
#1568=EDGE_CURVE('',#1256,#1257,#1043,.T.);
#1569=EDGE_CURVE('',#1258,#1257,#67,.T.);
#1570=EDGE_CURVE('',#1258,#1259,#1044,.T.);
#1571=EDGE_CURVE('',#1259,#1146,#580,.T.);
#1572=EDGE_CURVE('',#1145,#1251,#1045,.T.);
#1573=EDGE_CURVE('',#1177,#1260,#581,.T.);
#1574=EDGE_CURVE('',#1260,#1261,#582,.T.);
#1575=EDGE_CURVE('',#1261,#1262,#1046,.T.);
#1576=EDGE_CURVE('',#1262,#1263,#583,.T.);
#1577=EDGE_CURVE('',#1263,#1264,#584,.T.);
#1578=EDGE_CURVE('',#1264,#1265,#585,.T.);
#1579=EDGE_CURVE('',#1265,#1266,#586,.T.);
#1580=EDGE_CURVE('',#1266,#1267,#587,.T.);
#1581=EDGE_CURVE('',#1268,#1267,#588,.T.);
#1582=EDGE_CURVE('',#1269,#1268,#589,.T.);
#1583=EDGE_CURVE('',#1269,#1270,#1047,.T.);
#1584=EDGE_CURVE('',#1271,#1270,#590,.T.);
#1585=EDGE_CURVE('',#1180,#1271,#591,.T.);
#1586=EDGE_CURVE('',#1099,#1272,#592,.T.);
#1587=EDGE_CURVE('',#1273,#1272,#1048,.T.);
#1588=EDGE_CURVE('',#1273,#1091,#593,.T.);
#1589=EDGE_CURVE('',#1274,#1111,#1049,.T.);
#1590=EDGE_CURVE('',#1274,#1275,#594,.T.);
#1591=EDGE_CURVE('',#1275,#1105,#595,.T.);
#1592=EDGE_CURVE('',#1276,#1175,#596,.T.);
#1593=EDGE_CURVE('',#1276,#1277,#597,.T.);
#1594=EDGE_CURVE('',#1176,#1277,#598,.T.);
#1595=EDGE_CURVE('',#1201,#1276,#599,.T.);
#1596=EDGE_CURVE('',#1277,#1260,#600,.T.);
#1597=EDGE_CURVE('',#1263,#1278,#601,.T.);
#1598=EDGE_CURVE('',#1221,#1262,#602,.T.);
#1599=EDGE_CURVE('',#1279,#1220,#603,.T.);
#1600=EDGE_CURVE('',#1278,#1279,#1050,.T.);
#1601=EDGE_CURVE('',#1280,#1281,#604,.T.);
#1602=EDGE_CURVE('',#1280,#1282,#605,.T.);
#1603=EDGE_CURVE('',#1283,#1282,#606,.T.);
#1604=EDGE_CURVE('',#1283,#1284,#1051,.T.);
#1605=EDGE_CURVE('',#1285,#1284,#607,.T.);
#1606=EDGE_CURVE('',#1285,#1281,#1052,.T.);
#1607=EDGE_CURVE('',#1284,#1286,#608,.T.);
#1608=EDGE_CURVE('',#1287,#1286,#609,.T.);
#1609=EDGE_CURVE('',#1287,#1285,#610,.T.);
#1610=EDGE_CURVE('',#1286,#1288,#1053,.T.);
#1611=EDGE_CURVE('',#1264,#1288,#611,.T.);
#1612=EDGE_CURVE('',#1289,#1278,#612,.T.);
#1613=EDGE_CURVE('',#1268,#1289,#613,.T.);
#1614=EDGE_CURVE('',#1290,#1267,#614,.T.);
#1615=EDGE_CURVE('',#1290,#1287,#1054,.T.);
#1616=EDGE_CURVE('',#1100,#1291,#615,.T.);
#1617=EDGE_CURVE('',#1291,#1292,#1055,.T.);
#1618=EDGE_CURVE('',#1292,#1098,#616,.T.);
#1619=EDGE_CURVE('',#1273,#1291,#617,.T.);
#1620=EDGE_CURVE('',#1292,#1272,#618,.T.);
#1621=EDGE_CURVE('',#1293,#1112,#619,.T.);
#1622=EDGE_CURVE('',#1293,#1294,#620,.T.);
#1623=EDGE_CURVE('',#1294,#1110,#1056,.T.);
#1624=EDGE_CURVE('',#1294,#1274,#621,.T.);
#1625=EDGE_CURVE('',#1293,#1275,#622,.T.);
#1626=EDGE_CURVE('',#1218,#1295,#623,.T.);
#1627=EDGE_CURVE('',#1296,#1295,#68,.T.);
#1628=EDGE_CURVE('',#1296,#1217,#624,.T.);
#1629=EDGE_CURVE('',#1297,#1298,#69,.T.);
#1630=EDGE_CURVE('',#1297,#1242,#625,.T.);
#1631=EDGE_CURVE('',#1241,#1298,#626,.T.);
#1632=EDGE_CURVE('',#1185,#1299,#627,.T.);
#1633=EDGE_CURVE('',#1299,#1300,#1057,.T.);
#1634=EDGE_CURVE('',#1300,#1186,#628,.T.);
#1635=EDGE_CURVE('',#1299,#1205,#629,.T.);
#1636=EDGE_CURVE('',#1300,#1204,#630,.T.);
#1637=EDGE_CURVE('',#1301,#1302,#1058,.T.);
#1638=EDGE_CURVE('',#1302,#1172,#631,.T.);
#1639=EDGE_CURVE('',#1171,#1301,#632,.T.);
#1640=EDGE_CURVE('',#1302,#1202,#633,.T.);
#1641=EDGE_CURVE('',#1301,#1203,#634,.T.);
#1642=EDGE_CURVE('',#1253,#1211,#635,.T.);
#1643=EDGE_CURVE('',#1233,#1210,#636,.T.);
#1644=EDGE_CURVE('',#1232,#1303,#637,.T.);
#1645=EDGE_CURVE('',#1303,#1304,#638,.T.);
#1646=EDGE_CURVE('',#1304,#1305,#639,.T.);
#1647=EDGE_CURVE('',#1305,#1306,#640,.T.);
#1648=EDGE_CURVE('',#1306,#1254,#641,.T.);
#1649=EDGE_CURVE('',#1271,#1307,#642,.T.);
#1650=EDGE_CURVE('',#1181,#1307,#643,.T.);
#1651=EDGE_CURVE('',#1308,#1182,#644,.T.);
#1652=EDGE_CURVE('',#1308,#1206,#645,.T.);
#1653=EDGE_CURVE('',#1308,#1307,#646,.T.);
#1654=EDGE_CURVE('',#1279,#1309,#647,.T.);
#1655=EDGE_CURVE('',#1309,#1296,#70,.T.);
#1656=EDGE_CURVE('',#1295,#1310,#71,.T.);
#1657=EDGE_CURVE('',#1310,#1311,#648,.T.);
#1658=EDGE_CURVE('',#1311,#1297,#72,.T.);
#1659=EDGE_CURVE('',#1298,#1312,#73,.T.);
#1660=EDGE_CURVE('',#1312,#1313,#649,.T.);
#1661=EDGE_CURVE('',#1313,#1289,#1059,.T.);
#1662=EDGE_CURVE('',#1313,#1239,#650,.T.);
#1663=EDGE_CURVE('',#1238,#1269,#651,.T.);
#1664=EDGE_CURVE('',#1312,#1240,#652,.T.);
#1665=EDGE_CURVE('',#1243,#1311,#653,.T.);
#1666=EDGE_CURVE('',#1310,#1244,#654,.T.);
#1667=EDGE_CURVE('',#1219,#1309,#655,.T.);
#1668=EDGE_CURVE('',#1266,#1280,#1060,.T.);
#1669=EDGE_CURVE('',#1281,#1290,#656,.T.);
#1670=EDGE_CURVE('',#1288,#1283,#657,.T.);
#1671=EDGE_CURVE('',#1282,#1265,#1061,.T.);
#1672=EDGE_CURVE('',#1200,#1223,#658,.T.);
#1673=EDGE_CURVE('',#1222,#1261,#659,.T.);
#1674=EDGE_CURVE('',#1236,#1207,#660,.T.);
#1675=EDGE_CURVE('',#1270,#1237,#661,.T.);
#1676=EDGE_CURVE('',#1314,#1315,#662,.T.);
#1677=EDGE_CURVE('',#1315,#1229,#663,.T.);
#1678=EDGE_CURVE('',#1228,#1314,#664,.T.);
#1679=EDGE_CURVE('',#1316,#1317,#665,.T.);
#1680=EDGE_CURVE('',#1317,#1231,#666,.T.);
#1681=EDGE_CURVE('',#1230,#1316,#667,.T.);
#1682=EDGE_CURVE('',#1249,#1318,#1062,.T.);
#1683=EDGE_CURVE('',#1318,#1319,#668,.T.);
#1684=EDGE_CURVE('',#1319,#1320,#1063,.T.);
#1685=EDGE_CURVE('',#1320,#1321,#1064,.T.);
#1686=EDGE_CURVE('',#1321,#1322,#669,.T.);
#1687=EDGE_CURVE('',#1322,#1323,#74,.T.);
#1688=EDGE_CURVE('',#1323,#1324,#1065,.T.);
#1689=EDGE_CURVE('',#1140,#1324,#670,.T.);
#1690=EDGE_CURVE('',#1139,#1315,#1066,.T.);
#1691=EDGE_CURVE('',#1314,#1250,#1067,.T.);
#1692=EDGE_CURVE('',#1325,#1326,#671,.T.);
#1693=EDGE_CURVE('',#1325,#1215,#672,.T.);
#1694=EDGE_CURVE('',#1214,#1326,#673,.T.);
#1695=EDGE_CURVE('',#1324,#1327,#674,.T.);
#1696=EDGE_CURVE('',#1141,#1327,#675,.T.);
#1697=EDGE_CURVE('',#1245,#1325,#1068,.T.);
#1698=EDGE_CURVE('',#1326,#1142,#1069,.T.);
#1699=EDGE_CURVE('',#1327,#1328,#1070,.T.);
#1700=EDGE_CURVE('',#1329,#1328,#75,.T.);
#1701=EDGE_CURVE('',#1329,#1330,#1071,.T.);
#1702=EDGE_CURVE('',#1331,#1330,#676,.T.);
#1703=EDGE_CURVE('',#1331,#1246,#1072,.T.);
#1704=EDGE_CURVE('',#1332,#1333,#677,.T.);
#1705=EDGE_CURVE('',#1333,#1304,#1073,.T.);
#1706=EDGE_CURVE('',#1303,#1317,#1074,.T.);
#1707=EDGE_CURVE('',#1316,#1148,#1075,.T.);
#1708=EDGE_CURVE('',#1334,#1147,#678,.T.);
#1709=EDGE_CURVE('',#1334,#1335,#1076,.T.);
#1710=EDGE_CURVE('',#1335,#1336,#76,.T.);
#1711=EDGE_CURVE('',#1336,#1337,#679,.T.);
#1712=EDGE_CURVE('',#1337,#1338,#1077,.T.);
#1713=EDGE_CURVE('',#1338,#1332,#1078,.T.);
#1714=EDGE_CURVE('',#1212,#1252,#680,.T.);
#1715=EDGE_CURVE('',#1251,#1213,#681,.T.);
#1716=EDGE_CURVE('',#1259,#1334,#682,.T.);
#1717=EDGE_CURVE('',#1338,#1339,#683,.T.);
#1718=EDGE_CURVE('',#1339,#1340,#1079,.T.);
#1719=EDGE_CURVE('',#1332,#1340,#684,.T.);
#1720=EDGE_CURVE('',#1340,#1341,#685,.T.);
#1721=EDGE_CURVE('',#1341,#1333,#686,.T.);
#1722=EDGE_CURVE('',#1342,#1343,#687,.T.);
#1723=EDGE_CURVE('',#1343,#1337,#688,.T.);
#1724=EDGE_CURVE('',#1336,#1342,#689,.T.);
#1725=EDGE_CURVE('',#1344,#1342,#77,.T.);
#1726=EDGE_CURVE('',#1344,#1345,#1080,.T.);
#1727=EDGE_CURVE('',#1346,#1345,#690,.T.);
#1728=EDGE_CURVE('',#1346,#1306,#1081,.T.);
#1729=EDGE_CURVE('',#1305,#1341,#1082,.T.);
#1730=EDGE_CURVE('',#1339,#1343,#1083,.T.);
#1731=EDGE_CURVE('',#1347,#1348,#1084,.T.);
#1732=EDGE_CURVE('',#1348,#1320,#691,.T.);
#1733=EDGE_CURVE('',#1319,#1347,#692,.T.);
#1734=EDGE_CURVE('',#1318,#1349,#693,.T.);
#1735=EDGE_CURVE('',#1349,#1347,#694,.T.);
#1736=EDGE_CURVE('',#1321,#1350,#695,.T.);
#1737=EDGE_CURVE('',#1350,#1351,#696,.T.);
#1738=EDGE_CURVE('',#1351,#1322,#697,.T.);
#1739=EDGE_CURVE('',#1352,#1353,#698,.T.);
#1740=EDGE_CURVE('',#1353,#1354,#1085,.T.);
#1741=EDGE_CURVE('',#1354,#1351,#78,.T.);
#1742=EDGE_CURVE('',#1350,#1348,#1086,.T.);
#1743=EDGE_CURVE('',#1349,#1248,#1087,.T.);
#1744=EDGE_CURVE('',#1247,#1352,#1088,.T.);
#1745=EDGE_CURVE('',#1328,#1323,#699,.T.);
#1746=EDGE_CURVE('',#1354,#1329,#700,.T.);
#1747=EDGE_CURVE('',#1257,#1344,#701,.T.);
#1748=EDGE_CURVE('',#1335,#1258,#702,.T.);
#1749=EDGE_CURVE('',#1345,#1256,#703,.T.);
#1750=EDGE_CURVE('',#1255,#1346,#704,.T.);
#1751=EDGE_CURVE('',#1330,#1353,#705,.T.);
#1752=EDGE_CURVE('',#1352,#1331,#706,.T.);
#1753=ORIENTED_EDGE('',*,*,#1355,.F.);
#1754=ORIENTED_EDGE('',*,*,#1356,.T.);
#1755=ORIENTED_EDGE('',*,*,#1357,.F.);
#1756=ORIENTED_EDGE('',*,*,#1358,.F.);
#1757=ORIENTED_EDGE('',*,*,#1359,.T.);
#1758=ORIENTED_EDGE('',*,*,#1360,.F.);
#1759=ORIENTED_EDGE('',*,*,#1361,.F.);
#1760=ORIENTED_EDGE('',*,*,#1356,.F.);
#1761=ORIENTED_EDGE('',*,*,#1362,.F.);
#1762=ORIENTED_EDGE('',*,*,#1363,.F.);
#1763=ORIENTED_EDGE('',*,*,#1364,.F.);
#1764=ORIENTED_EDGE('',*,*,#1359,.F.);
#1765=ORIENTED_EDGE('',*,*,#1360,.T.);
#1766=ORIENTED_EDGE('',*,*,#1364,.T.);
#1767=ORIENTED_EDGE('',*,*,#1365,.T.);
#1768=ORIENTED_EDGE('',*,*,#1366,.F.);
#1769=ORIENTED_EDGE('',*,*,#1367,.F.);
#1770=ORIENTED_EDGE('',*,*,#1368,.F.);
#1771=ORIENTED_EDGE('',*,*,#1363,.T.);
#1772=ORIENTED_EDGE('',*,*,#1369,.F.);
#1773=ORIENTED_EDGE('',*,*,#1370,.F.);
#1774=ORIENTED_EDGE('',*,*,#1365,.F.);
#1775=ORIENTED_EDGE('',*,*,#1371,.F.);
#1776=ORIENTED_EDGE('',*,*,#1372,.T.);
#1777=ORIENTED_EDGE('',*,*,#1373,.T.);
#1778=ORIENTED_EDGE('',*,*,#1374,.F.);
#1779=ORIENTED_EDGE('',*,*,#1375,.F.);
#1780=ORIENTED_EDGE('',*,*,#1376,.F.);
#1781=ORIENTED_EDGE('',*,*,#1377,.T.);
#1782=ORIENTED_EDGE('',*,*,#1372,.F.);
#1783=ORIENTED_EDGE('',*,*,#1378,.F.);
#1784=ORIENTED_EDGE('',*,*,#1379,.F.);
#1785=ORIENTED_EDGE('',*,*,#1380,.F.);
#1786=ORIENTED_EDGE('',*,*,#1373,.F.);
#1787=ORIENTED_EDGE('',*,*,#1377,.F.);
#1788=ORIENTED_EDGE('',*,*,#1374,.T.);
#1789=ORIENTED_EDGE('',*,*,#1380,.T.);
#1790=ORIENTED_EDGE('',*,*,#1381,.T.);
#1791=ORIENTED_EDGE('',*,*,#1382,.T.);
#1792=ORIENTED_EDGE('',*,*,#1383,.T.);
#1793=ORIENTED_EDGE('',*,*,#1384,.F.);
#1794=ORIENTED_EDGE('',*,*,#1379,.T.);
#1795=ORIENTED_EDGE('',*,*,#1385,.F.);
#1796=ORIENTED_EDGE('',*,*,#1386,.F.);
#1797=ORIENTED_EDGE('',*,*,#1381,.F.);
#1798=ORIENTED_EDGE('',*,*,#1387,.T.);
#1799=ORIENTED_EDGE('',*,*,#1388,.T.);
#1800=ORIENTED_EDGE('',*,*,#1389,.T.);
#1801=ORIENTED_EDGE('',*,*,#1388,.F.);
#1802=ORIENTED_EDGE('',*,*,#1390,.T.);
#1803=ORIENTED_EDGE('',*,*,#1391,.T.);
#1804=ORIENTED_EDGE('',*,*,#1392,.T.);
#1805=ORIENTED_EDGE('',*,*,#1391,.F.);
#1806=ORIENTED_EDGE('',*,*,#1393,.F.);
#1807=ORIENTED_EDGE('',*,*,#1394,.T.);
#1808=ORIENTED_EDGE('',*,*,#1395,.F.);
#1809=ORIENTED_EDGE('',*,*,#1394,.F.);
#1810=ORIENTED_EDGE('',*,*,#1396,.F.);
#1811=ORIENTED_EDGE('',*,*,#1397,.T.);
#1812=ORIENTED_EDGE('',*,*,#1398,.F.);
#1813=ORIENTED_EDGE('',*,*,#1397,.F.);
#1814=ORIENTED_EDGE('',*,*,#1399,.T.);
#1815=ORIENTED_EDGE('',*,*,#1400,.T.);
#1816=ORIENTED_EDGE('',*,*,#1393,.T.);
#1817=ORIENTED_EDGE('',*,*,#1400,.F.);
#1818=ORIENTED_EDGE('',*,*,#1401,.T.);
#1819=ORIENTED_EDGE('',*,*,#1402,.T.);
#1820=ORIENTED_EDGE('',*,*,#1396,.T.);
#1821=ORIENTED_EDGE('',*,*,#1402,.F.);
#1822=ORIENTED_EDGE('',*,*,#1403,.F.);
#1823=ORIENTED_EDGE('',*,*,#1404,.T.);
#1824=ORIENTED_EDGE('',*,*,#1405,.T.);
#1825=ORIENTED_EDGE('',*,*,#1404,.F.);
#1826=ORIENTED_EDGE('',*,*,#1406,.T.);
#1827=ORIENTED_EDGE('',*,*,#1403,.T.);
#1828=ORIENTED_EDGE('',*,*,#1406,.F.);
#1829=ORIENTED_EDGE('',*,*,#1407,.F.);
#1830=ORIENTED_EDGE('',*,*,#1408,.T.);
#1831=ORIENTED_EDGE('',*,*,#1409,.T.);
#1832=ORIENTED_EDGE('',*,*,#1408,.F.);
#1833=ORIENTED_EDGE('',*,*,#1410,.T.);
#1834=ORIENTED_EDGE('',*,*,#1407,.T.);
#1835=ORIENTED_EDGE('',*,*,#1410,.F.);
#1836=ORIENTED_EDGE('',*,*,#1411,.F.);
#1837=ORIENTED_EDGE('',*,*,#1412,.T.);
#1838=ORIENTED_EDGE('',*,*,#1413,.T.);
#1839=ORIENTED_EDGE('',*,*,#1412,.F.);
#1840=ORIENTED_EDGE('',*,*,#1414,.F.);
#1841=ORIENTED_EDGE('',*,*,#1415,.T.);
#1842=ORIENTED_EDGE('',*,*,#1416,.T.);
#1843=ORIENTED_EDGE('',*,*,#1415,.F.);
#1844=ORIENTED_EDGE('',*,*,#1417,.F.);
#1845=ORIENTED_EDGE('',*,*,#1418,.T.);
#1846=ORIENTED_EDGE('',*,*,#1419,.T.);
#1847=ORIENTED_EDGE('',*,*,#1418,.F.);
#1848=ORIENTED_EDGE('',*,*,#1420,.F.);
#1849=ORIENTED_EDGE('',*,*,#1421,.T.);
#1850=ORIENTED_EDGE('',*,*,#1422,.T.);
#1851=ORIENTED_EDGE('',*,*,#1421,.F.);
#1852=ORIENTED_EDGE('',*,*,#1423,.F.);
#1853=ORIENTED_EDGE('',*,*,#1424,.T.);
#1854=ORIENTED_EDGE('',*,*,#1425,.T.);
#1855=ORIENTED_EDGE('',*,*,#1426,.F.);
#1856=ORIENTED_EDGE('',*,*,#1427,.F.);
#1857=ORIENTED_EDGE('',*,*,#1428,.T.);
#1858=ORIENTED_EDGE('',*,*,#1429,.T.);
#1859=ORIENTED_EDGE('',*,*,#1430,.T.);
#1860=ORIENTED_EDGE('',*,*,#1431,.F.);
#1861=ORIENTED_EDGE('',*,*,#1432,.T.);
#1862=ORIENTED_EDGE('',*,*,#1433,.T.);
#1863=ORIENTED_EDGE('',*,*,#1434,.T.);
#1864=ORIENTED_EDGE('',*,*,#1435,.T.);
#1865=ORIENTED_EDGE('',*,*,#1436,.T.);
#1866=ORIENTED_EDGE('',*,*,#1437,.T.);
#1867=ORIENTED_EDGE('',*,*,#1436,.F.);
#1868=ORIENTED_EDGE('',*,*,#1438,.T.);
#1869=ORIENTED_EDGE('',*,*,#1439,.T.);
#1870=ORIENTED_EDGE('',*,*,#1440,.T.);
#1871=ORIENTED_EDGE('',*,*,#1439,.F.);
#1872=ORIENTED_EDGE('',*,*,#1441,.F.);
#1873=ORIENTED_EDGE('',*,*,#1442,.T.);
#1874=ORIENTED_EDGE('',*,*,#1443,.T.);
#1875=ORIENTED_EDGE('',*,*,#1442,.F.);
#1876=ORIENTED_EDGE('',*,*,#1444,.F.);
#1877=ORIENTED_EDGE('',*,*,#1445,.T.);
#1878=ORIENTED_EDGE('',*,*,#1446,.T.);
#1879=ORIENTED_EDGE('',*,*,#1445,.F.);
#1880=ORIENTED_EDGE('',*,*,#1447,.F.);
#1881=ORIENTED_EDGE('',*,*,#1448,.T.);
#1882=ORIENTED_EDGE('',*,*,#1449,.T.);
#1883=ORIENTED_EDGE('',*,*,#1448,.F.);
#1884=ORIENTED_EDGE('',*,*,#1450,.F.);
#1885=ORIENTED_EDGE('',*,*,#1451,.T.);
#1886=ORIENTED_EDGE('',*,*,#1452,.T.);
#1887=ORIENTED_EDGE('',*,*,#1451,.F.);
#1888=ORIENTED_EDGE('',*,*,#1453,.F.);
#1889=ORIENTED_EDGE('',*,*,#1454,.T.);
#1890=ORIENTED_EDGE('',*,*,#1455,.T.);
#1891=ORIENTED_EDGE('',*,*,#1454,.F.);
#1892=ORIENTED_EDGE('',*,*,#1456,.F.);
#1893=ORIENTED_EDGE('',*,*,#1457,.T.);
#1894=ORIENTED_EDGE('',*,*,#1458,.T.);
#1895=ORIENTED_EDGE('',*,*,#1457,.F.);
#1896=ORIENTED_EDGE('',*,*,#1459,.F.);
#1897=ORIENTED_EDGE('',*,*,#1460,.T.);
#1898=ORIENTED_EDGE('',*,*,#1461,.T.);
#1899=ORIENTED_EDGE('',*,*,#1460,.F.);
#1900=ORIENTED_EDGE('',*,*,#1462,.F.);
#1901=ORIENTED_EDGE('',*,*,#1463,.T.);
#1902=ORIENTED_EDGE('',*,*,#1464,.T.);
#1903=ORIENTED_EDGE('',*,*,#1463,.F.);
#1904=ORIENTED_EDGE('',*,*,#1465,.T.);
#1905=ORIENTED_EDGE('',*,*,#1466,.T.);
#1906=ORIENTED_EDGE('',*,*,#1467,.T.);
#1907=ORIENTED_EDGE('',*,*,#1468,.T.);
#1908=ORIENTED_EDGE('',*,*,#1469,.T.);
#1909=ORIENTED_EDGE('',*,*,#1470,.F.);
#1910=ORIENTED_EDGE('',*,*,#1471,.T.);
#1911=ORIENTED_EDGE('',*,*,#1472,.T.);
#1912=ORIENTED_EDGE('',*,*,#1473,.T.);
#1913=ORIENTED_EDGE('',*,*,#1474,.T.);
#1914=ORIENTED_EDGE('',*,*,#1475,.F.);
#1915=ORIENTED_EDGE('',*,*,#1474,.F.);
#1916=ORIENTED_EDGE('',*,*,#1476,.T.);
#1917=ORIENTED_EDGE('',*,*,#1477,.F.);
#1918=ORIENTED_EDGE('',*,*,#1478,.F.);
#1919=ORIENTED_EDGE('',*,*,#1479,.T.);
#1920=ORIENTED_EDGE('',*,*,#1480,.T.);
#1921=ORIENTED_EDGE('',*,*,#1481,.T.);
#1922=ORIENTED_EDGE('',*,*,#1482,.T.);
#1923=ORIENTED_EDGE('',*,*,#1483,.T.);
#1924=ORIENTED_EDGE('',*,*,#1484,.F.);
#1925=ORIENTED_EDGE('',*,*,#1485,.T.);
#1926=ORIENTED_EDGE('',*,*,#1486,.T.);
#1927=ORIENTED_EDGE('',*,*,#1485,.F.);
#1928=ORIENTED_EDGE('',*,*,#1487,.F.);
#1929=ORIENTED_EDGE('',*,*,#1488,.T.);
#1930=ORIENTED_EDGE('',*,*,#1489,.T.);
#1931=ORIENTED_EDGE('',*,*,#1488,.F.);
#1932=ORIENTED_EDGE('',*,*,#1490,.T.);
#1933=ORIENTED_EDGE('',*,*,#1491,.T.);
#1934=ORIENTED_EDGE('',*,*,#1492,.F.);
#1935=ORIENTED_EDGE('',*,*,#1491,.F.);
#1936=ORIENTED_EDGE('',*,*,#1493,.T.);
#1937=ORIENTED_EDGE('',*,*,#1494,.T.);
#1938=ORIENTED_EDGE('',*,*,#1495,.T.);
#1939=ORIENTED_EDGE('',*,*,#1496,.F.);
#1940=ORIENTED_EDGE('',*,*,#1495,.F.);
#1941=ORIENTED_EDGE('',*,*,#1497,.T.);
#1942=ORIENTED_EDGE('',*,*,#1498,.F.);
#1943=ORIENTED_EDGE('',*,*,#1499,.T.);
#1944=ORIENTED_EDGE('',*,*,#1500,.T.);
#1945=ORIENTED_EDGE('',*,*,#1501,.T.);
#1946=ORIENTED_EDGE('',*,*,#1502,.T.);
#1947=ORIENTED_EDGE('',*,*,#1469,.F.);
#1948=ORIENTED_EDGE('',*,*,#1503,.T.);
#1949=ORIENTED_EDGE('',*,*,#1504,.F.);
#1950=ORIENTED_EDGE('',*,*,#1505,.T.);
#1951=ORIENTED_EDGE('',*,*,#1465,.F.);
#1952=ORIENTED_EDGE('',*,*,#1506,.T.);
#1953=ORIENTED_EDGE('',*,*,#1507,.F.);
#1954=ORIENTED_EDGE('',*,*,#1508,.T.);
#1955=ORIENTED_EDGE('',*,*,#1480,.F.);
#1956=ORIENTED_EDGE('',*,*,#1509,.F.);
#1957=ORIENTED_EDGE('',*,*,#1510,.F.);
#1958=ORIENTED_EDGE('',*,*,#1511,.T.);
#1959=ORIENTED_EDGE('',*,*,#1512,.F.);
#1960=ORIENTED_EDGE('',*,*,#1513,.F.);
#1961=ORIENTED_EDGE('',*,*,#1514,.F.);
#1962=ORIENTED_EDGE('',*,*,#1515,.T.);
#1963=ORIENTED_EDGE('',*,*,#1516,.F.);
#1964=ORIENTED_EDGE('',*,*,#1517,.T.);
#1965=ORIENTED_EDGE('',*,*,#1429,.F.);
#1966=ORIENTED_EDGE('',*,*,#1518,.T.);
#1967=ORIENTED_EDGE('',*,*,#1519,.F.);
#1968=ORIENTED_EDGE('',*,*,#1520,.T.);
#1969=ORIENTED_EDGE('',*,*,#1521,.F.);
#1970=ORIENTED_EDGE('',*,*,#1413,.F.);
#1971=ORIENTED_EDGE('',*,*,#1422,.F.);
#1972=ORIENTED_EDGE('',*,*,#1522,.F.);
#1973=ORIENTED_EDGE('',*,*,#1523,.T.);
#1974=ORIENTED_EDGE('',*,*,#1524,.F.);
#1975=ORIENTED_EDGE('',*,*,#1525,.F.);
#1976=ORIENTED_EDGE('',*,*,#1526,.T.);
#1977=ORIENTED_EDGE('',*,*,#1527,.F.);
#1978=ORIENTED_EDGE('',*,*,#1528,.T.);
#1979=ORIENTED_EDGE('',*,*,#1529,.F.);
#1980=ORIENTED_EDGE('',*,*,#1530,.T.);
#1981=ORIENTED_EDGE('',*,*,#1531,.F.);
#1982=ORIENTED_EDGE('',*,*,#1532,.T.);
#1983=ORIENTED_EDGE('',*,*,#1533,.T.);
#1984=ORIENTED_EDGE('',*,*,#1534,.T.);
#1985=ORIENTED_EDGE('',*,*,#1423,.T.);
#1986=ORIENTED_EDGE('',*,*,#1535,.T.);
#1987=ORIENTED_EDGE('',*,*,#1536,.T.);
#1988=ORIENTED_EDGE('',*,*,#1537,.T.);
#1989=ORIENTED_EDGE('',*,*,#1538,.F.);
#1990=ORIENTED_EDGE('',*,*,#1539,.T.);
#1991=ORIENTED_EDGE('',*,*,#1540,.T.);
#1992=ORIENTED_EDGE('',*,*,#1541,.T.);
#1993=ORIENTED_EDGE('',*,*,#1542,.T.);
#1994=ORIENTED_EDGE('',*,*,#1543,.T.);
#1995=ORIENTED_EDGE('',*,*,#1544,.F.);
#1996=ORIENTED_EDGE('',*,*,#1545,.F.);
#1997=ORIENTED_EDGE('',*,*,#1546,.T.);
#1998=ORIENTED_EDGE('',*,*,#1547,.F.);
#1999=ORIENTED_EDGE('',*,*,#1548,.T.);
#2000=ORIENTED_EDGE('',*,*,#1549,.F.);
#2001=ORIENTED_EDGE('',*,*,#1550,.T.);
#2002=ORIENTED_EDGE('',*,*,#1475,.T.);
#2003=ORIENTED_EDGE('',*,*,#1450,.T.);
#2004=ORIENTED_EDGE('',*,*,#1447,.T.);
#2005=ORIENTED_EDGE('',*,*,#1440,.F.);
#2006=ORIENTED_EDGE('',*,*,#1437,.F.);
#2007=ORIENTED_EDGE('',*,*,#1411,.T.);
#2008=ORIENTED_EDGE('',*,*,#1414,.T.);
#2009=ORIENTED_EDGE('',*,*,#1417,.T.);
#2010=ORIENTED_EDGE('',*,*,#1420,.T.);
#2011=ORIENTED_EDGE('',*,*,#1464,.F.);
#2012=ORIENTED_EDGE('',*,*,#1461,.F.);
#2013=ORIENTED_EDGE('',*,*,#1371,.T.);
#2014=ORIENTED_EDGE('',*,*,#1355,.T.);
#2015=ORIENTED_EDGE('',*,*,#1551,.T.);
#2016=ORIENTED_EDGE('',*,*,#1521,.T.);
#2017=ORIENTED_EDGE('',*,*,#1552,.T.);
#2018=ORIENTED_EDGE('',*,*,#1553,.F.);
#2019=ORIENTED_EDGE('',*,*,#1554,.T.);
#2020=ORIENTED_EDGE('',*,*,#1555,.T.);
#2021=ORIENTED_EDGE('',*,*,#1556,.T.);
#2022=ORIENTED_EDGE('',*,*,#1557,.T.);
#2023=ORIENTED_EDGE('',*,*,#1558,.T.);
#2024=ORIENTED_EDGE('',*,*,#1531,.T.);
#2025=ORIENTED_EDGE('',*,*,#1499,.F.);
#2026=ORIENTED_EDGE('',*,*,#1559,.F.);
#2027=ORIENTED_EDGE('',*,*,#1529,.T.);
#2028=ORIENTED_EDGE('',*,*,#1560,.T.);
#2029=ORIENTED_EDGE('',*,*,#1561,.T.);
#2030=ORIENTED_EDGE('',*,*,#1512,.T.);
#2031=ORIENTED_EDGE('',*,*,#1562,.T.);
#2032=ORIENTED_EDGE('',*,*,#1540,.F.);
#2033=ORIENTED_EDGE('',*,*,#1563,.T.);
#2034=ORIENTED_EDGE('',*,*,#1564,.T.);
#2035=ORIENTED_EDGE('',*,*,#1565,.T.);
#2036=ORIENTED_EDGE('',*,*,#1566,.T.);
#2037=ORIENTED_EDGE('',*,*,#1567,.F.);
#2038=ORIENTED_EDGE('',*,*,#1568,.T.);
#2039=ORIENTED_EDGE('',*,*,#1569,.F.);
#2040=ORIENTED_EDGE('',*,*,#1570,.T.);
#2041=ORIENTED_EDGE('',*,*,#1571,.T.);
#2042=ORIENTED_EDGE('',*,*,#1431,.T.);
#2043=ORIENTED_EDGE('',*,*,#1572,.T.);
#2044=ORIENTED_EDGE('',*,*,#1387,.F.);
#2045=ORIENTED_EDGE('',*,*,#1473,.F.);
#2046=ORIENTED_EDGE('',*,*,#1573,.T.);
#2047=ORIENTED_EDGE('',*,*,#1574,.T.);
#2048=ORIENTED_EDGE('',*,*,#1575,.T.);
#2049=ORIENTED_EDGE('',*,*,#1576,.T.);
#2050=ORIENTED_EDGE('',*,*,#1577,.T.);
#2051=ORIENTED_EDGE('',*,*,#1578,.T.);
#2052=ORIENTED_EDGE('',*,*,#1579,.T.);
#2053=ORIENTED_EDGE('',*,*,#1580,.T.);
#2054=ORIENTED_EDGE('',*,*,#1581,.F.);
#2055=ORIENTED_EDGE('',*,*,#1582,.F.);
#2056=ORIENTED_EDGE('',*,*,#1583,.T.);
#2057=ORIENTED_EDGE('',*,*,#1584,.F.);
#2058=ORIENTED_EDGE('',*,*,#1585,.F.);
#2059=ORIENTED_EDGE('',*,*,#1476,.F.);
#2060=ORIENTED_EDGE('',*,*,#1458,.F.);
#2061=ORIENTED_EDGE('',*,*,#1455,.F.);
#2062=ORIENTED_EDGE('',*,*,#1357,.T.);
#2063=ORIENTED_EDGE('',*,*,#1361,.T.);
#2064=ORIENTED_EDGE('',*,*,#1368,.T.);
#2065=ORIENTED_EDGE('',*,*,#1586,.T.);
#2066=ORIENTED_EDGE('',*,*,#1587,.F.);
#2067=ORIENTED_EDGE('',*,*,#1588,.T.);
#2068=ORIENTED_EDGE('',*,*,#1435,.F.);
#2069=ORIENTED_EDGE('',*,*,#1438,.F.);
#2070=ORIENTED_EDGE('',*,*,#1452,.F.);
#2071=ORIENTED_EDGE('',*,*,#1449,.F.);
#2072=ORIENTED_EDGE('',*,*,#1419,.F.);
#2073=ORIENTED_EDGE('',*,*,#1375,.T.);
#2074=ORIENTED_EDGE('',*,*,#1384,.T.);
#2075=ORIENTED_EDGE('',*,*,#1589,.F.);
#2076=ORIENTED_EDGE('',*,*,#1590,.T.);
#2077=ORIENTED_EDGE('',*,*,#1591,.T.);
#2078=ORIENTED_EDGE('',*,*,#1416,.F.);
#2079=ORIENTED_EDGE('',*,*,#1592,.F.);
#2080=ORIENTED_EDGE('',*,*,#1593,.T.);
#2081=ORIENTED_EDGE('',*,*,#1594,.F.);
#2082=ORIENTED_EDGE('',*,*,#1471,.F.);
#2083=ORIENTED_EDGE('',*,*,#1399,.F.);
#2084=ORIENTED_EDGE('',*,*,#1502,.F.);
#2085=ORIENTED_EDGE('',*,*,#1595,.T.);
#2086=ORIENTED_EDGE('',*,*,#1592,.T.);
#2087=ORIENTED_EDGE('',*,*,#1470,.T.);
#2088=ORIENTED_EDGE('',*,*,#1594,.T.);
#2089=ORIENTED_EDGE('',*,*,#1596,.T.);
#2090=ORIENTED_EDGE('',*,*,#1573,.F.);
#2091=ORIENTED_EDGE('',*,*,#1472,.F.);
#2092=ORIENTED_EDGE('',*,*,#1597,.F.);
#2093=ORIENTED_EDGE('',*,*,#1576,.F.);
#2094=ORIENTED_EDGE('',*,*,#1598,.F.);
#2095=ORIENTED_EDGE('',*,*,#1525,.T.);
#2096=ORIENTED_EDGE('',*,*,#1599,.F.);
#2097=ORIENTED_EDGE('',*,*,#1600,.F.);
#2098=ORIENTED_EDGE('',*,*,#1601,.F.);
#2099=ORIENTED_EDGE('',*,*,#1602,.T.);
#2100=ORIENTED_EDGE('',*,*,#1603,.F.);
#2101=ORIENTED_EDGE('',*,*,#1604,.T.);
#2102=ORIENTED_EDGE('',*,*,#1605,.F.);
#2103=ORIENTED_EDGE('',*,*,#1606,.T.);
#2104=ORIENTED_EDGE('',*,*,#1441,.T.);
#2105=ORIENTED_EDGE('',*,*,#1444,.T.);
#2106=ORIENTED_EDGE('',*,*,#1605,.T.);
#2107=ORIENTED_EDGE('',*,*,#1607,.T.);
#2108=ORIENTED_EDGE('',*,*,#1608,.F.);
#2109=ORIENTED_EDGE('',*,*,#1609,.T.);
#2110=ORIENTED_EDGE('',*,*,#1608,.T.);
#2111=ORIENTED_EDGE('',*,*,#1610,.T.);
#2112=ORIENTED_EDGE('',*,*,#1611,.F.);
#2113=ORIENTED_EDGE('',*,*,#1577,.F.);
#2114=ORIENTED_EDGE('',*,*,#1597,.T.);
#2115=ORIENTED_EDGE('',*,*,#1612,.F.);
#2116=ORIENTED_EDGE('',*,*,#1613,.F.);
#2117=ORIENTED_EDGE('',*,*,#1581,.T.);
#2118=ORIENTED_EDGE('',*,*,#1614,.F.);
#2119=ORIENTED_EDGE('',*,*,#1615,.T.);
#2120=ORIENTED_EDGE('',*,*,#1443,.F.);
#2121=ORIENTED_EDGE('',*,*,#1446,.F.);
#2122=ORIENTED_EDGE('',*,*,#1370,.T.);
#2123=ORIENTED_EDGE('',*,*,#1616,.T.);
#2124=ORIENTED_EDGE('',*,*,#1617,.T.);
#2125=ORIENTED_EDGE('',*,*,#1618,.T.);
#2126=ORIENTED_EDGE('',*,*,#1366,.T.);
#2127=ORIENTED_EDGE('',*,*,#1619,.F.);
#2128=ORIENTED_EDGE('',*,*,#1587,.T.);
#2129=ORIENTED_EDGE('',*,*,#1620,.F.);
#2130=ORIENTED_EDGE('',*,*,#1617,.F.);
#2131=ORIENTED_EDGE('',*,*,#1386,.T.);
#2132=ORIENTED_EDGE('',*,*,#1621,.F.);
#2133=ORIENTED_EDGE('',*,*,#1622,.T.);
#2134=ORIENTED_EDGE('',*,*,#1623,.T.);
#2135=ORIENTED_EDGE('',*,*,#1382,.F.);
#2136=ORIENTED_EDGE('',*,*,#1383,.F.);
#2137=ORIENTED_EDGE('',*,*,#1623,.F.);
#2138=ORIENTED_EDGE('',*,*,#1624,.T.);
#2139=ORIENTED_EDGE('',*,*,#1589,.T.);
#2140=ORIENTED_EDGE('',*,*,#1622,.F.);
#2141=ORIENTED_EDGE('',*,*,#1625,.T.);
#2142=ORIENTED_EDGE('',*,*,#1590,.F.);
#2143=ORIENTED_EDGE('',*,*,#1624,.F.);
#2144=ORIENTED_EDGE('',*,*,#1586,.F.);
#2145=ORIENTED_EDGE('',*,*,#1367,.T.);
#2146=ORIENTED_EDGE('',*,*,#1618,.F.);
#2147=ORIENTED_EDGE('',*,*,#1620,.T.);
#2148=ORIENTED_EDGE('',*,*,#1522,.T.);
#2149=ORIENTED_EDGE('',*,*,#1626,.T.);
#2150=ORIENTED_EDGE('',*,*,#1627,.F.);
#2151=ORIENTED_EDGE('',*,*,#1628,.T.);
#2152=ORIENTED_EDGE('',*,*,#1629,.F.);
#2153=ORIENTED_EDGE('',*,*,#1630,.T.);
#2154=ORIENTED_EDGE('',*,*,#1547,.T.);
#2155=ORIENTED_EDGE('',*,*,#1631,.T.);
#2156=ORIENTED_EDGE('',*,*,#1482,.F.);
#2157=ORIENTED_EDGE('',*,*,#1632,.T.);
#2158=ORIENTED_EDGE('',*,*,#1633,.T.);
#2159=ORIENTED_EDGE('',*,*,#1634,.T.);
#2160=ORIENTED_EDGE('',*,*,#1486,.F.);
#2161=ORIENTED_EDGE('',*,*,#1635,.T.);
#2162=ORIENTED_EDGE('',*,*,#1507,.T.);
#2163=ORIENTED_EDGE('',*,*,#1636,.F.);
#2164=ORIENTED_EDGE('',*,*,#1633,.F.);
#2165=ORIENTED_EDGE('',*,*,#1637,.T.);
#2166=ORIENTED_EDGE('',*,*,#1638,.T.);
#2167=ORIENTED_EDGE('',*,*,#1467,.F.);
#2168=ORIENTED_EDGE('',*,*,#1639,.T.);
#2169=ORIENTED_EDGE('',*,*,#1489,.F.);
#2170=ORIENTED_EDGE('',*,*,#1640,.F.);
#2171=ORIENTED_EDGE('',*,*,#1637,.F.);
#2172=ORIENTED_EDGE('',*,*,#1641,.T.);
#2173=ORIENTED_EDGE('',*,*,#1504,.T.);
#2174=ORIENTED_EDGE('',*,*,#1565,.F.);
#2175=ORIENTED_EDGE('',*,*,#1642,.T.);
#2176=ORIENTED_EDGE('',*,*,#1514,.T.);
#2177=ORIENTED_EDGE('',*,*,#1643,.F.);
#2178=ORIENTED_EDGE('',*,*,#1538,.T.);
#2179=ORIENTED_EDGE('',*,*,#1644,.T.);
#2180=ORIENTED_EDGE('',*,*,#1645,.T.);
#2181=ORIENTED_EDGE('',*,*,#1646,.T.);
#2182=ORIENTED_EDGE('',*,*,#1647,.T.);
#2183=ORIENTED_EDGE('',*,*,#1648,.T.);
#2184=ORIENTED_EDGE('',*,*,#1466,.F.);
#2185=ORIENTED_EDGE('',*,*,#1505,.F.);
#2186=ORIENTED_EDGE('',*,*,#1641,.F.);
#2187=ORIENTED_EDGE('',*,*,#1639,.F.);
#2188=ORIENTED_EDGE('',*,*,#1636,.T.);
#2189=ORIENTED_EDGE('',*,*,#1506,.F.);
#2190=ORIENTED_EDGE('',*,*,#1483,.F.);
#2191=ORIENTED_EDGE('',*,*,#1634,.F.);
#2192=ORIENTED_EDGE('',*,*,#1640,.T.);
#2193=ORIENTED_EDGE('',*,*,#1503,.F.);
#2194=ORIENTED_EDGE('',*,*,#1468,.F.);
#2195=ORIENTED_EDGE('',*,*,#1638,.F.);
#2196=ORIENTED_EDGE('',*,*,#1481,.F.);
#2197=ORIENTED_EDGE('',*,*,#1508,.F.);
#2198=ORIENTED_EDGE('',*,*,#1635,.F.);
#2199=ORIENTED_EDGE('',*,*,#1632,.F.);
#2200=ORIENTED_EDGE('',*,*,#1585,.T.);
#2201=ORIENTED_EDGE('',*,*,#1649,.T.);
#2202=ORIENTED_EDGE('',*,*,#1650,.F.);
#2203=ORIENTED_EDGE('',*,*,#1477,.T.);
#2204=ORIENTED_EDGE('',*,*,#1651,.F.);
#2205=ORIENTED_EDGE('',*,*,#1652,.T.);
#2206=ORIENTED_EDGE('',*,*,#1509,.T.);
#2207=ORIENTED_EDGE('',*,*,#1479,.F.);
#2208=ORIENTED_EDGE('',*,*,#1653,.F.);
#2209=ORIENTED_EDGE('',*,*,#1651,.T.);
#2210=ORIENTED_EDGE('',*,*,#1478,.T.);
#2211=ORIENTED_EDGE('',*,*,#1650,.T.);
#2212=ORIENTED_EDGE('',*,*,#1401,.F.);
#2213=ORIENTED_EDGE('',*,*,#1462,.T.);
#2214=ORIENTED_EDGE('',*,*,#1484,.T.);
#2215=ORIENTED_EDGE('',*,*,#1459,.T.);
#2216=ORIENTED_EDGE('',*,*,#1487,.T.);
#2217=ORIENTED_EDGE('',*,*,#1654,.T.);
#2218=ORIENTED_EDGE('',*,*,#1655,.T.);
#2219=ORIENTED_EDGE('',*,*,#1627,.T.);
#2220=ORIENTED_EDGE('',*,*,#1656,.T.);
#2221=ORIENTED_EDGE('',*,*,#1657,.T.);
#2222=ORIENTED_EDGE('',*,*,#1658,.T.);
#2223=ORIENTED_EDGE('',*,*,#1629,.T.);
#2224=ORIENTED_EDGE('',*,*,#1659,.T.);
#2225=ORIENTED_EDGE('',*,*,#1660,.T.);
#2226=ORIENTED_EDGE('',*,*,#1661,.T.);
#2227=ORIENTED_EDGE('',*,*,#1612,.T.);
#2228=ORIENTED_EDGE('',*,*,#1600,.T.);
#2229=ORIENTED_EDGE('',*,*,#1490,.F.);
#2230=ORIENTED_EDGE('',*,*,#1493,.F.);
#2231=ORIENTED_EDGE('',*,*,#1494,.F.);
#2232=ORIENTED_EDGE('',*,*,#1497,.F.);
#2233=ORIENTED_EDGE('',*,*,#1582,.T.);
#2234=ORIENTED_EDGE('',*,*,#1613,.T.);
#2235=ORIENTED_EDGE('',*,*,#1661,.F.);
#2236=ORIENTED_EDGE('',*,*,#1662,.T.);
#2237=ORIENTED_EDGE('',*,*,#1544,.T.);
#2238=ORIENTED_EDGE('',*,*,#1663,.T.);
#2239=ORIENTED_EDGE('',*,*,#1660,.F.);
#2240=ORIENTED_EDGE('',*,*,#1664,.T.);
#2241=ORIENTED_EDGE('',*,*,#1545,.T.);
#2242=ORIENTED_EDGE('',*,*,#1662,.F.);
#2243=ORIENTED_EDGE('',*,*,#1549,.T.);
#2244=ORIENTED_EDGE('',*,*,#1665,.T.);
#2245=ORIENTED_EDGE('',*,*,#1657,.F.);
#2246=ORIENTED_EDGE('',*,*,#1666,.T.);
#2247=ORIENTED_EDGE('',*,*,#1524,.T.);
#2248=ORIENTED_EDGE('',*,*,#1667,.T.);
#2249=ORIENTED_EDGE('',*,*,#1654,.F.);
#2250=ORIENTED_EDGE('',*,*,#1599,.T.);
#2251=ORIENTED_EDGE('',*,*,#1456,.T.);
#2252=ORIENTED_EDGE('',*,*,#1496,.T.);
#2253=ORIENTED_EDGE('',*,*,#1453,.T.);
#2254=ORIENTED_EDGE('',*,*,#1492,.T.);
#2255=ORIENTED_EDGE('',*,*,#1658,.F.);
#2256=ORIENTED_EDGE('',*,*,#1665,.F.);
#2257=ORIENTED_EDGE('',*,*,#1548,.F.);
#2258=ORIENTED_EDGE('',*,*,#1630,.F.);
#2259=ORIENTED_EDGE('',*,*,#1659,.F.);
#2260=ORIENTED_EDGE('',*,*,#1631,.F.);
#2261=ORIENTED_EDGE('',*,*,#1546,.F.);
#2262=ORIENTED_EDGE('',*,*,#1664,.F.);
#2263=ORIENTED_EDGE('',*,*,#1656,.F.);
#2264=ORIENTED_EDGE('',*,*,#1626,.F.);
#2265=ORIENTED_EDGE('',*,*,#1550,.F.);
#2266=ORIENTED_EDGE('',*,*,#1666,.F.);
#2267=ORIENTED_EDGE('',*,*,#1655,.F.);
#2268=ORIENTED_EDGE('',*,*,#1667,.F.);
#2269=ORIENTED_EDGE('',*,*,#1523,.F.);
#2270=ORIENTED_EDGE('',*,*,#1628,.F.);
#2271=ORIENTED_EDGE('',*,*,#1376,.T.);
#2272=ORIENTED_EDGE('',*,*,#1591,.F.);
#2273=ORIENTED_EDGE('',*,*,#1625,.F.);
#2274=ORIENTED_EDGE('',*,*,#1621,.T.);
#2275=ORIENTED_EDGE('',*,*,#1385,.T.);
#2276=ORIENTED_EDGE('',*,*,#1378,.T.);
#2277=ORIENTED_EDGE('',*,*,#1358,.T.);
#2278=ORIENTED_EDGE('',*,*,#1588,.F.);
#2279=ORIENTED_EDGE('',*,*,#1619,.T.);
#2280=ORIENTED_EDGE('',*,*,#1616,.F.);
#2281=ORIENTED_EDGE('',*,*,#1369,.T.);
#2282=ORIENTED_EDGE('',*,*,#1362,.T.);
#2283=ORIENTED_EDGE('',*,*,#1580,.F.);
#2284=ORIENTED_EDGE('',*,*,#1668,.T.);
#2285=ORIENTED_EDGE('',*,*,#1601,.T.);
#2286=ORIENTED_EDGE('',*,*,#1669,.T.);
#2287=ORIENTED_EDGE('',*,*,#1614,.T.);
#2288=ORIENTED_EDGE('',*,*,#1611,.T.);
#2289=ORIENTED_EDGE('',*,*,#1670,.T.);
#2290=ORIENTED_EDGE('',*,*,#1603,.T.);
#2291=ORIENTED_EDGE('',*,*,#1671,.T.);
#2292=ORIENTED_EDGE('',*,*,#1578,.F.);
#2293=ORIENTED_EDGE('',*,*,#1610,.F.);
#2294=ORIENTED_EDGE('',*,*,#1607,.F.);
#2295=ORIENTED_EDGE('',*,*,#1604,.F.);
#2296=ORIENTED_EDGE('',*,*,#1670,.F.);
#2297=ORIENTED_EDGE('',*,*,#1606,.F.);
#2298=ORIENTED_EDGE('',*,*,#1609,.F.);
#2299=ORIENTED_EDGE('',*,*,#1615,.F.);
#2300=ORIENTED_EDGE('',*,*,#1669,.F.);
#2301=ORIENTED_EDGE('',*,*,#1501,.F.);
#2302=ORIENTED_EDGE('',*,*,#1672,.T.);
#2303=ORIENTED_EDGE('',*,*,#1527,.T.);
#2304=ORIENTED_EDGE('',*,*,#1673,.T.);
#2305=ORIENTED_EDGE('',*,*,#1574,.F.);
#2306=ORIENTED_EDGE('',*,*,#1596,.F.);
#2307=ORIENTED_EDGE('',*,*,#1593,.F.);
#2308=ORIENTED_EDGE('',*,*,#1595,.F.);
#2309=ORIENTED_EDGE('',*,*,#1405,.F.);
#2310=ORIENTED_EDGE('',*,*,#1542,.F.);
#2311=ORIENTED_EDGE('',*,*,#1674,.T.);
#2312=ORIENTED_EDGE('',*,*,#1510,.T.);
#2313=ORIENTED_EDGE('',*,*,#1652,.F.);
#2314=ORIENTED_EDGE('',*,*,#1653,.T.);
#2315=ORIENTED_EDGE('',*,*,#1649,.F.);
#2316=ORIENTED_EDGE('',*,*,#1584,.T.);
#2317=ORIENTED_EDGE('',*,*,#1675,.T.);
#2318=ORIENTED_EDGE('',*,*,#1409,.F.);
#2319=ORIENTED_EDGE('',*,*,#1511,.F.);
#2320=ORIENTED_EDGE('',*,*,#1674,.F.);
#2321=ORIENTED_EDGE('',*,*,#1541,.F.);
#2322=ORIENTED_EDGE('',*,*,#1562,.F.);
#2323=ORIENTED_EDGE('',*,*,#1583,.F.);
#2324=ORIENTED_EDGE('',*,*,#1663,.F.);
#2325=ORIENTED_EDGE('',*,*,#1543,.F.);
#2326=ORIENTED_EDGE('',*,*,#1675,.F.);
#2327=ORIENTED_EDGE('',*,*,#1500,.F.);
#2328=ORIENTED_EDGE('',*,*,#1560,.F.);
#2329=ORIENTED_EDGE('',*,*,#1528,.F.);
#2330=ORIENTED_EDGE('',*,*,#1672,.F.);
#2331=ORIENTED_EDGE('',*,*,#1575,.F.);
#2332=ORIENTED_EDGE('',*,*,#1673,.F.);
#2333=ORIENTED_EDGE('',*,*,#1526,.F.);
#2334=ORIENTED_EDGE('',*,*,#1598,.T.);
#2335=ORIENTED_EDGE('',*,*,#1398,.T.);
#2336=ORIENTED_EDGE('',*,*,#1395,.T.);
#2337=ORIENTED_EDGE('',*,*,#1668,.F.);
#2338=ORIENTED_EDGE('',*,*,#1579,.F.);
#2339=ORIENTED_EDGE('',*,*,#1671,.F.);
#2340=ORIENTED_EDGE('',*,*,#1602,.F.);
#2341=ORIENTED_EDGE('',*,*,#1676,.T.);
#2342=ORIENTED_EDGE('',*,*,#1677,.T.);
#2343=ORIENTED_EDGE('',*,*,#1533,.F.);
#2344=ORIENTED_EDGE('',*,*,#1678,.T.);
#2345=ORIENTED_EDGE('',*,*,#1679,.T.);
#2346=ORIENTED_EDGE('',*,*,#1680,.T.);
#2347=ORIENTED_EDGE('',*,*,#1536,.F.);
#2348=ORIENTED_EDGE('',*,*,#1681,.T.);
#2349=ORIENTED_EDGE('',*,*,#1557,.F.);
#2350=ORIENTED_EDGE('',*,*,#1682,.T.);
#2351=ORIENTED_EDGE('',*,*,#1683,.T.);
#2352=ORIENTED_EDGE('',*,*,#1684,.T.);
#2353=ORIENTED_EDGE('',*,*,#1685,.T.);
#2354=ORIENTED_EDGE('',*,*,#1686,.T.);
#2355=ORIENTED_EDGE('',*,*,#1687,.T.);
#2356=ORIENTED_EDGE('',*,*,#1688,.T.);
#2357=ORIENTED_EDGE('',*,*,#1689,.F.);
#2358=ORIENTED_EDGE('',*,*,#1425,.F.);
#2359=ORIENTED_EDGE('',*,*,#1690,.T.);
#2360=ORIENTED_EDGE('',*,*,#1676,.F.);
#2361=ORIENTED_EDGE('',*,*,#1691,.T.);
#2362=ORIENTED_EDGE('',*,*,#1692,.F.);
#2363=ORIENTED_EDGE('',*,*,#1693,.T.);
#2364=ORIENTED_EDGE('',*,*,#1519,.T.);
#2365=ORIENTED_EDGE('',*,*,#1694,.T.);
#2366=ORIENTED_EDGE('',*,*,#1689,.T.);
#2367=ORIENTED_EDGE('',*,*,#1695,.T.);
#2368=ORIENTED_EDGE('',*,*,#1696,.F.);
#2369=ORIENTED_EDGE('',*,*,#1426,.T.);
#2370=ORIENTED_EDGE('',*,*,#1553,.T.);
#2371=ORIENTED_EDGE('',*,*,#1697,.T.);
#2372=ORIENTED_EDGE('',*,*,#1692,.T.);
#2373=ORIENTED_EDGE('',*,*,#1698,.T.);
#2374=ORIENTED_EDGE('',*,*,#1427,.T.);
#2375=ORIENTED_EDGE('',*,*,#1696,.T.);
#2376=ORIENTED_EDGE('',*,*,#1699,.T.);
#2377=ORIENTED_EDGE('',*,*,#1700,.F.);
#2378=ORIENTED_EDGE('',*,*,#1701,.T.);
#2379=ORIENTED_EDGE('',*,*,#1702,.F.);
#2380=ORIENTED_EDGE('',*,*,#1703,.T.);
#2381=ORIENTED_EDGE('',*,*,#1390,.F.);
#2382=ORIENTED_EDGE('',*,*,#1704,.T.);
#2383=ORIENTED_EDGE('',*,*,#1705,.T.);
#2384=ORIENTED_EDGE('',*,*,#1645,.F.);
#2385=ORIENTED_EDGE('',*,*,#1706,.T.);
#2386=ORIENTED_EDGE('',*,*,#1679,.F.);
#2387=ORIENTED_EDGE('',*,*,#1707,.T.);
#2388=ORIENTED_EDGE('',*,*,#1433,.F.);
#2389=ORIENTED_EDGE('',*,*,#1708,.F.);
#2390=ORIENTED_EDGE('',*,*,#1709,.T.);
#2391=ORIENTED_EDGE('',*,*,#1710,.T.);
#2392=ORIENTED_EDGE('',*,*,#1711,.T.);
#2393=ORIENTED_EDGE('',*,*,#1712,.T.);
#2394=ORIENTED_EDGE('',*,*,#1713,.T.);
#2395=ORIENTED_EDGE('',*,*,#1516,.T.);
#2396=ORIENTED_EDGE('',*,*,#1714,.T.);
#2397=ORIENTED_EDGE('',*,*,#1563,.F.);
#2398=ORIENTED_EDGE('',*,*,#1715,.T.);
#2399=ORIENTED_EDGE('',*,*,#1571,.F.);
#2400=ORIENTED_EDGE('',*,*,#1716,.T.);
#2401=ORIENTED_EDGE('',*,*,#1708,.T.);
#2402=ORIENTED_EDGE('',*,*,#1432,.F.);
#2403=ORIENTED_EDGE('',*,*,#1713,.F.);
#2404=ORIENTED_EDGE('',*,*,#1717,.T.);
#2405=ORIENTED_EDGE('',*,*,#1718,.T.);
#2406=ORIENTED_EDGE('',*,*,#1719,.F.);
#2407=ORIENTED_EDGE('',*,*,#1720,.T.);
#2408=ORIENTED_EDGE('',*,*,#1721,.T.);
#2409=ORIENTED_EDGE('',*,*,#1704,.F.);
#2410=ORIENTED_EDGE('',*,*,#1719,.T.);
#2411=ORIENTED_EDGE('',*,*,#1722,.T.);
#2412=ORIENTED_EDGE('',*,*,#1723,.T.);
#2413=ORIENTED_EDGE('',*,*,#1711,.F.);
#2414=ORIENTED_EDGE('',*,*,#1724,.T.);
#2415=ORIENTED_EDGE('',*,*,#1725,.F.);
#2416=ORIENTED_EDGE('',*,*,#1726,.T.);
#2417=ORIENTED_EDGE('',*,*,#1727,.F.);
#2418=ORIENTED_EDGE('',*,*,#1728,.T.);
#2419=ORIENTED_EDGE('',*,*,#1647,.F.);
#2420=ORIENTED_EDGE('',*,*,#1729,.T.);
#2421=ORIENTED_EDGE('',*,*,#1720,.F.);
#2422=ORIENTED_EDGE('',*,*,#1718,.F.);
#2423=ORIENTED_EDGE('',*,*,#1730,.T.);
#2424=ORIENTED_EDGE('',*,*,#1722,.F.);
#2425=ORIENTED_EDGE('',*,*,#1389,.F.);
#2426=ORIENTED_EDGE('',*,*,#1731,.T.);
#2427=ORIENTED_EDGE('',*,*,#1732,.T.);
#2428=ORIENTED_EDGE('',*,*,#1684,.F.);
#2429=ORIENTED_EDGE('',*,*,#1733,.T.);
#2430=ORIENTED_EDGE('',*,*,#1683,.F.);
#2431=ORIENTED_EDGE('',*,*,#1734,.T.);
#2432=ORIENTED_EDGE('',*,*,#1735,.T.);
#2433=ORIENTED_EDGE('',*,*,#1733,.F.);
#2434=ORIENTED_EDGE('',*,*,#1686,.F.);
#2435=ORIENTED_EDGE('',*,*,#1736,.T.);
#2436=ORIENTED_EDGE('',*,*,#1737,.T.);
#2437=ORIENTED_EDGE('',*,*,#1738,.T.);
#2438=ORIENTED_EDGE('',*,*,#1739,.T.);
#2439=ORIENTED_EDGE('',*,*,#1740,.T.);
#2440=ORIENTED_EDGE('',*,*,#1741,.T.);
#2441=ORIENTED_EDGE('',*,*,#1737,.F.);
#2442=ORIENTED_EDGE('',*,*,#1742,.T.);
#2443=ORIENTED_EDGE('',*,*,#1731,.F.);
#2444=ORIENTED_EDGE('',*,*,#1735,.F.);
#2445=ORIENTED_EDGE('',*,*,#1743,.T.);
#2446=ORIENTED_EDGE('',*,*,#1555,.F.);
#2447=ORIENTED_EDGE('',*,*,#1744,.T.);
#2448=ORIENTED_EDGE('',*,*,#1392,.F.);
#2449=ORIENTED_EDGE('',*,*,#1700,.T.);
#2450=ORIENTED_EDGE('',*,*,#1745,.T.);
#2451=ORIENTED_EDGE('',*,*,#1687,.F.);
#2452=ORIENTED_EDGE('',*,*,#1738,.F.);
#2453=ORIENTED_EDGE('',*,*,#1741,.F.);
#2454=ORIENTED_EDGE('',*,*,#1746,.T.);
#2455=ORIENTED_EDGE('',*,*,#1569,.T.);
#2456=ORIENTED_EDGE('',*,*,#1747,.T.);
#2457=ORIENTED_EDGE('',*,*,#1725,.T.);
#2458=ORIENTED_EDGE('',*,*,#1724,.F.);
#2459=ORIENTED_EDGE('',*,*,#1710,.F.);
#2460=ORIENTED_EDGE('',*,*,#1748,.T.);
#2461=ORIENTED_EDGE('',*,*,#1727,.T.);
#2462=ORIENTED_EDGE('',*,*,#1749,.T.);
#2463=ORIENTED_EDGE('',*,*,#1567,.T.);
#2464=ORIENTED_EDGE('',*,*,#1750,.T.);
#2465=ORIENTED_EDGE('',*,*,#1702,.T.);
#2466=ORIENTED_EDGE('',*,*,#1751,.T.);
#2467=ORIENTED_EDGE('',*,*,#1739,.F.);
#2468=ORIENTED_EDGE('',*,*,#1752,.T.);
#2469=ORIENTED_EDGE('',*,*,#1568,.F.);
#2470=ORIENTED_EDGE('',*,*,#1749,.F.);
#2471=ORIENTED_EDGE('',*,*,#1726,.F.);
#2472=ORIENTED_EDGE('',*,*,#1747,.F.);
#2473=ORIENTED_EDGE('',*,*,#1712,.F.);
#2474=ORIENTED_EDGE('',*,*,#1723,.F.);
#2475=ORIENTED_EDGE('',*,*,#1730,.F.);
#2476=ORIENTED_EDGE('',*,*,#1717,.F.);
#2477=ORIENTED_EDGE('',*,*,#1709,.F.);
#2478=ORIENTED_EDGE('',*,*,#1716,.F.);
#2479=ORIENTED_EDGE('',*,*,#1570,.F.);
#2480=ORIENTED_EDGE('',*,*,#1748,.F.);
#2481=ORIENTED_EDGE('',*,*,#1685,.F.);
#2482=ORIENTED_EDGE('',*,*,#1732,.F.);
#2483=ORIENTED_EDGE('',*,*,#1742,.F.);
#2484=ORIENTED_EDGE('',*,*,#1736,.F.);
#2485=ORIENTED_EDGE('',*,*,#1688,.F.);
#2486=ORIENTED_EDGE('',*,*,#1745,.F.);
#2487=ORIENTED_EDGE('',*,*,#1699,.F.);
#2488=ORIENTED_EDGE('',*,*,#1695,.F.);
#2489=ORIENTED_EDGE('',*,*,#1740,.F.);
#2490=ORIENTED_EDGE('',*,*,#1751,.F.);
#2491=ORIENTED_EDGE('',*,*,#1701,.F.);
#2492=ORIENTED_EDGE('',*,*,#1746,.F.);
#2493=ORIENTED_EDGE('',*,*,#1744,.F.);
#2494=ORIENTED_EDGE('',*,*,#1554,.F.);
#2495=ORIENTED_EDGE('',*,*,#1703,.F.);
#2496=ORIENTED_EDGE('',*,*,#1752,.F.);
#2497=ORIENTED_EDGE('',*,*,#1728,.F.);
#2498=ORIENTED_EDGE('',*,*,#1750,.F.);
#2499=ORIENTED_EDGE('',*,*,#1566,.F.);
#2500=ORIENTED_EDGE('',*,*,#1648,.F.);
#2501=ORIENTED_EDGE('',*,*,#1537,.F.);
#2502=ORIENTED_EDGE('',*,*,#1680,.F.);
#2503=ORIENTED_EDGE('',*,*,#1706,.F.);
#2504=ORIENTED_EDGE('',*,*,#1644,.F.);
#2505=ORIENTED_EDGE('',*,*,#1707,.F.);
#2506=ORIENTED_EDGE('',*,*,#1681,.F.);
#2507=ORIENTED_EDGE('',*,*,#1535,.F.);
#2508=ORIENTED_EDGE('',*,*,#1434,.F.);
#2509=ORIENTED_EDGE('',*,*,#1534,.F.);
#2510=ORIENTED_EDGE('',*,*,#1677,.F.);
#2511=ORIENTED_EDGE('',*,*,#1690,.F.);
#2512=ORIENTED_EDGE('',*,*,#1424,.F.);
#2513=ORIENTED_EDGE('',*,*,#1532,.F.);
#2514=ORIENTED_EDGE('',*,*,#1558,.F.);
#2515=ORIENTED_EDGE('',*,*,#1691,.F.);
#2516=ORIENTED_EDGE('',*,*,#1678,.F.);
#2517=ORIENTED_EDGE('',*,*,#1705,.F.);
#2518=ORIENTED_EDGE('',*,*,#1721,.F.);
#2519=ORIENTED_EDGE('',*,*,#1729,.F.);
#2520=ORIENTED_EDGE('',*,*,#1646,.F.);
#2521=ORIENTED_EDGE('',*,*,#1682,.F.);
#2522=ORIENTED_EDGE('',*,*,#1556,.F.);
#2523=ORIENTED_EDGE('',*,*,#1743,.F.);
#2524=ORIENTED_EDGE('',*,*,#1734,.F.);
#2525=ORIENTED_EDGE('',*,*,#1643,.T.);
#2526=ORIENTED_EDGE('',*,*,#1513,.T.);
#2527=ORIENTED_EDGE('',*,*,#1561,.F.);
#2528=ORIENTED_EDGE('',*,*,#1539,.F.);
#2529=ORIENTED_EDGE('',*,*,#1498,.T.);
#2530=ORIENTED_EDGE('',*,*,#1551,.F.);
#2531=ORIENTED_EDGE('',*,*,#1530,.F.);
#2532=ORIENTED_EDGE('',*,*,#1559,.T.);
#2533=ORIENTED_EDGE('',*,*,#1572,.F.);
#2534=ORIENTED_EDGE('',*,*,#1430,.F.);
#2535=ORIENTED_EDGE('',*,*,#1517,.F.);
#2536=ORIENTED_EDGE('',*,*,#1715,.F.);
#2537=ORIENTED_EDGE('',*,*,#1698,.F.);
#2538=ORIENTED_EDGE('',*,*,#1694,.F.);
#2539=ORIENTED_EDGE('',*,*,#1518,.F.);
#2540=ORIENTED_EDGE('',*,*,#1428,.F.);
#2541=ORIENTED_EDGE('',*,*,#1515,.F.);
#2542=ORIENTED_EDGE('',*,*,#1642,.F.);
#2543=ORIENTED_EDGE('',*,*,#1564,.F.);
#2544=ORIENTED_EDGE('',*,*,#1714,.F.);
#2545=ORIENTED_EDGE('',*,*,#1697,.F.);
#2546=ORIENTED_EDGE('',*,*,#1552,.F.);
#2547=ORIENTED_EDGE('',*,*,#1520,.F.);
#2548=ORIENTED_EDGE('',*,*,#1693,.F.);
#2549=CYLINDRICAL_SURFACE('',#2773,4.);
#2550=CYLINDRICAL_SURFACE('',#2781,2.25);
#2551=CYLINDRICAL_SURFACE('',#2783,4.);
#2552=CYLINDRICAL_SURFACE('',#2791,2.25);
#2553=CYLINDRICAL_SURFACE('',#2793,1.8);
#2554=CYLINDRICAL_SURFACE('',#2796,1.8);
#2555=CYLINDRICAL_SURFACE('',#2805,2.);
#2556=CYLINDRICAL_SURFACE('',#2807,2.);
#2557=CYLINDRICAL_SURFACE('',#2809,1.24999999999999);
#2558=CYLINDRICAL_SURFACE('',#2813,1.24999999999999);
#2559=CYLINDRICAL_SURFACE('',#2817,1.24999999999999);
#2560=CYLINDRICAL_SURFACE('',#2820,1.24999999999999);
#2561=CYLINDRICAL_SURFACE('',#2823,1.24999999999999);
#2562=CYLINDRICAL_SURFACE('',#2826,1.24999999999999);
#2563=CYLINDRICAL_SURFACE('',#2829,35.);
#2564=CYLINDRICAL_SURFACE('',#2836,3.25);
#2565=CYLINDRICAL_SURFACE('',#2839,3.25);
#2566=CYLINDRICAL_SURFACE('',#2842,1.6);
#2567=CYLINDRICAL_SURFACE('',#2845,1.6);
#2568=CYLINDRICAL_SURFACE('',#2848,1.75);
#2569=CYLINDRICAL_SURFACE('',#2851,1.75);
#2570=CYLINDRICAL_SURFACE('',#2854,3.5);
#2571=CYLINDRICAL_SURFACE('',#2857,3.5);
#2572=CYLINDRICAL_SURFACE('',#2860,4.);
#2573=CYLINDRICAL_SURFACE('',#2863,4.);
#2574=CYLINDRICAL_SURFACE('',#2866,40.5);
#2575=CYLINDRICAL_SURFACE('',#2877,2.25);
#2576=CYLINDRICAL_SURFACE('',#2880,2.25);
#2577=CYLINDRICAL_SURFACE('',#2883,1.75);
#2578=CYLINDRICAL_SURFACE('',#2885,1.75);
#2579=CYLINDRICAL_SURFACE('',#2943,53.);
#2580=CYLINDRICAL_SURFACE('',#2946,53.);
#2581=CYLINDRICAL_SURFACE('',#2949,5.99999999999999);
#2582=CYLINDRICAL_SURFACE('',#2950,6.00000000000001);
#2583=CYLINDRICAL_SURFACE('',#2953,53.);
#2584=CYLINDRICAL_SURFACE('',#2956,53.);
#2585=CYLINDRICAL_SURFACE('',#2974,3.);
#2586=CYLINDRICAL_SURFACE('',#2975,3.);
#2587=CYLINDRICAL_SURFACE('',#2976,3.);
#2588=CYLINDRICAL_SURFACE('',#2977,3.);
#2589=CYLINDRICAL_SURFACE('',#2984,3.);
#2590=CYLINDRICAL_SURFACE('',#2985,3.);
#2591=CYLINDRICAL_SURFACE('',#2988,8.);
#2592=CYLINDRICAL_SURFACE('',#2989,8.);
#2593=CYLINDRICAL_SURFACE('',#2990,8.);
#2594=CYLINDRICAL_SURFACE('',#2991,8.00000000000001);
#2595=CYLINDRICAL_SURFACE('',#2994,5.);
#2596=CYLINDRICAL_SURFACE('',#3021,4.2);
#2597=CYLINDRICAL_SURFACE('',#3030,4.2);
#2598=CYLINDRICAL_SURFACE('',#3041,3.);
#2599=CYLINDRICAL_SURFACE('',#3042,3.);
#2600=CYLINDRICAL_SURFACE('',#3043,3.);
#2601=CYLINDRICAL_SURFACE('',#3044,3.);
#2602=CYLINDRICAL_SURFACE('',#3045,3.);
#2603=CYLINDRICAL_SURFACE('',#3046,3.);
#2604=CYLINDRICAL_SURFACE('',#3047,3.);
#2605=CYLINDRICAL_SURFACE('',#3048,3.);
#2606=CYLINDRICAL_SURFACE('',#3049,2.);
#2607=CYLINDRICAL_SURFACE('',#3050,2.);
#2608=CYLINDRICAL_SURFACE('',#3051,2.);
#2609=CYLINDRICAL_SURFACE('',#3052,2.);
#2610=CYLINDRICAL_SURFACE('',#3053,1.5);
#2611=CYLINDRICAL_SURFACE('',#3054,1.5);
#2612=CYLINDRICAL_SURFACE('',#3055,2.5);
#2613=CYLINDRICAL_SURFACE('',#3056,2.50000000000002);
#2614=CYLINDRICAL_SURFACE('',#3057,2.);
#2615=CYLINDRICAL_SURFACE('',#3058,2.);
#2616=CYLINDRICAL_SURFACE('',#3059,2.);
#2617=CYLINDRICAL_SURFACE('',#3060,2.);
#2618=ADVANCED_FACE('',(#148),#2549,.F.);
#2619=ADVANCED_FACE('',(#149),#83,.F.);
#2620=ADVANCED_FACE('',(#150),#84,.T.);
#2621=ADVANCED_FACE('',(#151),#2550,.F.);
#2622=ADVANCED_FACE('',(#152),#2551,.F.);
#2623=ADVANCED_FACE('',(#153),#85,.F.);
#2624=ADVANCED_FACE('',(#154),#86,.T.);
#2625=ADVANCED_FACE('',(#155),#2552,.F.);
#2626=ADVANCED_FACE('',(#156),#2553,.F.);
#2627=ADVANCED_FACE('',(#157),#2554,.F.);
#2628=ADVANCED_FACE('',(#158),#79,.T.);
#2629=ADVANCED_FACE('',(#159),#80,.T.);
#2630=ADVANCED_FACE('',(#160),#2555,.T.);
#2631=ADVANCED_FACE('',(#161),#2556,.T.);
#2632=ADVANCED_FACE('',(#162),#2557,.F.);
#2633=ADVANCED_FACE('',(#163),#81,.F.);
#2634=ADVANCED_FACE('',(#164),#2558,.F.);
#2635=ADVANCED_FACE('',(#165),#82,.F.);
#2636=ADVANCED_FACE('',(#166),#2559,.F.);
#2637=ADVANCED_FACE('',(#167),#2560,.F.);
#2638=ADVANCED_FACE('',(#168),#2561,.F.);
#2639=ADVANCED_FACE('',(#169),#2562,.F.);
#2640=ADVANCED_FACE('',(#170),#2563,.F.);
#2641=ADVANCED_FACE('',(#171),#2564,.F.);
#2642=ADVANCED_FACE('',(#172),#2565,.F.);
#2643=ADVANCED_FACE('',(#173),#2566,.F.);
#2644=ADVANCED_FACE('',(#174),#2567,.F.);
#2645=ADVANCED_FACE('',(#175),#2568,.F.);
#2646=ADVANCED_FACE('',(#176),#2569,.F.);
#2647=ADVANCED_FACE('',(#177),#2570,.F.);
#2648=ADVANCED_FACE('',(#178),#2571,.F.);
#2649=ADVANCED_FACE('',(#179),#2572,.F.);
#2650=ADVANCED_FACE('',(#180),#2573,.F.);
#2651=ADVANCED_FACE('',(#181),#2574,.F.);
#2652=ADVANCED_FACE('',(#182),#2575,.F.);
#2653=ADVANCED_FACE('',(#183),#2576,.F.);
#2654=ADVANCED_FACE('',(#184),#2577,.F.);
#2655=ADVANCED_FACE('',(#185),#2578,.F.);
#2656=ADVANCED_FACE('',(#186,#18,#19),#87,.T.);
#2657=ADVANCED_FACE('',(#187,#20,#21,#22,#23,#24,#25,#26,#27,#28,#29,#30,
#31,#32),#88,.F.);
#2658=ADVANCED_FACE('',(#188),#89,.F.);
#2659=ADVANCED_FACE('',(#189),#90,.T.);
#2660=ADVANCED_FACE('',(#190),#91,.F.);
#2661=ADVANCED_FACE('',(#191,#33),#92,.T.);
#2662=ADVANCED_FACE('',(#192,#34,#35,#36,#37,#38,#39,#40,#41,#42,#43),#93,
 .T.);
#2663=ADVANCED_FACE('',(#193,#44),#94,.T.);
#2664=ADVANCED_FACE('',(#194),#95,.T.);
#2665=ADVANCED_FACE('',(#195),#96,.T.);
#2666=ADVANCED_FACE('',(#196),#97,.F.);
#2667=ADVANCED_FACE('',(#197,#45,#46),#98,.F.);
#2668=ADVANCED_FACE('',(#198),#99,.F.);
#2669=ADVANCED_FACE('',(#199,#47,#48),#100,.F.);
#2670=ADVANCED_FACE('',(#200),#101,.T.);
#2671=ADVANCED_FACE('',(#201),#2579,.T.);
#2672=ADVANCED_FACE('',(#202),#102,.T.);
#2673=ADVANCED_FACE('',(#203),#2580,.T.);
#2674=ADVANCED_FACE('',(#204),#103,.T.);
#2675=ADVANCED_FACE('',(#205),#104,.T.);
#2676=ADVANCED_FACE('',(#206),#2581,.T.);
#2677=ADVANCED_FACE('',(#207),#2582,.T.);
#2678=ADVANCED_FACE('',(#208,#49),#105,.T.);
#2679=ADVANCED_FACE('',(#209),#2583,.T.);
#2680=ADVANCED_FACE('',(#210,#50),#106,.T.);
#2681=ADVANCED_FACE('',(#211),#2584,.T.);
#2682=ADVANCED_FACE('',(#212),#107,.F.);
#2683=ADVANCED_FACE('',(#213),#108,.T.);
#2684=ADVANCED_FACE('',(#214),#109,.T.);
#2685=ADVANCED_FACE('',(#215),#110,.T.);
#2686=ADVANCED_FACE('',(#216),#111,.T.);
#2687=ADVANCED_FACE('',(#217),#112,.F.);
#2688=ADVANCED_FACE('',(#218),#113,.F.);
#2689=ADVANCED_FACE('',(#219,#51),#114,.T.);
#2690=ADVANCED_FACE('',(#220,#52),#115,.T.);
#2691=ADVANCED_FACE('',(#221,#53),#116,.T.);
#2692=ADVANCED_FACE('',(#222,#54,#55),#15,.T.);
#2693=ADVANCED_FACE('',(#223),#117,.F.);
#2694=ADVANCED_FACE('',(#224),#118,.F.);
#2695=ADVANCED_FACE('',(#225),#119,.F.);
#2696=ADVANCED_FACE('',(#226),#120,.F.);
#2697=ADVANCED_FACE('',(#227,#56),#121,.T.);
#2698=ADVANCED_FACE('',(#228,#57),#122,.T.);
#2699=ADVANCED_FACE('',(#229),#2585,.F.);
#2700=ADVANCED_FACE('',(#230),#2586,.F.);
#2701=ADVANCED_FACE('',(#231),#2587,.F.);
#2702=ADVANCED_FACE('',(#232),#2588,.F.);
#2703=ADVANCED_FACE('',(#233),#123,.T.);
#2704=ADVANCED_FACE('',(#234),#124,.T.);
#2705=ADVANCED_FACE('',(#235),#125,.T.);
#2706=ADVANCED_FACE('',(#236),#126,.T.);
#2707=ADVANCED_FACE('',(#237),#2589,.T.);
#2708=ADVANCED_FACE('',(#238),#2590,.T.);
#2709=ADVANCED_FACE('',(#239,#58),#127,.T.);
#2710=ADVANCED_FACE('',(#240,#59),#128,.F.);
#2711=ADVANCED_FACE('',(#241),#2591,.F.);
#2712=ADVANCED_FACE('',(#242),#2592,.T.);
#2713=ADVANCED_FACE('',(#243),#2593,.F.);
#2714=ADVANCED_FACE('',(#244),#2594,.T.);
#2715=ADVANCED_FACE('',(#245),#129,.T.);
#2716=ADVANCED_FACE('',(#246),#130,.T.);
#2717=ADVANCED_FACE('',(#247),#2595,.F.);
#2718=ADVANCED_FACE('',(#248),#131,.F.);
#2719=ADVANCED_FACE('',(#249),#132,.F.);
#2720=ADVANCED_FACE('',(#250),#133,.F.);
#2721=ADVANCED_FACE('',(#251),#134,.F.);
#2722=ADVANCED_FACE('',(#252),#135,.F.);
#2723=ADVANCED_FACE('',(#253,#60),#136,.T.);
#2724=ADVANCED_FACE('',(#254),#137,.F.);
#2725=ADVANCED_FACE('',(#255),#138,.F.);
#2726=ADVANCED_FACE('',(#256),#139,.F.);
#2727=ADVANCED_FACE('',(#257),#2596,.F.);
#2728=ADVANCED_FACE('',(#258),#140,.F.);
#2729=ADVANCED_FACE('',(#259),#141,.F.);
#2730=ADVANCED_FACE('',(#260,#61),#142,.T.);
#2731=ADVANCED_FACE('',(#261),#2597,.F.);
#2732=ADVANCED_FACE('',(#262),#143,.F.);
#2733=ADVANCED_FACE('',(#263),#144,.F.);
#2734=ADVANCED_FACE('',(#264,#62),#145,.F.);
#2735=ADVANCED_FACE('',(#265),#16,.F.);
#2736=ADVANCED_FACE('',(#266),#17,.F.);
#2737=ADVANCED_FACE('',(#267),#146,.F.);
#2738=ADVANCED_FACE('',(#268),#147,.F.);
#2739=ADVANCED_FACE('',(#269),#2598,.T.);
#2740=ADVANCED_FACE('',(#270),#2599,.T.);
#2741=ADVANCED_FACE('',(#271),#2600,.T.);
#2742=ADVANCED_FACE('',(#272),#2601,.T.);
#2743=ADVANCED_FACE('',(#273),#2602,.T.);
#2744=ADVANCED_FACE('',(#274),#2603,.T.);
#2745=ADVANCED_FACE('',(#275),#2604,.T.);
#2746=ADVANCED_FACE('',(#276),#2605,.T.);
#2747=ADVANCED_FACE('',(#277),#2606,.T.);
#2748=ADVANCED_FACE('',(#278),#2607,.T.);
#2749=ADVANCED_FACE('',(#279),#2608,.T.);
#2750=ADVANCED_FACE('',(#280),#2609,.T.);
#2751=ADVANCED_FACE('',(#281),#2610,.T.);
#2752=ADVANCED_FACE('',(#282),#2611,.T.);
#2753=ADVANCED_FACE('',(#283),#2612,.T.);
#2754=ADVANCED_FACE('',(#284),#2613,.T.);
#2755=ADVANCED_FACE('',(#285),#2614,.T.);
#2756=ADVANCED_FACE('',(#286),#2615,.T.);
#2757=ADVANCED_FACE('',(#287),#2616,.T.);
#2758=ADVANCED_FACE('',(#288),#2617,.T.);
#2759=CLOSED_SHELL('',(#2618,#2619,#2620,#2621,#2622,#2623,#2624,#2625,
#2626,#2627,#2628,#2629,#2630,#2631,#2632,#2633,#2634,#2635,#2636,#2637,
#2638,#2639,#2640,#2641,#2642,#2643,#2644,#2645,#2646,#2647,#2648,#2649,
#2650,#2651,#2652,#2653,#2654,#2655,#2656,#2657,#2658,#2659,#2660,#2661,
#2662,#2663,#2664,#2665,#2666,#2667,#2668,#2669,#2670,#2671,#2672,#2673,
#2674,#2675,#2676,#2677,#2678,#2679,#2680,#2681,#2682,#2683,#2684,#2685,
#2686,#2687,#2688,#2689,#2690,#2691,#2692,#2693,#2694,#2695,#2696,#2697,
#2698,#2699,#2700,#2701,#2702,#2703,#2704,#2705,#2706,#2707,#2708,#2709,
#2710,#2711,#2712,#2713,#2714,#2715,#2716,#2717,#2718,#2719,#2720,#2721,
#2722,#2723,#2724,#2725,#2726,#2727,#2728,#2729,#2730,#2731,#2732,#2733,
#2734,#2735,#2736,#2737,#2738,#2739,#2740,#2741,#2742,#2743,#2744,#2745,
#2746,#2747,#2748,#2749,#2750,#2751,#2752,#2753,#2754,#2755,#2756,#2757,
#2758));
#2760=DERIVED_UNIT_ELEMENT(#2762,1.);
#2761=DERIVED_UNIT_ELEMENT(#5091,-3.);
#2762=(
MASS_UNIT()
NAMED_UNIT(*)
SI_UNIT(.KILO.,.GRAM.)
);
#2763=DERIVED_UNIT((#2760,#2761));
#2764=MEASURE_REPRESENTATION_ITEM('density measure',
POSITIVE_RATIO_MEASURE(7850.),#2763);
#2765=PROPERTY_DEFINITION_REPRESENTATION(#2770,#2767);
#2766=PROPERTY_DEFINITION_REPRESENTATION(#2771,#2768);
#2767=REPRESENTATION('material name',(#2769),#5088);
#2768=REPRESENTATION('density',(#2764),#5088);
#2769=DESCRIPTIVE_REPRESENTATION_ITEM('Steel','Steel');
#2770=PROPERTY_DEFINITION('material property','material name',#5098);
#2771=PROPERTY_DEFINITION('material property','density of part',#5098);
#2772=AXIS2_PLACEMENT_3D('',#3871,#3061,#3062);
#2773=AXIS2_PLACEMENT_3D('',#3872,#3063,#3064);
#2774=AXIS2_PLACEMENT_3D('',#3874,#3065,#3066);
#2775=AXIS2_PLACEMENT_3D('',#3878,#3068,#3069);
#2776=AXIS2_PLACEMENT_3D('',#3882,#3071,#3072);
#2777=AXIS2_PLACEMENT_3D('',#3885,#3074,#3075);
#2778=AXIS2_PLACEMENT_3D('',#3886,#3076,#3077);
#2779=AXIS2_PLACEMENT_3D('',#3890,#3079,#3080);
#2780=AXIS2_PLACEMENT_3D('',#3892,#3082,#3083);
#2781=AXIS2_PLACEMENT_3D('',#3900,#3088,#3089);
#2782=AXIS2_PLACEMENT_3D('',#3903,#3091,#3092);
#2783=AXIS2_PLACEMENT_3D('',#3904,#3093,#3094);
#2784=AXIS2_PLACEMENT_3D('',#3906,#3095,#3096);
#2785=AXIS2_PLACEMENT_3D('',#3910,#3098,#3099);
#2786=AXIS2_PLACEMENT_3D('',#3914,#3101,#3102);
#2787=AXIS2_PLACEMENT_3D('',#3917,#3104,#3105);
#2788=AXIS2_PLACEMENT_3D('',#3918,#3106,#3107);
#2789=AXIS2_PLACEMENT_3D('',#3922,#3109,#3110);
#2790=AXIS2_PLACEMENT_3D('',#3924,#3112,#3113);
#2791=AXIS2_PLACEMENT_3D('',#3932,#3118,#3119);
#2792=AXIS2_PLACEMENT_3D('',#3935,#3121,#3122);
#2793=AXIS2_PLACEMENT_3D('',#3936,#3123,#3124);
#2794=AXIS2_PLACEMENT_3D('',#3938,#3125,#3126);
#2795=AXIS2_PLACEMENT_3D('',#3941,#3128,#3129);
#2796=AXIS2_PLACEMENT_3D('',#3942,#3130,#3131);
#2797=AXIS2_PLACEMENT_3D('',#3944,#3132,#3133);
#2798=AXIS2_PLACEMENT_3D('',#3947,#3135,#3136);
#2799=AXIS2_PLACEMENT_3D('',#3948,#3137,#3138);
#2800=AXIS2_PLACEMENT_3D('',#3950,#3139,#3140);
#2801=AXIS2_PLACEMENT_3D('',#3953,#3142,#3143);
#2802=AXIS2_PLACEMENT_3D('',#3954,#3144,#3145);
#2803=AXIS2_PLACEMENT_3D('',#3956,#3146,#3147);
#2804=AXIS2_PLACEMENT_3D('',#3959,#3149,#3150);
#2805=AXIS2_PLACEMENT_3D('',#3960,#3151,#3152);
#2806=AXIS2_PLACEMENT_3D('',#3962,#3153,#3154);
#2807=AXIS2_PLACEMENT_3D('',#3964,#3156,#3157);
#2808=AXIS2_PLACEMENT_3D('',#3966,#3158,#3159);
#2809=AXIS2_PLACEMENT_3D('',#3968,#3161,#3162);
#2810=AXIS2_PLACEMENT_3D('',#3970,#3163,#3164);
#2811=AXIS2_PLACEMENT_3D('',#3973,#3166,#3167);
#2812=AXIS2_PLACEMENT_3D('',#3974,#3168,#3169);
#2813=AXIS2_PLACEMENT_3D('',#3977,#3171,#3172);
#2814=AXIS2_PLACEMENT_3D('',#3979,#3173,#3174);
#2815=AXIS2_PLACEMENT_3D('',#3982,#3176,#3177);
#2816=AXIS2_PLACEMENT_3D('',#3983,#3178,#3179);
#2817=AXIS2_PLACEMENT_3D('',#3986,#3181,#3182);
#2818=AXIS2_PLACEMENT_3D('',#3988,#3183,#3184);
#2819=AXIS2_PLACEMENT_3D('',#3991,#3186,#3187);
#2820=AXIS2_PLACEMENT_3D('',#3992,#3188,#3189);
#2821=AXIS2_PLACEMENT_3D('',#3994,#3190,#3191);
#2822=AXIS2_PLACEMENT_3D('',#3997,#3193,#3194);
#2823=AXIS2_PLACEMENT_3D('',#3998,#3195,#3196);
#2824=AXIS2_PLACEMENT_3D('',#4000,#3197,#3198);
#2825=AXIS2_PLACEMENT_3D('',#4003,#3200,#3201);
#2826=AXIS2_PLACEMENT_3D('',#4004,#3202,#3203);
#2827=AXIS2_PLACEMENT_3D('',#4006,#3204,#3205);
#2828=AXIS2_PLACEMENT_3D('',#4009,#3207,#3208);
#2829=AXIS2_PLACEMENT_3D('',#4010,#3209,#3210);
#2830=AXIS2_PLACEMENT_3D('',#4013,#3211,#3212);
#2831=AXIS2_PLACEMENT_3D('',#4017,#3214,#3215);
#2832=AXIS2_PLACEMENT_3D('',#4021,#3217,#3218);
#2833=AXIS2_PLACEMENT_3D('',#4025,#3220,#3221);
#2834=AXIS2_PLACEMENT_3D('',#4029,#3223,#3224);
#2835=AXIS2_PLACEMENT_3D('',#4033,#3226,#3227);
#2836=AXIS2_PLACEMENT_3D('',#4035,#3229,#3230);
#2837=AXIS2_PLACEMENT_3D('',#4037,#3231,#3232);
#2838=AXIS2_PLACEMENT_3D('',#4040,#3234,#3235);
#2839=AXIS2_PLACEMENT_3D('',#4041,#3236,#3237);
#2840=AXIS2_PLACEMENT_3D('',#4043,#3238,#3239);
#2841=AXIS2_PLACEMENT_3D('',#4046,#3241,#3242);
#2842=AXIS2_PLACEMENT_3D('',#4047,#3243,#3244);
#2843=AXIS2_PLACEMENT_3D('',#4049,#3245,#3246);
#2844=AXIS2_PLACEMENT_3D('',#4052,#3248,#3249);
#2845=AXIS2_PLACEMENT_3D('',#4053,#3250,#3251);
#2846=AXIS2_PLACEMENT_3D('',#4055,#3252,#3253);
#2847=AXIS2_PLACEMENT_3D('',#4058,#3255,#3256);
#2848=AXIS2_PLACEMENT_3D('',#4059,#3257,#3258);
#2849=AXIS2_PLACEMENT_3D('',#4061,#3259,#3260);
#2850=AXIS2_PLACEMENT_3D('',#4064,#3262,#3263);
#2851=AXIS2_PLACEMENT_3D('',#4065,#3264,#3265);
#2852=AXIS2_PLACEMENT_3D('',#4067,#3266,#3267);
#2853=AXIS2_PLACEMENT_3D('',#4070,#3269,#3270);
#2854=AXIS2_PLACEMENT_3D('',#4071,#3271,#3272);
#2855=AXIS2_PLACEMENT_3D('',#4073,#3273,#3274);
#2856=AXIS2_PLACEMENT_3D('',#4076,#3276,#3277);
#2857=AXIS2_PLACEMENT_3D('',#4077,#3278,#3279);
#2858=AXIS2_PLACEMENT_3D('',#4079,#3280,#3281);
#2859=AXIS2_PLACEMENT_3D('',#4082,#3283,#3284);
#2860=AXIS2_PLACEMENT_3D('',#4083,#3285,#3286);
#2861=AXIS2_PLACEMENT_3D('',#4085,#3287,#3288);
#2862=AXIS2_PLACEMENT_3D('',#4088,#3290,#3291);
#2863=AXIS2_PLACEMENT_3D('',#4089,#3292,#3293);
#2864=AXIS2_PLACEMENT_3D('',#4091,#3294,#3295);
#2865=AXIS2_PLACEMENT_3D('',#4094,#3297,#3298);
#2866=AXIS2_PLACEMENT_3D('',#4095,#3299,#3300);
#2867=AXIS2_PLACEMENT_3D('',#4098,#3301,#3302);
#2868=AXIS2_PLACEMENT_3D('',#4102,#3304,#3305);
#2869=AXIS2_PLACEMENT_3D('',#4106,#3307,#3308);
#2870=AXIS2_PLACEMENT_3D('',#4110,#3310,#3311);
#2871=AXIS2_PLACEMENT_3D('',#4114,#3313,#3314);
#2872=AXIS2_PLACEMENT_3D('',#4117,#3316,#3317);
#2873=AXIS2_PLACEMENT_3D('',#4119,#3318,#3319);
#2874=AXIS2_PLACEMENT_3D('',#4123,#3321,#3322);
#2875=AXIS2_PLACEMENT_3D('',#4127,#3324,#3325);
#2876=AXIS2_PLACEMENT_3D('',#4131,#3327,#3328);
#2877=AXIS2_PLACEMENT_3D('',#4133,#3330,#3331);
#2878=AXIS2_PLACEMENT_3D('',#4135,#3332,#3333);
#2879=AXIS2_PLACEMENT_3D('',#4138,#3335,#3336);
#2880=AXIS2_PLACEMENT_3D('',#4139,#3337,#3338);
#2881=AXIS2_PLACEMENT_3D('',#4141,#3339,#3340);
#2882=AXIS2_PLACEMENT_3D('',#4144,#3342,#3343);
#2883=AXIS2_PLACEMENT_3D('',#4145,#3344,#3345);
#2884=AXIS2_PLACEMENT_3D('',#4180,#3347,#3348);
#2885=AXIS2_PLACEMENT_3D('',#4211,#3349,#3350);
#2886=AXIS2_PLACEMENT_3D('',#4246,#3352,#3353);
#2887=AXIS2_PLACEMENT_3D('',#4277,#3354,#3355);
#2888=AXIS2_PLACEMENT_3D('',#4280,#3356,#3357);
#2889=AXIS2_PLACEMENT_3D('',#4284,#3359,#3360);
#2890=AXIS2_PLACEMENT_3D('',#4291,#3364,#3365);
#2891=AXIS2_PLACEMENT_3D('',#4296,#3368,#3369);
#2892=AXIS2_PLACEMENT_3D('',#4303,#3373,#3374);
#2893=AXIS2_PLACEMENT_3D('',#4307,#3376,#3377);
#2894=AXIS2_PLACEMENT_3D('',#4311,#3379,#3380);
#2895=AXIS2_PLACEMENT_3D('',#4314,#3382,#3383);
#2896=AXIS2_PLACEMENT_3D('',#4316,#3384,#3385);
#2897=AXIS2_PLACEMENT_3D('',#4320,#3387,#3388);
#2898=AXIS2_PLACEMENT_3D('',#4322,#3390,#3391);
#2899=AXIS2_PLACEMENT_3D('',#4325,#3392,#3393);
#2900=AXIS2_PLACEMENT_3D('',#4327,#3394,#3395);
#2901=AXIS2_PLACEMENT_3D('',#4333,#3398,#3399);
#2902=AXIS2_PLACEMENT_3D('',#4337,#3401,#3402);
#2903=AXIS2_PLACEMENT_3D('',#4341,#3404,#3405);
#2904=AXIS2_PLACEMENT_3D('',#4345,#3407,#3408);
#2905=AXIS2_PLACEMENT_3D('',#4348,#3410,#3411);
#2906=AXIS2_PLACEMENT_3D('',#4350,#3412,#3413);
#2907=AXIS2_PLACEMENT_3D('',#4354,#3415,#3416);
#2908=AXIS2_PLACEMENT_3D('',#4358,#3418,#3419);
#2909=AXIS2_PLACEMENT_3D('',#4362,#3421,#3422);
#2910=AXIS2_PLACEMENT_3D('',#4366,#3424,#3425);
#2911=AXIS2_PLACEMENT_3D('',#4372,#3428,#3429);
#2912=AXIS2_PLACEMENT_3D('',#4374,#3430,#3431);
#2913=AXIS2_PLACEMENT_3D('',#4376,#3432,#3433);
#2914=AXIS2_PLACEMENT_3D('',#4379,#3435,#3436);
#2915=AXIS2_PLACEMENT_3D('',#4380,#3437,#3438);
#2916=AXIS2_PLACEMENT_3D('',#4395,#3447,#3448);
#2917=AXIS2_PLACEMENT_3D('',#4398,#3451,#3452);
#2918=AXIS2_PLACEMENT_3D('',#4401,#3455,#3456);
#2919=AXIS2_PLACEMENT_3D('',#4406,#3458,#3459);
#2920=AXIS2_PLACEMENT_3D('',#4410,#3461,#3462);
#2921=AXIS2_PLACEMENT_3D('',#4414,#3464,#3465);
#2922=AXIS2_PLACEMENT_3D('',#4425,#3466,#3467);
#2923=AXIS2_PLACEMENT_3D('',#4427,#3469,#3470);
#2924=AXIS2_PLACEMENT_3D('',#4428,#3471,#3472);
#2925=AXIS2_PLACEMENT_3D('',#4434,#3475,#3476);
#2926=AXIS2_PLACEMENT_3D('',#4450,#3484,#3485);
#2927=AXIS2_PLACEMENT_3D('',#4457,#3489,#3490);
#2928=AXIS2_PLACEMENT_3D('',#4460,#3492,#3493);
#2929=AXIS2_PLACEMENT_3D('',#4464,#3496,#3497);
#2930=AXIS2_PLACEMENT_3D('',#4470,#3501,#3502);
#2931=AXIS2_PLACEMENT_3D('',#4472,#3504,#3505);
#2932=AXIS2_PLACEMENT_3D('',#4474,#3507,#3508);
#2933=AXIS2_PLACEMENT_3D('',#4480,#3512,#3513);
#2934=AXIS2_PLACEMENT_3D('',#4481,#3514,#3515);
#2935=AXIS2_PLACEMENT_3D('',#4490,#3519,#3520);
#2936=AXIS2_PLACEMENT_3D('',#4493,#3522,#3523);
#2937=AXIS2_PLACEMENT_3D('',#4494,#3524,#3525);
#2938=AXIS2_PLACEMENT_3D('',#4500,#3529,#3530);
#2939=AXIS2_PLACEMENT_3D('',#4502,#3531,#3532);
#2940=AXIS2_PLACEMENT_3D('',#4509,#3537,#3538);
#2941=AXIS2_PLACEMENT_3D('',#4510,#3539,#3540);
#2942=AXIS2_PLACEMENT_3D('',#4514,#3542,#3543);
#2943=AXIS2_PLACEMENT_3D('',#4516,#3545,#3546);
#2944=AXIS2_PLACEMENT_3D('',#4519,#3549,#3550);
#2945=AXIS2_PLACEMENT_3D('',#4524,#3553,#3554);
#2946=AXIS2_PLACEMENT_3D('',#4525,#3555,#3556);
#2947=AXIS2_PLACEMENT_3D('',#4527,#3558,#3559);
#2948=AXIS2_PLACEMENT_3D('',#4529,#3561,#3562);
#2949=AXIS2_PLACEMENT_3D('',#4530,#3563,#3564);
#2950=AXIS2_PLACEMENT_3D('',#4569,#3567,#3568);
#2951=AXIS2_PLACEMENT_3D('',#4608,#3571,#3572);
#2952=AXIS2_PLACEMENT_3D('',#4612,#3574,#3575);
#2953=AXIS2_PLACEMENT_3D('',#4614,#3577,#3578);
#2954=AXIS2_PLACEMENT_3D('',#4617,#3581,#3582);
#2955=AXIS2_PLACEMENT_3D('',#4620,#3583,#3584);
#2956=AXIS2_PLACEMENT_3D('',#4623,#3587,#3588);
#2957=AXIS2_PLACEMENT_3D('',#4626,#3591,#3592);
#2958=AXIS2_PLACEMENT_3D('',#4638,#3600,#3601);
#2959=AXIS2_PLACEMENT_3D('',#4639,#3602,#3603);
#2960=AXIS2_PLACEMENT_3D('',#4640,#3604,#3605);
#2961=AXIS2_PLACEMENT_3D('',#4641,#3606,#3607);
#2962=AXIS2_PLACEMENT_3D('',#4642,#3608,#3609);
#2963=AXIS2_PLACEMENT_3D('',#4646,#3612,#3613);
#2964=AXIS2_PLACEMENT_3D('',#4650,#3616,#3617);
#2965=AXIS2_PLACEMENT_3D('',#4652,#3619,#3620);
#2966=AXIS2_PLACEMENT_3D('',#4653,#3621,#3622);
#2967=AXIS2_PLACEMENT_3D('',#4830,#3626,#3627);
#2968=AXIS2_PLACEMENT_3D('',#4831,#3628,#3629);
#2969=AXIS2_PLACEMENT_3D('',#4834,#3632,#3633);
#2970=AXIS2_PLACEMENT_3D('',#4836,#3635,#3636);
#2971=AXIS2_PLACEMENT_3D('',#4839,#3639,#3640);
#2972=AXIS2_PLACEMENT_3D('',#4841,#3642,#3643);
#2973=AXIS2_PLACEMENT_3D('',#4842,#3644,#3645);
#2974=AXIS2_PLACEMENT_3D('',#4843,#3646,#3647);
#2975=AXIS2_PLACEMENT_3D('',#4844,#3648,#3649);
#2976=AXIS2_PLACEMENT_3D('',#4845,#3650,#3651);
#2977=AXIS2_PLACEMENT_3D('',#4846,#3652,#3653);
#2978=AXIS2_PLACEMENT_3D('',#4847,#3654,#3655);
#2979=AXIS2_PLACEMENT_3D('',#4848,#3656,#3657);
#2980=AXIS2_PLACEMENT_3D('',#4849,#3658,#3659);
#2981=AXIS2_PLACEMENT_3D('',#4850,#3660,#3661);
#2982=AXIS2_PLACEMENT_3D('',#4852,#3663,#3664);
#2983=AXIS2_PLACEMENT_3D('',#4854,#3666,#3667);
#2984=AXIS2_PLACEMENT_3D('',#4855,#3668,#3669);
#2985=AXIS2_PLACEMENT_3D('',#4856,#3670,#3671);
#2986=AXIS2_PLACEMENT_3D('',#4857,#3672,#3673);
#2987=AXIS2_PLACEMENT_3D('',#4860,#3676,#3677);
#2988=AXIS2_PLACEMENT_3D('',#4863,#3680,#3681);
#2989=AXIS2_PLACEMENT_3D('',#4864,#3682,#3683);
#2990=AXIS2_PLACEMENT_3D('',#4865,#3684,#3685);
#2991=AXIS2_PLACEMENT_3D('',#4866,#3686,#3687);
#2992=AXIS2_PLACEMENT_3D('',#4867,#3688,#3689);
#2993=AXIS2_PLACEMENT_3D('',#4868,#3690,#3691);
#2994=AXIS2_PLACEMENT_3D('',#4869,#3692,#3693);
#2995=AXIS2_PLACEMENT_3D('',#4870,#3694,#3695);
#2996=AXIS2_PLACEMENT_3D('',#4876,#3699,#3700);
#2997=AXIS2_PLACEMENT_3D('',#4882,#3704,#3705);
#2998=AXIS2_PLACEMENT_3D('',#4884,#3706,#3707);
#2999=AXIS2_PLACEMENT_3D('',#4888,#3709,#3710);
#3000=AXIS2_PLACEMENT_3D('',#4890,#3711,#3712);
#3001=AXIS2_PLACEMENT_3D('',#4899,#3714,#3715);
#3002=AXIS2_PLACEMENT_3D('',#4901,#3717,#3718);
#3003=AXIS2_PLACEMENT_3D('',#4902,#3719,#3720);
#3004=AXIS2_PLACEMENT_3D('',#4903,#3721,#3722);
#3005=AXIS2_PLACEMENT_3D('',#4909,#3726,#3727);
#3006=AXIS2_PLACEMENT_3D('',#4913,#3730,#3731);
#3007=AXIS2_PLACEMENT_3D('',#4914,#3732,#3733);
#3008=AXIS2_PLACEMENT_3D('',#4915,#3734,#3735);
#3009=AXIS2_PLACEMENT_3D('',#4917,#3736,#3737);
#3010=AXIS2_PLACEMENT_3D('',#4928,#3738,#3739);
#3011=AXIS2_PLACEMENT_3D('',#4931,#3741,#3742);
#3012=AXIS2_PLACEMENT_3D('',#4932,#3743,#3744);
#3013=AXIS2_PLACEMENT_3D('',#4936,#3746,#3747);
#3014=AXIS2_PLACEMENT_3D('',#4937,#3748,#3749);
#3015=AXIS2_PLACEMENT_3D('',#4938,#3750,#3751);
#3016=AXIS2_PLACEMENT_3D('',#4942,#3753,#3754);
#3017=AXIS2_PLACEMENT_3D('',#4951,#3756,#3757);
#3018=AXIS2_PLACEMENT_3D('',#4952,#3758,#3759);
#3019=AXIS2_PLACEMENT_3D('',#4953,#3760,#3761);
#3020=AXIS2_PLACEMENT_3D('',#4956,#3764,#3765);
#3021=AXIS2_PLACEMENT_3D('',#4958,#3767,#3768);
#3022=AXIS2_PLACEMENT_3D('',#4962,#3770,#3771);
#3023=AXIS2_PLACEMENT_3D('',#4964,#3773,#3774);
#3024=AXIS2_PLACEMENT_3D('',#4968,#3777,#3778);
#3025=AXIS2_PLACEMENT_3D('',#4974,#3782,#3783);
#3026=AXIS2_PLACEMENT_3D('',#4985,#3784,#3785);
#3027=AXIS2_PLACEMENT_3D('',#4988,#3787,#3788);
#3028=AXIS2_PLACEMENT_3D('',#4989,#3789,#3790);
#3029=AXIS2_PLACEMENT_3D('',#4990,#3791,#3792);
#3030=AXIS2_PLACEMENT_3D('',#4991,#3793,#3794);
#3031=AXIS2_PLACEMENT_3D('',#4994,#3795,#3796);
#3032=AXIS2_PLACEMENT_3D('',#4997,#3799,#3800);
#3033=AXIS2_PLACEMENT_3D('',#5001,#3803,#3804);
#3034=AXIS2_PLACEMENT_3D('',#5007,#3808,#3809);
#3035=AXIS2_PLACEMENT_3D('',#5012,#3811,#3812);
#3036=AXIS2_PLACEMENT_3D('',#5021,#3813,#3814);
#3037=AXIS2_PLACEMENT_3D('',#5022,#3815,#3816);
#3038=AXIS2_PLACEMENT_3D('',#5023,#3817,#3818);
#3039=AXIS2_PLACEMENT_3D('',#5060,#3823,#3824);
#3040=AXIS2_PLACEMENT_3D('',#5063,#3827,#3828);
#3041=AXIS2_PLACEMENT_3D('',#5066,#3831,#3832);
#3042=AXIS2_PLACEMENT_3D('',#5067,#3833,#3834);
#3043=AXIS2_PLACEMENT_3D('',#5068,#3835,#3836);
#3044=AXIS2_PLACEMENT_3D('',#5069,#3837,#3838);
#3045=AXIS2_PLACEMENT_3D('',#5070,#3839,#3840);
#3046=AXIS2_PLACEMENT_3D('',#5071,#3841,#3842);
#3047=AXIS2_PLACEMENT_3D('',#5072,#3843,#3844);
#3048=AXIS2_PLACEMENT_3D('',#5073,#3845,#3846);
#3049=AXIS2_PLACEMENT_3D('',#5074,#3847,#3848);
#3050=AXIS2_PLACEMENT_3D('',#5075,#3849,#3850);
#3051=AXIS2_PLACEMENT_3D('',#5076,#3851,#3852);
#3052=AXIS2_PLACEMENT_3D('',#5077,#3853,#3854);
#3053=AXIS2_PLACEMENT_3D('',#5078,#3855,#3856);
#3054=AXIS2_PLACEMENT_3D('',#5079,#3857,#3858);
#3055=AXIS2_PLACEMENT_3D('',#5080,#3859,#3860);
#3056=AXIS2_PLACEMENT_3D('',#5081,#3861,#3862);
#3057=AXIS2_PLACEMENT_3D('',#5082,#3863,#3864);
#3058=AXIS2_PLACEMENT_3D('',#5083,#3865,#3866);
#3059=AXIS2_PLACEMENT_3D('',#5084,#3867,#3868);
#3060=AXIS2_PLACEMENT_3D('',#5085,#3869,#3870);
#3061=DIRECTION('axis',(0.,0.,1.));
#3062=DIRECTION('refdir',(1.,0.,0.));
#3063=DIRECTION('center_axis',(-0.000102206644927194,0.999999994776901,
-6.75854819145691E-11));
#3064=DIRECTION('ref_axis',(0.999999994776901,0.000102206644927194,-6.9076853883552E-15));
#3065=DIRECTION('center_axis',(0.,1.,0.));
#3066=DIRECTION('ref_axis',(1.,0.,9.86076126375891E-31));
#3067=DIRECTION('',(-0.000102206644927194,0.999999994776901,-6.75854819145691E-11));
#3068=DIRECTION('center_axis',(0.,-1.,0.));
#3069=DIRECTION('ref_axis',(1.,0.,9.86076126375891E-31));
#3070=DIRECTION('',(0.,-0.999999999650456,2.64402656663157E-5));
#3071=DIRECTION('center_axis',(-0.000102206644927194,0.999999994776901,
-6.75854819145691E-11));
#3072=DIRECTION('ref_axis',(0.999999994776901,0.000102206644927194,-6.9076853883552E-15));
#3073=DIRECTION('',(0.,0.99999999965046,2.6440130487214E-5));
#3074=DIRECTION('center_axis',(0.,-1.,0.));
#3075=DIRECTION('ref_axis',(1.,0.,9.86076126375891E-31));
#3076=DIRECTION('center_axis',(-0.000102206644927194,0.999999994776901,
-6.75854819145691E-11));
#3077=DIRECTION('ref_axis',(0.999999994776901,0.000102206644927194,-6.9076853883552E-15));
#3078=DIRECTION('',(1.61165519421202E-16,6.75854822840469E-11,1.));
#3079=DIRECTION('center_axis',(0.000102206644927194,-0.999999994776901,
6.75854819145691E-11));
#3080=DIRECTION('ref_axis',(0.999999994776901,0.000102206644926889,-6.90654731062561E-15));
#3081=DIRECTION('',(1.61165519421202E-16,6.75854822840469E-11,1.));
#3082=DIRECTION('center_axis',(-1.,0.,1.61165519421202E-16));
#3083=DIRECTION('ref_axis',(1.61165519421202E-16,0.,1.));
#3084=DIRECTION('',(0.,0.999999998708062,5.08318469316403E-5));
#3085=DIRECTION('',(1.61165519421202E-16,0.,1.));
#3086=DIRECTION('',(0.,1.,0.));
#3087=DIRECTION('',(-1.61165519421202E-16,0.,-1.));
#3088=DIRECTION('center_axis',(-0.000102206644926889,0.999999994776901,
-6.75743468489007E-11));
#3089=DIRECTION('ref_axis',(0.999999994776901,0.000102206644926889,-6.90654731062561E-15));
#3090=DIRECTION('',(0.,-0.999999998708055,5.08319820768685E-5));
#3091=DIRECTION('center_axis',(0.,-1.,0.));
#3092=DIRECTION('ref_axis',(1.,0.,0.));
#3093=DIRECTION('center_axis',(-0.000102206644922891,0.999999994776901,
-6.75510522243426E-11));
#3094=DIRECTION('ref_axis',(0.999999994776901,0.000102206644922891,-6.90416644492217E-15));
#3095=DIRECTION('center_axis',(0.,1.,0.));
#3096=DIRECTION('ref_axis',(1.,0.,9.86076126375891E-31));
#3097=DIRECTION('',(-0.000102206644922891,0.999999994776901,-6.75510522243426E-11));
#3098=DIRECTION('center_axis',(-0.000102206644922891,0.999999994776901,
-6.75510522243426E-11));
#3099=DIRECTION('ref_axis',(0.999999994776901,0.000102206644922891,-6.90416644492217E-15));
#3100=DIRECTION('',(0.,0.999999999653128,2.63390280098165E-5));
#3101=DIRECTION('center_axis',(0.,-1.,0.));
#3102=DIRECTION('ref_axis',(1.,0.,9.86076126375891E-31));
#3103=DIRECTION('',(0.,-0.999999999653124,2.63391631015368E-5));
#3104=DIRECTION('center_axis',(-0.000102206644922891,0.999999994776901,
-6.75510522243426E-11));
#3105=DIRECTION('ref_axis',(0.999999994776901,0.000102206644922891,-6.90416644492217E-15));
#3106=DIRECTION('center_axis',(-0.000102206644922891,0.999999994776901,
-6.75510522243426E-11));
#3107=DIRECTION('ref_axis',(0.999999994776901,0.000102206644922891,-6.90416644492217E-15));
#3108=DIRECTION('',(-1.61165519421202E-16,-6.75510525936406E-11,-1.));
#3109=DIRECTION('center_axis',(0.000102206644922891,-0.999999994776901,
6.75510522243426E-11));
#3110=DIRECTION('ref_axis',(0.999999994776901,0.000102206644925156,-6.9065473105085E-15));
#3111=DIRECTION('',(-1.61165519421202E-16,-6.75510525936406E-11,-1.));
#3112=DIRECTION('center_axis',(1.,0.,-1.61165519421202E-16));
#3113=DIRECTION('ref_axis',(-1.61165519421202E-16,0.,-1.));
#3114=DIRECTION('',(0.,0.99999999872055,5.05855759467686E-5));
#3115=DIRECTION('',(1.61165519421202E-16,0.,1.));
#3116=DIRECTION('',(0.,-1.,0.));
#3117=DIRECTION('',(1.61165519421202E-16,0.,1.));
#3118=DIRECTION('center_axis',(-0.000102206644925156,0.999999994776901,
-6.75743468489007E-11));
#3119=DIRECTION('ref_axis',(-0.999999994776901,-0.000102206644925156,-4.1177552033213E-14));
#3120=DIRECTION('',(0.,-0.999999998720543,5.05857110919966E-5));
#3121=DIRECTION('center_axis',(0.,-1.,0.));
#3122=DIRECTION('ref_axis',(1.,0.,-8.76512112334126E-31));
#3123=DIRECTION('center_axis',(0.,-1.,0.));
#3124=DIRECTION('ref_axis',(0.,0.,-1.));
#3125=DIRECTION('center_axis',(0.,1.,0.));
#3126=DIRECTION('ref_axis',(0.,0.,1.));
#3127=DIRECTION('',(0.,-1.,0.));
#3128=DIRECTION('center_axis',(0.,-1.,0.));
#3129=DIRECTION('ref_axis',(0.,0.,-1.));
#3130=DIRECTION('center_axis',(0.,-1.,0.));
#3131=DIRECTION('ref_axis',(0.,0.,-1.));
#3132=DIRECTION('center_axis',(0.,1.,0.));
#3133=DIRECTION('ref_axis',(0.,0.,1.));
#3134=DIRECTION('',(0.,-1.,0.));
#3135=DIRECTION('center_axis',(0.,-1.,0.));
#3136=DIRECTION('ref_axis',(0.,0.,1.));
#3137=DIRECTION('center_axis',(0.,-1.,0.));
#3138=DIRECTION('ref_axis',(0.,0.,-1.));
#3139=DIRECTION('center_axis',(0.,-1.,0.));
#3140=DIRECTION('ref_axis',(0.,0.,1.));
#3141=DIRECTION('',(8.65956056235511E-17,0.707106781186533,-0.707106781186562));
#3142=DIRECTION('center_axis',(0.,1.,0.));
#3143=DIRECTION('ref_axis',(0.,0.,1.));
#3144=DIRECTION('center_axis',(0.,-1.,0.));
#3145=DIRECTION('ref_axis',(0.,0.,-1.));
#3146=DIRECTION('center_axis',(0.,-1.,0.));
#3147=DIRECTION('ref_axis',(0.,0.,1.));
#3148=DIRECTION('',(8.65956056235511E-17,0.707106781186533,-0.707106781186562));
#3149=DIRECTION('center_axis',(0.,1.,0.));
#3150=DIRECTION('ref_axis',(0.,0.,1.));
#3151=DIRECTION('center_axis',(0.,-1.,0.));
#3152=DIRECTION('ref_axis',(0.,0.,-1.));
#3153=DIRECTION('center_axis',(0.,1.,0.));
#3154=DIRECTION('ref_axis',(0.,0.,1.));
#3155=DIRECTION('',(0.,1.,0.));
#3156=DIRECTION('center_axis',(0.,-1.,0.));
#3157=DIRECTION('ref_axis',(0.,0.,-1.));
#3158=DIRECTION('center_axis',(0.,1.,0.));
#3159=DIRECTION('ref_axis',(0.,0.,1.));
#3160=DIRECTION('',(0.,1.,0.));
#3161=DIRECTION('center_axis',(-1.,0.,0.));
#3162=DIRECTION('ref_axis',(0.,-1.,0.));
#3163=DIRECTION('center_axis',(-1.,0.,0.));
#3164=DIRECTION('ref_axis',(0.,-1.,0.));
#3165=DIRECTION('',(-1.,0.,0.));
#3166=DIRECTION('center_axis',(-1.,0.,0.));
#3167=DIRECTION('ref_axis',(0.,-1.,0.));
#3168=DIRECTION('center_axis',(-1.,0.,0.));
#3169=DIRECTION('ref_axis',(0.,-1.,0.));
#3170=DIRECTION('',(-0.515038074910055,0.857167300702112,-1.04972719113862E-16));
#3171=DIRECTION('center_axis',(1.,0.,0.));
#3172=DIRECTION('ref_axis',(0.,1.,0.));
#3173=DIRECTION('center_axis',(1.,0.,0.));
#3174=DIRECTION('ref_axis',(0.,1.,0.));
#3175=DIRECTION('',(1.,0.,0.));
#3176=DIRECTION('center_axis',(1.,0.,0.));
#3177=DIRECTION('ref_axis',(0.,1.,0.));
#3178=DIRECTION('center_axis',(1.,0.,0.));
#3179=DIRECTION('ref_axis',(0.,1.,0.));
#3180=DIRECTION('',(0.515038074910055,-0.857167300702112,-1.04972719113862E-16));
#3181=DIRECTION('center_axis',(0.,1.,0.));
#3182=DIRECTION('ref_axis',(0.,0.,1.));
#3183=DIRECTION('center_axis',(0.,1.,0.));
#3184=DIRECTION('ref_axis',(0.,0.,1.));
#3185=DIRECTION('',(0.,1.,0.));
#3186=DIRECTION('center_axis',(0.,1.,0.));
#3187=DIRECTION('ref_axis',(0.,0.,1.));
#3188=DIRECTION('center_axis',(0.,1.,0.));
#3189=DIRECTION('ref_axis',(0.,0.,1.));
#3190=DIRECTION('center_axis',(0.,1.,0.));
#3191=DIRECTION('ref_axis',(0.,0.,1.));
#3192=DIRECTION('',(0.,1.,0.));
#3193=DIRECTION('center_axis',(0.,1.,0.));
#3194=DIRECTION('ref_axis',(0.,0.,1.));
#3195=DIRECTION('center_axis',(0.,1.,0.));
#3196=DIRECTION('ref_axis',(0.,0.,1.));
#3197=DIRECTION('center_axis',(0.,1.,0.));
#3198=DIRECTION('ref_axis',(0.,0.,1.));
#3199=DIRECTION('',(0.,1.,0.));
#3200=DIRECTION('center_axis',(0.,1.,0.));
#3201=DIRECTION('ref_axis',(0.,0.,1.));
#3202=DIRECTION('center_axis',(0.,1.,0.));
#3203=DIRECTION('ref_axis',(0.,0.,1.));
#3204=DIRECTION('center_axis',(0.,1.,0.));
#3205=DIRECTION('ref_axis',(0.,0.,1.));
#3206=DIRECTION('',(0.,1.,0.));
#3207=DIRECTION('center_axis',(0.,1.,0.));
#3208=DIRECTION('ref_axis',(0.,0.,1.));
#3209=DIRECTION('center_axis',(0.,1.,0.));
#3210=DIRECTION('ref_axis',(0.,0.,1.));
#3211=DIRECTION('center_axis',(0.,1.,0.));
#3212=DIRECTION('ref_axis',(0.,0.,1.));
#3213=DIRECTION('',(0.,1.,0.));
#3214=DIRECTION('center_axis',(0.,-1.,0.));
#3215=DIRECTION('ref_axis',(0.,0.,1.));
#3216=DIRECTION('',(0.,-1.,0.));
#3217=DIRECTION('center_axis',(0.,-1.,0.));
#3218=DIRECTION('ref_axis',(0.,0.,1.));
#3219=DIRECTION('',(0.,-1.,0.));
#3220=DIRECTION('center_axis',(0.,1.,0.));
#3221=DIRECTION('ref_axis',(0.,0.,1.));
#3222=DIRECTION('',(0.,1.,0.));
#3223=DIRECTION('center_axis',(0.,-1.,0.));
#3224=DIRECTION('ref_axis',(0.,0.,1.));
#3225=DIRECTION('',(0.,-1.,0.));
#3226=DIRECTION('center_axis',(0.,-1.,0.));
#3227=DIRECTION('ref_axis',(-2.66453525910038E-14,0.,1.));
#3228=DIRECTION('',(0.,-1.,0.));
#3229=DIRECTION('center_axis',(0.,-1.,0.));
#3230=DIRECTION('ref_axis',(0.,0.,-1.));
#3231=DIRECTION('center_axis',(0.,1.,0.));
#3232=DIRECTION('ref_axis',(0.,0.,1.));
#3233=DIRECTION('',(0.,-1.,0.));
#3234=DIRECTION('center_axis',(0.,-1.,0.));
#3235=DIRECTION('ref_axis',(0.,0.,-1.));
#3236=DIRECTION('center_axis',(0.,-1.,0.));
#3237=DIRECTION('ref_axis',(0.,0.,-1.));
#3238=DIRECTION('center_axis',(0.,1.,0.));
#3239=DIRECTION('ref_axis',(0.,0.,1.));
#3240=DIRECTION('',(0.,-1.,0.));
#3241=DIRECTION('center_axis',(0.,-1.,0.));
#3242=DIRECTION('ref_axis',(0.,0.,-1.));
#3243=DIRECTION('center_axis',(0.,-0.342020143325666,0.939692620785909));
#3244=DIRECTION('ref_axis',(0.,-0.939692620785909,-0.342020143325666));
#3245=DIRECTION('center_axis',(0.,-0.342020143325666,0.939692620785909));
#3246=DIRECTION('ref_axis',(0.,-0.939692620785909,-0.342020143325666));
#3247=DIRECTION('',(0.,-0.342020143325666,0.939692620785909));
#3248=DIRECTION('center_axis',(0.,-0.342020143325666,0.939692620785909));
#3249=DIRECTION('ref_axis',(0.,-0.939692620785909,-0.342020143325666));
#3250=DIRECTION('center_axis',(0.,-0.342020143325666,0.939692620785909));
#3251=DIRECTION('ref_axis',(0.,-0.939692620785909,-0.342020143325666));
#3252=DIRECTION('center_axis',(0.,-0.342020143325666,0.939692620785909));
#3253=DIRECTION('ref_axis',(0.,-0.939692620785909,-0.342020143325666));
#3254=DIRECTION('',(0.,-0.342020143325666,0.939692620785909));
#3255=DIRECTION('center_axis',(0.,-0.342020143325666,0.939692620785909));
#3256=DIRECTION('ref_axis',(0.,-0.939692620785909,-0.342020143325666));
#3257=DIRECTION('center_axis',(0.,1.,0.));
#3258=DIRECTION('ref_axis',(0.,0.,1.));
#3259=DIRECTION('center_axis',(0.,1.,0.));
#3260=DIRECTION('ref_axis',(0.,0.,1.));
#3261=DIRECTION('',(0.,1.,0.));
#3262=DIRECTION('center_axis',(0.,1.,0.));
#3263=DIRECTION('ref_axis',(0.,0.,1.));
#3264=DIRECTION('center_axis',(0.,1.,0.));
#3265=DIRECTION('ref_axis',(0.,0.,1.));
#3266=DIRECTION('center_axis',(0.,1.,0.));
#3267=DIRECTION('ref_axis',(0.,0.,1.));
#3268=DIRECTION('',(0.,1.,0.));
#3269=DIRECTION('center_axis',(0.,1.,0.));
#3270=DIRECTION('ref_axis',(0.,0.,1.));
#3271=DIRECTION('center_axis',(0.,1.,0.));
#3272=DIRECTION('ref_axis',(0.,0.,1.));
#3273=DIRECTION('center_axis',(0.,1.,0.));
#3274=DIRECTION('ref_axis',(0.,0.,1.));
#3275=DIRECTION('',(0.,1.,0.));
#3276=DIRECTION('center_axis',(0.,1.,0.));
#3277=DIRECTION('ref_axis',(0.,0.,1.));
#3278=DIRECTION('center_axis',(0.,1.,0.));
#3279=DIRECTION('ref_axis',(0.,0.,1.));
#3280=DIRECTION('center_axis',(0.,1.,0.));
#3281=DIRECTION('ref_axis',(0.,0.,1.));
#3282=DIRECTION('',(0.,1.,0.));
#3283=DIRECTION('center_axis',(0.,1.,0.));
#3284=DIRECTION('ref_axis',(0.,0.,1.));
#3285=DIRECTION('center_axis',(0.,-1.,0.));
#3286=DIRECTION('ref_axis',(0.,0.,-1.));
#3287=DIRECTION('center_axis',(0.,-1.,0.));
#3288=DIRECTION('ref_axis',(0.,0.,1.));
#3289=DIRECTION('',(0.,-1.,0.));
#3290=DIRECTION('center_axis',(0.,-1.,0.));
#3291=DIRECTION('ref_axis',(0.,0.,1.));
#3292=DIRECTION('center_axis',(0.,-1.,0.));
#3293=DIRECTION('ref_axis',(0.,0.,-1.));
#3294=DIRECTION('center_axis',(0.,-1.,0.));
#3295=DIRECTION('ref_axis',(-1.,0.,3.46944695195362E-15));
#3296=DIRECTION('',(0.,-1.,0.));
#3297=DIRECTION('center_axis',(0.,-1.,0.));
#3298=DIRECTION('ref_axis',(-1.,0.,3.46944695195362E-15));
#3299=DIRECTION('center_axis',(0.,-1.,0.));
#3300=DIRECTION('ref_axis',(0.,0.,-1.));
#3301=DIRECTION('center_axis',(0.,1.,0.));
#3302=DIRECTION('ref_axis',(0.,0.,1.));
#3303=DIRECTION('',(0.,1.,0.));
#3304=DIRECTION('center_axis',(0.,1.,0.));
#3305=DIRECTION('ref_axis',(0.,0.,1.));
#3306=DIRECTION('',(0.,-1.,0.));
#3307=DIRECTION('center_axis',(0.,1.,0.));
#3308=DIRECTION('ref_axis',(0.,0.,1.));
#3309=DIRECTION('',(0.,-1.,0.));
#3310=DIRECTION('center_axis',(0.,1.,0.));
#3311=DIRECTION('ref_axis',(0.,0.,1.));
#3312=DIRECTION('',(0.,-1.,0.));
#3313=DIRECTION('center_axis',(0.,1.,0.));
#3314=DIRECTION('ref_axis',(0.,0.,1.));
#3315=DIRECTION('',(0.,-1.,0.));
#3316=DIRECTION('center_axis',(0.,1.,0.));
#3317=DIRECTION('ref_axis',(0.,0.,1.));
#3318=DIRECTION('center_axis',(0.,1.,0.));
#3319=DIRECTION('ref_axis',(0.,0.,1.));
#3320=DIRECTION('',(0.,-1.,0.));
#3321=DIRECTION('center_axis',(0.,-1.,0.));
#3322=DIRECTION('ref_axis',(-1.59872115546023E-14,0.,1.));
#3323=DIRECTION('',(0.,-1.,0.));
#3324=DIRECTION('center_axis',(0.,1.,0.));
#3325=DIRECTION('ref_axis',(0.,0.,1.));
#3326=DIRECTION('',(0.,1.,0.));
#3327=DIRECTION('center_axis',(0.,1.,0.));
#3328=DIRECTION('ref_axis',(0.,0.,1.));
#3329=DIRECTION('',(0.,-1.,0.));
#3330=DIRECTION('center_axis',(0.,1.,0.));
#3331=DIRECTION('ref_axis',(0.,0.,1.));
#3332=DIRECTION('center_axis',(0.,1.,0.));
#3333=DIRECTION('ref_axis',(0.,0.,-1.));
#3334=DIRECTION('',(0.,1.,0.));
#3335=DIRECTION('center_axis',(0.,1.,0.));
#3336=DIRECTION('ref_axis',(1.,0.,-3.08395284618099E-15));
#3337=DIRECTION('center_axis',(0.,1.,0.));
#3338=DIRECTION('ref_axis',(0.,0.,1.));
#3339=DIRECTION('center_axis',(0.,1.,0.));
#3340=DIRECTION('ref_axis',(0.,0.,-1.));
#3341=DIRECTION('',(0.,1.,0.));
#3342=DIRECTION('center_axis',(0.,1.,0.));
#3343=DIRECTION('ref_axis',(0.,0.,-1.));
#3344=DIRECTION('center_axis',(0.,1.,0.));
#3345=DIRECTION('ref_axis',(0.,0.,1.));
#3346=DIRECTION('',(0.,1.,0.));
#3347=DIRECTION('center_axis',(0.,-1.,0.));
#3348=DIRECTION('ref_axis',(0.,0.,1.));
#3349=DIRECTION('center_axis',(0.,1.,0.));
#3350=DIRECTION('ref_axis',(0.,0.,1.));
#3351=DIRECTION('',(0.,1.,0.));
#3352=DIRECTION('center_axis',(0.,-1.,0.));
#3353=DIRECTION('ref_axis',(0.,0.,1.));
#3354=DIRECTION('center_axis',(0.,1.,0.));
#3355=DIRECTION('ref_axis',(0.,0.,1.));
#3356=DIRECTION('center_axis',(0.,-1.,0.));
#3357=DIRECTION('ref_axis',(0.,0.,1.));
#3358=DIRECTION('',(0.499999999999995,0.,0.866025403784441));
#3359=DIRECTION('center_axis',(0.,-1.,0.));
#3360=DIRECTION('ref_axis',(0.,0.,1.));
#3361=DIRECTION('',(0.,0.,1.));
#3362=DIRECTION('',(1.,0.,0.));
#3363=DIRECTION('',(-0.793353340291236,0.,-0.608761429008719));
#3364=DIRECTION('center_axis',(0.,1.,0.));
#3365=DIRECTION('ref_axis',(0.,0.,1.));
#3366=DIRECTION('',(0.608761429008722,0.,0.793353340291234));
#3367=DIRECTION('',(0.608761429008722,0.,-0.793353340291234));
#3368=DIRECTION('center_axis',(0.,1.,0.));
#3369=DIRECTION('ref_axis',(0.,0.,1.));
#3370=DIRECTION('',(-0.793353340291228,0.,0.60876142900873));
#3371=DIRECTION('',(-1.,0.,0.));
#3372=DIRECTION('',(0.,0.,1.));
#3373=DIRECTION('center_axis',(0.,-1.,0.));
#3374=DIRECTION('ref_axis',(1.73472347597681E-15,0.,1.));
#3375=DIRECTION('',(-0.499999999999995,0.,0.866025403784441));
#3376=DIRECTION('center_axis',(0.,-1.,0.));
#3377=DIRECTION('ref_axis',(2.77555756156289E-15,0.,1.));
#3378=DIRECTION('',(4.83546613512699E-17,0.,1.));
#3379=DIRECTION('center_axis',(0.,-1.,0.));
#3380=DIRECTION('ref_axis',(-1.04083408558608E-14,0.,1.));
#3381=DIRECTION('',(1.,0.,-2.75261613397623E-16));
#3382=DIRECTION('center_axis',(0.,-1.,0.));
#3383=DIRECTION('ref_axis',(0.,0.,1.));
#3384=DIRECTION('center_axis',(0.,-1.,0.));
#3385=DIRECTION('ref_axis',(1.04083408558608E-14,0.,1.));
#3386=DIRECTION('',(1.,0.,0.));
#3387=DIRECTION('center_axis',(0.,-1.,0.));
#3388=DIRECTION('ref_axis',(0.,0.,1.));
#3389=DIRECTION('',(-9.67093227025398E-17,0.,-1.));
#3390=DIRECTION('center_axis',(0.,1.,0.));
#3391=DIRECTION('ref_axis',(0.,0.,1.));
#3392=DIRECTION('center_axis',(0.,-1.,0.));
#3393=DIRECTION('ref_axis',(0.,0.,1.));
#3394=DIRECTION('center_axis',(0.,-1.,0.));
#3395=DIRECTION('ref_axis',(0.,0.,1.));
#3396=DIRECTION('',(1.,0.,0.));
#3397=DIRECTION('',(0.,0.,-1.));
#3398=DIRECTION('center_axis',(0.,-1.,0.));
#3399=DIRECTION('ref_axis',(0.,0.,1.));
#3400=DIRECTION('',(0.,0.,1.));
#3401=DIRECTION('center_axis',(0.,1.,0.));
#3402=DIRECTION('ref_axis',(0.,0.,1.));
#3403=DIRECTION('',(0.499999999999995,0.,0.866025403784441));
#3404=DIRECTION('center_axis',(0.,-1.,0.));
#3405=DIRECTION('ref_axis',(0.,0.,1.));
#3406=DIRECTION('',(9.67093227025398E-17,0.,1.));
#3407=DIRECTION('center_axis',(0.,-1.,0.));
#3408=DIRECTION('ref_axis',(0.,0.,1.));
#3409=DIRECTION('',(1.,0.,-2.41352831440251E-16));
#3410=DIRECTION('center_axis',(0.,-1.,0.));
#3411=DIRECTION('ref_axis',(0.,0.,1.));
#3412=DIRECTION('center_axis',(0.,-1.,0.));
#3413=DIRECTION('ref_axis',(0.,0.,1.));
#3414=DIRECTION('',(1.,0.,-2.41352831440251E-16));
#3415=DIRECTION('center_axis',(0.,-1.,0.));
#3416=DIRECTION('ref_axis',(0.,0.,1.));
#3417=DIRECTION('',(-4.83546613512699E-17,0.,-1.));
#3418=DIRECTION('center_axis',(0.,-1.,0.));
#3419=DIRECTION('ref_axis',(2.77555756156289E-15,0.,1.));
#3420=DIRECTION('',(-0.499999999999995,0.,0.866025403784441));
#3421=DIRECTION('center_axis',(0.,1.,0.));
#3422=DIRECTION('ref_axis',(0.,0.,1.));
#3423=DIRECTION('',(0.,0.,1.));
#3424=DIRECTION('center_axis',(0.,-1.,0.));
#3425=DIRECTION('ref_axis',(-2.60208521396521E-15,0.,1.));
#3426=DIRECTION('',(0.,0.,1.));
#3427=DIRECTION('',(1.,0.,0.));
#3428=DIRECTION('center_axis',(0.,-1.,0.));
#3429=DIRECTION('ref_axis',(0.,0.,1.));
#3430=DIRECTION('center_axis',(0.,-1.,0.));
#3431=DIRECTION('ref_axis',(0.,0.,1.));
#3432=DIRECTION('center_axis',(0.,-1.,0.));
#3433=DIRECTION('ref_axis',(2.31296463463574E-15,0.,1.));
#3434=DIRECTION('',(1.,0.,-2.5116710683574E-16));
#3435=DIRECTION('center_axis',(0.,-1.,0.));
#3436=DIRECTION('ref_axis',(0.,0.,1.));
#3437=DIRECTION('center_axis',(1.,0.,-9.67093227025398E-17));
#3438=DIRECTION('ref_axis',(-9.67093227025398E-17,0.,-1.));
#3439=DIRECTION('',(0.,1.,0.));
#3440=DIRECTION('',(0.,1.,0.));
#3441=DIRECTION('',(0.,0.,1.));
#3442=DIRECTION('',(0.,-1.,0.));
#3443=DIRECTION('',(0.,0.,1.));
#3444=DIRECTION('',(0.,-1.,0.));
#3445=DIRECTION('',(0.,0.,1.));
#3446=DIRECTION('',(0.,-1.,0.));
#3447=DIRECTION('center_axis',(-0.866025403784441,0.,0.499999999999995));
#3448=DIRECTION('ref_axis',(0.499999999999995,0.,0.866025403784442));
#3449=DIRECTION('',(0.,1.,0.));
#3450=DIRECTION('',(0.,1.,0.));
#3451=DIRECTION('center_axis',(-0.866025403784441,0.,-0.499999999999995));
#3452=DIRECTION('ref_axis',(-0.499999999999995,0.,0.866025403784442));
#3453=DIRECTION('',(0.,1.,0.));
#3454=DIRECTION('',(0.,-1.,0.));
#3455=DIRECTION('center_axis',(0.,1.,0.));
#3456=DIRECTION('ref_axis',(0.,0.,1.));
#3457=DIRECTION('',(1.,0.,-2.75261613397623E-16));
#3458=DIRECTION('center_axis',(0.,1.,0.));
#3459=DIRECTION('ref_axis',(0.,0.,1.));
#3460=DIRECTION('',(0.,0.,-1.));
#3461=DIRECTION('center_axis',(0.,1.,0.));
#3462=DIRECTION('ref_axis',(0.,0.,1.));
#3463=DIRECTION('',(1.,0.,0.));
#3464=DIRECTION('center_axis',(0.,1.,0.));
#3465=DIRECTION('ref_axis',(0.,0.,1.));
#3466=DIRECTION('center_axis',(0.,1.,0.));
#3467=DIRECTION('ref_axis',(0.,0.,1.));
#3468=DIRECTION('',(-5.44226972980817E-16,0.,1.));
#3469=DIRECTION('center_axis',(0.,1.,0.));
#3470=DIRECTION('ref_axis',(0.,0.,1.));
#3471=DIRECTION('center_axis',(0.,1.,0.));
#3472=DIRECTION('ref_axis',(0.,0.,1.));
#3473=DIRECTION('',(-1.,0.,4.03470628978658E-15));
#3474=DIRECTION('',(0.,0.,1.));
#3475=DIRECTION('center_axis',(0.,1.,0.));
#3476=DIRECTION('ref_axis',(0.,0.,1.));
#3477=DIRECTION('',(0.,-2.39138692047708E-16,1.));
#3478=DIRECTION('',(1.,0.,0.));
#3479=DIRECTION('',(-1.2659698827353E-16,0.,-1.));
#3480=DIRECTION('',(1.,0.,0.));
#3481=DIRECTION('',(0.,0.,1.));
#3482=DIRECTION('',(-1.,0.,0.));
#3483=DIRECTION('',(0.,-2.39138692047708E-16,1.));
#3484=DIRECTION('center_axis',(0.,1.,0.));
#3485=DIRECTION('ref_axis',(0.,0.,1.));
#3486=DIRECTION('',(0.,0.,1.));
#3487=DIRECTION('',(1.,0.,4.03470628978658E-15));
#3488=DIRECTION('',(0.793353340291241,0.,0.608761429008713));
#3489=DIRECTION('center_axis',(0.,1.,0.));
#3490=DIRECTION('ref_axis',(0.,0.,1.));
#3491=DIRECTION('',(-1.61165519421202E-16,0.,-1.));
#3492=DIRECTION('center_axis',(0.,1.,0.));
#3493=DIRECTION('ref_axis',(0.,0.,1.));
#3494=DIRECTION('',(0.793353340291232,0.,-0.608761429008725));
#3495=DIRECTION('',(1.61165519421202E-16,0.,1.));
#3496=DIRECTION('center_axis',(0.,1.,0.));
#3497=DIRECTION('ref_axis',(0.,0.,1.));
#3498=DIRECTION('',(1.,0.,0.));
#3499=DIRECTION('',(0.,0.,1.));
#3500=DIRECTION('',(-1.,0.,4.03470628978658E-15));
#3501=DIRECTION('center_axis',(0.,0.,-1.));
#3502=DIRECTION('ref_axis',(0.,1.,0.));
#3503=DIRECTION('',(0.,1.,0.));
#3504=DIRECTION('center_axis',(4.03470628978658E-15,0.,1.));
#3505=DIRECTION('ref_axis',(1.,0.,-4.03470628978658E-15));
#3506=DIRECTION('',(0.,-1.,0.));
#3507=DIRECTION('center_axis',(1.,0.,0.));
#3508=DIRECTION('ref_axis',(0.,1.,0.));
#3509=DIRECTION('',(0.,-0.939692620785909,-0.342020143325666));
#3510=DIRECTION('',(0.,1.,0.));
#3511=DIRECTION('',(0.,1.,0.));
#3512=DIRECTION('center_axis',(-1.,1.4336861896125E-12,2.52336088514897E-13));
#3513=DIRECTION('ref_axis',(1.45566515471153E-12,0.986219221923598,0.165443785946809));
#3514=DIRECTION('center_axis',(0.,-0.342020143325666,0.939692620785909));
#3515=DIRECTION('ref_axis',(0.,-0.939692620785909,-0.342020143325666));
#3516=DIRECTION('',(0.,0.939692620785909,0.342020143325666));
#3517=DIRECTION('',(-1.,0.,0.));
#3518=DIRECTION('',(-4.32987200739103E-17,-0.939692620785909,-0.342020143325666));
#3519=DIRECTION('center_axis',(0.,0.342020143325666,-0.939692620785909));
#3520=DIRECTION('ref_axis',(1.15648231731787E-15,-0.939692620785909,-0.342020143325666));
#3521=DIRECTION('',(-1.,0.,0.));
#3522=DIRECTION('center_axis',(0.,0.342020143325666,-0.939692620785909));
#3523=DIRECTION('ref_axis',(0.,-0.939692620785909,-0.342020143325666));
#3524=DIRECTION('center_axis',(0.,-0.939692620785909,-0.342020143325668));
#3525=DIRECTION('ref_axis',(0.,0.342020143325668,-0.939692620785909));
#3526=DIRECTION('',(1.18962255694356E-16,-0.342020143325668,0.939692620785909));
#3527=DIRECTION('',(-1.,0.,0.));
#3528=DIRECTION('',(0.,0.342020143325668,-0.939692620785909));
#3529=DIRECTION('center_axis',(0.,0.342020143325666,-0.939692620785909));
#3530=DIRECTION('ref_axis',(0.,0.939692620785909,0.342020143325666));
#3531=DIRECTION('center_axis',(0.,-0.342020143325666,0.939692620785909));
#3532=DIRECTION('ref_axis',(0.,0.939692620785909,0.342020143325666));
#3533=DIRECTION('',(4.32987200739103E-17,0.939692620785909,0.342020143325666));
#3534=DIRECTION('',(-1.,9.52912065661088E-22,2.44141661578551E-16));
#3535=DIRECTION('',(0.,-0.939692620785909,-0.342020143325666));
#3536=DIRECTION('',(0.,-0.939692620785909,-0.342020143325666));
#3537=DIRECTION('center_axis',(0.,-0.342020143325666,0.939692620785909));
#3538=DIRECTION('ref_axis',(-1.15648231731787E-15,0.939692620785909,0.342020143325666));
#3539=DIRECTION('center_axis',(0.,1.,0.));
#3540=DIRECTION('ref_axis',(0.,0.,1.));
#3541=DIRECTION('',(1.61165519421202E-16,0.,1.));
#3542=DIRECTION('center_axis',(0.,1.,0.));
#3543=DIRECTION('ref_axis',(0.,0.,1.));
#3544=DIRECTION('',(-0.793353340291241,0.,-0.608761429008713));
#3545=DIRECTION('center_axis',(0.,-1.,0.));
#3546=DIRECTION('ref_axis',(0.,0.,-1.));
#3547=DIRECTION('',(0.,1.,0.));
#3548=DIRECTION('',(0.,-1.,0.));
#3549=DIRECTION('center_axis',(0.,1.,0.));
#3550=DIRECTION('ref_axis',(0.,0.,1.));
#3551=DIRECTION('',(1.61165519421202E-16,0.,1.));
#3552=DIRECTION('',(-0.793353340291232,0.,0.608761429008725));
#3553=DIRECTION('center_axis',(0.,1.,0.));
#3554=DIRECTION('ref_axis',(0.,0.,1.));
#3555=DIRECTION('center_axis',(0.,-1.,0.));
#3556=DIRECTION('ref_axis',(0.,0.,-1.));
#3557=DIRECTION('',(0.,-1.,0.));
#3558=DIRECTION('center_axis',(-0.608761429008725,0.,-0.793353340291232));
#3559=DIRECTION('ref_axis',(-0.793353340291232,0.,0.608761429008725));
#3560=DIRECTION('',(0.,-1.,0.));
#3561=DIRECTION('center_axis',(0.608761429008713,0.,-0.793353340291241));
#3562=DIRECTION('ref_axis',(-0.793353340291241,0.,-0.608761429008713));
#3563=DIRECTION('center_axis',(0.,1.,0.));
#3564=DIRECTION('ref_axis',(1.22464679914735E-16,0.,-1.));
#3565=DIRECTION('',(0.,-1.,0.));
#3566=DIRECTION('',(0.,1.,0.));
#3567=DIRECTION('center_axis',(0.,1.,0.));
#3568=DIRECTION('ref_axis',(1.22464679914735E-16,0.,-1.));
#3569=DIRECTION('',(0.,1.,0.));
#3570=DIRECTION('',(0.,-1.,0.));
#3571=DIRECTION('center_axis',(0.,1.,0.));
#3572=DIRECTION('ref_axis',(0.,0.,1.));
#3573=DIRECTION('',(0.793353340291228,0.,-0.60876142900873));
#3574=DIRECTION('center_axis',(0.,1.,0.));
#3575=DIRECTION('ref_axis',(0.,0.,1.));
#3576=DIRECTION('',(-0.608761429008722,0.,0.793353340291234));
#3577=DIRECTION('center_axis',(0.,-1.,0.));
#3578=DIRECTION('ref_axis',(0.,0.,-1.));
#3579=DIRECTION('',(0.,-1.,0.));
#3580=DIRECTION('',(0.,-1.,0.));
#3581=DIRECTION('center_axis',(0.,1.,0.));
#3582=DIRECTION('ref_axis',(0.,0.,1.));
#3583=DIRECTION('center_axis',(0.,1.,0.));
#3584=DIRECTION('ref_axis',(0.,0.,1.));
#3585=DIRECTION('',(0.793353340291236,0.,0.608761429008719));
#3586=DIRECTION('',(-0.608761429008722,0.,-0.793353340291234));
#3587=DIRECTION('center_axis',(0.,-1.,0.));
#3588=DIRECTION('ref_axis',(0.,0.,-1.));
#3589=DIRECTION('',(0.,-1.,0.));
#3590=DIRECTION('',(0.,-1.,0.));
#3591=DIRECTION('center_axis',(-1.,0.,4.83546613512699E-17));
#3592=DIRECTION('ref_axis',(4.83546613512699E-17,0.,1.));
#3593=DIRECTION('',(0.,-1.,0.));
#3594=DIRECTION('',(0.,1.,0.));
#3595=DIRECTION('',(0.,1.,0.));
#3596=DIRECTION('',(0.,0.,-1.));
#3597=DIRECTION('',(0.,1.,0.));
#3598=DIRECTION('',(0.,0.,-1.));
#3599=DIRECTION('',(0.,1.,0.));
#3600=DIRECTION('center_axis',(0.793353340291234,0.,-0.608761429008722));
#3601=DIRECTION('ref_axis',(-0.608761429008722,0.,-0.793353340291234));
#3602=DIRECTION('center_axis',(-0.793353340291234,0.,-0.608761429008722));
#3603=DIRECTION('ref_axis',(-0.608761429008722,0.,0.793353340291234));
#3604=DIRECTION('center_axis',(-0.608761429008719,0.,0.793353340291236));
#3605=DIRECTION('ref_axis',(0.793353340291236,0.,0.608761429008719));
#3606=DIRECTION('center_axis',(0.60876142900873,0.,0.793353340291228));
#3607=DIRECTION('ref_axis',(0.793353340291228,0.,-0.60876142900873));
#3608=DIRECTION('center_axis',(4.03470628978658E-15,0.,-1.));
#3609=DIRECTION('ref_axis',(-1.,0.,-4.03470628978658E-15));
#3610=DIRECTION('',(0.,1.,0.));
#3611=DIRECTION('',(1.,0.,4.03470628978658E-15));
#3612=DIRECTION('center_axis',(0.,0.,1.));
#3613=DIRECTION('ref_axis',(0.,-1.,0.));
#3614=DIRECTION('',(-1.,0.,0.));
#3615=DIRECTION('',(0.,-1.,0.));
#3616=DIRECTION('center_axis',(0.,1.,0.));
#3617=DIRECTION('ref_axis',(0.,0.,1.));
#3618=DIRECTION('',(0.,0.,1.));
#3619=DIRECTION('center_axis',(0.,-1.,0.));
#3620=DIRECTION('ref_axis',(-1.,0.,3.49148133884313E-15));
#3621=DIRECTION('center_axis',(0.,-1.,0.));
#3622=DIRECTION('ref_axis',(0.,0.,1.));
#3623=DIRECTION('',(1.,-9.52912065661088E-22,-2.44141661578551E-16));
#3624=DIRECTION('',(1.,-9.52912065661088E-22,-2.44141661578551E-16));
#3625=DIRECTION('',(1.,-9.52912065661088E-22,-2.44141661578551E-16));
#3626=DIRECTION('center_axis',(1.,7.23931693231664E-13,1.3037626850085E-13));
#3627=DIRECTION('ref_axis',(-7.3556578388248E-13,0.983441377532251,0.18122653491547));
#3628=DIRECTION('center_axis',(-1.,0.,0.));
#3629=DIRECTION('ref_axis',(0.,-1.,0.));
#3630=DIRECTION('',(0.,1.,0.));
#3631=DIRECTION('',(0.,1.,0.));
#3632=DIRECTION('center_axis',(0.,0.,1.));
#3633=DIRECTION('ref_axis',(0.,-1.,0.));
#3634=DIRECTION('',(0.,1.,0.));
#3635=DIRECTION('center_axis',(2.5116710683574E-16,0.,1.));
#3636=DIRECTION('ref_axis',(1.,0.,-2.5116710683574E-16));
#3637=DIRECTION('',(0.,-1.,0.));
#3638=DIRECTION('',(0.,1.,0.));
#3639=DIRECTION('center_axis',(0.,0.,1.));
#3640=DIRECTION('ref_axis',(0.,-1.,0.));
#3641=DIRECTION('',(0.,-1.,0.));
#3642=DIRECTION('center_axis',(0.,1.,0.));
#3643=DIRECTION('ref_axis',(0.,0.,1.));
#3644=DIRECTION('center_axis',(0.,1.,0.));
#3645=DIRECTION('ref_axis',(0.,0.,1.));
#3646=DIRECTION('center_axis',(0.,1.,0.));
#3647=DIRECTION('ref_axis',(0.,0.,1.));
#3648=DIRECTION('center_axis',(0.,1.,0.));
#3649=DIRECTION('ref_axis',(0.,0.,1.));
#3650=DIRECTION('center_axis',(0.,1.,0.));
#3651=DIRECTION('ref_axis',(0.,0.,1.));
#3652=DIRECTION('center_axis',(0.,1.,0.));
#3653=DIRECTION('ref_axis',(0.,0.,1.));
#3654=DIRECTION('center_axis',(1.,0.,-1.61165519421202E-16));
#3655=DIRECTION('ref_axis',(-1.61165519421202E-16,0.,-1.));
#3656=DIRECTION('center_axis',(-1.,0.,1.61165519421202E-16));
#3657=DIRECTION('ref_axis',(1.61165519421202E-16,0.,1.));
#3658=DIRECTION('center_axis',(1.,0.,0.));
#3659=DIRECTION('ref_axis',(0.,1.,0.));
#3660=DIRECTION('center_axis',(-1.,0.,0.));
#3661=DIRECTION('ref_axis',(0.,1.,-2.77555756156289E-15));
#3662=DIRECTION('',(0.,-0.342020143325668,0.939692620785909));
#3663=DIRECTION('center_axis',(-1.,0.,1.2659698827353E-16));
#3664=DIRECTION('ref_axis',(1.2659698827353E-16,0.,1.));
#3665=DIRECTION('',(-1.18962255694356E-16,0.342020143325668,-0.939692620785909));
#3666=DIRECTION('center_axis',(1.,0.,-1.2659698827353E-16));
#3667=DIRECTION('ref_axis',(1.2659698827353E-16,0.,1.));
#3668=DIRECTION('center_axis',(1.18962255694356E-16,-0.342020143325668,
0.939692620785909));
#3669=DIRECTION('ref_axis',(1.65664148109059E-31,-0.939692620785909,-0.342020143325668));
#3670=DIRECTION('center_axis',(0.,0.342020143325668,-0.939692620785909));
#3671=DIRECTION('ref_axis',(0.,0.939692620785909,0.342020143325668));
#3672=DIRECTION('center_axis',(-1.,0.,0.));
#3673=DIRECTION('ref_axis',(0.,-1.,0.));
#3674=DIRECTION('',(0.,-1.,0.));
#3675=DIRECTION('',(0.,1.,0.));
#3676=DIRECTION('center_axis',(-1.,0.,0.));
#3677=DIRECTION('ref_axis',(0.,-1.,0.));
#3678=DIRECTION('',(0.,1.,0.));
#3679=DIRECTION('',(0.,-1.,0.));
#3680=DIRECTION('center_axis',(0.,1.,0.));
#3681=DIRECTION('ref_axis',(0.,0.,1.));
#3682=DIRECTION('center_axis',(0.,-1.,0.));
#3683=DIRECTION('ref_axis',(0.,0.,-1.));
#3684=DIRECTION('center_axis',(0.,1.,0.));
#3685=DIRECTION('ref_axis',(0.,0.,1.));
#3686=DIRECTION('center_axis',(0.,1.,0.));
#3687=DIRECTION('ref_axis',(0.,0.,1.));
#3688=DIRECTION('center_axis',(0.,1.,0.));
#3689=DIRECTION('ref_axis',(0.,0.,1.));
#3690=DIRECTION('center_axis',(0.,1.,0.));
#3691=DIRECTION('ref_axis',(0.,0.,1.));
#3692=DIRECTION('center_axis',(-1.,0.,0.));
#3693=DIRECTION('ref_axis',(0.,-1.,0.));
#3694=DIRECTION('center_axis',(2.41352831440251E-16,0.,1.));
#3695=DIRECTION('ref_axis',(1.,0.,-2.41352831440251E-16));
#3696=DIRECTION('',(1.,0.,-2.41352831440251E-16));
#3697=DIRECTION('',(0.,-1.,0.));
#3698=DIRECTION('',(0.,1.,0.));
#3699=DIRECTION('center_axis',(2.41352831440251E-16,0.,1.));
#3700=DIRECTION('ref_axis',(1.,0.,-2.41352831440251E-16));
#3701=DIRECTION('',(1.,0.,-2.41352831440251E-16));
#3702=DIRECTION('',(0.,-1.,0.));
#3703=DIRECTION('',(0.,1.,0.));
#3704=DIRECTION('center_axis',(0.,1.,0.));
#3705=DIRECTION('ref_axis',(0.,0.,1.));
#3706=DIRECTION('center_axis',(0.,-1.,0.));
#3707=DIRECTION('ref_axis',(0.,0.,1.));
#3708=DIRECTION('',(1.,0.,0.));
#3709=DIRECTION('center_axis',(0.,1.,0.));
#3710=DIRECTION('ref_axis',(0.,0.,1.));
#3711=DIRECTION('center_axis',(0.,-1.,0.));
#3712=DIRECTION('ref_axis',(2.31296463463574E-15,0.,1.));
#3713=DIRECTION('',(0.999999999999781,0.,6.61146168674258E-7));
#3714=DIRECTION('center_axis',(0.,-1.,0.));
#3715=DIRECTION('ref_axis',(0.,0.,1.));
#3716=DIRECTION('',(0.,0.,-1.));
#3717=DIRECTION('center_axis',(0.,1.,0.));
#3718=DIRECTION('ref_axis',(0.,0.,1.));
#3719=DIRECTION('center_axis',(0.,1.,0.));
#3720=DIRECTION('ref_axis',(0.,0.,1.));
#3721=DIRECTION('center_axis',(0.,0.,-1.));
#3722=DIRECTION('ref_axis',(0.,1.,0.));
#3723=DIRECTION('',(1.,0.,0.));
#3724=DIRECTION('',(0.,-1.,0.));
#3725=DIRECTION('',(0.,1.,0.));
#3726=DIRECTION('center_axis',(-1.,0.,0.));
#3727=DIRECTION('ref_axis',(0.,-1.,0.));
#3728=DIRECTION('',(0.,1.,0.));
#3729=DIRECTION('',(0.,0.,-1.));
#3730=DIRECTION('center_axis',(0.,1.,0.));
#3731=DIRECTION('ref_axis',(0.,0.,1.));
#3732=DIRECTION('center_axis',(0.,1.,0.));
#3733=DIRECTION('ref_axis',(0.,0.,1.));
#3734=DIRECTION('center_axis',(0.,1.,0.));
#3735=DIRECTION('ref_axis',(0.,0.,1.));
#3736=DIRECTION('center_axis',(0.,1.,0.));
#3737=DIRECTION('ref_axis',(0.,0.,1.));
#3738=DIRECTION('center_axis',(0.,1.,0.));
#3739=DIRECTION('ref_axis',(0.,0.,1.));
#3740=DIRECTION('',(1.,0.,0.));
#3741=DIRECTION('center_axis',(0.,1.,0.));
#3742=DIRECTION('ref_axis',(0.,0.,1.));
#3743=DIRECTION('center_axis',(0.,1.,0.));
#3744=DIRECTION('ref_axis',(0.,0.,1.));
#3745=DIRECTION('',(1.,0.,0.));
#3746=DIRECTION('center_axis',(0.,-1.,0.));
#3747=DIRECTION('ref_axis',(0.,0.,1.));
#3748=DIRECTION('center_axis',(0.,1.,0.));
#3749=DIRECTION('ref_axis',(0.,0.,1.));
#3750=DIRECTION('center_axis',(0.,1.,0.));
#3751=DIRECTION('ref_axis',(0.,0.,1.));
#3752=DIRECTION('',(-5.44226972980817E-16,0.,1.));
#3753=DIRECTION('center_axis',(0.,-1.,0.));
#3754=DIRECTION('ref_axis',(0.,0.,1.));
#3755=DIRECTION('',(0.999999999999781,0.,-6.61146168674258E-7));
#3756=DIRECTION('center_axis',(0.,-1.,0.));
#3757=DIRECTION('ref_axis',(2.31296463463574E-15,0.,1.));
#3758=DIRECTION('center_axis',(0.,1.,0.));
#3759=DIRECTION('ref_axis',(0.,0.,1.));
#3760=DIRECTION('center_axis',(-2.75261613397623E-16,0.,-1.));
#3761=DIRECTION('ref_axis',(-1.,0.,2.75261613397623E-16));
#3762=DIRECTION('',(0.,1.,0.));
#3763=DIRECTION('',(0.,-1.,0.));
#3764=DIRECTION('center_axis',(1.,0.,5.44226972980817E-16));
#3765=DIRECTION('ref_axis',(5.44226972980817E-16,0.,-1.));
#3766=DIRECTION('',(0.,-1.,0.));
#3767=DIRECTION('center_axis',(0.,1.,0.));
#3768=DIRECTION('ref_axis',(0.,0.,1.));
#3769=DIRECTION('',(0.,1.,0.));
#3770=DIRECTION('center_axis',(0.,1.,0.));
#3771=DIRECTION('ref_axis',(0.,0.,-1.));
#3772=DIRECTION('',(0.,1.,0.));
#3773=DIRECTION('center_axis',(0.,0.,1.));
#3774=DIRECTION('ref_axis',(0.,-1.,0.));
#3775=DIRECTION('',(1.,0.,0.));
#3776=DIRECTION('',(0.,-1.,0.));
#3777=DIRECTION('center_axis',(6.61146168674258E-7,0.,0.999999999999782));
#3778=DIRECTION('ref_axis',(0.999999999999781,0.,-6.61146168674258E-7));
#3779=DIRECTION('',(0.999999999999781,0.,-6.61146168674258E-7));
#3780=DIRECTION('',(0.,-1.,0.));
#3781=DIRECTION('',(0.,1.,0.));
#3782=DIRECTION('center_axis',(0.,-1.,0.));
#3783=DIRECTION('ref_axis',(0.,0.,-1.));
#3784=DIRECTION('center_axis',(0.,-1.,0.));
#3785=DIRECTION('ref_axis',(0.,0.,-1.));
#3786=DIRECTION('',(-1.,0.,0.));
#3787=DIRECTION('center_axis',(0.,-1.,0.));
#3788=DIRECTION('ref_axis',(0.,0.,-1.));
#3789=DIRECTION('center_axis',(0.,1.,0.));
#3790=DIRECTION('ref_axis',(0.,0.,-1.));
#3791=DIRECTION('center_axis',(0.,1.,0.));
#3792=DIRECTION('ref_axis',(4.62592926927148E-15,0.,-1.));
#3793=DIRECTION('center_axis',(0.,1.,0.));
#3794=DIRECTION('ref_axis',(0.,0.,1.));
#3795=DIRECTION('center_axis',(0.,1.,0.));
#3796=DIRECTION('ref_axis',(0.,0.,1.));
#3797=DIRECTION('',(0.,-1.,0.));
#3798=DIRECTION('',(0.,1.,0.));
#3799=DIRECTION('center_axis',(0.,0.,1.));
#3800=DIRECTION('ref_axis',(0.,-1.,0.));
#3801=DIRECTION('',(0.,1.,0.));
#3802=DIRECTION('',(1.,0.,0.));
#3803=DIRECTION('center_axis',(-6.61146168674258E-7,0.,0.999999999999782));
#3804=DIRECTION('ref_axis',(0.999999999999781,0.,6.61146168674258E-7));
#3805=DIRECTION('',(0.,1.,0.));
#3806=DIRECTION('',(0.999999999999781,0.,6.61146168674258E-7));
#3807=DIRECTION('',(0.,-1.,0.));
#3808=DIRECTION('center_axis',(0.,1.,0.));
#3809=DIRECTION('ref_axis',(0.,0.,1.));
#3810=DIRECTION('',(1.,0.,0.));
#3811=DIRECTION('center_axis',(0.,-1.,0.));
#3812=DIRECTION('ref_axis',(-4.62592926927148E-15,0.,1.));
#3813=DIRECTION('center_axis',(0.,1.,0.));
#3814=DIRECTION('ref_axis',(0.,0.,1.));
#3815=DIRECTION('center_axis',(0.,1.,0.));
#3816=DIRECTION('ref_axis',(0.,0.,1.));
#3817=DIRECTION('center_axis',(0.,-1.,0.));
#3818=DIRECTION('ref_axis',(0.,0.,1.));
#3819=DIRECTION('',(0.,-1.,0.));
#3820=DIRECTION('',(0.,1.,0.));
#3821=DIRECTION('',(0.,-1.,0.));
#3822=DIRECTION('',(0.,1.,0.));
#3823=DIRECTION('center_axis',(0.,0.,1.));
#3824=DIRECTION('ref_axis',(0.,-1.,0.));
#3825=DIRECTION('',(0.,1.,0.));
#3826=DIRECTION('',(0.,-1.,0.));
#3827=DIRECTION('center_axis',(0.,0.,1.));
#3828=DIRECTION('ref_axis',(0.,-1.,0.));
#3829=DIRECTION('',(0.,-1.,0.));
#3830=DIRECTION('',(0.,1.,0.));
#3831=DIRECTION('center_axis',(0.,1.,0.));
#3832=DIRECTION('ref_axis',(0.,0.,1.));
#3833=DIRECTION('center_axis',(0.,1.,0.));
#3834=DIRECTION('ref_axis',(0.527045714828426,0.,-0.84983693405323));
#3835=DIRECTION('center_axis',(0.,1.,0.));
#3836=DIRECTION('ref_axis',(0.,0.,1.));
#3837=DIRECTION('center_axis',(0.,1.,0.));
#3838=DIRECTION('ref_axis',(-0.527045714828428,0.,-0.849836934053228));
#3839=DIRECTION('center_axis',(0.,1.,0.));
#3840=DIRECTION('ref_axis',(0.,0.,1.));
#3841=DIRECTION('center_axis',(0.,1.,0.));
#3842=DIRECTION('ref_axis',(0.,0.,1.));
#3843=DIRECTION('center_axis',(0.,1.,0.));
#3844=DIRECTION('ref_axis',(0.,0.,1.));
#3845=DIRECTION('center_axis',(0.,1.,0.));
#3846=DIRECTION('ref_axis',(0.,0.,1.));
#3847=DIRECTION('center_axis',(0.,1.,0.));
#3848=DIRECTION('ref_axis',(0.,0.,1.));
#3849=DIRECTION('center_axis',(0.,1.,0.));
#3850=DIRECTION('ref_axis',(0.,0.,1.));
#3851=DIRECTION('center_axis',(0.,1.,0.));
#3852=DIRECTION('ref_axis',(0.,0.,1.));
#3853=DIRECTION('center_axis',(0.,1.,0.));
#3854=DIRECTION('ref_axis',(0.,0.,1.));
#3855=DIRECTION('center_axis',(0.,1.,0.));
#3856=DIRECTION('ref_axis',(0.,0.,1.));
#3857=DIRECTION('center_axis',(0.,1.,0.));
#3858=DIRECTION('ref_axis',(0.,0.,1.));
#3859=DIRECTION('center_axis',(0.,1.,0.));
#3860=DIRECTION('ref_axis',(0.,0.,1.));
#3861=DIRECTION('center_axis',(0.,1.,0.));
#3862=DIRECTION('ref_axis',(0.,0.,1.));
#3863=DIRECTION('center_axis',(0.,1.,0.));
#3864=DIRECTION('ref_axis',(0.,0.,1.));
#3865=DIRECTION('center_axis',(0.,1.,0.));
#3866=DIRECTION('ref_axis',(0.,0.,1.));
#3867=DIRECTION('center_axis',(0.,1.,0.));
#3868=DIRECTION('ref_axis',(0.,0.,1.));
#3869=DIRECTION('center_axis',(0.,-1.,0.));
#3870=DIRECTION('ref_axis',(0.,0.,-1.));
#3871=CARTESIAN_POINT('',(0.,0.,0.));
#3872=CARTESIAN_POINT('Origin',(-271.97169695141,211.816418583075,2606.84909212053));
#3873=CARTESIAN_POINT('',(-275.97095546309,204.561418583075,2606.84909212102));
#3874=CARTESIAN_POINT('Origin',(-271.970955442197,204.561418583075,2606.84909212102));
#3875=CARTESIAN_POINT('',(-275.971210979703,207.061418583075,2606.84909212085));
#3876=CARTESIAN_POINT('',(-275.971696930518,211.816009756495,2606.84909212053));
#3877=CARTESIAN_POINT('',(-270.970080154429,207.061418583075,2610.72178331987));
#3878=CARTESIAN_POINT('Origin',(-271.971210958811,207.061418583075,2606.84909212085));
#3879=CARTESIAN_POINT('',(-270.970080154429,220.071521041463,2610.72143932931));
#3880=CARTESIAN_POINT('',(-270.970080154429,213.566622996423,2610.72161132054));
#3881=CARTESIAN_POINT('',(-270.970080154429,220.071521040939,2602.97674491063));
#3882=CARTESIAN_POINT('Origin',(-271.972540667268,220.071418583075,2606.84909211997));
#3883=CARTESIAN_POINT('',(-270.970080154429,207.061418583075,2602.97640092183));
#3884=CARTESIAN_POINT('',(-270.970080154429,213.566622996306,2602.97657292028));
#3885=CARTESIAN_POINT('Origin',(-271.971210958811,207.061418583075,2606.84909212085));
#3886=CARTESIAN_POINT('Origin',(-271.972540667268,220.071418583075,2606.84909211997));
#3887=CARTESIAN_POINT('',(-270.970080154429,220.071521041337,2608.86343379974));
#3888=CARTESIAN_POINT('',(-270.970080154429,220.071521041539,2611.84830108447));
#3889=CARTESIAN_POINT('',(-270.970080154429,220.071521041065,2604.8347504402));
#3890=CARTESIAN_POINT('Origin',(-271.972540667268,220.071418583075,2606.84909211997));
#3891=CARTESIAN_POINT('',(-270.970080154429,220.071521041539,2611.84830108447));
#3892=CARTESIAN_POINT('Origin',(-270.970080154429,234.061418583075,2616.84751004804));
#3893=CARTESIAN_POINT('',(-270.970080154429,223.061418583075,2604.83490242222));
#3894=CARTESIAN_POINT('',(-270.970080154429,215.061418582939,2604.83449576744));
#3895=CARTESIAN_POINT('',(-270.970080154429,223.061418583075,2598.61322918183));
#3896=CARTESIAN_POINT('',(-270.970080154429,223.061418583075,2594.87764256628));
#3897=CARTESIAN_POINT('',(-270.970080154429,207.061418583075,2598.61322918183));
#3898=CARTESIAN_POINT('',(-270.970080154429,284.061418583075,2598.61322918183));
#3899=CARTESIAN_POINT('',(-270.970080154429,207.061418583075,2616.84751004804));
#3900=CARTESIAN_POINT('Origin',(-271.971900853668,213.811418583075,2606.84909212039));
#3901=CARTESIAN_POINT('',(-270.970080154429,223.061418583075,2608.86328181732));
#3902=CARTESIAN_POINT('',(-270.970080154429,215.061418583211,2608.86368847317));
#3903=CARTESIAN_POINT('Origin',(-271.972846265138,223.061418583075,2606.84909211977));
#3904=CARTESIAN_POINT('Origin',(-336.971697289783,211.816418583075,2606.84870904031));
#3905=CARTESIAN_POINT('',(-340.970955801462,204.561418583075,2606.8487090408));
#3906=CARTESIAN_POINT('Origin',(-336.97095578057,204.561418583075,2606.8487090408));
#3907=CARTESIAN_POINT('',(-340.972540984749,220.071009756495,2606.84870903975));
#3908=CARTESIAN_POINT('',(-340.97169726889,211.816009756495,2606.84870904031));
#3909=CARTESIAN_POINT('',(-337.970080154429,220.071316628206,2610.72232693989));
#3910=CARTESIAN_POINT('Origin',(-336.972541005641,220.071418583075,2606.84870903975));
#3911=CARTESIAN_POINT('',(-337.970080154429,207.061418583075,2610.72198427181));
#3912=CARTESIAN_POINT('',(-337.970080154429,213.566622996423,2610.72215561257));
#3913=CARTESIAN_POINT('',(-337.970080154429,207.061418583075,2602.97543380946));
#3914=CARTESIAN_POINT('Origin',(-336.971211297184,207.061418583075,2606.84870904063));
#3915=CARTESIAN_POINT('',(-337.970080154429,220.071316627683,2602.97509113962));
#3916=CARTESIAN_POINT('',(-337.970080154429,213.566622996306,2602.97526246782));
#3917=CARTESIAN_POINT('Origin',(-336.972541005641,220.071418583075,2606.84870903975));
#3918=CARTESIAN_POINT('Origin',(-336.972541005641,220.071418583075,2606.84870903975));
#3919=CARTESIAN_POINT('',(-337.970080154429,220.071316627808,2604.83192567748));
#3920=CARTESIAN_POINT('',(-337.970080154429,220.071316628282,2611.84810954437));
#3921=CARTESIAN_POINT('',(-337.970080154429,220.071316628081,2608.86549240202));
#3922=CARTESIAN_POINT('Origin',(-336.972541005641,220.071418583075,2606.84870903975));
#3923=CARTESIAN_POINT('',(-337.970080154429,220.071316628282,2611.84810954437));
#3924=CARTESIAN_POINT('Origin',(-337.970080154429,234.061418583075,2616.84751004804));
#3925=CARTESIAN_POINT('',(-337.970080154429,223.061418583075,2608.86564365805));
#3926=CARTESIAN_POINT('',(-337.970080154429,215.061418583211,2608.86523897345));
#3927=CARTESIAN_POINT('',(-337.970080154429,223.061418583075,2613.9778371736));
#3928=CARTESIAN_POINT('',(-337.970080154429,223.061418583075,2594.87764256628));
#3929=CARTESIAN_POINT('',(-337.970080154429,207.061418583075,2613.9778371736));
#3930=CARTESIAN_POINT('',(-337.970080154429,223.061418583075,2613.9778371736));
#3931=CARTESIAN_POINT('',(-337.970080154429,207.061418583075,2616.84751004804));
#3932=CARTESIAN_POINT('Origin',(-336.97190119204,213.811418583075,2606.84870904018));
#3933=CARTESIAN_POINT('',(-337.970080154429,223.061418583075,2604.83177442105));
#3934=CARTESIAN_POINT('',(-337.970080154429,215.061418582939,2604.83217910674));
#3935=CARTESIAN_POINT('Origin',(-336.972846603511,223.061418583075,2606.84870903955));
#3936=CARTESIAN_POINT('Origin',(-251.96563873168,225.561418583075,2492.90784450782));
#3937=CARTESIAN_POINT('',(-251.96563873168,211.061418583075,2494.70784450782));
#3938=CARTESIAN_POINT('Origin',(-251.96563873168,211.061418583075,2492.90784450782));
#3939=CARTESIAN_POINT('',(-251.96563873168,208.561411153771,2494.70784450782));
#3940=CARTESIAN_POINT('',(-251.96563873168,225.561418583075,2494.70784450782));
#3941=CARTESIAN_POINT('Origin',(-251.96563873168,208.561411153771,2492.90784450782));
#3942=CARTESIAN_POINT('Origin',(-356.974521577178,225.561418583075,2492.90784450782));
#3943=CARTESIAN_POINT('',(-356.974521577178,211.061418583075,2494.70784450782));
#3944=CARTESIAN_POINT('Origin',(-356.974521577178,211.061418583075,2492.90784450782));
#3945=CARTESIAN_POINT('',(-356.974521577178,208.561411153771,2494.70784450782));
#3946=CARTESIAN_POINT('',(-356.974521577178,225.561418583075,2494.70784450782));
#3947=CARTESIAN_POINT('Origin',(-356.974521577178,208.561411153771,2492.90784450782));
#3948=CARTESIAN_POINT('Origin',(-349.470080154429,225.561418583075,2572.90777508453));
#3949=CARTESIAN_POINT('',(-349.470080154429,225.261418583075,2574.90777508453));
#3950=CARTESIAN_POINT('Origin',(-349.470080154429,225.261418583075,2572.90777508453));
#3951=CARTESIAN_POINT('',(-349.470080154429,225.561418583075,2574.60777508453));
#3952=CARTESIAN_POINT('',(-349.470080154429,225.561418583075,2574.60777508453));
#3953=CARTESIAN_POINT('Origin',(-349.470080154429,225.561418583075,2572.90777508453));
#3954=CARTESIAN_POINT('Origin',(-259.470080154429,225.561418583075,2572.90777508453));
#3955=CARTESIAN_POINT('',(-259.470080154429,225.261418583075,2574.90777508453));
#3956=CARTESIAN_POINT('Origin',(-259.470080154429,225.261418583075,2572.90777508453));
#3957=CARTESIAN_POINT('',(-259.470080154429,225.561418583075,2574.60777508453));
#3958=CARTESIAN_POINT('',(-259.470080154429,225.561418583075,2574.60777508453));
#3959=CARTESIAN_POINT('Origin',(-259.470080154429,225.561418583075,2572.90777508453));
#3960=CARTESIAN_POINT('Origin',(-349.470080154429,225.561418583075,2572.90777508453));
#3961=CARTESIAN_POINT('',(-349.470080154429,223.061418583075,2574.90777508453));
#3962=CARTESIAN_POINT('Origin',(-349.470080154429,223.061418583075,2572.90777508453));
#3963=CARTESIAN_POINT('',(-349.470080154429,225.561418583075,2574.90777508453));
#3964=CARTESIAN_POINT('Origin',(-259.470080154429,225.561418583075,2572.90777508453));
#3965=CARTESIAN_POINT('',(-259.470080154429,223.061418583075,2574.90777508453));
#3966=CARTESIAN_POINT('Origin',(-259.470080154429,223.061418583075,2572.90777508453));
#3967=CARTESIAN_POINT('',(-259.470080154429,225.561418583075,2574.90777508453));
#3968=CARTESIAN_POINT('Origin',(-353.970080154429,209.061418583075,2572.90777508453));
#3969=CARTESIAN_POINT('',(-347.970080154429,210.311418583075,2572.90777508453));
#3970=CARTESIAN_POINT('Origin',(-347.970080154429,209.061418583075,2572.90777508453));
#3971=CARTESIAN_POINT('',(-353.970080154429,210.311418583075,2572.90777508453));
#3972=CARTESIAN_POINT('',(-353.970080154429,210.311418583075,2572.90777508453));
#3973=CARTESIAN_POINT('Origin',(-353.970080154429,209.061418583075,2572.90777508453));
#3974=CARTESIAN_POINT('Origin',(-347.970080154429,209.061418583075,2572.90777508453));
#3975=CARTESIAN_POINT('',(-347.219004380645,209.061418583075,2572.90777508453));
#3976=CARTESIAN_POINT('',(-347.970080154429,210.311418583075,2572.90777508453));
#3977=CARTESIAN_POINT('Origin',(-254.970080154429,209.061418583075,2572.90777508453));
#3978=CARTESIAN_POINT('',(-260.970080154429,207.811418583075,2572.90777508453));
#3979=CARTESIAN_POINT('Origin',(-260.970080154429,209.061418583075,2572.90777508453));
#3980=CARTESIAN_POINT('',(-254.970080154429,207.811418583075,2572.90777508453));
#3981=CARTESIAN_POINT('',(-254.970080154429,207.811418583075,2572.90777508453));
#3982=CARTESIAN_POINT('Origin',(-254.970080154429,209.061418583075,2572.90777508453));
#3983=CARTESIAN_POINT('Origin',(-260.970080154429,209.061418583075,2572.90777508453));
#3984=CARTESIAN_POINT('',(-261.721155928213,209.061418583075,2572.90777508453));
#3985=CARTESIAN_POINT('',(-260.970080154429,207.811418583075,2572.90777508453));
#3986=CARTESIAN_POINT('Origin',(-261.470080154429,207.061418583075,2509.90777508453));
#3987=CARTESIAN_POINT('',(-261.470080154429,204.561418583075,2508.65777508453));
#3988=CARTESIAN_POINT('Origin',(-261.470080154429,204.561418583075,2509.90777508453));
#3989=CARTESIAN_POINT('',(-261.470080154429,207.061418583075,2508.65777508453));
#3990=CARTESIAN_POINT('',(-261.470080154429,207.061418583075,2508.65777508453));
#3991=CARTESIAN_POINT('Origin',(-261.470080154429,207.061418583075,2509.90777508453));
#3992=CARTESIAN_POINT('Origin',(-261.470080154429,207.061418583075,2619.90777508453));
#3993=CARTESIAN_POINT('',(-261.470080154429,204.561418583075,2618.65777508453));
#3994=CARTESIAN_POINT('Origin',(-261.470080154429,204.561418583075,2619.90777508453));
#3995=CARTESIAN_POINT('',(-261.470080154429,207.061418583075,2618.65777508453));
#3996=CARTESIAN_POINT('',(-261.470080154429,207.061418583075,2618.65777508453));
#3997=CARTESIAN_POINT('Origin',(-261.470080154429,207.061418583075,2619.90777508453));
#3998=CARTESIAN_POINT('Origin',(-347.470080154429,207.061418583075,2619.90777508453));
#3999=CARTESIAN_POINT('',(-347.470080154429,204.561418583075,2618.65777508453));
#4000=CARTESIAN_POINT('Origin',(-347.470080154429,204.561418583075,2619.90777508453));
#4001=CARTESIAN_POINT('',(-347.470080154429,207.061418583075,2618.65777508453));
#4002=CARTESIAN_POINT('',(-347.470080154429,207.061418583075,2618.65777508453));
#4003=CARTESIAN_POINT('Origin',(-347.470080154429,207.061418583075,2619.90777508453));
#4004=CARTESIAN_POINT('Origin',(-347.470080154429,207.061418583075,2509.90777508453));
#4005=CARTESIAN_POINT('',(-347.470080154429,204.561418583075,2508.65777508453));
#4006=CARTESIAN_POINT('Origin',(-347.470080154429,204.561418583075,2509.90777508453));
#4007=CARTESIAN_POINT('',(-347.470080154429,207.061418583075,2508.65777508453));
#4008=CARTESIAN_POINT('',(-347.470080154429,207.061418583075,2508.65777508453));
#4009=CARTESIAN_POINT('Origin',(-347.470080154429,207.061418583075,2509.90777508453));
#4010=CARTESIAN_POINT('Origin',(-304.470080154429,197.061418583075,2489.90777508453));
#4011=CARTESIAN_POINT('',(-337.960274062802,204.561418583075,2500.07669400345));
#4012=CARTESIAN_POINT('',(-270.979886246056,204.561418583075,2500.07669400345));
#4013=CARTESIAN_POINT('Origin',(-304.470080154429,204.561418583075,2489.90777508453));
#4014=CARTESIAN_POINT('',(-337.960274062802,207.061418583075,2500.07669400345));
#4015=CARTESIAN_POINT('',(-337.960274062802,197.061418583075,2500.07669400345));
#4016=CARTESIAN_POINT('',(-338.358684433744,207.061418583075,2498.65777508453));
#4017=CARTESIAN_POINT('Origin',(-304.470080154429,207.061418583075,2489.90777508453));
#4018=CARTESIAN_POINT('',(-338.358684433744,211.061418583075,2498.65777508453));
#4019=CARTESIAN_POINT('',(-338.358684433744,211.061418583075,2498.65777508453));
#4020=CARTESIAN_POINT('',(-337.736593104494,211.061418583075,2500.78615346291));
#4021=CARTESIAN_POINT('Origin',(-304.470080154429,211.061418583075,2489.90777508453));
#4022=CARTESIAN_POINT('',(-337.736593104494,207.061418583075,2500.78615346291));
#4023=CARTESIAN_POINT('',(-337.736593104494,197.061418583075,2500.78615346291));
#4024=CARTESIAN_POINT('',(-271.203567204364,207.061418583075,2500.78615346291));
#4025=CARTESIAN_POINT('Origin',(-304.470080154429,207.061418583075,2489.90777508453));
#4026=CARTESIAN_POINT('',(-271.203567204364,211.061418583075,2500.78615346291));
#4027=CARTESIAN_POINT('',(-271.203567204364,197.061418583075,2500.78615346291));
#4028=CARTESIAN_POINT('',(-270.581475875114,211.061418583075,2498.65777508453));
#4029=CARTESIAN_POINT('Origin',(-304.470080154429,211.061418583075,2489.90777508453));
#4030=CARTESIAN_POINT('',(-270.581475875114,207.061418583075,2498.65777508453));
#4031=CARTESIAN_POINT('',(-270.581475875114,211.061418583075,2498.65777508453));
#4032=CARTESIAN_POINT('',(-270.979886246056,207.061418583075,2500.07669400345));
#4033=CARTESIAN_POINT('Origin',(-304.470080154429,207.061418583075,2489.90777508453));
#4034=CARTESIAN_POINT('',(-270.979886246056,197.061418583075,2500.07669400345));
#4035=CARTESIAN_POINT('Origin',(-280.470080154429,214.561418583075,2622.90777508453));
#4036=CARTESIAN_POINT('',(-280.470080154429,207.061418583075,2626.15777508453));
#4037=CARTESIAN_POINT('Origin',(-280.470080154429,207.061418583075,2622.90777508453));
#4038=CARTESIAN_POINT('',(-280.470080154429,204.561418583075,2626.15777508453));
#4039=CARTESIAN_POINT('',(-280.470080154429,214.561418583075,2626.15777508453));
#4040=CARTESIAN_POINT('Origin',(-280.470080154429,204.561418583075,2622.90777508453));
#4041=CARTESIAN_POINT('Origin',(-328.470080154429,214.561418583075,2622.90777508453));
#4042=CARTESIAN_POINT('',(-328.470080154429,207.061418583075,2626.15777508453));
#4043=CARTESIAN_POINT('Origin',(-328.470080154429,207.061418583075,2622.90777508453));
#4044=CARTESIAN_POINT('',(-328.470080154429,204.561418583075,2626.15777508453));
#4045=CARTESIAN_POINT('',(-328.470080154429,214.561418583075,2626.15777508453));
#4046=CARTESIAN_POINT('Origin',(-328.470080154429,204.561418583075,2622.90777508453));
#4047=CARTESIAN_POINT('Origin',(-281.970080154429,221.653726315232,2631.19327188651));
#4048=CARTESIAN_POINT('',(-281.970080154429,220.592083433547,2638.78819877173));
#4049=CARTESIAN_POINT('Origin',(-281.970080154429,219.08857524029,2638.24096654241));
#4050=CARTESIAN_POINT('',(-281.970080154429,219.737033075233,2641.13743032369));
#4051=CARTESIAN_POINT('',(-281.970080154429,223.15723450849,2631.74050411583));
#4052=CARTESIAN_POINT('Origin',(-281.970080154429,218.233524881976,2640.59019809437));
#4053=CARTESIAN_POINT('Origin',(-326.970080154429,221.653726315232,2631.19327188651));
#4054=CARTESIAN_POINT('',(-326.970080154429,220.592083433547,2638.78819877173));
#4055=CARTESIAN_POINT('Origin',(-326.970080154429,219.08857524029,2638.24096654241));
#4056=CARTESIAN_POINT('',(-326.970080154429,219.737033075233,2641.13743032369));
#4057=CARTESIAN_POINT('',(-326.970080154429,223.15723450849,2631.74050411583));
#4058=CARTESIAN_POINT('Origin',(-326.970080154429,218.233524881976,2640.59019809437));
#4059=CARTESIAN_POINT('Origin',(-322.470080154429,197.061418583075,2617.40777508453));
#4060=CARTESIAN_POINT('',(-322.470080154429,204.561418583075,2615.65777508453));
#4061=CARTESIAN_POINT('Origin',(-322.470080154429,204.561418583075,2617.40777508453));
#4062=CARTESIAN_POINT('',(-322.470080154429,207.061418583075,2615.65777508453));
#4063=CARTESIAN_POINT('',(-322.470080154429,197.061418583075,2615.65777508453));
#4064=CARTESIAN_POINT('Origin',(-322.470080154429,207.061418583075,2617.40777508453));
#4065=CARTESIAN_POINT('Origin',(-286.470080154429,197.061418583075,2617.40777508453));
#4066=CARTESIAN_POINT('',(-286.470080154429,204.561418583075,2615.65777508453));
#4067=CARTESIAN_POINT('Origin',(-286.470080154429,204.561418583075,2617.40777508453));
#4068=CARTESIAN_POINT('',(-286.470080154429,207.061418583075,2615.65777508453));
#4069=CARTESIAN_POINT('',(-286.470080154429,197.061418583075,2615.65777508453));
#4070=CARTESIAN_POINT('Origin',(-286.470080154429,207.061418583075,2617.40777508453));
#4071=CARTESIAN_POINT('Origin',(-271.970080154429,204.061418583075,2626.90777508453));
#4072=CARTESIAN_POINT('',(-271.970080154429,204.061418583075,2623.40777508453));
#4073=CARTESIAN_POINT('Origin',(-271.970080154429,204.061418583075,2626.90777508453));
#4074=CARTESIAN_POINT('',(-271.970080154429,207.061418583075,2623.40777508453));
#4075=CARTESIAN_POINT('',(-271.970080154429,204.061418583075,2623.40777508453));
#4076=CARTESIAN_POINT('Origin',(-271.970080154429,207.061418583075,2626.90777508453));
#4077=CARTESIAN_POINT('Origin',(-336.970080154429,204.061418583075,2626.90777508453));
#4078=CARTESIAN_POINT('',(-336.970080154429,204.061418583075,2623.40777508453));
#4079=CARTESIAN_POINT('Origin',(-336.970080154429,204.061418583075,2626.90777508453));
#4080=CARTESIAN_POINT('',(-336.970080154429,207.061418583075,2623.40777508453));
#4081=CARTESIAN_POINT('',(-336.970080154429,204.061418583075,2623.40777508453));
#4082=CARTESIAN_POINT('Origin',(-336.970080154429,207.061418583075,2626.90777508453));
#4083=CARTESIAN_POINT('Origin',(-338.411205651383,220.061418583075,2538.96664958758));
#4084=CARTESIAN_POINT('',(-338.411205651383,220.061418583075,2542.96664958758));
#4085=CARTESIAN_POINT('Origin',(-338.411205651383,220.061418583075,2538.96664958758));
#4086=CARTESIAN_POINT('',(-338.411205651383,204.561418583075,2542.96664958758));
#4087=CARTESIAN_POINT('',(-338.411205651383,220.061418583075,2542.96664958758));
#4088=CARTESIAN_POINT('Origin',(-338.411205651383,204.561418583075,2538.96664958758));
#4089=CARTESIAN_POINT('Origin',(-270.528954657475,220.061418583075,2538.96664958758));
#4090=CARTESIAN_POINT('',(-270.528954657475,220.061418583075,2542.96664958758));
#4091=CARTESIAN_POINT('Origin',(-270.528954657475,220.061418583075,2538.96664958758));
#4092=CARTESIAN_POINT('',(-270.528954657475,204.561418583075,2542.96664958758));
#4093=CARTESIAN_POINT('',(-270.528954657475,220.061418583075,2542.96664958758));
#4094=CARTESIAN_POINT('Origin',(-270.528954657475,204.561418583075,2538.96664958758));
#4095=CARTESIAN_POINT('Origin',(-304.470080154429,223.061418583075,2572.90777508453));
#4096=CARTESIAN_POINT('',(-279.815242279576,207.061418583075,2540.77696480274));
#4097=CARTESIAN_POINT('',(-329.124918029282,207.061418583075,2540.77696480274));
#4098=CARTESIAN_POINT('Origin',(-304.470080154429,207.061418583075,2572.90777508453));
#4099=CARTESIAN_POINT('',(-329.124918029282,223.061418583075,2540.77696480274));
#4100=CARTESIAN_POINT('',(-329.124918029282,223.061418583075,2540.77696480274));
#4101=CARTESIAN_POINT('',(-336.600890436224,223.061418583075,2548.25293720968));
#4102=CARTESIAN_POINT('Origin',(-304.470080154429,223.061418583075,2572.90777508453));
#4103=CARTESIAN_POINT('',(-336.600890436224,207.061418583075,2548.25293720968));
#4104=CARTESIAN_POINT('',(-336.600890436224,223.061418583075,2548.25293720968));
#4105=CARTESIAN_POINT('',(-344.772065217202,207.061418583075,2568.90777508453));
#4106=CARTESIAN_POINT('Origin',(-304.470080154429,207.061418583075,2572.90777508453));
#4107=CARTESIAN_POINT('',(-344.772065217202,223.061418583075,2568.90777508453));
#4108=CARTESIAN_POINT('',(-344.772065217202,242.029067825432,2568.90777508453));
#4109=CARTESIAN_POINT('',(-344.772065217202,223.061418583075,2576.90777508453));
#4110=CARTESIAN_POINT('Origin',(-304.470080154429,223.061418583075,2572.90777508453));
#4111=CARTESIAN_POINT('',(-344.772065217202,207.061418583075,2576.90777508453));
#4112=CARTESIAN_POINT('',(-344.772065217202,242.029067825432,2576.90777508453));
#4113=CARTESIAN_POINT('',(-304.470080154429,207.061418583075,2613.40777508453));
#4114=CARTESIAN_POINT('Origin',(-304.470080154429,207.061418583075,2572.90777508453));
#4115=CARTESIAN_POINT('',(-304.470080154429,204.561418583075,2613.40777508453));
#4116=CARTESIAN_POINT('',(-304.470080154429,223.061418583075,2613.40777508453));
#4117=CARTESIAN_POINT('Origin',(-304.470080154429,204.561418583075,2572.90777508453));
#4118=CARTESIAN_POINT('',(-264.168095091656,207.061418583075,2576.90777508453));
#4119=CARTESIAN_POINT('Origin',(-304.470080154429,207.061418583075,2572.90777508453));
#4120=CARTESIAN_POINT('',(-264.168095091656,223.061418583075,2576.90777508453));
#4121=CARTESIAN_POINT('',(-264.168095091656,242.029067825432,2576.90777508453));
#4122=CARTESIAN_POINT('',(-264.168095091656,223.061418583075,2568.90777508453));
#4123=CARTESIAN_POINT('Origin',(-304.470080154429,223.061418583075,2572.90777508453));
#4124=CARTESIAN_POINT('',(-264.168095091656,207.061418583075,2568.90777508453));
#4125=CARTESIAN_POINT('',(-264.168095091656,242.029067825432,2568.90777508453));
#4126=CARTESIAN_POINT('',(-272.339269872634,207.061418583075,2548.25293720968));
#4127=CARTESIAN_POINT('Origin',(-304.470080154429,207.061418583075,2572.90777508453));
#4128=CARTESIAN_POINT('',(-272.339269872634,223.061418583075,2548.25293720968));
#4129=CARTESIAN_POINT('',(-272.339269872634,223.061418583075,2548.25293720968));
#4130=CARTESIAN_POINT('',(-279.815242279576,223.061418583075,2540.77696480274));
#4131=CARTESIAN_POINT('Origin',(-304.470080154429,223.061418583075,2572.90777508453));
#4132=CARTESIAN_POINT('',(-279.815242279576,223.061418583075,2540.77696480274));
#4133=CARTESIAN_POINT('Origin',(-270.528954657475,146.061418583075,2538.96664958758));
#4134=CARTESIAN_POINT('',(-270.528954657475,220.061418583075,2536.71664958758));
#4135=CARTESIAN_POINT('Origin',(-270.528954657475,220.061418583075,2538.96664958758));
#4136=CARTESIAN_POINT('',(-270.528954657475,223.061418583075,2536.71664958758));
#4137=CARTESIAN_POINT('',(-270.528954657475,146.061418583075,2536.71664958758));
#4138=CARTESIAN_POINT('Origin',(-270.528954657475,223.061418583075,2538.96664958758));
#4139=CARTESIAN_POINT('Origin',(-338.411205651383,146.061418583075,2538.96664958758));
#4140=CARTESIAN_POINT('',(-338.411205651383,220.061418583075,2536.71664958758));
#4141=CARTESIAN_POINT('Origin',(-338.411205651383,220.061418583075,2538.96664958758));
#4142=CARTESIAN_POINT('',(-338.411205651383,223.061418583075,2536.71664958758));
#4143=CARTESIAN_POINT('',(-338.411205651383,146.061418583075,2536.71664958758));
#4144=CARTESIAN_POINT('Origin',(-338.411205651383,223.061418583075,2538.96664958758));
#4145=CARTESIAN_POINT('Origin',(-271.970080154429,197.061418583075,2626.90777508453));
#4146=CARTESIAN_POINT('',(-271.970080154429,199.313256684153,2628.65777508453));
#4147=CARTESIAN_POINT('',(-271.970080154429,199.834850361815,2625.15777508453));
#4148=CARTESIAN_POINT('Ctrl Pts',(-271.970080154429,199.313256684153,2628.65777508453));
#4149=CARTESIAN_POINT('Ctrl Pts',(-271.99372368202,199.313256684153,2628.65777508453));
#4150=CARTESIAN_POINT('Ctrl Pts',(-272.017365417651,199.313332524598,2628.6572959279));
#4151=CARTESIAN_POINT('Ctrl Pts',(-272.081200520935,199.313742239228,2628.65470717921));
#4152=CARTESIAN_POINT('Ctrl Pts',(-272.121339483939,199.314219733337,2628.65169013294));
#4153=CARTESIAN_POINT('Ctrl Pts',(-272.243564844056,199.316345942654,2628.63825172442));
#4154=CARTESIAN_POINT('Ctrl Pts',(-272.325023142663,199.318696216834,2628.62339461692));
#4155=CARTESIAN_POINT('Ctrl Pts',(-272.57627328221,199.328882880489,2628.55891391909));
#4156=CARTESIAN_POINT('Ctrl Pts',(-272.739577067162,199.339857708978,2628.4893709286));
#4157=CARTESIAN_POINT('Ctrl Pts',(-273.046933650698,199.369632303715,2628.29957222013));
#4158=CARTESIAN_POINT('Ctrl Pts',(-273.187627678428,199.388592969829,2628.17822948109));
#4159=CARTESIAN_POINT('Ctrl Pts',(-273.437770284823,199.434451168088,2627.8822825837));
#4160=CARTESIAN_POINT('Ctrl Pts',(-273.5406989156,199.461615581195,2627.7057023975));
#4161=CARTESIAN_POINT('Ctrl Pts',(-273.687254148238,199.52181347664,2627.31013867034));
#4162=CARTESIAN_POINT('Ctrl Pts',(-273.724082599239,199.554645216173,2627.0921122828));
#4163=CARTESIAN_POINT('Ctrl Pts',(-273.715103237462,199.621977244385,2626.6396074538));
#4164=CARTESIAN_POINT('Ctrl Pts',(-273.66379072505,199.655820953034,2626.40917936775));
#4165=CARTESIAN_POINT('Ctrl Pts',(-273.476281160016,199.716947118544,2625.98840761948));
#4166=CARTESIAN_POINT('Ctrl Pts',(-273.344492034098,199.743853967043,2625.80086209839));
#4167=CARTESIAN_POINT('Ctrl Pts',(-273.03525999899,199.786011335976,2625.50488322261));
#4168=CARTESIAN_POINT('Ctrl Pts',(-272.867403478778,199.801954643873,2625.39193437033));
#4169=CARTESIAN_POINT('Ctrl Pts',(-272.545175073829,199.822208748259,2625.24801748607));
#4170=CARTESIAN_POINT('Ctrl Pts',(-272.399052296111,199.828324182482,2625.20437387311));
#4171=CARTESIAN_POINT('Ctrl Pts',(-272.197266766893,199.832888111378,2625.17179243317));
#4172=CARTESIAN_POINT('Ctrl Pts',(-272.145146372643,199.833732064855,2625.16576404083));
#4173=CARTESIAN_POINT('Ctrl Pts',(-272.06040272375,199.834566211254,2625.15980526638));
#4174=CARTESIAN_POINT('Ctrl Pts',(-272.027918509268,199.834758826873,2625.15842906789));
#4175=CARTESIAN_POINT('Ctrl Pts',(-271.986969562692,199.834841806756,2625.15783620782));
#4176=CARTESIAN_POINT('Ctrl Pts',(-271.97852554586,199.834850361815,2625.15777508453));
#4177=CARTESIAN_POINT('Ctrl Pts',(-271.970080154429,199.834850361815,2625.15777508453));
#4178=CARTESIAN_POINT('',(-271.970080154429,204.061418583075,2625.15777508453));
#4179=CARTESIAN_POINT('',(-271.970080154429,197.061418583075,2625.15777508453));
#4180=CARTESIAN_POINT('Origin',(-271.970080154429,204.061418583075,2626.90777508453));
#4181=CARTESIAN_POINT('Ctrl Pts',(-271.970078898692,199.834850361815,2625.15777508453));
#4182=CARTESIAN_POINT('Ctrl Pts',(-271.939561609656,199.83485035875,2625.15777510643));
#4183=CARTESIAN_POINT('Ctrl Pts',(-271.909049844401,199.834738632207,2625.15857339034));
#4184=CARTESIAN_POINT('Ctrl Pts',(-271.835147062469,199.83419698269,2625.16244296364));
#4185=CARTESIAN_POINT('Ctrl Pts',(-271.791821678166,199.833652210661,2625.16633470442));
#4186=CARTESIAN_POINT('Ctrl Pts',(-271.643352271184,199.831000655021,2625.18526958292));
#4187=CARTESIAN_POINT('Ctrl Pts',(-271.539495490763,199.827780661819,2625.20825853244));
#4188=CARTESIAN_POINT('Ctrl Pts',(-271.298493326277,199.8169917433,2625.28511201268));
#4189=CARTESIAN_POINT('Ctrl Pts',(-271.16489061884,199.808273911487,2625.34711686174));
#4190=CARTESIAN_POINT('Ctrl Pts',(-270.883026084276,199.78330782207,2625.52378144412));
#4191=CARTESIAN_POINT('Ctrl Pts',(-270.742381967176,199.765827606542,2625.64695531085));
#4192=CARTESIAN_POINT('Ctrl Pts',(-270.493092028184,199.72285237009,2625.94709995493));
#4193=CARTESIAN_POINT('Ctrl Pts',(-270.391171401454,199.697041720191,2626.12600130475));
#4194=CARTESIAN_POINT('Ctrl Pts',(-270.247808828797,199.638595730113,2626.52657273169));
#4195=CARTESIAN_POINT('Ctrl Pts',(-270.213498640812,199.606060500733,2626.74715662219));
#4196=CARTESIAN_POINT('Ctrl Pts',(-270.229171967672,199.538226377274,2627.20151448618));
#4197=CARTESIAN_POINT('Ctrl Pts',(-270.283872624837,199.503500775037,2627.43113172005));
#4198=CARTESIAN_POINT('Ctrl Pts',(-270.477025396545,199.4397639068,2627.84809836135));
#4199=CARTESIAN_POINT('Ctrl Pts',(-270.610768672874,199.411164292025,2628.0329758571));
#4200=CARTESIAN_POINT('Ctrl Pts',(-270.921495111929,199.366020405738,2628.32281511211));
#4201=CARTESIAN_POINT('Ctrl Pts',(-271.088811288155,199.348755389624,2628.43273842507));
#4202=CARTESIAN_POINT('Ctrl Pts',(-271.404885274974,199.327077396368,2628.57038198275));
#4203=CARTESIAN_POINT('Ctrl Pts',(-271.545244975443,199.320548187311,2628.6116797952));
#4204=CARTESIAN_POINT('Ctrl Pts',(-271.741536240403,199.315500397604,2628.64359687047));
#4205=CARTESIAN_POINT('Ctrl Pts',(-271.794221057303,199.314530895844,2628.6497236092));
#4206=CARTESIAN_POINT('Ctrl Pts',(-271.88066817594,199.313567206094,2628.65581320208));
#4207=CARTESIAN_POINT('Ctrl Pts',(-271.914288950635,199.31334627061,2628.65720906503));
#4208=CARTESIAN_POINT('Ctrl Pts',(-271.955313353294,199.313264079687,2628.65772835884));
#4209=CARTESIAN_POINT('Ctrl Pts',(-271.962696841234,199.313256684153,2628.65777508453));
#4210=CARTESIAN_POINT('Ctrl Pts',(-271.970080154429,199.313256684153,2628.65777508453));
#4211=CARTESIAN_POINT('Origin',(-336.970080154429,197.061418583075,2626.90777508453));
#4212=CARTESIAN_POINT('',(-336.970080154429,199.313256684153,2628.65777508453));
#4213=CARTESIAN_POINT('',(-336.970080154429,199.834850361815,2625.15777508453));
#4214=CARTESIAN_POINT('Ctrl Pts',(-336.970080154429,199.313256684153,2628.65777508453));
#4215=CARTESIAN_POINT('Ctrl Pts',(-336.993723682022,199.313256684153,2628.65777508453));
#4216=CARTESIAN_POINT('Ctrl Pts',(-337.017365417654,199.313332524598,2628.6572959279));
#4217=CARTESIAN_POINT('Ctrl Pts',(-337.081200520939,199.313742239228,2628.65470717921));
#4218=CARTESIAN_POINT('Ctrl Pts',(-337.121339483943,199.314219733337,2628.65169013293));
#4219=CARTESIAN_POINT('Ctrl Pts',(-337.243564844066,199.316345942654,2628.63825172442));
#4220=CARTESIAN_POINT('Ctrl Pts',(-337.325023142678,199.318696216834,2628.62339461692));
#4221=CARTESIAN_POINT('Ctrl Pts',(-337.576273282235,199.32888288049,2628.55891391908));
#4222=CARTESIAN_POINT('Ctrl Pts',(-337.739577067197,199.339857708981,2628.48937092859));
#4223=CARTESIAN_POINT('Ctrl Pts',(-338.046933650738,199.36963230372,2628.29957222009));
#4224=CARTESIAN_POINT('Ctrl Pts',(-338.187627678466,199.388592969834,2628.17822948106));
#4225=CARTESIAN_POINT('Ctrl Pts',(-338.437770284854,199.434451168095,2627.88228258365));
#4226=CARTESIAN_POINT('Ctrl Pts',(-338.540698915627,199.461615581202,2627.70570239745));
#4227=CARTESIAN_POINT('Ctrl Pts',(-338.687254148251,199.521813476649,2627.31013867028));
#4228=CARTESIAN_POINT('Ctrl Pts',(-338.724082599247,199.554645216182,2627.09211228274));
#4229=CARTESIAN_POINT('Ctrl Pts',(-338.715103237451,199.621977244394,2626.63960745374));
#4230=CARTESIAN_POINT('Ctrl Pts',(-338.663790725033,199.655820953043,2626.40917936769));
#4231=CARTESIAN_POINT('Ctrl Pts',(-338.476281159983,199.716947118552,2625.98840761943));
#4232=CARTESIAN_POINT('Ctrl Pts',(-338.34449203406,199.74385396705,2625.80086209834));
#4233=CARTESIAN_POINT('Ctrl Pts',(-338.035259998948,199.78601133598,2625.50488322258));
#4234=CARTESIAN_POINT('Ctrl Pts',(-337.867403478742,199.801954643876,2625.39193437031));
#4235=CARTESIAN_POINT('Ctrl Pts',(-337.545175073805,199.82220874826,2625.24801748607));
#4236=CARTESIAN_POINT('Ctrl Pts',(-337.399052296097,199.828324182482,2625.20437387311));
#4237=CARTESIAN_POINT('Ctrl Pts',(-337.197266766887,199.832888111378,2625.17179243316));
#4238=CARTESIAN_POINT('Ctrl Pts',(-337.145146372638,199.833732064856,2625.16576404083));
#4239=CARTESIAN_POINT('Ctrl Pts',(-337.060402723748,199.834566211254,2625.15980526638));
#4240=CARTESIAN_POINT('Ctrl Pts',(-337.027918509265,199.834758826873,2625.15842906789));
#4241=CARTESIAN_POINT('Ctrl Pts',(-336.986969562682,199.834841806756,2625.15783620782));
#4242=CARTESIAN_POINT('Ctrl Pts',(-336.978525545855,199.834850361815,2625.15777508453));
#4243=CARTESIAN_POINT('Ctrl Pts',(-336.970080154429,199.834850361815,2625.15777508453));
#4244=CARTESIAN_POINT('',(-336.970080154429,204.061418583075,2625.15777508453));
#4245=CARTESIAN_POINT('',(-336.970080154429,197.061418583075,2625.15777508453));
#4246=CARTESIAN_POINT('Origin',(-336.970080154429,204.061418583075,2626.90777508453));
#4247=CARTESIAN_POINT('Ctrl Pts',(-336.97007889869,199.834850361815,2625.15777508453));
#4248=CARTESIAN_POINT('Ctrl Pts',(-336.939561609656,199.83485035875,2625.15777510643));
#4249=CARTESIAN_POINT('Ctrl Pts',(-336.909049844401,199.834738632207,2625.15857339034));
#4250=CARTESIAN_POINT('Ctrl Pts',(-336.835147062467,199.83419698269,2625.16244296364));
#4251=CARTESIAN_POINT('Ctrl Pts',(-336.791821678164,199.833652210661,2625.16633470442));
#4252=CARTESIAN_POINT('Ctrl Pts',(-336.643352271179,199.831000655021,2625.18526958292));
#4253=CARTESIAN_POINT('Ctrl Pts',(-336.539495490756,199.827780661819,2625.20825853244));
#4254=CARTESIAN_POINT('Ctrl Pts',(-336.298493326264,199.816991743299,2625.28511201269));
#4255=CARTESIAN_POINT('Ctrl Pts',(-336.164890618822,199.808273911486,2625.34711686175));
#4256=CARTESIAN_POINT('Ctrl Pts',(-335.883026084256,199.783307822068,2625.52378144414));
#4257=CARTESIAN_POINT('Ctrl Pts',(-335.742381967157,199.765827606539,2625.64695531086));
#4258=CARTESIAN_POINT('Ctrl Pts',(-335.493092028169,199.722852370087,2625.94709995495));
#4259=CARTESIAN_POINT('Ctrl Pts',(-335.39117140144,199.697041720187,2626.12600130477));
#4260=CARTESIAN_POINT('Ctrl Pts',(-335.247808828791,199.638595730108,2626.52657273172));
#4261=CARTESIAN_POINT('Ctrl Pts',(-335.213498640808,199.606060500728,2626.74715662222));
#4262=CARTESIAN_POINT('Ctrl Pts',(-335.229171967679,199.53822637727,2627.20151448622));
#4263=CARTESIAN_POINT('Ctrl Pts',(-335.283872624846,199.503500775032,2627.43113172008));
#4264=CARTESIAN_POINT('Ctrl Pts',(-335.477025396562,199.439763906796,2627.84809836138));
#4265=CARTESIAN_POINT('Ctrl Pts',(-335.610768672893,199.411164292021,2628.03297585713));
#4266=CARTESIAN_POINT('Ctrl Pts',(-335.921495111956,199.366020405735,2628.32281511213));
#4267=CARTESIAN_POINT('Ctrl Pts',(-336.088811288186,199.348755389621,2628.43273842509));
#4268=CARTESIAN_POINT('Ctrl Pts',(-336.404885275003,199.327077396366,2628.57038198276));
#4269=CARTESIAN_POINT('Ctrl Pts',(-336.545244975461,199.320548187311,2628.6116797952));
#4270=CARTESIAN_POINT('Ctrl Pts',(-336.741536240411,199.315500397604,2628.64359687047));
#4271=CARTESIAN_POINT('Ctrl Pts',(-336.794221057309,199.314530895844,2628.6497236092));
#4272=CARTESIAN_POINT('Ctrl Pts',(-336.880668175944,199.313567206094,2628.65581320208));
#4273=CARTESIAN_POINT('Ctrl Pts',(-336.914288950638,199.31334627061,2628.65720906503));
#4274=CARTESIAN_POINT('Ctrl Pts',(-336.955313353297,199.313264079687,2628.65772835884));
#4275=CARTESIAN_POINT('Ctrl Pts',(-336.962696841236,199.313256684153,2628.65777508453));
#4276=CARTESIAN_POINT('Ctrl Pts',(-336.970080154429,199.313256684153,2628.65777508453));
#4277=CARTESIAN_POINT('Origin',(-304.470080154429,207.061418583075,2561.65777508453));
#4278=CARTESIAN_POINT('',(-361.63514366389,207.061418583075,2503.98790210346));
#4279=CARTESIAN_POINT('',(-361.970080154429,207.061418583075,2502.73790210346));
#4280=CARTESIAN_POINT('Origin',(-359.470080154429,207.061418583075,2502.73790210346));
#4281=CARTESIAN_POINT('',(-355.041876924153,207.061418583075,2515.40777508453));
#4282=CARTESIAN_POINT('',(-322.372090269208,207.061418583075,2571.99350544334));
#4283=CARTESIAN_POINT('',(-353.970080154429,207.061418583075,2519.40777508453));
#4284=CARTESIAN_POINT('Origin',(-361.970080154429,207.061418583075,2519.40777508453));
#4285=CARTESIAN_POINT('',(-353.970080154429,207.061418583075,2568.90777508453));
#4286=CARTESIAN_POINT('',(-353.970080154429,207.061418583075,2561.65777508453));
#4287=CARTESIAN_POINT('',(-344.772065217202,207.061418583075,2568.90777508453));
#4288=CARTESIAN_POINT('',(-346.517807189865,207.061418583075,2540.64341934707));
#4289=CARTESIAN_POINT('',(-304.470080154429,207.061418583075,2572.90777508453));
#4290=CARTESIAN_POINT('',(-336.734435891891,207.061418583075,2530.8600480491));
#4291=CARTESIAN_POINT('Origin',(-304.470080154429,207.061418583075,2572.90777508453));
#4292=CARTESIAN_POINT('',(-304.470080154429,207.061418583075,2572.90777508453));
#4293=CARTESIAN_POINT('',(-272.205724416967,207.061418583075,2530.8600480491));
#4294=CARTESIAN_POINT('',(-304.470080154429,207.061418583075,2572.90777508453));
#4295=CARTESIAN_POINT('',(-262.422353118994,207.061418583075,2540.64341934707));
#4296=CARTESIAN_POINT('Origin',(-304.470080154429,207.061418583075,2572.90777508453));
#4297=CARTESIAN_POINT('',(-304.470080154429,207.061418583075,2572.90777508453));
#4298=CARTESIAN_POINT('',(-254.970080154429,207.061418583075,2568.90777508453));
#4299=CARTESIAN_POINT('',(-264.168095091656,207.061418583075,2568.90777508453));
#4300=CARTESIAN_POINT('',(-254.970080154429,207.061418583075,2519.40777508453));
#4301=CARTESIAN_POINT('',(-254.970080154429,207.061418583075,2561.65777508453));
#4302=CARTESIAN_POINT('',(-253.898283384705,207.061418583075,2515.40777508453));
#4303=CARTESIAN_POINT('Origin',(-246.970080154429,207.061418583075,2519.40777508453));
#4304=CARTESIAN_POINT('',(-247.305016644968,207.061418583075,2503.98790210346));
#4305=CARTESIAN_POINT('',(-286.56807003965,207.061418583075,2571.99350544334));
#4306=CARTESIAN_POINT('',(-246.970080154429,207.061418583075,2502.73790210346));
#4307=CARTESIAN_POINT('Origin',(-249.470080154429,207.061418583075,2502.73790210346));
#4308=CARTESIAN_POINT('',(-246.970080154429,207.061418583075,2501.40777508453));
#4309=CARTESIAN_POINT('',(-246.970080154429,207.061418583075,2561.65777508453));
#4310=CARTESIAN_POINT('',(-248.970080154429,207.061418583075,2503.40777508453));
#4311=CARTESIAN_POINT('Origin',(-248.970080154429,207.061418583075,2501.40777508453));
#4312=CARTESIAN_POINT('',(-269.302623607218,207.061418583075,2503.40777508453));
#4313=CARTESIAN_POINT('',(-246.970080154429,207.061418583075,2503.40777508453));
#4314=CARTESIAN_POINT('Origin',(-269.302623607218,207.061418583075,2501.40777508453));
#4315=CARTESIAN_POINT('',(-339.63753670164,207.061418583075,2503.40777508453));
#4316=CARTESIAN_POINT('Origin',(-339.63753670164,207.061418583075,2501.40777508453));
#4317=CARTESIAN_POINT('',(-359.970080154429,207.061418583075,2503.40777508453));
#4318=CARTESIAN_POINT('',(-361.970080154429,207.061418583075,2503.40777508453));
#4319=CARTESIAN_POINT('',(-361.970080154429,207.061418583075,2501.40777508453));
#4320=CARTESIAN_POINT('Origin',(-359.970080154429,207.061418583075,2501.40777508453));
#4321=CARTESIAN_POINT('',(-361.970080154429,207.061418583075,2561.65777508453));
#4322=CARTESIAN_POINT('Origin',(-304.470080154429,204.561418583075,2561.65777508453));
#4323=CARTESIAN_POINT('',(-342.960813739633,204.561418583075,2627.24110841787));
#4324=CARTESIAN_POINT('',(-330.979346569225,204.561418583075,2627.24110841787));
#4325=CARTESIAN_POINT('Origin',(-336.970080154429,204.561418583075,2626.90777508453));
#4326=CARTESIAN_POINT('',(-345.956180532235,204.561418583075,2630.40777508453));
#4327=CARTESIAN_POINT('Origin',(-345.956180532235,204.561418583075,2627.40777508453));
#4328=CARTESIAN_POINT('',(-345.970080154429,204.561418583075,2630.40777508453));
#4329=CARTESIAN_POINT('',(-345.970080154429,204.561418583075,2630.40777508453));
#4330=CARTESIAN_POINT('',(-345.970080154429,204.561418583075,2633.40777508453));
#4331=CARTESIAN_POINT('',(-345.970080154429,204.561418583075,2633.40777508453));
#4332=CARTESIAN_POINT('',(-353.970080154429,204.561418583075,2625.40777508453));
#4333=CARTESIAN_POINT('Origin',(-345.970080154429,204.561418583075,2625.40777508453));
#4334=CARTESIAN_POINT('',(-353.970080154429,204.561418583075,2519.40777508453));
#4335=CARTESIAN_POINT('',(-353.970080154429,204.561418583075,2561.65777508453));
#4336=CARTESIAN_POINT('',(-355.041876924153,204.561418583075,2515.40777508453));
#4337=CARTESIAN_POINT('Origin',(-361.970080154429,204.561418583075,2519.40777508453));
#4338=CARTESIAN_POINT('',(-361.63514366389,204.561418583075,2503.98790210346));
#4339=CARTESIAN_POINT('',(-322.372090269208,204.561418583075,2571.99350544334));
#4340=CARTESIAN_POINT('',(-361.970080154429,204.561418583075,2502.73790210346));
#4341=CARTESIAN_POINT('Origin',(-359.470080154429,204.561418583075,2502.73790210346));
#4342=CARTESIAN_POINT('',(-361.970080154429,204.561418583075,2500.65777508453));
#4343=CARTESIAN_POINT('',(-361.970080154429,204.561418583075,2633.40777508453));
#4344=CARTESIAN_POINT('',(-359.970080154429,204.561418583075,2498.65777508453));
#4345=CARTESIAN_POINT('Origin',(-359.970080154429,204.561418583075,2500.65777508453));
#4346=CARTESIAN_POINT('',(-339.873999428995,204.561418583075,2498.65777508453));
#4347=CARTESIAN_POINT('',(-304.470080154429,204.561418583075,2498.65777508453));
#4348=CARTESIAN_POINT('Origin',(-339.873999428995,204.561418583075,2500.65777508453));
#4349=CARTESIAN_POINT('',(-269.066160879863,204.561418583075,2498.65777508453));
#4350=CARTESIAN_POINT('Origin',(-269.066160879863,204.561418583075,2500.65777508453));
#4351=CARTESIAN_POINT('',(-248.970080154429,204.561418583075,2498.65777508453));
#4352=CARTESIAN_POINT('',(-304.470080154429,204.561418583075,2498.65777508453));
#4353=CARTESIAN_POINT('',(-246.970080154429,204.561418583075,2500.65777508453));
#4354=CARTESIAN_POINT('Origin',(-248.970080154429,204.561418583075,2500.65777508453));
#4355=CARTESIAN_POINT('',(-246.970080154429,204.561418583075,2502.73790210346));
#4356=CARTESIAN_POINT('',(-246.970080154429,204.561418583075,2633.40777508453));
#4357=CARTESIAN_POINT('',(-247.305016644968,204.561418583075,2503.98790210346));
#4358=CARTESIAN_POINT('Origin',(-249.470080154429,204.561418583075,2502.73790210346));
#4359=CARTESIAN_POINT('',(-253.898283384705,204.561418583075,2515.40777508453));
#4360=CARTESIAN_POINT('',(-286.56807003965,204.561418583075,2571.99350544334));
#4361=CARTESIAN_POINT('',(-254.970080154429,204.561418583075,2519.40777508453));
#4362=CARTESIAN_POINT('Origin',(-246.970080154429,204.561418583075,2519.40777508453));
#4363=CARTESIAN_POINT('',(-254.970080154429,204.561418583075,2625.40777508453));
#4364=CARTESIAN_POINT('',(-254.970080154429,204.561418583075,2561.65777508453));
#4365=CARTESIAN_POINT('',(-262.970080154429,204.561418583075,2633.40777508453));
#4366=CARTESIAN_POINT('Origin',(-262.970080154429,204.561418583075,2625.40777508453));
#4367=CARTESIAN_POINT('',(-262.970080154429,204.561418583075,2630.40777508453));
#4368=CARTESIAN_POINT('',(-262.970080154429,204.561418583075,2633.40777508453));
#4369=CARTESIAN_POINT('',(-262.983979776623,204.561418583075,2630.40777508453));
#4370=CARTESIAN_POINT('',(-267.096682982025,204.561418583075,2630.40777508453));
#4371=CARTESIAN_POINT('',(-265.979346569225,204.561418583075,2627.24110841787));
#4372=CARTESIAN_POINT('Origin',(-262.983979776623,204.561418583075,2627.40777508453));
#4373=CARTESIAN_POINT('',(-277.960813739633,204.561418583075,2627.24110841787));
#4374=CARTESIAN_POINT('Origin',(-271.970080154429,204.561418583075,2626.90777508453));
#4375=CARTESIAN_POINT('',(-280.956180532235,204.561418583075,2630.40777508453));
#4376=CARTESIAN_POINT('Origin',(-280.956180532235,204.561418583075,2627.40777508453));
#4377=CARTESIAN_POINT('',(-327.983979776623,204.561418583075,2630.40777508453));
#4378=CARTESIAN_POINT('',(-332.096682982025,204.561418583075,2630.40777508453));
#4379=CARTESIAN_POINT('Origin',(-327.983979776623,204.561418583075,2627.40777508453));
#4380=CARTESIAN_POINT('Origin',(-361.970080154429,207.061418583075,2633.40777508453));
#4381=CARTESIAN_POINT('',(-361.970080154429,198.499979845472,2502.73790210346));
#4382=CARTESIAN_POINT('',(-361.970080154429,211.061418583075,2501.40777508453));
#4383=CARTESIAN_POINT('',(-361.970080154429,207.061418583075,2501.40777508453));
#4384=CARTESIAN_POINT('',(-361.970080154429,211.061418583075,2491.90777508747));
#4385=CARTESIAN_POINT('',(-361.970080154429,211.061418583075,2503.40777508453));
#4386=CARTESIAN_POINT('',(-361.970080154429,208.561411153771,2491.90777508747));
#4387=CARTESIAN_POINT('',(-361.970080154429,207.061418583075,2491.90777508747));
#4388=CARTESIAN_POINT('',(-361.970080154429,208.561411153771,2498.60777508747));
#4389=CARTESIAN_POINT('',(-361.970080154429,208.561411153771,2485.90777508747));
#4390=CARTESIAN_POINT('',(-361.970080154429,207.061418583075,2498.60777508747));
#4391=CARTESIAN_POINT('',(-361.970080154429,207.061418583075,2498.60777508747));
#4392=CARTESIAN_POINT('',(-361.970080154429,207.061418583075,2500.65777508453));
#4393=CARTESIAN_POINT('',(-361.970080154429,207.061418583075,2503.40777508453));
#4394=CARTESIAN_POINT('',(-361.970080154429,207.061418583075,2500.65777508453));
#4395=CARTESIAN_POINT('Origin',(-353.970080154429,230.061418583075,2517.26418154509));
#4396=CARTESIAN_POINT('',(-361.63514366389,198.499979845472,2503.98790210346));
#4397=CARTESIAN_POINT('',(-355.041876924153,207.061418583075,2515.40777508453));
#4398=CARTESIAN_POINT('Origin',(-254.970080154429,230.061418583075,2517.26418154509));
#4399=CARTESIAN_POINT('',(-247.305016644968,198.499979845472,2503.98790210346));
#4400=CARTESIAN_POINT('',(-253.898283384705,204.561418583075,2515.40777508453));
#4401=CARTESIAN_POINT('Origin',(-304.470080154429,211.061418583075,2489.90777508453));
#4402=CARTESIAN_POINT('',(-269.302623607218,211.061418583075,2503.40777508453));
#4403=CARTESIAN_POINT('',(-248.970080154429,211.061418583075,2503.40777508453));
#4404=CARTESIAN_POINT('',(-246.970080154429,211.061418583075,2503.40777508453));
#4405=CARTESIAN_POINT('',(-246.970080154429,211.061418583075,2501.40777508453));
#4406=CARTESIAN_POINT('Origin',(-248.970080154429,211.061418583075,2501.40777508453));
#4407=CARTESIAN_POINT('',(-246.970080154429,211.061418583075,2491.90777508747));
#4408=CARTESIAN_POINT('',(-246.970080154429,211.061418583075,2503.40777508453));
#4409=CARTESIAN_POINT('',(-249.970080154429,211.061418583075,2488.90777508747));
#4410=CARTESIAN_POINT('Origin',(-249.970080154429,211.061418583075,2491.90777508747));
#4411=CARTESIAN_POINT('',(-252.295754996376,211.061418583075,2488.90777508747));
#4412=CARTESIAN_POINT('',(-361.970080154429,211.061418583075,2488.90777508747));
#4413=CARTESIAN_POINT('',(-254.313157544652,211.061418583075,2489.68739517444));
#4414=CARTESIAN_POINT('Origin',(-252.295754996376,211.061418583075,2491.90777508747));
#4415=CARTESIAN_POINT('',(-267.66990308554,211.061418583075,2493.37066939245));
#4416=CARTESIAN_POINT('Ctrl Pts',(-267.669903085637,211.061418583075,2493.37066939302));
#4417=CARTESIAN_POINT('Ctrl Pts',(-265.379577031476,211.061418583075,2493.30313099927));
#4418=CARTESIAN_POINT('Ctrl Pts',(-263.167045498907,211.061418583075,2493.12875568352));
#4419=CARTESIAN_POINT('Ctrl Pts',(-259.715221605262,211.061418583075,2492.45470465144));
#4420=CARTESIAN_POINT('Ctrl Pts',(-258.381714832406,211.061418583075,2492.06711646037));
#4421=CARTESIAN_POINT('Ctrl Pts',(-256.110118039511,211.061418583075,2491.04449189285));
#4422=CARTESIAN_POINT('Ctrl Pts',(-255.143585083526,211.061418583075,2490.44190867986));
#4423=CARTESIAN_POINT('Ctrl Pts',(-254.313157544652,211.061418583075,2489.68739517444));
#4424=CARTESIAN_POINT('',(-270.581475875114,211.061418583075,2496.36936588124));
#4425=CARTESIAN_POINT('Origin',(-267.581475875114,211.061418583075,2496.36936588124));
#4426=CARTESIAN_POINT('',(-270.581475875114,211.061418583075,2498.65777508453));
#4427=CARTESIAN_POINT('Origin',(-269.302623607218,211.061418583075,2501.40777508453));
#4428=CARTESIAN_POINT('Origin',(-304.470080154429,207.061418583075,2561.65777508453));
#4429=CARTESIAN_POINT('',(-353.970080154429,207.061418583075,2576.90777508453));
#4430=CARTESIAN_POINT('',(-344.772065217202,207.061418583075,2576.90777508453));
#4431=CARTESIAN_POINT('',(-353.970080154429,207.061418583075,2625.40777508453));
#4432=CARTESIAN_POINT('',(-353.970080154429,207.061418583075,2561.65777508453));
#4433=CARTESIAN_POINT('',(-345.970080154429,207.061418583075,2633.40777508453));
#4434=CARTESIAN_POINT('Origin',(-345.970080154429,207.061418583075,2625.40777508453));
#4435=CARTESIAN_POINT('',(-345.970080154429,207.061418583075,2636.52388394752));
#4436=CARTESIAN_POINT('',(-345.970080154429,207.061418583075,2632.04992759452));
#4437=CARTESIAN_POINT('',(-331.970080154429,207.061418583075,2636.52388394752));
#4438=CARTESIAN_POINT('',(-262.970080154429,207.061418583075,2636.52388394752));
#4439=CARTESIAN_POINT('',(-331.970080154429,207.061418583075,2630.36240182528));
#4440=CARTESIAN_POINT('',(-331.970080154429,207.061418583075,2655.27749612607));
#4441=CARTESIAN_POINT('',(-276.970080154429,207.061418583075,2630.36240182528));
#4442=CARTESIAN_POINT('',(-304.470080154429,207.061418583075,2630.36240182528));
#4443=CARTESIAN_POINT('',(-276.970080154429,207.061418583075,2636.52388394752));
#4444=CARTESIAN_POINT('',(-276.970080154429,207.061418583075,2655.27749612607));
#4445=CARTESIAN_POINT('',(-262.970080154429,207.061418583075,2636.52388394752));
#4446=CARTESIAN_POINT('',(-262.970080154429,207.061418583075,2636.52388394752));
#4447=CARTESIAN_POINT('',(-262.970080154429,207.061418583075,2633.40777508453));
#4448=CARTESIAN_POINT('',(-262.970080154429,207.061418583075,2632.04992759452));
#4449=CARTESIAN_POINT('',(-254.970080154429,207.061418583075,2625.40777508453));
#4450=CARTESIAN_POINT('Origin',(-262.970080154429,207.061418583075,2625.40777508453));
#4451=CARTESIAN_POINT('',(-254.970080154429,207.061418583075,2576.90777508453));
#4452=CARTESIAN_POINT('',(-254.970080154429,207.061418583075,2561.65777508453));
#4453=CARTESIAN_POINT('',(-264.168095091656,207.061418583075,2576.90777508453));
#4454=CARTESIAN_POINT('',(-262.422353118993,207.061418583075,2605.172130822));
#4455=CARTESIAN_POINT('',(-304.470080154429,207.061418583075,2572.90777508453));
#4456=CARTESIAN_POINT('',(-270.970080154429,207.061418583075,2613.9778371736));
#4457=CARTESIAN_POINT('Origin',(-304.470080154429,207.061418583075,2572.90777508453));
#4458=CARTESIAN_POINT('',(-270.970080154429,207.061418583075,2616.84751004804));
#4459=CARTESIAN_POINT('',(-346.517807189864,207.061418583075,2605.172130822));
#4460=CARTESIAN_POINT('Origin',(-304.470080154429,207.061418583075,2572.90777508453));
#4461=CARTESIAN_POINT('',(-337.970080154429,207.061418583075,2598.61322918183));
#4462=CARTESIAN_POINT('',(-304.470080154429,207.061418583075,2572.90777508453));
#4463=CARTESIAN_POINT('',(-337.970080154429,207.061418583075,2616.84751004804));
#4464=CARTESIAN_POINT('Origin',(-304.470080154429,223.061418583075,2572.90777508453));
#4465=CARTESIAN_POINT('',(-353.970080154429,223.061418583075,2568.90777508453));
#4466=CARTESIAN_POINT('',(-344.772065217202,223.061418583075,2568.90777508453));
#4467=CARTESIAN_POINT('',(-353.970080154429,223.061418583075,2576.90777508453));
#4468=CARTESIAN_POINT('',(-353.970080154429,223.061418583075,2572.90777508453));
#4469=CARTESIAN_POINT('',(-344.772065217202,223.061418583075,2576.90777508453));
#4470=CARTESIAN_POINT('Origin',(-344.772065217202,242.029067825432,2568.90777508453));
#4471=CARTESIAN_POINT('',(-353.970080154429,242.029067825432,2568.90777508453));
#4472=CARTESIAN_POINT('Origin',(-344.772065217202,242.029067825432,2576.90777508453));
#4473=CARTESIAN_POINT('',(-353.970080154429,242.029067825432,2576.90777508453));
#4474=CARTESIAN_POINT('Origin',(-345.970080154429,198.240494228238,2633.40777508453));
#4475=CARTESIAN_POINT('',(-345.970080154429,198.499979845472,2633.40777508453));
#4476=CARTESIAN_POINT('',(-345.970080154429,198.499979845472,2633.40777508453));
#4477=CARTESIAN_POINT('',(-345.970080154429,207.061418583075,2633.40777508453));
#4478=CARTESIAN_POINT('',(-345.970080154429,199.027995160838,2630.40777508453));
#4479=CARTESIAN_POINT('',(-345.970080154429,198.240494228238,2630.40777508453));
#4480=CARTESIAN_POINT('Origin',(-345.970080154706,11.5665034005011,2598.96006221642));
#4481=CARTESIAN_POINT('Origin',(-262.970080154429,207.061418583075,2633.86343951633));
#4482=CARTESIAN_POINT('',(-276.970080154429,210.351317866446,2635.06086492921));
#4483=CARTESIAN_POINT('',(-276.970080154429,221.907653102648,2639.26702697238));
#4484=CARTESIAN_POINT('',(-276.970080154429,207.061418583075,2633.86343951633));
#4485=CARTESIAN_POINT('',(-331.970080154429,210.351317866446,2635.06086492921));
#4486=CARTESIAN_POINT('',(-262.970080154429,210.351317866446,2635.06086492921));
#4487=CARTESIAN_POINT('',(-331.970080154429,221.907653102648,2639.26702697238));
#4488=CARTESIAN_POINT('',(-331.970080154429,207.061418583075,2633.86343951633));
#4489=CARTESIAN_POINT('',(-328.970080154429,224.726730965005,2640.29308740236));
#4490=CARTESIAN_POINT('Origin',(-328.970080154429,221.907653102648,2639.26702697238));
#4491=CARTESIAN_POINT('',(-279.970080154429,224.726730965005,2640.29308740236));
#4492=CARTESIAN_POINT('',(-262.970080154429,224.726730965005,2640.29308740236));
#4493=CARTESIAN_POINT('Origin',(-279.970080154429,221.907653102648,2639.26702697238));
#4494=CARTESIAN_POINT('Origin',(-262.970080154429,224.726730965005,2640.29308740236));
#4495=CARTESIAN_POINT('',(-328.970080154429,223.871680606691,2642.64231895433));
#4496=CARTESIAN_POINT('',(-328.970080154429,223.871680606691,2642.64231895433));
#4497=CARTESIAN_POINT('',(-279.970080154429,223.871680606691,2642.64231895433));
#4498=CARTESIAN_POINT('',(-262.970080154429,223.871680606691,2642.64231895433));
#4499=CARTESIAN_POINT('',(-279.970080154429,224.726730965005,2640.29308740236));
#4500=CARTESIAN_POINT('Origin',(-262.970080154429,198.499979845472,2633.40777508453));
#4501=CARTESIAN_POINT('',(-331.970080154429,221.052602744333,2641.61625852435));
#4502=CARTESIAN_POINT('Origin',(-328.970080154429,221.052602744333,2641.61625852435));
#4503=CARTESIAN_POINT('',(-331.970080154429,198.499979845472,2633.40777508453));
#4504=CARTESIAN_POINT('',(-262.970080154429,198.499979845472,2633.40777508453));
#4505=CARTESIAN_POINT('',(-244.470080154429,198.499979845472,2633.40777508453));
#4506=CARTESIAN_POINT('',(-262.970080154429,198.499979845472,2633.40777508453));
#4507=CARTESIAN_POINT('',(-276.970080154429,221.052602744333,2641.61625852435));
#4508=CARTESIAN_POINT('',(-276.970080154429,198.499979845472,2633.40777508453));
#4509=CARTESIAN_POINT('Origin',(-279.970080154429,221.052602744333,2641.61625852435));
#4510=CARTESIAN_POINT('Origin',(-304.470080154429,223.061418583075,2572.90777508453));
#4511=CARTESIAN_POINT('',(-270.970080154429,223.061418583075,2613.9778371736));
#4512=CARTESIAN_POINT('',(-270.970080154429,223.061418583075,2594.87764256628));
#4513=CARTESIAN_POINT('',(-262.422353118993,223.061418583075,2605.172130822));
#4514=CARTESIAN_POINT('Origin',(-304.470080154429,223.061418583075,2572.90777508453));
#4515=CARTESIAN_POINT('',(-304.470080154429,223.061418583075,2572.90777508453));
#4516=CARTESIAN_POINT('Origin',(-304.470080154429,223.061418583075,2572.90777508453));
#4517=CARTESIAN_POINT('',(-270.970080154429,223.061418583075,2613.9778371736));
#4518=CARTESIAN_POINT('',(-262.422353118993,284.061418583075,2605.172130822));
#4519=CARTESIAN_POINT('Origin',(-304.470080154429,223.061418583075,2572.90777508453));
#4520=CARTESIAN_POINT('',(-337.970080154429,223.061418583075,2598.61322918183));
#4521=CARTESIAN_POINT('',(-337.970080154429,223.061418583075,2594.87764256628));
#4522=CARTESIAN_POINT('',(-346.517807189864,223.061418583075,2605.172130822));
#4523=CARTESIAN_POINT('',(-304.470080154429,223.061418583075,2572.90777508453));
#4524=CARTESIAN_POINT('Origin',(-304.470080154429,223.061418583075,2572.90777508453));
#4525=CARTESIAN_POINT('Origin',(-304.470080154429,223.061418583075,2572.90777508453));
#4526=CARTESIAN_POINT('',(-346.517807189864,284.061418583075,2605.172130822));
#4527=CARTESIAN_POINT('Origin',(-304.470080154429,284.061418583075,2572.90777508453));
#4528=CARTESIAN_POINT('',(-337.970080154429,284.061418583075,2598.61322918183));
#4529=CARTESIAN_POINT('Origin',(-304.470080154429,284.061418583075,2572.90777508453));
#4530=CARTESIAN_POINT('Origin',(-336.970080154429,198.119352142272,2626.90777508453));
#4531=CARTESIAN_POINT('',(-330.979346569224,199.532119349032,2627.24110841785));
#4532=CARTESIAN_POINT('',(-330.979346569225,198.119352142272,2627.24110841787));
#4533=CARTESIAN_POINT('',(-342.960813739633,199.532119349029,2627.24110841787));
#4534=CARTESIAN_POINT('Ctrl Pts',(-342.960813739633,199.532119349029,2627.24110841787));
#4535=CARTESIAN_POINT('Ctrl Pts',(-342.988613984592,199.607429859993,2626.7414768344));
#4536=CARTESIAN_POINT('Ctrl Pts',(-342.953822577756,199.681017591329,2626.23997679688));
#4537=CARTESIAN_POINT('Ctrl Pts',(-342.757373283652,199.823617303296,2625.24256520787));
#4538=CARTESIAN_POINT('Ctrl Pts',(-342.592896565076,199.891877083455,2624.75119051035));
#4539=CARTESIAN_POINT('Ctrl Pts',(-342.06784264106,200.038477761501,2623.6701416758));
#4540=CARTESIAN_POINT('Ctrl Pts',(-341.66464324486,200.111785977124,2623.10861344542));
#4541=CARTESIAN_POINT('Ctrl Pts',(-340.734856008842,200.22832248841,2622.19549032365));
#4542=CARTESIAN_POINT('Ctrl Pts',(-340.231178626302,200.27321438601,2621.83370277746));
#4543=CARTESIAN_POINT('Ctrl Pts',(-339.314214350324,200.330194182249,2621.36939859968));
#4544=CARTESIAN_POINT('Ctrl Pts',(-338.929643195256,200.348072571016,2621.22191205814));
#4545=CARTESIAN_POINT('Ctrl Pts',(-338.255688012911,200.37003089904,2621.04010043888));
#4546=CARTESIAN_POINT('Ctrl Pts',(-337.973487659197,200.376614541809,2620.98530678295));
#4547=CARTESIAN_POINT('Ctrl Pts',(-337.548329529756,200.382769896442,2620.93403819697));
#4548=CARTESIAN_POINT('Ctrl Pts',(-337.407701506482,200.384202407479,2620.92209252518));
#4549=CARTESIAN_POINT('Ctrl Pts',(-337.168064160933,200.385625027551,2620.91022803448));
#4550=CARTESIAN_POINT('Ctrl Pts',(-337.069243743542,200.385918386362,2620.90778048369));
#4551=CARTESIAN_POINT('Ctrl Pts',(-336.871609462034,200.385919678407,2620.90776970532));
#4552=CARTESIAN_POINT('Ctrl Pts',(-336.772827209871,200.385627839128,2620.91020457952));
#4553=CARTESIAN_POINT('Ctrl Pts',(-336.533413760755,200.384210242161,2620.92202719433));
#4554=CARTESIAN_POINT('Ctrl Pts',(-336.392970373018,200.382782585214,2620.93393241353));
#4555=CARTESIAN_POINT('Ctrl Pts',(-335.968491737962,200.376648575114,2620.98502351268));
#4556=CARTESIAN_POINT('Ctrl Pts',(-335.686773291701,200.370088488389,2621.03962159343));
#4557=CARTESIAN_POINT('Ctrl Pts',(-335.014276943149,200.348219725492,2621.22069649892));
#4558=CARTESIAN_POINT('Ctrl Pts',(-334.630622251007,200.330424605137,2621.36750228604));
#4559=CARTESIAN_POINT('Ctrl Pts',(-333.71441040379,200.273641243826,2621.83025231288));
#4560=CARTESIAN_POINT('Ctrl Pts',(-333.210571964538,200.228844440337,2622.19132325472));
#4561=CARTESIAN_POINT('Ctrl Pts',(-332.280087440836,200.112511560272,2623.10301352704));
#4562=CARTESIAN_POINT('Ctrl Pts',(-331.876339357199,200.03930794036,2623.66386520551));
#4563=CARTESIAN_POINT('Ctrl Pts',(-331.349413323508,199.892695799654,2624.74526866015));
#4564=CARTESIAN_POINT('Ctrl Pts',(-331.18404157703,199.824290485013,2625.23779277752));
#4565=CARTESIAN_POINT('Ctrl Pts',(-330.986504224161,199.681367660614,2626.23758989021));
#4566=CARTESIAN_POINT('Ctrl Pts',(-330.95147976942,199.607607939365,2626.74029557752));
#4567=CARTESIAN_POINT('Ctrl Pts',(-330.979347118601,199.532117860798,2627.24111829122));
#4568=CARTESIAN_POINT('',(-342.960813739633,198.119352142272,2627.24110841787));
#4569=CARTESIAN_POINT('Origin',(-271.970080154429,198.119352142272,2626.90777508453));
#4570=CARTESIAN_POINT('',(-277.960813739633,199.532119349029,2627.24110841787));
#4571=CARTESIAN_POINT('',(-265.979346569224,199.532119349032,2627.24110841785));
#4572=CARTESIAN_POINT('Ctrl Pts',(-277.960813190256,199.532117860796,2627.24111829123));
#4573=CARTESIAN_POINT('Ctrl Pts',(-277.988613435215,199.60742837176,2626.74148670777));
#4574=CARTESIAN_POINT('Ctrl Pts',(-277.953822577756,199.681017591329,2626.23997679688));
#4575=CARTESIAN_POINT('Ctrl Pts',(-277.757373283652,199.823617303296,2625.24256520787));
#4576=CARTESIAN_POINT('Ctrl Pts',(-277.592896565076,199.891877083455,2624.75119051035));
#4577=CARTESIAN_POINT('Ctrl Pts',(-277.067842641059,200.038477761501,2623.6701416758));
#4578=CARTESIAN_POINT('Ctrl Pts',(-276.66464324486,200.111785977124,2623.10861344542));
#4579=CARTESIAN_POINT('Ctrl Pts',(-275.734856008842,200.22832248841,2622.19549032365));
#4580=CARTESIAN_POINT('Ctrl Pts',(-275.231178626302,200.27321438601,2621.83370277746));
#4581=CARTESIAN_POINT('Ctrl Pts',(-274.314214350324,200.330194182249,2621.36939859968));
#4582=CARTESIAN_POINT('Ctrl Pts',(-273.929643195255,200.348072571016,2621.22191205814));
#4583=CARTESIAN_POINT('Ctrl Pts',(-273.255688012911,200.37003089904,2621.04010043888));
#4584=CARTESIAN_POINT('Ctrl Pts',(-272.973487659197,200.376614541809,2620.98530678295));
#4585=CARTESIAN_POINT('Ctrl Pts',(-272.548329529756,200.382769896442,2620.93403819697));
#4586=CARTESIAN_POINT('Ctrl Pts',(-272.407701506482,200.384202407479,2620.92209252518));
#4587=CARTESIAN_POINT('Ctrl Pts',(-272.168064160931,200.385625027551,2620.91022803448));
#4588=CARTESIAN_POINT('Ctrl Pts',(-272.069243743541,200.385918386362,2620.90778048369));
#4589=CARTESIAN_POINT('Ctrl Pts',(-271.871609462035,200.385919678407,2620.90776970532));
#4590=CARTESIAN_POINT('Ctrl Pts',(-271.772827209873,200.385627839128,2620.91020457952));
#4591=CARTESIAN_POINT('Ctrl Pts',(-271.533413760755,200.384210242161,2620.92202719433));
#4592=CARTESIAN_POINT('Ctrl Pts',(-271.392970373018,200.382782585214,2620.93393241353));
#4593=CARTESIAN_POINT('Ctrl Pts',(-270.968491737962,200.376648575114,2620.98502351268));
#4594=CARTESIAN_POINT('Ctrl Pts',(-270.686773291701,200.370088488389,2621.03962159343));
#4595=CARTESIAN_POINT('Ctrl Pts',(-270.014276943148,200.348219725492,2621.22069649892));
#4596=CARTESIAN_POINT('Ctrl Pts',(-269.630622251006,200.330424605137,2621.36750228605));
#4597=CARTESIAN_POINT('Ctrl Pts',(-268.714410403789,200.273641243826,2621.83025231288));
#4598=CARTESIAN_POINT('Ctrl Pts',(-268.210571964537,200.228844440337,2622.19132325472));
#4599=CARTESIAN_POINT('Ctrl Pts',(-267.280087440836,200.112511560272,2623.10301352704));
#4600=CARTESIAN_POINT('Ctrl Pts',(-266.876339357199,200.03930794036,2623.66386520551));
#4601=CARTESIAN_POINT('Ctrl Pts',(-266.349413323508,199.892695799654,2624.74526866015));
#4602=CARTESIAN_POINT('Ctrl Pts',(-266.18404157703,199.824290485013,2625.23779277752));
#4603=CARTESIAN_POINT('Ctrl Pts',(-265.986504224161,199.681367660614,2626.23758989021));
#4604=CARTESIAN_POINT('Ctrl Pts',(-265.95147976942,199.607607939365,2626.74029557752));
#4605=CARTESIAN_POINT('Ctrl Pts',(-265.979347118601,199.532117860798,2627.24111829122));
#4606=CARTESIAN_POINT('',(-277.960813739633,198.119352142272,2627.24110841787));
#4607=CARTESIAN_POINT('',(-265.979346569225,198.119352142272,2627.24110841787));
#4608=CARTESIAN_POINT('Origin',(-304.470080154429,223.061418583075,2572.90777508453));
#4609=CARTESIAN_POINT('',(-262.422353118994,223.061418583075,2540.64341934707));
#4610=CARTESIAN_POINT('',(-304.470080154429,223.061418583075,2572.90777508453));
#4611=CARTESIAN_POINT('',(-272.205724416967,223.061418583075,2530.8600480491));
#4612=CARTESIAN_POINT('Origin',(-304.470080154429,223.061418583075,2572.90777508453));
#4613=CARTESIAN_POINT('',(-304.470080154429,223.061418583075,2572.90777508453));
#4614=CARTESIAN_POINT('Origin',(-304.470080154429,223.061418583075,2572.90777508453));
#4615=CARTESIAN_POINT('',(-262.422353118994,284.061418583075,2540.64341934707));
#4616=CARTESIAN_POINT('',(-272.205724416967,284.061418583075,2530.8600480491));
#4617=CARTESIAN_POINT('Origin',(-304.470080154429,223.061418583075,2572.90777508453));
#4618=CARTESIAN_POINT('',(-336.734435891891,223.061418583075,2530.8600480491));
#4619=CARTESIAN_POINT('',(-346.517807189865,223.061418583075,2540.64341934707));
#4620=CARTESIAN_POINT('Origin',(-304.470080154429,223.061418583075,2572.90777508453));
#4621=CARTESIAN_POINT('',(-304.470080154429,223.061418583075,2572.90777508453));
#4622=CARTESIAN_POINT('',(-304.470080154429,223.061418583075,2572.90777508453));
#4623=CARTESIAN_POINT('Origin',(-304.470080154429,223.061418583075,2572.90777508453));
#4624=CARTESIAN_POINT('',(-346.517807189865,284.061418583075,2540.64341934707));
#4625=CARTESIAN_POINT('',(-336.734435891891,284.061418583075,2530.8600480491));
#4626=CARTESIAN_POINT('Origin',(-246.970080154429,207.061418583075,2633.40777508453));
#4627=CARTESIAN_POINT('',(-246.970080154429,207.061418583075,2501.40777508453));
#4628=CARTESIAN_POINT('',(-246.970080154429,198.499979845472,2502.73790210346));
#4629=CARTESIAN_POINT('',(-246.970080154429,207.061418583075,2500.65777508453));
#4630=CARTESIAN_POINT('',(-246.970080154429,207.061418583075,2500.65777508453));
#4631=CARTESIAN_POINT('',(-246.970080154429,207.061418583075,2498.60777508747));
#4632=CARTESIAN_POINT('',(-246.970080154429,207.061418583075,2503.40777508453));
#4633=CARTESIAN_POINT('',(-246.970080154429,208.561411153771,2498.60777508747));
#4634=CARTESIAN_POINT('',(-246.970080154429,207.061418583075,2498.60777508747));
#4635=CARTESIAN_POINT('',(-246.970080154429,208.561411153771,2491.90777508747));
#4636=CARTESIAN_POINT('',(-246.970080154429,208.561411153771,2485.90777508747));
#4637=CARTESIAN_POINT('',(-246.970080154429,207.061418583075,2491.90777508747));
#4638=CARTESIAN_POINT('Origin',(-304.470080154429,284.061418583075,2572.90777508453));
#4639=CARTESIAN_POINT('Origin',(-304.470080154429,284.061418583075,2572.90777508453));
#4640=CARTESIAN_POINT('Origin',(-304.470080154429,284.061418583075,2572.90777508453));
#4641=CARTESIAN_POINT('Origin',(-304.470080154429,284.061418583075,2572.90777508453));
#4642=CARTESIAN_POINT('Origin',(-264.168095091656,242.029067825432,2576.90777508453));
#4643=CARTESIAN_POINT('',(-254.970080154429,223.061418583075,2576.90777508453));
#4644=CARTESIAN_POINT('',(-254.970080154429,242.029067825432,2576.90777508453));
#4645=CARTESIAN_POINT('',(-264.168095091656,223.061418583075,2576.90777508453));
#4646=CARTESIAN_POINT('Origin',(-264.168095091656,242.029067825432,2568.90777508453));
#4647=CARTESIAN_POINT('',(-254.970080154429,223.061418583075,2568.90777508453));
#4648=CARTESIAN_POINT('',(-264.168095091656,223.061418583075,2568.90777508453));
#4649=CARTESIAN_POINT('',(-254.970080154429,242.029067825432,2568.90777508453));
#4650=CARTESIAN_POINT('Origin',(-304.470080154429,223.061418583075,2572.90777508453));
#4651=CARTESIAN_POINT('',(-254.970080154429,223.061418583075,2572.90777508453));
#4652=CARTESIAN_POINT('Origin',(-270.528954657475,220.061418583075,2538.96664958758));
#4653=CARTESIAN_POINT('Origin',(-338.411205651383,220.061418583075,2538.96664958758));
#4654=CARTESIAN_POINT('Ctrl Pts',(-262.970080154429,200.402850678862,2620.76616844418));
#4655=CARTESIAN_POINT('Ctrl Pts',(-362.570080154429,200.402850678862,2620.76616844418));
#4656=CARTESIAN_POINT('Ctrl Pts',(-262.970080154429,199.940704713653,2624.64117888399));
#4657=CARTESIAN_POINT('Ctrl Pts',(-362.570080154429,199.940704713653,2624.64117888399));
#4658=CARTESIAN_POINT('Ctrl Pts',(-262.970080154429,199.345767126027,2628.81809252058));
#4659=CARTESIAN_POINT('Ctrl Pts',(-362.570080154429,199.345767126027,2628.81809252058));
#4660=CARTESIAN_POINT('Ctrl Pts',(-262.970080154429,198.499979845472,2633.40777508453));
#4661=CARTESIAN_POINT('Ctrl Pts',(-362.570080154429,198.499979845472,2633.40777508453));
#4662=CARTESIAN_POINT('',(-345.956180532235,199.027995160838,2630.40777508453));
#4663=CARTESIAN_POINT('',(-244.470080154429,199.027995160838,2630.40777508453));
#4664=CARTESIAN_POINT('Ctrl Pts',(-345.956180532235,199.027995160838,2630.40777508453));
#4665=CARTESIAN_POINT('Ctrl Pts',(-345.917408405457,199.027995160838,2630.40777508454));
#4666=CARTESIAN_POINT('Ctrl Pts',(-345.878640360402,199.028121263258,2630.40702344639));
#4667=CARTESIAN_POINT('Ctrl Pts',(-345.839898188123,199.028373361471,2630.40552064019));
#4668=CARTESIAN_POINT('Ctrl Pts',(-345.795402183383,199.028662900304,2630.40379464322));
#4669=CARTESIAN_POINT('Ctrl Pts',(-345.750951861926,199.029118565447,2630.4010782373));
#4670=CARTESIAN_POINT('Ctrl Pts',(-345.706580163564,199.029739849127,2630.39737366226));
#4671=CARTESIAN_POINT('Ctrl Pts',(-345.608306287601,199.031115860358,2630.38916881635));
#4672=CARTESIAN_POINT('Ctrl Pts',(-345.510514970943,199.033303063224,2630.37612484036));
#4673=CARTESIAN_POINT('Ctrl Pts',(-345.413560664856,199.036289564996,2630.35829430656));
#4674=CARTESIAN_POINT('Ctrl Pts',(-345.239317875356,199.041656798496,2630.32624991294));
#4675=CARTESIAN_POINT('Ctrl Pts',(-345.068638776452,199.049578597563,2630.278913517));
#4676=CARTESIAN_POINT('Ctrl Pts',(-344.903448526353,199.059899602468,2630.21700821794));
#4677=CARTESIAN_POINT('Ctrl Pts',(-344.783550128165,199.067390794926,2630.1720761097));
#4678=CARTESIAN_POINT('Ctrl Pts',(-344.666543336586,199.076145275288,2630.1194700102));
#4679=CARTESIAN_POINT('Ctrl Pts',(-344.553164279615,199.086095233745,2630.05948121359));
#4680=CARTESIAN_POINT('Ctrl Pts',(-344.356654952305,199.103340567191,2629.95550823673));
#4681=CARTESIAN_POINT('Ctrl Pts',(-344.172876562562,199.124017879047,2629.83032035823));
#4682=CARTESIAN_POINT('Ctrl Pts',(-344.004945645634,199.147576829971,2629.68652319814));
#4683=CARTESIAN_POINT('Ctrl Pts',(-343.923042183045,199.159067028983,2629.61639027958));
#4684=CARTESIAN_POINT('Ctrl Pts',(-343.844908389489,199.171242287344,2629.54183149738));
#4685=CARTESIAN_POINT('Ctrl Pts',(-343.770905830358,199.184037343218,2629.46315205174));
#4686=CARTESIAN_POINT('Ctrl Pts',(-343.626479620118,199.209008661122,2629.30959825185));
#4687=CARTESIAN_POINT('Ctrl Pts',(-343.499044542043,199.236123356622,2629.14167729912));
#4688=CARTESIAN_POINT('Ctrl Pts',(-343.390402364028,199.264797133447,2628.96237090883));
#4689=CARTESIAN_POINT('Ctrl Pts',(-343.322209929028,199.282795066644,2628.84982401785));
#4690=CARTESIAN_POINT('Ctrl Pts',(-343.261421542851,199.301407615069,2628.73279093997));
#4691=CARTESIAN_POINT('Ctrl Pts',(-343.208482771502,199.320496155214,2628.61199973785));
#4692=CARTESIAN_POINT('Ctrl Pts',(-343.138471117649,199.345740795976,2628.4522530793));
#4693=CARTESIAN_POINT('Ctrl Pts',(-343.082601252519,199.371667599666,2628.28687892741));
#4694=CARTESIAN_POINT('Ctrl Pts',(-343.041412213791,199.397940884449,2628.11779141492));
#4695=CARTESIAN_POINT('Ctrl Pts',(-343.025775131808,199.407915322328,2628.05359872249));
#4696=CARTESIAN_POINT('Ctrl Pts',(-343.01225396677,199.417939962317,2627.98887037777));
#4697=CARTESIAN_POINT('Ctrl Pts',(-343.000878213194,199.427997438151,2627.92370938565));
#4698=CARTESIAN_POINT('Ctrl Pts',(-342.97225776826,199.453301206498,2627.75976977725));
#4699=CARTESIAN_POINT('Ctrl Pts',(-342.957344371239,199.478698854038,2627.59382147764));
#4700=CARTESIAN_POINT('Ctrl Pts',(-342.956246033897,199.503918202236,2627.42759442025));
#4701=CARTESIAN_POINT('Ctrl Pts',(-342.955835366412,199.513347697074,2627.36544225171));
#4702=CARTESIAN_POINT('Ctrl Pts',(-342.957356053017,199.522752519863,2627.30325065576));
#4703=CARTESIAN_POINT('Ctrl Pts',(-342.960813739633,199.532119349029,2627.24110841787));
#4704=CARTESIAN_POINT('',(-327.983979776623,199.027995160838,2630.40777508453));
#4705=CARTESIAN_POINT('Ctrl Pts',(-330.979346569224,199.532119349032,2627.24110841785));
#4706=CARTESIAN_POINT('Ctrl Pts',(-330.988594082034,199.507067954177,2627.40730657424));
#4707=CARTESIAN_POINT('Ctrl Pts',(-330.983986565149,199.481742922805,2627.57386152579));
#4708=CARTESIAN_POINT('Ctrl Pts',(-330.965631803688,199.4564069753,2627.73906041671));
#4709=CARTESIAN_POINT('Ctrl Pts',(-330.958800072562,199.446976812911,2627.80054824413));
#4710=CARTESIAN_POINT('Ctrl Pts',(-330.950063847031,199.437545389305,2627.86184775233));
#4711=CARTESIAN_POINT('Ctrl Pts',(-330.939428684922,199.428127146905,2627.92286900843));
#4712=CARTESIAN_POINT('Ctrl Pts',(-330.909517668866,199.401638674352,2628.09448912594));
#4713=CARTESIAN_POINT('Ctrl Pts',(-330.864724842182,199.375375277437,2628.26311638555));
#4714=CARTESIAN_POINT('Ctrl Pts',(-330.805588210903,199.349662536142,2628.4268544054));
#4715=CARTESIAN_POINT('Ctrl Pts',(-330.783237769441,199.339944513545,2628.48873850243));
#4716=CARTESIAN_POINT('Ctrl Pts',(-330.758838415494,199.330305421139,2628.54992373332));
#4717=CARTESIAN_POINT('Ctrl Pts',(-330.732419194352,199.320763796787,2628.61030606837));
#4718=CARTESIAN_POINT('Ctrl Pts',(-330.648254100116,199.290366545167,2628.80266923048));
#4719=CARTESIAN_POINT('Ctrl Pts',(-330.544186297291,199.261172040101,2628.98552100083));
#4720=CARTESIAN_POINT('Ctrl Pts',(-330.422012252794,199.23374587103,2629.15591245556));
#4721=CARTESIAN_POINT('Ctrl Pts',(-330.345162372388,199.216494270481,2629.26309203672));
#4722=CARTESIAN_POINT('Ctrl Pts',(-330.261148471772,199.199943098554,2629.36534026306));
#4723=CARTESIAN_POINT('Ctrl Pts',(-330.170417658447,199.184238567189,2629.4619146584));
#4724=CARTESIAN_POINT('Ctrl Pts',(-330.010398430428,199.15654095385,2629.63224003766));
#4725=CARTESIAN_POINT('Ctrl Pts',(-329.831028149873,199.131743670924,2629.78328397928));
#4726=CARTESIAN_POINT('Ctrl Pts',(-329.63596718346,199.11050406361,2629.91196185077));
#4727=CARTESIAN_POINT('Ctrl Pts',(-329.556101548197,199.101807732601,2629.9646476348));
#4728=CARTESIAN_POINT('Ctrl Pts',(-329.473605517239,199.093707623156,2630.01358436676));
#4729=CARTESIAN_POINT('Ctrl Pts',(-329.388730333213,199.08624755154,2630.05856286815));
#4730=CARTESIAN_POINT('Ctrl Pts',(-329.232549790776,199.072520122904,2630.14132871808));
#4731=CARTESIAN_POINT('Ctrl Pts',(-329.069472363726,199.061062771059,2630.21007843488));
#4732=CARTESIAN_POINT('Ctrl Pts',(-328.90142385839,199.052049845354,2630.26405477615));
#4733=CARTESIAN_POINT('Ctrl Pts',(-328.779017419663,199.045484835236,2630.30337111341));
#4734=CARTESIAN_POINT('Ctrl Pts',(-328.65397349702,199.040216334525,2630.33484996088));
#4735=CARTESIAN_POINT('Ctrl Pts',(-328.527036344902,199.036303022355,2630.35821396098));
#4736=CARTESIAN_POINT('Ctrl Pts',(-328.429990643968,199.033311225893,2630.37607615285));
#4737=CARTESIAN_POINT('Ctrl Pts',(-328.332105643149,199.031120254216,2630.38914261326));
#4738=CARTESIAN_POINT('Ctrl Pts',(-328.233736820228,199.029742043551,2630.3973605774));
#4739=CARTESIAN_POINT('Ctrl Pts',(-328.189334444052,199.029119937617,2630.40107005694));
#4740=CARTESIAN_POINT('Ctrl Pts',(-328.144853286319,199.028663679909,2630.4037899957));
#4741=CARTESIAN_POINT('Ctrl Pts',(-328.100326355557,199.028373779568,2630.40551814784));
#4742=CARTESIAN_POINT('Ctrl Pts',(-328.061562802539,199.028121402702,2630.40702261526));
#4743=CARTESIAN_POINT('Ctrl Pts',(-328.022773333828,199.027995160838,2630.40777508454));
#4744=CARTESIAN_POINT('Ctrl Pts',(-327.983979776623,199.027995160838,2630.40777508453));
#4745=CARTESIAN_POINT('',(-280.956180532235,199.027995160838,2630.40777508453));
#4746=CARTESIAN_POINT('',(-244.470080154429,199.027995160838,2630.40777508453));
#4747=CARTESIAN_POINT('Ctrl Pts',(-280.956180532235,199.027995160838,2630.40777508453));
#4748=CARTESIAN_POINT('Ctrl Pts',(-280.917408405457,199.027995160838,2630.40777508454));
#4749=CARTESIAN_POINT('Ctrl Pts',(-280.878640360401,199.028121263258,2630.40702344639));
#4750=CARTESIAN_POINT('Ctrl Pts',(-280.839898188123,199.028373361471,2630.40552064019));
#4751=CARTESIAN_POINT('Ctrl Pts',(-280.795402183382,199.028662900304,2630.40379464322));
#4752=CARTESIAN_POINT('Ctrl Pts',(-280.750951861924,199.029118565447,2630.4010782373));
#4753=CARTESIAN_POINT('Ctrl Pts',(-280.706580163564,199.029739849127,2630.39737366226));
#4754=CARTESIAN_POINT('Ctrl Pts',(-280.608306287601,199.031115860358,2630.38916881635));
#4755=CARTESIAN_POINT('Ctrl Pts',(-280.510514970944,199.033303063224,2630.37612484036));
#4756=CARTESIAN_POINT('Ctrl Pts',(-280.413560664856,199.036289564996,2630.35829430656));
#4757=CARTESIAN_POINT('Ctrl Pts',(-280.239317875356,199.041656798496,2630.32624991294));
#4758=CARTESIAN_POINT('Ctrl Pts',(-280.068638776451,199.049578597563,2630.278913517));
#4759=CARTESIAN_POINT('Ctrl Pts',(-279.90344852635,199.059899602468,2630.21700821794));
#4760=CARTESIAN_POINT('Ctrl Pts',(-279.783550128164,199.067390794927,2630.1720761097));
#4761=CARTESIAN_POINT('Ctrl Pts',(-279.666543336585,199.076145275288,2630.1194700102));
#4762=CARTESIAN_POINT('Ctrl Pts',(-279.553164279614,199.086095233745,2630.05948121359));
#4763=CARTESIAN_POINT('Ctrl Pts',(-279.356654952329,199.103340567189,2629.95550823674));
#4764=CARTESIAN_POINT('Ctrl Pts',(-279.172876562607,199.124017879042,2629.83032035826));
#4765=CARTESIAN_POINT('Ctrl Pts',(-279.004945645695,199.147576829963,2629.6865231982));
#4766=CARTESIAN_POINT('Ctrl Pts',(-278.923042183084,199.159067028977,2629.61639027961));
#4767=CARTESIAN_POINT('Ctrl Pts',(-278.844908389508,199.171242287341,2629.5418314974));
#4768=CARTESIAN_POINT('Ctrl Pts',(-278.770905830358,199.184037343218,2629.46315205174));
#4769=CARTESIAN_POINT('Ctrl Pts',(-278.626479620119,199.209008661122,2629.30959825185));
#4770=CARTESIAN_POINT('Ctrl Pts',(-278.499044542044,199.236123356622,2629.14167729912));
#4771=CARTESIAN_POINT('Ctrl Pts',(-278.390402364029,199.264797133446,2628.96237090883));
#4772=CARTESIAN_POINT('Ctrl Pts',(-278.322209929028,199.282795066644,2628.84982401785));
#4773=CARTESIAN_POINT('Ctrl Pts',(-278.261421542851,199.301407615069,2628.73279093997));
#4774=CARTESIAN_POINT('Ctrl Pts',(-278.208482771502,199.320496155214,2628.61199973785));
#4775=CARTESIAN_POINT('Ctrl Pts',(-278.138471117648,199.345740795977,2628.4522530793));
#4776=CARTESIAN_POINT('Ctrl Pts',(-278.082601252518,199.371667599666,2628.28687892741));
#4777=CARTESIAN_POINT('Ctrl Pts',(-278.041412213789,199.39794088445,2628.11779141492));
#4778=CARTESIAN_POINT('Ctrl Pts',(-278.025775131807,199.407915322328,2628.05359872248));
#4779=CARTESIAN_POINT('Ctrl Pts',(-278.01225396677,199.417939962318,2627.98887037776));
#4780=CARTESIAN_POINT('Ctrl Pts',(-278.000878213194,199.427997438151,2627.92370938566));
#4781=CARTESIAN_POINT('Ctrl Pts',(-277.97225776826,199.453301206498,2627.75976977725));
#4782=CARTESIAN_POINT('Ctrl Pts',(-277.957344371239,199.478698854038,2627.59382147764));
#4783=CARTESIAN_POINT('Ctrl Pts',(-277.956246033897,199.503918202237,2627.42759442024));
#4784=CARTESIAN_POINT('Ctrl Pts',(-277.955835366412,199.513347697074,2627.36544225171));
#4785=CARTESIAN_POINT('Ctrl Pts',(-277.957356053017,199.522752519863,2627.30325065576));
#4786=CARTESIAN_POINT('Ctrl Pts',(-277.960813739633,199.532119349029,2627.24110841787));
#4787=CARTESIAN_POINT('',(-262.983979776623,199.027995160838,2630.40777508453));
#4788=CARTESIAN_POINT('Ctrl Pts',(-265.979346569224,199.532119349032,2627.24110841785));
#4789=CARTESIAN_POINT('Ctrl Pts',(-265.988594082035,199.507067954177,2627.40730657424));
#4790=CARTESIAN_POINT('Ctrl Pts',(-265.983986565149,199.481742922804,2627.57386152579));
#4791=CARTESIAN_POINT('Ctrl Pts',(-265.965631803687,199.456406975299,2627.73906041672));
#4792=CARTESIAN_POINT('Ctrl Pts',(-265.958800072561,199.446976812911,2627.80054824414));
#4793=CARTESIAN_POINT('Ctrl Pts',(-265.950063847031,199.437545389304,2627.86184775233));
#4794=CARTESIAN_POINT('Ctrl Pts',(-265.939428684922,199.428127146905,2627.92286900843));
#4795=CARTESIAN_POINT('Ctrl Pts',(-265.909517668866,199.401638674352,2628.09448912594));
#4796=CARTESIAN_POINT('Ctrl Pts',(-265.864724842182,199.375375277437,2628.26311638555));
#4797=CARTESIAN_POINT('Ctrl Pts',(-265.805588210904,199.349662536143,2628.4268544054));
#4798=CARTESIAN_POINT('Ctrl Pts',(-265.783237769442,199.339944513545,2628.48873850242));
#4799=CARTESIAN_POINT('Ctrl Pts',(-265.758838415495,199.330305421139,2628.54992373332));
#4800=CARTESIAN_POINT('Ctrl Pts',(-265.732419194352,199.320763796787,2628.61030606837));
#4801=CARTESIAN_POINT('Ctrl Pts',(-265.648254100116,199.290366545167,2628.80266923048));
#4802=CARTESIAN_POINT('Ctrl Pts',(-265.54418629729,199.261172040101,2628.98552100083));
#4803=CARTESIAN_POINT('Ctrl Pts',(-265.422012252792,199.233745871029,2629.15591245556));
#4804=CARTESIAN_POINT('Ctrl Pts',(-265.345162372387,199.216494270481,2629.26309203672));
#4805=CARTESIAN_POINT('Ctrl Pts',(-265.261148471771,199.199943098554,2629.36534026306));
#4806=CARTESIAN_POINT('Ctrl Pts',(-265.170417658447,199.184238567189,2629.4619146584));
#4807=CARTESIAN_POINT('Ctrl Pts',(-265.010398430427,199.156540953849,2629.63224003766));
#4808=CARTESIAN_POINT('Ctrl Pts',(-264.83102814987,199.131743670923,2629.78328397928));
#4809=CARTESIAN_POINT('Ctrl Pts',(-264.635967183456,199.110504063609,2629.91196185077));
#4810=CARTESIAN_POINT('Ctrl Pts',(-264.556101548195,199.1018077326,2629.9646476348));
#4811=CARTESIAN_POINT('Ctrl Pts',(-264.473605517237,199.093707623155,2630.01358436676));
#4812=CARTESIAN_POINT('Ctrl Pts',(-264.388730333213,199.08624755154,2630.05856286815));
#4813=CARTESIAN_POINT('Ctrl Pts',(-264.232549790776,199.072520122904,2630.14132871808));
#4814=CARTESIAN_POINT('Ctrl Pts',(-264.069472363726,199.061062771059,2630.21007843488));
#4815=CARTESIAN_POINT('Ctrl Pts',(-263.90142385839,199.052049845354,2630.26405477615));
#4816=CARTESIAN_POINT('Ctrl Pts',(-263.779017419664,199.045484835236,2630.30337111341));
#4817=CARTESIAN_POINT('Ctrl Pts',(-263.65397349702,199.040216334525,2630.33484996088));
#4818=CARTESIAN_POINT('Ctrl Pts',(-263.527036344902,199.036303022355,2630.35821396098));
#4819=CARTESIAN_POINT('Ctrl Pts',(-263.429990643968,199.033311225893,2630.37607615285));
#4820=CARTESIAN_POINT('Ctrl Pts',(-263.332105643149,199.031120254216,2630.38914261326));
#4821=CARTESIAN_POINT('Ctrl Pts',(-263.233736820228,199.029742043551,2630.3973605774));
#4822=CARTESIAN_POINT('Ctrl Pts',(-263.189334444052,199.029119937617,2630.40107005694));
#4823=CARTESIAN_POINT('Ctrl Pts',(-263.144853286319,199.028663679909,2630.4037899957));
#4824=CARTESIAN_POINT('Ctrl Pts',(-263.100326355557,199.028373779568,2630.40551814784));
#4825=CARTESIAN_POINT('Ctrl Pts',(-263.061562802538,199.028121402702,2630.40702261526));
#4826=CARTESIAN_POINT('Ctrl Pts',(-263.022773333828,199.027995160838,2630.40777508454));
#4827=CARTESIAN_POINT('Ctrl Pts',(-262.983979776623,199.027995160838,2630.40777508453));
#4828=CARTESIAN_POINT('',(-262.970080154429,199.027995160838,2630.40777508453));
#4829=CARTESIAN_POINT('',(-244.470080154429,199.027995160838,2630.40777508453));
#4830=CARTESIAN_POINT('Origin',(-262.970080154289,11.5665033990441,2598.96006221618));
#4831=CARTESIAN_POINT('Origin',(-262.970080154429,198.240494228238,2633.40777508453));
#4832=CARTESIAN_POINT('',(-262.970080154429,198.240494228238,2630.40777508453));
#4833=CARTESIAN_POINT('',(-262.970080154429,207.061418583075,2633.40777508453));
#4834=CARTESIAN_POINT('Origin',(-267.096682982025,198.240494228238,2630.40777508453));
#4835=CARTESIAN_POINT('',(-262.983979776623,204.561418583075,2630.40777508453));
#4836=CARTESIAN_POINT('Origin',(-332.096682982025,198.240494228238,2630.40777508453));
#4837=CARTESIAN_POINT('',(-280.956180532235,199.027995160838,2630.40777508453));
#4838=CARTESIAN_POINT('',(-327.983979776623,204.561418583075,2630.40777508453));
#4839=CARTESIAN_POINT('Origin',(-345.970080154429,198.240494228238,2630.40777508453));
#4840=CARTESIAN_POINT('',(-345.956180532235,199.027995160838,2630.40777508453));
#4841=CARTESIAN_POINT('Origin',(-336.970080154429,204.061418583075,2626.90777508453));
#4842=CARTESIAN_POINT('Origin',(-271.970080154429,204.061418583075,2626.90777508453));
#4843=CARTESIAN_POINT('Origin',(-280.956180532235,198.119352142272,2627.40777508453));
#4844=CARTESIAN_POINT('Origin',(-262.983979776623,198.119352142272,2627.40777508453));
#4845=CARTESIAN_POINT('Origin',(-327.983979776623,198.119352142272,2627.40777508453));
#4846=CARTESIAN_POINT('Origin',(-345.956180532235,198.119352142272,2627.40777508453));
#4847=CARTESIAN_POINT('Origin',(-337.970080154429,234.061418583075,2616.84751004804));
#4848=CARTESIAN_POINT('Origin',(-270.970080154429,234.061418583075,2616.84751004804));
#4849=CARTESIAN_POINT('Origin',(-276.970080154429,244.061418583075,2655.27749612607));
#4850=CARTESIAN_POINT('Origin',(-276.970080154429,212.061418583075,2630.36240182528));
#4851=CARTESIAN_POINT('',(-276.970080154429,221.052602744333,2641.61625852435));
#4852=CARTESIAN_POINT('Origin',(-331.970080154429,244.061418583075,2655.27749612607));
#4853=CARTESIAN_POINT('',(-331.970080154429,221.907653102648,2639.26702697238));
#4854=CARTESIAN_POINT('Origin',(-331.970080154429,212.061418583075,2630.36240182528));
#4855=CARTESIAN_POINT('Origin',(-328.970080154429,219.353485774012,2646.28454403332));
#4856=CARTESIAN_POINT('Origin',(-279.970080154429,219.353485774012,2646.28454403332));
#4857=CARTESIAN_POINT('Origin',(-353.970080154429,230.061418583075,2517.26418154509));
#4858=CARTESIAN_POINT('',(-353.970080154429,204.561418583075,2519.40777508453));
#4859=CARTESIAN_POINT('',(-353.970080154429,207.061418583075,2625.40777508453));
#4860=CARTESIAN_POINT('Origin',(-254.970080154429,230.061418583075,2517.26418154509));
#4861=CARTESIAN_POINT('',(-254.970080154429,207.061418583075,2519.40777508453));
#4862=CARTESIAN_POINT('',(-254.970080154429,230.061418583075,2625.40777508453));
#4863=CARTESIAN_POINT('Origin',(-246.970080154429,230.061418583075,2519.40777508453));
#4864=CARTESIAN_POINT('Origin',(-262.970080154429,230.061418583075,2625.40777508453));
#4865=CARTESIAN_POINT('Origin',(-361.970080154429,230.061418583075,2519.40777508453));
#4866=CARTESIAN_POINT('Origin',(-345.970080154429,207.061418583075,2625.40777508453));
#4867=CARTESIAN_POINT('Origin',(-259.470080154429,225.561418583075,2572.90777508453));
#4868=CARTESIAN_POINT('Origin',(-349.470080154429,225.561418583075,2572.90777508453));
#4869=CARTESIAN_POINT('Origin',(-262.970080154429,212.061418583075,2630.36240182528));
#4870=CARTESIAN_POINT('Origin',(-246.970080154429,200.061418583075,2498.65777508453));
#4871=CARTESIAN_POINT('',(-359.970080154429,207.061418583075,2498.65777508453));
#4872=CARTESIAN_POINT('',(-339.873999428995,207.061418583075,2498.65777508453));
#4873=CARTESIAN_POINT('',(-304.470080154429,207.061418583075,2498.65777508453));
#4874=CARTESIAN_POINT('',(-339.873999428995,200.061418583075,2498.65777508453));
#4875=CARTESIAN_POINT('',(-359.970080154429,200.061418583075,2498.65777508453));
#4876=CARTESIAN_POINT('Origin',(-246.970080154429,200.061418583075,2498.65777508453));
#4877=CARTESIAN_POINT('',(-269.066160879863,207.061418583075,2498.65777508453));
#4878=CARTESIAN_POINT('',(-248.970080154429,207.061418583075,2498.65777508453));
#4879=CARTESIAN_POINT('',(-304.470080154429,207.061418583075,2498.65777508453));
#4880=CARTESIAN_POINT('',(-248.970080154429,200.061418583075,2498.65777508453));
#4881=CARTESIAN_POINT('',(-269.066160879863,200.061418583075,2498.65777508453));
#4882=CARTESIAN_POINT('Origin',(-304.470080154429,207.061418583075,2489.90777508453));
#4883=CARTESIAN_POINT('',(-360.470080154429,207.061418583075,2497.10777508747));
#4884=CARTESIAN_POINT('Origin',(-360.470080154429,207.061418583075,2498.60777508747));
#4885=CARTESIAN_POINT('',(-356.965638731657,207.061418583075,2497.10777508747));
#4886=CARTESIAN_POINT('',(-304.470080154429,207.061418583075,2497.10777508747));
#4887=CARTESIAN_POINT('',(-353.203253016591,207.061418583075,2494.77444424162));
#4888=CARTESIAN_POINT('Origin',(-356.965638731657,207.061418583075,2492.90777508747));
#4889=CARTESIAN_POINT('',(-350.515832665249,207.061418583075,2493.10777935174));
#4890=CARTESIAN_POINT('Origin',(-350.515834648687,207.061418583075,2496.10777935173));
#4891=CARTESIAN_POINT('',(-345.296051954354,207.061418583075,2493.10778280277));
#4892=CARTESIAN_POINT('',(-304.47008227012,207.061418583075,2493.10780979471));
#4893=CARTESIAN_POINT('',(-341.270257222518,207.061418583075,2493.37066939304));
#4894=CARTESIAN_POINT('Ctrl Pts',(-345.296051954354,207.061418583075,2493.10778280277));
#4895=CARTESIAN_POINT('Ctrl Pts',(-343.99772252558,207.061418583075,2493.25074634604));
#4896=CARTESIAN_POINT('Ctrl Pts',(-342.648066633713,207.061418583075,2493.3300397917));
#4897=CARTESIAN_POINT('Ctrl Pts',(-341.270257223222,207.061418583075,2493.37066939302));
#4898=CARTESIAN_POINT('',(-338.358684433744,207.061418583075,2496.36936588124));
#4899=CARTESIAN_POINT('Origin',(-341.358684433744,207.061418583075,2496.36936588124));
#4900=CARTESIAN_POINT('',(-338.358684433744,207.061418583075,2498.65777508453));
#4901=CARTESIAN_POINT('Origin',(-339.873999428995,207.061418583075,2500.65777508453));
#4902=CARTESIAN_POINT('Origin',(-359.970080154429,207.061418583075,2500.65777508453));
#4903=CARTESIAN_POINT('Origin',(-361.970080154429,211.061418583075,2503.40777508453));
#4904=CARTESIAN_POINT('',(-359.970080154429,211.061418583075,2503.40777508453));
#4905=CARTESIAN_POINT('',(-339.63753670164,211.061418583075,2503.40777508453));
#4906=CARTESIAN_POINT('',(-361.970080154429,211.061418583075,2503.40777508453));
#4907=CARTESIAN_POINT('',(-359.970080154429,211.061418583075,2503.40777508453));
#4908=CARTESIAN_POINT('',(-339.63753670164,211.061418583075,2503.40777508453));
#4909=CARTESIAN_POINT('Origin',(-338.358684433744,211.061418583075,2498.65777508453));
#4910=CARTESIAN_POINT('',(-338.358684433744,211.061418583075,2496.36936588124));
#4911=CARTESIAN_POINT('',(-338.358684433744,211.061418583075,2496.36936588124));
#4912=CARTESIAN_POINT('',(-338.358684433744,211.061418583075,2498.65777508453));
#4913=CARTESIAN_POINT('Origin',(-304.470080154429,211.061418583075,2489.90777508453));
#4914=CARTESIAN_POINT('Origin',(-359.970080154429,211.061418583075,2501.40777508453));
#4915=CARTESIAN_POINT('Origin',(-339.63753670164,211.061418583075,2501.40777508453));
#4916=CARTESIAN_POINT('',(-341.270257224682,211.061418583075,2493.37066939298));
#4917=CARTESIAN_POINT('Origin',(-341.358684433744,211.061418583075,2496.36936588124));
#4918=CARTESIAN_POINT('',(-354.627002763953,211.061418583075,2489.68739517467));
#4919=CARTESIAN_POINT('Ctrl Pts',(-354.627002763953,211.061418583075,2489.68739517466));
#4920=CARTESIAN_POINT('Ctrl Pts',(-353.796575225331,211.061418583075,2490.44190867986));
#4921=CARTESIAN_POINT('Ctrl Pts',(-352.830042269346,211.061418583075,2491.04449189285));
#4922=CARTESIAN_POINT('Ctrl Pts',(-350.558445476452,211.061418583075,2492.06711646037));
#4923=CARTESIAN_POINT('Ctrl Pts',(-349.224938703596,211.061418583075,2492.45470465144));
#4924=CARTESIAN_POINT('Ctrl Pts',(-345.773114810597,211.061418583075,2493.12875568339));
#4925=CARTESIAN_POINT('Ctrl Pts',(-343.560583278794,211.061418583075,2493.30313099916));
#4926=CARTESIAN_POINT('Ctrl Pts',(-341.270257225413,211.061418583075,2493.37066939296));
#4927=CARTESIAN_POINT('',(-356.644405312482,211.061418583075,2488.90777508747));
#4928=CARTESIAN_POINT('Origin',(-356.644405312482,211.061418583075,2491.90777508747));
#4929=CARTESIAN_POINT('',(-358.970080154429,211.061418583075,2488.90777508747));
#4930=CARTESIAN_POINT('',(-361.970080154429,211.061418583075,2488.90777508747));
#4931=CARTESIAN_POINT('Origin',(-358.970080154429,211.061418583075,2491.90777508747));
#4932=CARTESIAN_POINT('Origin',(-304.470080154429,207.061418583075,2489.90777508453));
#4933=CARTESIAN_POINT('',(-251.974521577201,207.061418583075,2497.10777508747));
#4934=CARTESIAN_POINT('',(-248.470080154429,207.061418583075,2497.10777508747));
#4935=CARTESIAN_POINT('',(-304.470080154429,207.061418583075,2497.10777508747));
#4936=CARTESIAN_POINT('Origin',(-248.470080154429,207.061418583075,2498.60777508747));
#4937=CARTESIAN_POINT('Origin',(-248.970080154429,207.061418583075,2500.65777508453));
#4938=CARTESIAN_POINT('Origin',(-269.066160879863,207.061418583075,2500.65777508453));
#4939=CARTESIAN_POINT('',(-270.581475875114,207.061418583075,2496.36936588124));
#4940=CARTESIAN_POINT('',(-270.581475875114,207.061418583075,2498.65777508453));
#4941=CARTESIAN_POINT('',(-267.669903085637,207.061418583075,2493.37066939302));
#4942=CARTESIAN_POINT('Origin',(-267.581475875114,207.061418583075,2496.36936588124));
#4943=CARTESIAN_POINT('',(-263.644108354504,207.061418583075,2493.10778280277));
#4944=CARTESIAN_POINT('Ctrl Pts',(-267.669903085637,207.061418583075,2493.37066939302));
#4945=CARTESIAN_POINT('Ctrl Pts',(-266.292093675145,207.061418583075,2493.3300397917));
#4946=CARTESIAN_POINT('Ctrl Pts',(-264.942437783278,207.061418583075,2493.25074634604));
#4947=CARTESIAN_POINT('Ctrl Pts',(-263.644108354504,207.061418583075,2493.10778280277));
#4948=CARTESIAN_POINT('',(-258.42432764361,207.061418583075,2493.10777935174));
#4949=CARTESIAN_POINT('',(-304.470078038738,207.061418583075,2493.10780979471));
#4950=CARTESIAN_POINT('',(-255.736907292267,207.061418583075,2494.77444424162));
#4951=CARTESIAN_POINT('Origin',(-258.424325660171,207.061418583075,2496.10777935173));
#4952=CARTESIAN_POINT('Origin',(-251.974521577201,207.061418583075,2492.90777508747));
#4953=CARTESIAN_POINT('Origin',(-246.970080154429,211.061418583075,2503.40777508453));
#4954=CARTESIAN_POINT('',(-248.970080154429,211.061418583075,2503.40777508453));
#4955=CARTESIAN_POINT('',(-269.302623607218,211.061418583075,2503.40777508453));
#4956=CARTESIAN_POINT('Origin',(-270.581475875114,211.061418583075,2498.65777508453));
#4957=CARTESIAN_POINT('',(-270.581475875114,211.061418583075,2496.36936588124));
#4958=CARTESIAN_POINT('Origin',(-251.974521577201,204.561411153771,2492.90777508747));
#4959=CARTESIAN_POINT('',(-255.736907292267,208.561411153771,2494.77444424162));
#4960=CARTESIAN_POINT('',(-255.736907292267,204.561411153771,2494.77444424162));
#4961=CARTESIAN_POINT('',(-251.974521577201,208.561411153771,2497.10777508747));
#4962=CARTESIAN_POINT('Origin',(-251.974521577201,208.561411153771,2492.90777508747));
#4963=CARTESIAN_POINT('',(-251.974521577201,204.561411153771,2497.10777508747));
#4964=CARTESIAN_POINT('Origin',(-251.974521577201,204.561411153771,2497.10777508747));
#4965=CARTESIAN_POINT('',(-248.470080154429,208.561411153771,2497.10777508747));
#4966=CARTESIAN_POINT('',(-251.974521577201,208.561411153771,2497.10777508747));
#4967=CARTESIAN_POINT('',(-248.470080154429,204.561411153771,2497.10777508747));
#4968=CARTESIAN_POINT('Origin',(-270.581475875114,204.561411153771,2493.10778738939));
#4969=CARTESIAN_POINT('',(-263.644108361907,208.561411153771,2493.1077828033));
#4970=CARTESIAN_POINT('',(-258.42432764361,208.561411153771,2493.10777935174));
#4971=CARTESIAN_POINT('',(-270.581475875114,208.561411153771,2493.10778738939));
#4972=CARTESIAN_POINT('',(-258.42432764361,204.561411153771,2493.10777935174));
#4973=CARTESIAN_POINT('',(-263.644108354504,198.499979845472,2493.10778280277));
#4974=CARTESIAN_POINT('Origin',(-251.974521577201,208.561411153771,2492.90777508747));
#4975=CARTESIAN_POINT('',(-254.313157543644,208.561411153771,2489.68739517352));
#4976=CARTESIAN_POINT('Ctrl Pts',(-254.313157543644,208.561411153771,2489.68739517352));
#4977=CARTESIAN_POINT('Ctrl Pts',(-255.143585083527,208.561411153771,2490.44190867986));
#4978=CARTESIAN_POINT('Ctrl Pts',(-256.110118039512,208.561411153771,2491.04449189285));
#4979=CARTESIAN_POINT('Ctrl Pts',(-258.381714832406,208.561411153771,2492.06711646037));
#4980=CARTESIAN_POINT('Ctrl Pts',(-259.715221605262,208.561411153771,2492.45470465144));
#4981=CARTESIAN_POINT('Ctrl Pts',(-261.946867085991,208.561411153771,2492.89048671503));
#4982=CARTESIAN_POINT('Ctrl Pts',(-262.78423093537,208.561411153771,2493.01309872687));
#4983=CARTESIAN_POINT('Ctrl Pts',(-263.64410836878,208.561411153771,2493.10778280435));
#4984=CARTESIAN_POINT('',(-252.295754996376,208.561411153771,2488.90777508747));
#4985=CARTESIAN_POINT('Origin',(-252.295754996376,208.561411153771,2491.90777508747));
#4986=CARTESIAN_POINT('',(-249.970080154429,208.561411153771,2488.90777508747));
#4987=CARTESIAN_POINT('',(-251.974521577201,208.561411153771,2488.90777508747));
#4988=CARTESIAN_POINT('Origin',(-249.970080154429,208.561411153771,2491.90777508747));
#4989=CARTESIAN_POINT('Origin',(-248.470080154429,208.561411153771,2498.60777508747));
#4990=CARTESIAN_POINT('Origin',(-258.424325660171,208.561411153771,2496.10777935173));
#4991=CARTESIAN_POINT('Origin',(-356.965638731657,204.561411153771,2492.90777508747));
#4992=CARTESIAN_POINT('',(-356.965638731657,208.561411153771,2497.10777508747));
#4993=CARTESIAN_POINT('',(-353.203253016591,208.561411153771,2494.77444424162));
#4994=CARTESIAN_POINT('Origin',(-356.965638731657,208.561411153771,2492.90777508747));
#4995=CARTESIAN_POINT('',(-353.203253016591,204.561411153771,2494.77444424162));
#4996=CARTESIAN_POINT('',(-356.965638731657,204.561411153771,2497.10777508747));
#4997=CARTESIAN_POINT('Origin',(-356.965638731657,204.561411153771,2497.10777508747));
#4998=CARTESIAN_POINT('',(-360.470080154429,208.561411153771,2497.10777508747));
#4999=CARTESIAN_POINT('',(-360.470080154429,204.561411153771,2497.10777508747));
#5000=CARTESIAN_POINT('',(-356.965638731657,208.561411153771,2497.10777508747));
#5001=CARTESIAN_POINT('Origin',(-338.358684433744,204.561411153771,2493.10778738939));
#5002=CARTESIAN_POINT('',(-350.515832665249,208.561411153771,2493.10777935174));
#5003=CARTESIAN_POINT('',(-350.515832665249,204.561411153771,2493.10777935174));
#5004=CARTESIAN_POINT('',(-345.296051947036,208.561411153771,2493.10778280329));
#5005=CARTESIAN_POINT('',(-338.358684433744,208.561411153771,2493.10778738939));
#5006=CARTESIAN_POINT('',(-345.296051954354,198.499979845472,2493.10778280277));
#5007=CARTESIAN_POINT('Origin',(-356.965638731657,208.561411153771,2492.90777508747));
#5008=CARTESIAN_POINT('',(-358.970080154429,208.561411153771,2488.90777508747));
#5009=CARTESIAN_POINT('',(-356.644405312482,208.561411153771,2488.90777508747));
#5010=CARTESIAN_POINT('',(-356.965638731657,208.561411153771,2488.90777508747));
#5011=CARTESIAN_POINT('',(-354.627002765214,208.561411153771,2489.68739517352));
#5012=CARTESIAN_POINT('Origin',(-356.644405312482,208.561411153771,2491.90777508747));
#5013=CARTESIAN_POINT('Ctrl Pts',(-354.627002765214,208.561411153771,2489.68739517352));
#5014=CARTESIAN_POINT('Ctrl Pts',(-353.796575225331,208.561411153771,2490.44190867986));
#5015=CARTESIAN_POINT('Ctrl Pts',(-352.830042269346,208.561411153771,2491.04449189285));
#5016=CARTESIAN_POINT('Ctrl Pts',(-350.558445476452,208.561411153771,2492.06711646037));
#5017=CARTESIAN_POINT('Ctrl Pts',(-349.224938703596,208.561411153771,2492.45470465144));
#5018=CARTESIAN_POINT('Ctrl Pts',(-346.99329322292,208.561411153771,2492.89048671502));
#5019=CARTESIAN_POINT('Ctrl Pts',(-346.155929373599,208.561411153771,2493.01309872686));
#5020=CARTESIAN_POINT('Ctrl Pts',(-345.296051940249,208.561411153771,2493.10778280433));
#5021=CARTESIAN_POINT('Origin',(-350.515834648687,208.561411153771,2496.10777935173));
#5022=CARTESIAN_POINT('Origin',(-360.470080154429,208.561411153771,2498.60777508747));
#5023=CARTESIAN_POINT('Origin',(-358.970080154429,208.561411153771,2491.90777508747));
#5024=CARTESIAN_POINT('Ctrl Pts',(-354.627002765214,207.061418583075,2489.68739517352));
#5025=CARTESIAN_POINT('Ctrl Pts',(-354.627002765214,211.861418583075,2489.68739517352));
#5026=CARTESIAN_POINT('Ctrl Pts',(-353.796575225331,207.061418583075,2490.44190867986));
#5027=CARTESIAN_POINT('Ctrl Pts',(-353.796575225331,211.861418583075,2490.44190867986));
#5028=CARTESIAN_POINT('Ctrl Pts',(-352.830042269346,207.061418583075,2491.04449189285));
#5029=CARTESIAN_POINT('Ctrl Pts',(-352.830042269346,211.861418583075,2491.04449189285));
#5030=CARTESIAN_POINT('Ctrl Pts',(-350.558445476452,207.061418583075,2492.06711646037));
#5031=CARTESIAN_POINT('Ctrl Pts',(-350.558445476452,211.861418583075,2492.06711646037));
#5032=CARTESIAN_POINT('Ctrl Pts',(-349.224938703596,207.061418583075,2492.45470465144));
#5033=CARTESIAN_POINT('Ctrl Pts',(-349.224938703596,211.861418583075,2492.45470465144));
#5034=CARTESIAN_POINT('Ctrl Pts',(-345.773114807623,207.061418583075,2493.12875568397));
#5035=CARTESIAN_POINT('Ctrl Pts',(-345.773114807623,211.861418583075,2493.12875568397));
#5036=CARTESIAN_POINT('Ctrl Pts',(-343.560583272303,207.061418583075,2493.30313099967));
#5037=CARTESIAN_POINT('Ctrl Pts',(-343.560583272303,211.861418583075,2493.30313099967));
#5038=CARTESIAN_POINT('Ctrl Pts',(-341.270257215336,207.061418583075,2493.37066939325));
#5039=CARTESIAN_POINT('Ctrl Pts',(-341.270257215336,211.861418583075,2493.37066939325));
#5040=CARTESIAN_POINT('',(-341.270257223222,211.061418583075,2493.37066939302));
#5041=CARTESIAN_POINT('',(-354.627002765214,208.561411153771,2489.68739517352));
#5042=CARTESIAN_POINT('Ctrl Pts',(-267.669903085637,207.061418583075,2493.37066939302));
#5043=CARTESIAN_POINT('Ctrl Pts',(-267.669903085637,211.861418583075,2493.37066939302));
#5044=CARTESIAN_POINT('Ctrl Pts',(-265.379577031476,207.061418583075,2493.30313099927));
#5045=CARTESIAN_POINT('Ctrl Pts',(-265.379577031476,211.861418583075,2493.30313099927));
#5046=CARTESIAN_POINT('Ctrl Pts',(-263.167045498907,207.061418583075,2493.12875568352));
#5047=CARTESIAN_POINT('Ctrl Pts',(-263.167045498907,211.861418583075,2493.12875568352));
#5048=CARTESIAN_POINT('Ctrl Pts',(-259.715221605262,207.061418583075,2492.45470465144));
#5049=CARTESIAN_POINT('Ctrl Pts',(-259.715221605262,211.861418583075,2492.45470465144));
#5050=CARTESIAN_POINT('Ctrl Pts',(-258.381714832406,207.061418583075,2492.06711646037));
#5051=CARTESIAN_POINT('Ctrl Pts',(-258.381714832406,211.861418583075,2492.06711646037));
#5052=CARTESIAN_POINT('Ctrl Pts',(-256.110118039511,207.061418583075,2491.04449189285));
#5053=CARTESIAN_POINT('Ctrl Pts',(-256.110118039511,211.861418583075,2491.04449189285));
#5054=CARTESIAN_POINT('Ctrl Pts',(-255.143585083526,207.061418583075,2490.44190867986));
#5055=CARTESIAN_POINT('Ctrl Pts',(-255.143585083526,211.861418583075,2490.44190867986));
#5056=CARTESIAN_POINT('Ctrl Pts',(-254.313157543643,207.061418583075,2489.68739517352));
#5057=CARTESIAN_POINT('Ctrl Pts',(-254.313157543643,211.861418583075,2489.68739517352));
#5058=CARTESIAN_POINT('',(-254.313157543644,211.061418583075,2489.68739517352));
#5059=CARTESIAN_POINT('',(-267.669903085637,207.061418583075,2493.37066939302));
#5060=CARTESIAN_POINT('Origin',(-361.970080154429,198.499979845472,2488.90777508747));
#5061=CARTESIAN_POINT('',(-252.295754996376,198.499979845472,2488.90777508747));
#5062=CARTESIAN_POINT('',(-249.970080154429,198.499979845472,2488.90777508747));
#5063=CARTESIAN_POINT('Origin',(-361.970080154429,198.499979845472,2488.90777508747));
#5064=CARTESIAN_POINT('',(-356.644405312482,198.499979845472,2488.90777508747));
#5065=CARTESIAN_POINT('',(-358.970080154429,198.499979845472,2488.90777508747));
#5066=CARTESIAN_POINT('Origin',(-252.295754996376,209.811414868423,2491.90777508747));
#5067=CARTESIAN_POINT('Origin',(-258.424325660171,204.561411153771,2496.10777935173));
#5068=CARTESIAN_POINT('Origin',(-267.581475875114,209.061418583075,2496.36936588124));
#5069=CARTESIAN_POINT('Origin',(-350.515834648687,204.561411153771,2496.10777935173));
#5070=CARTESIAN_POINT('Origin',(-341.358684433744,209.061418583075,2496.36936588124));
#5071=CARTESIAN_POINT('Origin',(-356.644405312482,209.811414868423,2491.90777508747));
#5072=CARTESIAN_POINT('Origin',(-358.970080154429,198.499979845472,2491.90777508747));
#5073=CARTESIAN_POINT('Origin',(-249.970080154429,207.061418583075,2491.90777508747));
#5074=CARTESIAN_POINT('Origin',(-248.970080154429,207.061418583075,2500.65777508453));
#5075=CARTESIAN_POINT('Origin',(-269.066160879863,197.061418583075,2500.65777508453));
#5076=CARTESIAN_POINT('Origin',(-339.873999428995,197.061418583075,2500.65777508453));
#5077=CARTESIAN_POINT('Origin',(-359.970080154429,200.061418583075,2500.65777508453));
#5078=CARTESIAN_POINT('Origin',(-248.470080154429,207.061418583075,2498.60777508747));
#5079=CARTESIAN_POINT('Origin',(-360.470080154429,204.561411153771,2498.60777508747));
#5080=CARTESIAN_POINT('Origin',(-249.470080154429,198.499979845472,2502.73790210346));
#5081=CARTESIAN_POINT('Origin',(-359.470080154429,198.499979845472,2502.73790210346));
#5082=CARTESIAN_POINT('Origin',(-269.302623607218,197.061418583075,2501.40777508453));
#5083=CARTESIAN_POINT('Origin',(-339.63753670164,197.061418583075,2501.40777508453));
#5084=CARTESIAN_POINT('Origin',(-248.970080154429,211.061418583075,2501.40777508453));
#5085=CARTESIAN_POINT('Origin',(-359.970080154429,211.061418583075,2501.40777508453));
#5086=UNCERTAINTY_MEASURE_WITH_UNIT(LENGTH_MEASURE(0.01),#5090,
'DISTANCE_ACCURACY_VALUE',
'Maximum model space distance between geometric entities at asserted c
onnectivities');
#5087=UNCERTAINTY_MEASURE_WITH_UNIT(LENGTH_MEASURE(0.01),#5090,
'DISTANCE_ACCURACY_VALUE',
'Maximum model space distance between geometric entities at asserted c
onnectivities');
#5088=(
GEOMETRIC_REPRESENTATION_CONTEXT(3)
GLOBAL_UNCERTAINTY_ASSIGNED_CONTEXT((#5086))
GLOBAL_UNIT_ASSIGNED_CONTEXT((#5090,#5092,#5093))
REPRESENTATION_CONTEXT('','3D')
);
#5089=(
GEOMETRIC_REPRESENTATION_CONTEXT(3)
GLOBAL_UNCERTAINTY_ASSIGNED_CONTEXT((#5087))
GLOBAL_UNIT_ASSIGNED_CONTEXT((#5090,#5092,#5093))
REPRESENTATION_CONTEXT('','3D')
);
#5090=(
LENGTH_UNIT()
NAMED_UNIT(*)
SI_UNIT(.MILLI.,.METRE.)
);
#5091=(
LENGTH_UNIT()
NAMED_UNIT(*)
SI_UNIT($,.METRE.)
);
#5092=(
NAMED_UNIT(*)
PLANE_ANGLE_UNIT()
SI_UNIT($,.RADIAN.)
);
#5093=(
NAMED_UNIT(*)
SI_UNIT($,.STERADIAN.)
SOLID_ANGLE_UNIT()
);
#5094=SHAPE_DEFINITION_REPRESENTATION(#5095,#5096);
#5095=PRODUCT_DEFINITION_SHAPE('',$,#5098);
#5096=SHAPE_REPRESENTATION('',(#2772),#5088);
#5097=PRODUCT_DEFINITION_CONTEXT('part definition',#5102,'design');
#5098=PRODUCT_DEFINITION('2026-07-27-09-33-03-123',
'J17A_FRONT_PAIR_65MM_ADAPTED_REV_B_NOT_OFFICIAL_CAD',#5099,#5097);
#5099=PRODUCT_DEFINITION_FORMATION('',$,#5104);
#5100=PRODUCT_RELATED_PRODUCT_CATEGORY(
'J17A_FRONT_PAIR_65MM_ADAPTED_REV_B_NOT_OFFICIAL_CAD',
'J17A_FRONT_PAIR_65MM_ADAPTED_REV_B_NOT_OFFICIAL_CAD',(#5104));
#5101=APPLICATION_PROTOCOL_DEFINITION('international standard',
'automotive_design',2009,#5102);
#5102=APPLICATION_CONTEXT(
'Core Data for Automotive Mechanical Design Process');
#5103=PRODUCT_CONTEXT('part definition',#5102,'mechanical');
#5104=PRODUCT('2026-07-27-09-33-03-123',
'J17A_FRONT_PAIR_65MM_ADAPTED_REV_B_NOT_OFFICIAL_CAD',$,(#5103));
#5105=PRESENTATION_STYLE_ASSIGNMENT((#5106));
#5106=SURFACE_STYLE_USAGE(.BOTH.,#5107);
#5107=SURFACE_SIDE_STYLE('',(#5108));
#5108=SURFACE_STYLE_FILL_AREA(#5109);
#5109=FILL_AREA_STYLE('Steel - Satin',(#5110));
#5110=FILL_AREA_STYLE_COLOUR('Steel - Satin',#5111);
#5111=COLOUR_RGB('Steel - Satin',0.627450980392157,0.627450980392157,0.627450980392157);
ENDSEC;
END-ISO-10303-21;
